idx1,idx2,Person_ID_1,FirstName_1,LastName_1,DateOfBirth_1,blocking_key_1,Person_ID_2,FirstName_2,LastName_2,DateOfBirth_2,blocking_key_2
1,0,50844,kevin,fisher,1992.0,K150F2601992,50844,kevin,fisher,1992.0,K150F2601992
2,0,50844,kevin,fisher,1992.0,K150F2601992,50844,kevin,fisher,1992.0,K150F2601992
2,1,50844,kevin,fisher,1992.0,K150F2601992,50844,kevin,fisher,1992.0,K150F2601992
5,4,50848,kevin,kendall,1984.0,K150K5341984,50848,kevin,kendall,1984.0,K150K5341984
23,22,50853,devaughn,brown,1993.0,D125B6501993,50853,devaughn,brown,1993.0,D125B6501993
31,30,50843,michael,davis,1993.0,M240D1201993,50843,michael,davis,1993.0,M240D1201993
32,30,50843,michael,davis,1993.0,M240D1201993,50843,michael,davis,1993.0,M240D1201993
32,31,50843,michael,davis,1993.0,M240D1201993,50843,michael,davis,1993.0,M240D1201993
47,46,50856,evience,aime,2070.0,E152A5002070,50856,evience,aime,2070.0,E152A5002070
64,63,46600,wazkltfu,virgile,1988.0,W243V6241988,46600,wacaltos,virgile,1988.0,W243V6241988
82,81,29205,akeine,banner,1988.0,A250B5601988,29205,akeine,banner,1988.0,A250B5601988
104,103,46280,victor,morales,1984.0,V236M6421984,46280,victor,morales,1984.0,V236M6421984
112,111,50863,charles,mccord,1991.0,C642M2631991,50863,charles,mccord,1991.0,C642M2631991
131,129,50874,veronica,talavera,2067.0,V652T4162067,50874,veronica,talavera,2067.0,V652T4162067
136,135,50907,frederick,estey,1977.0,F636E2301977,50907,frederick,estey,1977.0,F636E2301977
137,135,50907,frederick,estey,1977.0,F636E2301977,50907,frederick,estey,1977.0,F636E2301977
137,136,50907,frederick,estey,1977.0,F636E2301977,50907,frederick,estey,1977.0,F636E2301977
157,156,50905,ernso,delva,1982.0,E652D4101982,50905,ernso,delva,1982.0,E652D4101982
182,180,50896,douglas,lutz,2047.0,D242L3202047,50896,douglas,lutz,2047.0,D242L3202047
206,204,48511,jonathon,rossi,1982.0,J535R2001982,48511,jonathon,rossi,1982.0,J535R2001982
224,223,9825,jamaal,murray,1984.0,J540M6001984,9825,jamaal,murray,1984.0,J540M6001984
245,244,50883,tyrone,brown,1985.0,T650B6501985,50883,tyrone,brown,1985.0,T650B6501985
283,282,50933,ryan,lear,1975.0,R500L6001975,50933,ryan,lear,1975.0,R500L6001975
290,288,50923,rovens,daphnis,1990.0,R152D1521990,50923,rovens,daphnis,1990.0,R152D1521990
308,307,6924,jimmie,moss,2044.0,J500M2002044,6924,jimmie,moss,2044.0,J500M2002044
310,309,48501,terry,mccormick,2060.0,T600M2652060,48501,terry,mccormick,2060.0,T600M2652060
318,29,50842,william,mulligan,1986.0,W450M4251986,50842,william,mulligan,1986.0,W450M4251986
320,29,50842,william,mulligan,1986.0,W450M4251986,50842,william,mulligan,1986.0,W450M4251986
320,318,50842,william,mulligan,1986.0,W450M4251986,50842,william,mulligan,1986.0,W450M4251986
341,340,34505,samuel,judge,1986.0,S540J3201986,34505,samuel,judge,1986.0,S540J3201986
403,402,50943,sean,atkinstall,1985.0,S500A3251985,50943,sean,atkinstall,1985.0,S500A3251985
404,402,50943,sean,atkinstall,1985.0,S500A3251985,50943,sean,atkinstall,1985.0,S500A3251985
404,403,50943,sean,atkinstall,1985.0,S500A3251985,50943,sean,atkinstall,1985.0,S500A3251985
436,435,50962,elio,rivera,1988.0,E400R1601988,50962,elio,rivera,1988.0,E400R1601988
458,457,50951,robert,austin,1984.0,R163A2351984,50951,robert,austin,1984.0,R163A2351984
471,445,15195,clinton,johnson,1991.0,C453J5251991,15195,clinton,johnson,1991.0,C453J5251991
472,445,15195,clinton,johnson,1991.0,C453J5251991,15195,clinton,johnson,1991.0,C453J5251991
472,471,15195,clinton,johnson,1991.0,C453J5251991,15195,clinton,johnson,1991.0,C453J5251991
494,493,50967,richard,mckenzie,1985.0,R263M2521985,50967,rxczhrd,mckenzie,1985.0,R263M2521985
514,513,50981,anthony,strqcvixnd,1975.0,A535S3621975,50981,anthony,strickland,1975.0,A535S3621975
548,546,50986,john,grant,2066.0,J500G6532066,50986,john,grant,2066.0,J500G6532066
578,577,50983,johnny,masses,1985.0,J500M2201985,50983,johnny,masses,1985.0,J500M2201985
580,579,50964,veronica,leonard,1991.0,V652L5631991,50964,veronica,leonard,1991.0,V652L5631991
583,582,50970,syrefia,kinchen,1976.0,S610K5251976,50970,syrefia,kinchen,1976.0,S610K5251976
590,588,50968,sean,naar,1987.0,S500N6001987,50968,sean,naar,1987.0,S500N6001987
593,591,50985,mark,queen,2061.0,M620Q5002061,50985,mark,queen,2061.0,M620Q5002061
608,607,20741,donovan,kerr,2065.0,D515K6002065,20741,donovan,kerr,2065.0,D515K6002065
611,609,51012,david,eriz,1983.0,D130E6201983,51012,david,eriz,1983.0,D130E6201983
620,618,45298,delano,grande,1990.0,D450G6531990,45298,delano,grande,1990.0,D450G6531990
668,666,50997,raphale,demeritte,1994.0,R140D5631994,50997,raphale,demeritte,1994.0,R140D5631994
674,672,50995,paul,bergeron,1977.0,P400B6261977,50995,paul,bergeron,1977.0,P400B6261977
677,676,51000,brian,jean-baptist,1994.0,B650J5111994,51000,brian,jean-baptist,1994.0,B650J5111994
710,708,51032,shameka,lgzzrb,1984.0,S520L2611984,51032,shameka,ljrbty,1984.0,S520L2611984
731,729,51028,louis,simonds,1989.0,L200S5531989,51028,louis,simonds,1989.0,L200S5531989
734,732,51040,fancisco,quintana,1976.0,F522Q5351976,51040,fancisco,quintana,1976.0,F522Q5351976
751,750,51030,emanuel,amenta,1977.0,E554A5531977,51030,emanuel,amenta,1977.0,E554A5531977
752,750,51030,emanuel,amenta,1977.0,E554A5531977,51030,emanuel,amenta,1977.0,E554A5531977
752,751,51030,emanuel,amenta,1977.0,E554A5531977,51030,emanuel,amenta,1977.0,E554A5531977
773,772,51038,anthony,higgs,1982.0,A535H2001982,51038,anthony,higgs,1982.0,A535H2001982
784,783,51027,sydonie,person,1992.0,S350P6251992,51027,sydonie,person,1992.0,S350P6251992
785,783,51027,sydonie,person,1992.0,S350P6251992,51027,sydonie,person,1992.0,S350P6251992
785,784,51027,sydonie,person,1992.0,S350P6251992,51027,sydonie,person,1992.0,S350P6251992
791,790,51043,oskar,tavera,1984.0,O260T1601984,51043,oskar,tavera,1984.0,O260T1601984
793,792,51078,savanna,saintilus,1988.0,S150S5341988,51078,savanna,saintilus,1988.0,S150S5341988
797,796,24039,celdrick,rucker,1987.0,C436R2601987,24039,celdrick,rucker,1987.0,C436R2601987
799,798,51076,eric,smithberg,1976.0,E620S5311976,51076,eric,smithberg,1976.0,E620S5311976
806,805,51081,james,luxama,1986.0,J520L2501986,51081,james,luxama,1986.0,J520L2501986
830,829,51070,emilio,estopinan,2047.0,E540E2312047,51070,emilio,estopinan,2047.0,E540E2312047
832,831,23615,brandon,simmons,1985.0,B653S5521985,23615,brandon,simmons,1985.0,B653S5521985
860,859,51065,jalinquka,glisson,1978.0,J452G4251978,51065,jalinquka,glisson,1978.0,J452G4251978
887,885,51060,nicole,magnus,1975.0,N240M2521975,51060,nicole,magnus,1975.0,N240M2521975
890,888,51083,paul,sellas,2071.0,P400S4202071,51083,paul,sellas,2071.0,P400S4202071
920,831,23615,brandon,simmons,1985.0,B653S5521985,23615,brandon,simmons,1985.0,B653S5521985
920,832,23615,brandon,simmons,1985.0,B653S5521985,23615,brandon,simmons,1985.0,B653S5521985
923,921,51097,allen,willey,2042.0,A450W4002042,51097,allen,willey,2042.0,A450W4002042
950,949,51111,carlyne,lewis,1984.0,C645L2001984,51111,carlyne,lewis,1984.0,C645L2001984
964,963,51115,precious,moore,1988.0,P622M6001988,51115,precious,moore,1988.0,P622M6001988
980,979,51096,roy,laboyrodriguez,1987.0,R000L1631987,51096,roy,laboyrodriguez,1987.0,R000L1631987
1009,1008,51099,eric,sparks,1991.0,E620S1621991,51099,eric,sparks,1991.0,E620S1621991
1018,1017,51089,alexander,sutton,1990.0,A425S3501990,51089,alexander,sutton,1990.0,A425S3501990
1028,1026,51112,valerie,leto,2068.0,V460L3002068,51112,valerie,leto,2068.0,V460L3002068
1046,1045,51126,elliot,king,1976.0,E430K5201976,51126,elliot,king,1976.0,E430K5201976
1054,1053,51128,phillip,rasskazov,1991.0,P410R2211991,51128,phillip,rasskazov,1991.0,P410R2211991
1073,1071,51125,dayna,minder,1983.0,D500M5361983,51125,dayna,minder,1983.0,D500M5361983
1100,1098,51134,thomas,papacosmas,1993.0,T520P1221993,51134,thomas,papacosmas,1993.0,T520P1221993
1103,1102,51135,fabienne,pierre-louis,1978.0,F150P6421978,51135,fabienne,pierre-louis,1978.0,F150P6421978
1109,1107,7022,keion,mickles,1984.0,K500M2421984,7022,keion,mickles,1984.0,K500M2421984
1117,1116,46011,anthony,bones,1993.0,A535B5201993,46011,anthony,bones,1993.0,A535B5201993
1151,1149,51156,john,vansteenkiste,2062.0,J500V5232062,51156,john,vansteenkiste,2062.0,J500V5232062
1171,1170,51160,jose,matos,2072.0,J200M3202072,51160,jose,matos,2072.0,J200M3202072
1178,1176,51154,walter,meixner,2050.0,W436M2562050,51154,walter,meixner,2050.0,W436M2562050
1183,1182,51151,pedro,rodriguez,2070.0,P360R3622070,51151,pedro,rodriguez,2070.0,P360R3622070
1184,1182,51151,pedro,rodriguez,2070.0,P360R3622070,51151,pedro,rodriguez,2070.0,P360R3622070
1184,1183,51151,pedro,rodriguez,2070.0,P360R3622070,51151,pedro,rodriguez,2070.0,P360R3622070
1208,1207,51205,destiny,barnes,1994.0,D235B6521994,51205,destiny,barnes,1994.0,D235B6521994
1225,1224,37645,randy,johnson,2068.0,R530J5252068,37645,randy,johnson,2068.0,R530J5252068
1243,1242,11885,mujahid,hosein,1991.0,M230H2501991,11885,mwjataa,hosein,1991.0,M230H2501991
1277,1275,40064,james,kobel,2054.0,J520K1402054,40064,james,kobel,2054.0,J520K1402054
1309,1308,42460,terrell,rolle,1975.0,T640R4001975,42460,terrell,rolle,1975.0,T640R4001975
1333,1332,51191,jameel,brinson,1993.0,J540B6521993,51191,jameel,brinson,1993.0,J540B6521993
1367,1366,51213,christopher,haye,1986.0,C623H0001986,51213,christopher,haye,1986.0,C623H0001986
1388,1387,51229,jamie,webster,1981.0,J500W1231981,51229,jamie,webster,1981.0,J500W1231981
1403,1402,51222,lincoln,cadet,1983.0,L524C3301983,51222,lincoln,cadet,1983.0,L524C3301983
1423,1422,51239,jamar,madison,1987.0,J560M3251987,51239,jamar,madison,1987.0,J560M3251987
1460,1459,51226,samantha,stsuria,1994.0,S553S3261994,51226,samantha,stsuria,1994.0,S553S3261994
1478,1477,51255,abraham,dbaron,1984.0,A165D1651984,51255,abraham,dbaron,1984.0,A165D1651984
1484,1482,51267,robert,page,1983.0,R163P2001983,51267,robert,page,1983.0,R163P2001983
1492,1491,51244,michael,gellert,2062.0,M240G4632062,51244,michael,gellert,2062.0,M240G4632062
1529,1527,20833,maurice,bradwell,1992.0,M620B6341992,20833,maurice,bradwell,1992.0,M620B6341992
1535,1533,51242,eric,shaw,1987.0,E620S0001987,51242,eric,shaw,1987.0,E620S0001987
1543,1542,45346,kennan,watson,1988.0,K550W3251988,45346,kennan,watson,1988.0,K550W3251988
1544,1542,45346,kennan,watson,1988.0,K550W3251988,45346,kennan,watson,1988.0,K550W3251988
1544,1543,45346,kennan,watson,1988.0,K550W3251988,45346,kennan,watson,1988.0,K550W3251988
1568,1567,35353,joshua,stuart,1993.0,J200S3631993,35353,joshua,stuart,1993.0,J200S3631993
1570,1569,51257,elaine,kepke,2050.0,E450K1202050,51257,elaine,kepke,2050.0,E450K1202050
1576,1575,51254,ricky,brazeal,1987.0,R200B6241987,51254,ricky,brazeal,1987.0,R200B6241987
1577,1575,51254,ricky,brazeal,1987.0,R200B6241987,51254,ricky,brazeal,1987.0,R200B6241987
1577,1576,51254,ricky,brazeal,1987.0,R200B6241987,51254,ricky,brazeal,1987.0,R200B6241987
1580,1578,51269,christopher,clingan,1984.0,C623C4521984,51269,christopher,clingan,1984.0,C623C4521984
1591,1590,52322,juilan,torres,1985.0,J450T6201985,52322,juilan,torres,1985.0,J450T6201985
1604,1602,28758,terrance,murphy,1978.0,T652M6101978,28758,terrance,murphy,1978.0,T652M6101978
1628,1627,48428,thomas,gable,2061.0,T520G1402061,48428,thomas,gable,2061.0,T520G1402061
1637,1635,51277,steven,giuison,1993.0,S315G2501993,51277,steven,giuison,1993.0,S315G2501993
1639,666,50997,raphale,demeritte,1994.0,R140D5631994,50997,raphale,demeritte,1994.0,R140D5631994
1639,668,50997,raphale,demeritte,1994.0,R140D5631994,50997,raphale,demeritte,1994.0,R140D5631994
1642,1641,51298,kevin,foley,1996.0,K150F4001996,51298,kevin,foley,1996.0,K150F4001996
1664,1663,9795,antoine,ilus,1987.0,A535I4201987,9795,antoine,ilus,1987.0,A535I4201987
1681,1680,51296,stacy,mendiz,1984.0,S320M5321984,51296,stacy,mendiz,1984.0,S320M5321984
1708,1707,51285,michael,jones,1979.0,M240J5201979,51285,michael,jones,1979.0,M240J5201979
1721,1719,51289,shamnarine,lakhram,2074.0,S565L2652074,51289,shamnarine,lakhram,2074.0,S565L2652074
1726,1725,3037,leonard,joiner,1989.0,L563J5601989,3037,leonard,joiner,1989.0,L563J5601989
1727,1725,3037,leonard,joiner,1989.0,L563J5601989,3037,leonard,joiner,1989.0,L563J5601989
1727,1726,3037,leonard,joiner,1989.0,L563J5601989,3037,leonard,joiner,1989.0,L563J5601989
1747,1746,51342,kevin,feeney,2071.0,K150F5002071,51342,kevin,feeney,2071.0,K150F5002071
1763,1761,51323,luke,brooks,1991.0,L200B6201991,51323,luke,brooks,1991.0,L200B6201991
1769,1767,51360,monica,churchill,2064.0,M520C6242064,51360,monica,churchill,2064.0,M520C6242064
1793,1791,51326,ernesto,panduro-rojas,2062.0,E652P5362062,51326,ernesto,panduro-rojas,2062.0,E652P5362062
1796,1794,51335,jason,vanderwynkle,1982.0,J250V5361982,51335,jason,vanderwynkle,1982.0,J250V5361982
1802,1801,51348,felton,edden,1983.0,F435E3501983,51348,felton,edden,1983.0,F435E3501983
1805,1803,51321,tupac,fairclough,1994.0,T120F6241994,51321,tupac,fairclough,1994.0,T120F6241994
1816,1815,51332,cruz,cayetano,1981.0,C620C3501981,51332,cruz,cayetano,1981.0,C620C3501981
1820,1819,51317,craig,fazio,1975.0,C620F2001975,51317,craig,fazio,1975.0,C620F2001975
1837,1836,51351,horace,taffe,2071.0,H620T1002071,51351,horace,taffe,2071.0,H620T1002071
1841,1839,51325,fredrick,grant,2060.0,F636G6532060,51325,fredrick,grant,2060.0,F636G6532060
1862,1861,10944,adrian,whipple,1985.0,A365W1401985,10944,adrian,whipple,1985.0,A365W1401985
1871,1869,51354,lynn,bodurka,2074.0,L500B3622074,51354,lynn,bodurka,2074.0,L500B3622074
1883,1881,51375,christy,harris,2072.0,C623H6202072,51375,christy,harris,2072.0,C623H6202072
1906,1905,51378,marie,exume,1977.0,M600E2501977,51378,marie,exume,1977.0,M600E2501977
1976,1974,51385,ashliegh,batiste,1993.0,A242B3231993,51385,ashliegh,batiste,1993.0,A242B3231993
2012,2011,51406,steve,cramer,2069.0,S310C6562069,51406,steve,cramer,2069.0,S310C6562069
2017,2016,51408,allan,cross,2066.0,A450C6202066,51408,allan,cross,2066.0,A450C6202066
2018,2016,51408,allan,cross,2066.0,A450C6202066,51408,allan,cross,2066.0,A450C6202066
2018,2017,51408,allan,cross,2066.0,A450C6202066,51408,allan,cross,2066.0,A450C6202066
2032,2031,51407,jermaine,hall,1979.0,J655H4001979,51407,jermaine,hall,1979.0,J655H4001979
2072,2070,51435,john,mcauliffe,2067.0,J500M2412067,51435,john,mcauliffe,2067.0,J500M2412067
2113,2112,42530,matthew,daley,1993.0,M300D4001993,42530,matthew,daley,1993.0,M300D4001993
2114,2112,42530,matthew,daley,1993.0,M300D4001993,42530,matthew,daley,1993.0,M300D4001993
2114,2113,42530,matthew,daley,1993.0,M300D4001993,42530,matthew,daley,1993.0,M300D4001993
2159,2157,51457,antonio,chang,1984.0,A535C5201984,51457,antonio,chang,1984.0,A535C5201984
2165,2164,51414,gary,payne,2068.0,G600P5002068,51414,gary,payne,2068.0,G600P5002068
2185,2184,51433,samuel,louis,1992.0,S540L2001992,51433,samuel,louis,1992.0,S540L2001992
2213,2212,51479,jacquelyn,kaplan,1986.0,J245K1451986,51479,jacquelyn,kaplan,1986.0,J245K1451986
2222,2220,51462,dechand,ramsook,1985.0,D253R5221985,51462,dechand,ramsook,1985.0,D253R5221985
2273,2271,39442,emmanuel,morin,2066.0,E554M6502066,39442,emmanuel,morin,2066.0,E554M6502066
2288,2286,51463,kimberly,howard,1984.0,K516H6301984,51463,kimberly,howard,1984.0,K516H6301984
2300,2299,51531,luis,figueroa,1988.0,L200F2601988,51531,luis,figueroa,1988.0,L200F2601988
2303,2302,51523,lisbet,martinez,1988.0,L213M6351988,51523,lisbet,martinez,1988.0,L213M6351988
2326,2325,32627,jhonathan,andrade,1988.0,J535A5361988,32627,jhonathan,andrade,1988.0,J535A5361988
2332,2331,51525,parris,brady,2063.0,P620B6302063,51525,parris,brady,2063.0,P620B6302063
2348,2346,51529,jason,bishop,1980.0,J250B2101980,51529,jason,bishop,1980.0,J250B2101980
2354,2353,51513,harry,narace,2045.0,H600N6202045,51513,harry,narace,2045.0,H600N6202045
2359,2358,51502,dwight,gray,1979.0,D230G6001979,51502,dwight,gray,1979.0,D230G6001979
2381,2379,51526,tegoax,bickis,1989.0,T220B2201989,51526,tkuahs,bickis,1989.0,T220B2201989
2387,2386,51521,david,burgos,1990.0,D130B6221990,51521,david,burgos,1990.0,D130B6221990
2392,2391,18509,andrew,medley,1994.0,A536M3401994,18509,andrew,medley,1994.0,A536M3401994
2425,2424,51540,jonathan,espinosa,1987.0,J535E2151987,51540,jonathan,espinosa,1987.0,J535E2151987
2440,2439,51516,todd,price,2063.0,T300P6202063,51516,todd,price,2063.0,T300P6202063
2480,2479,51564,thomas,seminara,2050.0,T520S5562050,51564,thomas,seminara,2050.0,T520S5562050
2482,2481,51546,marcus,tanner,1982.0,M622T5601982,51546,marcus,tanner,1982.0,M622T5601982
2483,2481,51546,marcus,tanner,1982.0,M622T5601982,51546,marcus,tanner,1982.0,M622T5601982
2483,2482,51546,marcus,tanner,1982.0,M622T5601982,51546,marcus,tanner,1982.0,M622T5601982
2494,2493,51561,daniel,weisberger,1986.0,D540W2161986,51561,daniel,weisberger,1986.0,D540W2161986
2540,2538,51545,tawana,williams,2073.0,T500W4522073,51545,tawana,williams,2073.0,T500W4522073
2563,2562,51591,nema,smith,1993.0,N500S5301993,51591,nema,smith,1993.0,N500S5301993
2570,2568,21268,jonathan,rahm,1992.0,J535R5001992,21268,jonathan,rahm,1992.0,J535R5001992
2590,2589,51585,mark,montalvo,2072.0,M620M5342072,51585,mark,montalvo,2072.0,M620M5342072
2603,2601,51592,tiago,dossantos,1985.0,T200D2531985,51592,tiago,dasjantor,1985.0,T200D2531985
2612,2610,6953,jose,chavez,1978.0,J200C1201978,6953,jose,chavez,1978.0,J200C1201978
2645,2643,49107,jason,bent,1983.0,J250B5301983,49107,jason,bent,1983.0,J250B5301983
2648,2647,51600,zachary,simon,1977.0,Z260S5501977,51600,zachary,simon,1977.0,Z260S5501977
2660,2658,51598,jacob,humes,1987.0,J210H5201987,51598,jacob,humes,1987.0,J210H5201987
2663,2661,51614,william,jamison,2065.0,W450J5252065,51614,william,jamison,2065.0,W450J5252065
2708,2707,51639,levert,herrington,1975.0,L163H6521975,51639,levert,herrington,1975.0,L163H6521975
2711,2709,41024,brandon,amato,1992.0,B653A5301992,41024,brandon,amato,1992.0,B653A5301992
2728,2727,51642,lauren,perry,1990.0,L650P6001990,51642,lauren,perry,1990.0,L650P6001990
2729,2727,51642,lauren,perry,1990.0,L650P6001990,51642,lauren,perry,1990.0,L650P6001990
2729,2728,51642,lauren,perry,1990.0,L650P6001990,51642,lauren,perry,1990.0,L650P6001990
2744,2742,4994,daniel,mcbride,2056.0,D540M2162056,4994,daniel,mcbride,2056.0,D540M2162056
2761,2760,45531,raymond,ruiz,1989.0,R553R2001989,45531,raymond,ruiz,1989.0,R553R2001989
2765,2763,51626,michael,gardner,1979.0,M240G6351979,51626,michael,gardner,1979.0,M240G6351979
2792,2791,51618,everley,davis,2046.0,E164D1202046,51618,everley,davis,2046.0,E164D1202046
2813,2812,51658,luis,velez,2068.0,L200V4202068,51658,luis,velez,2068.0,L200V4202068
2830,2829,26520,georgette,hostetler,2074.0,G623H2332074,26520,georgette,hostetler,2074.0,G623H2332074
2846,2845,51671,crystal,fallon,1988.0,C623F4501988,51671,crystal,fallon,1988.0,C623F4501988
2875,2874,51668,jaime,rivas,1979.0,J500R1201979,51668,jaime,rivas,1979.0,J500R1201979
2902,2901,31864,anthony,freeman,2072.0,A535F6552072,31864,anthony,freeman,2072.0,A535F6552072
2903,2901,31864,anthony,freeman,2072.0,A535F6552072,31864,anthony,freeman,2072.0,A535F6552072
2903,2902,31864,anthony,freeman,2072.0,A535F6552072,31864,anthony,freeman,2072.0,A535F6552072
2930,2928,51693,antwan,brooks,1989.0,A535B6201989,51693,antwan,brooks,1989.0,A535B6201989
2933,2932,51679,jeremy,gordon-taylor,1990.0,J650G6351990,51679,jeremy,gordon-taylor,1990.0,J650G6351990
2938,2937,33422,dionte,moore,1989.0,D530M6001989,33422,dionte,moore,1989.0,D530M6001989
2972,2970,51694,erin,lyman,1985.0,E650L5501985,51694,erin,lyman,1985.0,E650L5501985
2987,2986,9274,victor,soto,1991.0,V236S3001991,9274,victor,soto,1991.0,V236S3001991
2996,2995,51680,bryan,burnett,1990.0,B650B6531990,51680,bryan,burnett,1990.0,B650B6531990
3031,3030,47826,ahmad,bowleg,1987.0,A530B4201987,47826,ahmad,bowleg,1987.0,A530B4201987
3034,3033,51718,johnny,owens,1981.0,J500O5201981,51718,johnny,owens,1981.0,J500O5201981
3040,3039,51714,travis,moss,1995.0,T612M2001995,51714,travis,moss,1995.0,T612M2001995
3041,3039,51714,travis,moss,1995.0,T612M2001995,51714,travis,moss,1995.0,T612M2001995
3041,3040,51714,travis,moss,1995.0,T612M2001995,51714,travis,moss,1995.0,T612M2001995
3064,3063,45513,pj,lawton,2056.0,P200L3502056,45513,pj,lawton,2056.0,P200L3502056
3089,3087,31084,james,greene,2073.0,J520G6502073,31084,james,greene,2073.0,J520G6502073
3092,3091,51736,alexander,manzano,1986.0,A425M5251986,51736,alexander,manzano,1986.0,A425M5251986
3110,3108,51713,barry,rabinowitz,2046.0,B600R1532046,51713,barry,rabinowitz,2046.0,B600R1532046
3115,3114,51732,reese,nccauley,1987.0,R200N2401987,51732,reese,nccauley,1987.0,R200N2401987
3127,3126,51735,james,scott,1992.0,J520S3001992,51735,james,scott,1992.0,J520S3001992
3143,3141,51707,jhonatan,franco,1992.0,J535F6521992,51707,jhonatan,franco,1992.0,J535F6521992
3179,3177,51778,william,celowanchick,1984.0,W450C4521984,51778,william,celowanchick,1984.0,W450C4521984
3188,3187,24234,niesha,johnson,1983.0,N200J5251983,24234,niesha,johnson,1983.0,N200J5251983
3197,3196,39111,demar,campbell,1985.0,D560C5141985,39111,demar,campbell,1985.0,D560C5141985
3215,3214,36196,carrie,winter,1976.0,C600W5361976,36196,carrie,winter,1976.0,C600W5361976
3221,3220,51751,glenika,pratt,1993.0,G452P6301993,51751,glenika,pratt,1993.0,G452P6301993
3223,3222,51775,allison,bevell,2073.0,A425B1402073,51775,allison,bevell,2073.0,A425B1402073
3239,2742,51763,daniel,mcbride,2056.0,D540M2162056,4994,daniel,mcbride,2056.0,D540M2162056
3239,2744,51763,daniel,mcbride,2056.0,D540M2162056,4994,daniel,mcbride,2056.0,D540M2162056
3263,3262,51771,carlos,martinez,1975.0,C642M6351975,51771,carlos,martinez,1975.0,C642M6351975
3296,3295,21732,joshua,oliver,1992.0,J200O4161992,21732,joshua,oliver,1992.0,J200O4161992
3298,3297,48340,sammy,worthy,1976.0,S500W6301976,48340,sammy,worthy,1976.0,S500W6301976
3302,3301,42967,juliet,francis,1991.0,J430F6521991,42967,juliet,francis,1991.0,J430F6521991
3328,3327,51786,ian,ford,1988.0,I500F6301988,51786,ian,ford,1988.0,I500F6301988
3335,3334,51797,wilkinson,francois,1991.0,W425F6521991,51797,wilkinson,francois,1991.0,W425F6521991
3356,3354,51804,michelle,hall,2070.0,M240H4002070,51804,michelle,hall,2070.0,M240H4002070
3388,3387,51806,david,schultz,2065.0,D130S4322065,51806,david,schultz,2065.0,D130S4322065
3395,3394,3570,merle,dalonzo,2055.0,M640D4522055,3570,merle,dalonzo,2055.0,M640D4522055
3433,3432,43775,brian,cameron,1985.0,B650C5651985,43775,brian,cameron,1985.0,B650C5651985
3446,3444,51829,eveline,rosenberg,2046.0,E145R2512046,51829,eveline,rosenberg,2046.0,E145R2512046
3451,3450,51844,rogerio,dossantos,1978.0,R260D2531978,51844,rogerio,dossantos,1978.0,R260D2531978
3456,690,51036,rochelle,battle,1987.0,R240B3401987,51036,rochelle,battle,1987.0,R240B3401987
3470,3469,51818,marcus,posey,1984.0,M622P2001984,51818,marcus,posey,1984.0,M622P2001984
3475,3474,44430,jimmy,black,1976.0,J500B4201976,44430,jimmy,black,1976.0,J500B4201976
3479,3477,51823,mamose,florial,1983.0,M520F4641983,51823,mamose,florial,1983.0,M520F4641983
3497,3496,40929,jayson,velazquez,1983.0,J250V4221983,40929,jayson,velazquez,1983.0,J250V4221983
3523,3522,51808,arthur,andreu,2066.0,A636A5362066,51808,arthur,andreu,2066.0,A636A5362066
3530,3529,51845,roger,raysor,2065.0,R260R2602065,51845,roger,raysor,2065.0,R260R2602065
3560,3558,36600,derryel,rhone,2063.0,D640R5002063,36600,derryel,rhone,2063.0,D640R5002063
3562,3561,51846,evenson,morency,1993.0,E152M6521993,51846,evenson,morency,1993.0,E152M6521993
3563,3561,51846,evenson,morency,1993.0,E152M6521993,51846,evenson,morency,1993.0,E152M6521993
3563,3562,51846,evenson,morency,1993.0,E152M6521993,51846,evenson,morency,1993.0,E152M6521993
3574,3573,51865,brian,wheeler,2062.0,B650W4602062,51865,brian,wheeler,2062.0,B650W4602062
3578,3577,41751,alexander,boulahanis,1977.0,A425B4521977,41751,alexander,boulahanis,1977.0,A425B4521977
3586,3585,51866,wilkenson,smith,1975.0,W425S5301975,51866,wilkenson,smith,1975.0,W425S5301975
3617,3616,51861,strishtaam,palloo,1985.0,S362P4001985,51861,strishtaam,palloo,1985.0,S362P4001985
3619,3618,51869,william,carlisle,2062.0,W450C6422062,51869,william,carlisle,2062.0,W450C6422062
3625,3624,51864,jessica,stone,1994.0,J220S3501994,51864,jessica,stone,1994.0,J220S3501994
3647,3645,51182,richard,chacon,1986.0,R263C2501986,51182,richard,chacon,1986.0,R263C2501986
3662,3661,17427,barry,bell,2055.0,B600B4002055,17427,barry,bell,2055.0,B600B4002055
3665,3664,51917,brian,hendry,1980.0,B650H5361980,51917,brian,hendry,1980.0,B650H5361980
3670,3669,51888,elijah,garland,1982.0,E420G6451982,51888,elijah,garland,1982.0,E420G6451982
3671,3669,51888,elijah,garland,1982.0,E420G6451982,51888,elijah,garland,1982.0,E420G6451982
3671,3670,51888,elijah,garland,1982.0,E420G6451982,51888,elijah,garland,1982.0,E420G6451982
3686,3685,51897,tommy,turner,1988.0,T500T6561988,51897,tommy,turner,1988.0,T500T6561988
3704,3702,51890,john,dudas,2048.0,J500D3202048,51890,john,dudas,2048.0,J500D3202048
3710,3709,51905,shahar,broder,1984.0,S600B6361984,51905,shahar,broder,1984.0,S600B6361984
3739,3738,43765,natalie,baitz,1989.0,N340B3201989,43765,natalie,baitz,1989.0,N340B3201989
3740,3738,43765,natalie,baitz,1989.0,N340B3201989,43765,natalie,baitz,1989.0,N340B3201989
3740,3739,43765,natalie,baitz,1989.0,N340B3201989,43765,natalie,baitz,1989.0,N340B3201989
3766,3765,51931,aaron,gilliam,1989.0,A650G4501989,51931,aaron,gilliam,1989.0,A650G4501989
3772,3771,51958,jose,diz,1991.0,J200D2001991,51958,jose,diz,1991.0,J200D2001991
3773,3771,51958,jose,diz,1991.0,J200D2001991,51958,jose,diz,1991.0,J200D2001991
3773,3772,51958,jose,diz,1991.0,J200D2001991,51958,jose,diz,1991.0,J200D2001991
3781,3780,34002,roderick,howell,1990.0,R362H4001990,34002,roderick,howell,1990.0,R362H4001990
3797,3796,51967,gloria,lopez,2058.0,G460L1202058,51967,gloria,lopez,2058.0,G460L1202058
3829,3828,51950,heather,remy,1983.0,H360R5001983,51950,heather,remy,1983.0,H360R5001983
3856,3855,51930,cellie,mayol,1981.0,C400M4001981,51930,cellie,mayol,1981.0,C400M4001981
3866,3864,51970,jermane,orange,1982.0,J655O6521982,51970,jermane,orange,1982.0,J655O6521982
3873,3320,51782,benjamin,robinson,1989.0,B525R1521989,51782,benjamin,robinson,1989.0,B525R1521989
3874,3320,51782,benjamin,robinson,1989.0,B525R1521989,51782,benjamin,robinson,1989.0,B525R1521989
3874,3873,51782,benjamin,robinson,1989.0,B525R1521989,51782,benjamin,robinson,1989.0,B525R1521989
3883,3882,31059,vincent,leone,1986.0,V525L5001986,31059,vincent,leone,1986.0,V525L5001986
3884,3882,31059,vincent,leone,1986.0,V525L5001986,31059,vincent,leone,1986.0,V525L5001986
3884,3883,31059,vincent,leone,1986.0,V525L5001986,31059,vincent,leone,1986.0,V525L5001986
3898,3897,51933,brian,fields,1982.0,B650F4321982,51933,brian,fields,1982.0,B650F4321982
3902,3900,51962,marques,hawks,1987.0,M622H2001987,51962,marques,hawks,1987.0,M622H2001987
3907,3906,51944,keith,plews,1976.0,K300P4201976,51944,keith,plews,1976.0,K300P4201976
3935,3934,51975,tony,mcneil,1985.0,T500M2541985,51975,tony,mcneil,1985.0,T500M2541985
3967,3966,51979,michael,sphtswzgis,1979.0,M240S1321979,51979,michael,spetsieris,1979.0,M240S1321979
3973,3972,34206,scott,botkin,2069.0,S300B3252069,34206,scott,botkin,2069.0,S300B3252069
3974,3972,34206,scott,botkin,2069.0,S300B3252069,34206,scott,botkin,2069.0,S300B3252069
3974,3973,34206,scott,botkin,2069.0,S300B3252069,34206,scott,botkin,2069.0,S300B3252069
3995,3994,7602,jose,carter,1978.0,J200C6361978,7602,jose,carter,1978.0,J200C6361978
3997,3996,52002,jairo,polanco,1985.0,J600P4521985,52002,jairo,polanco,1985.0,J600P4521985
4009,4008,52016,ralph,pimentel,1975.0,R410P5531975,52016,ralph,pimentel,1975.0,R410P5531975
4010,4008,52016,ralph,pimentel,1975.0,R410P5531975,52016,ralph,pimentel,1975.0,R410P5531975
4010,4009,52016,ralph,pimentel,1975.0,R410P5531975,52016,ralph,pimentel,1975.0,R410P5531975
4022,4020,51983,leroy,ware,2068.0,L600W6002068,51983,leroy,ware,2068.0,L600W6002068
4028,4027,52018,gregory,ricfarghoc,2057.0,G626R2162057,52018,gregory,rqphardszu,2057.0,G626R2162057
4039,4038,44871,kenneth,goodman,1986.0,K530G3551986,44871,kenneth,goodman,1986.0,K530G3551986
4055,4053,52029,albert,baldocchi,1990.0,A416B4321990,52029,albert,baldocchi,1990.0,A416B4321990
4061,4059,52038,george,bennington,2066.0,G620B5522066,52038,george,bennington,2066.0,G620B5522066
4063,4062,52031,james,capers,1982.0,J520C1621982,52031,james,capers,1982.0,J520C1621982
4069,4068,33278,demetrius,bryant,1979.0,D536B6531979,33278,demetrius,bryant,1979.0,D536B6531979
4088,4087,52030,jodelyn,orne,1992.0,J345O6501992,52030,jodelyn,orne,1992.0,J345O6501992
4106,4104,52034,jonathan,alexander,1993.0,J535A4251993,52034,jonathan,alexander,1993.0,J535A4251993
4120,4119,52039,ceven,lewis,1986.0,C150L2001986,52039,ceven,lewis,1986.0,C150L2001986
4121,4119,52039,ceven,lewis,1986.0,C150L2001986,52039,ceven,lewis,1986.0,C150L2001986
4121,4120,52039,ceven,lewis,1986.0,C150L2001986,52039,ceven,lewis,1986.0,C150L2001986
4135,4134,52042,derek,billie,2074.0,D620B4002074,52042,derek,billie,2074.0,D620B4002074
4160,4158,52077,gary,camilo,1990.0,G600C5401990,52077,gary,camilo,1990.0,G600C5401990
4168,4167,52085,john,pence,2064.0,J500P5202064,52085,john,pence,2064.0,J500P5202064
4174,4173,52074,jackson,echeniquepadilla,1983.0,J250E2521983,52074,jackson,echeniquepadilla,1983.0,J250E2521983
4175,4173,52074,jackson,echeniquepadilla,1983.0,J250E2521983,52074,jackson,echeniquepadilla,1983.0,J250E2521983
4175,4174,52074,jackson,echeniquepadilla,1983.0,J250E2521983,52074,jackson,echeniquepadilla,1983.0,J250E2521983
4184,4182,52081,shaneen,avramides,2073.0,S550A1652073,52081,shaneen,avramides,2073.0,S550A1652073
4189,4188,52057,orlis,delotoro,2073.0,O642D4362073,52057,orlis,delotoro,2073.0,O642D4362073
4190,4188,52057,orlis,delotoro,2073.0,O642D4362073,52057,orlis,delotoro,2073.0,O642D4362073
4190,4189,52057,orlis,delotoro,2073.0,O642D4362073,52057,orlis,delotoro,2073.0,O642D4362073
4195,4194,52088,james,tyler,2046.0,J520T4602046,52088,james,tyler,2046.0,J520T4602046
4201,4200,52076,darrelll,dorsett,2068.0,D640D6232068,52076,darrelll,dorsett,2068.0,D640D6232068
4220,4219,52055,teddy,burrows,1975.0,T300B6201975,52055,teddy,burrows,1975.0,T300B6201975
4253,4252,52069,teras,hope,1986.0,T620H1001986,52069,teras,hope,1986.0,T620H1001986
4259,4258,43782,shannon,battle,2071.0,S550B3402071,43782,shannon,battle,2071.0,S550B3402071
4271,4270,38204,alicia,williams,1978.0,A420W4521978,38204,alicia,williams,1978.0,A420W4521978
4273,1834,52083,ashley,segura,1988.0,A240S2601988,51340,ashley,sequra,1988.0,A240S2601988
4279,4278,4211,beau,black,1983.0,B000B4201983,4211,beau,black,1983.0,B000B4201983
4316,4314,52122,jose,saavedra,2063.0,J200S1362063,52122,jose,saavedra,2063.0,J200S1362063
4327,4326,52114,nicholas,taylor,1991.0,N242T4601991,52114,nicholas,taylor,1991.0,N242T4601991
4333,4332,52101,todd,gologorsky,2069.0,T300G4262069,52101,todd,gologorsky,2069.0,T300G4262069
4340,4338,51451,kaitlyn,miebach,1993.0,K345M1201993,51451,kaitlyn,miebach,1993.0,K345M1201993
4361,4360,42188,jerome,brantley,1985.0,J650B6531985,42188,jerome,brantley,1985.0,J650B6531985
4397,4396,52135,joseph,suarez,2067.0,J210S6202067,52135,joseph,suarez,2067.0,J210S6202067
4433,4431,52148,ramon,ramos,1981.0,R550R5201981,52148,ramon,ramos,1981.0,R550R5201981
4471,4470,52128,courtney,brownlee,1989.0,C635B6541989,52128,courtney,brownlee,1989.0,C635B6541989
4481,4479,52141,joseph,magliocca,2069.0,J210M2422069,52141,joseph,magliocca,2069.0,J210M2422069
4489,4488,52160,stevnof,best,2060.0,S315B2302060,52160,stephen,best,2060.0,S315B2302060
4493,4491,52151,crystal,smith,1986.0,C623S5301986,52151,crystal,smith,1986.0,C623S5301986
4520,4519,15371,jermaine,thomas,1987.0,J655T5201987,15371,jermaine,thomas,1987.0,J655T5201987
4526,4525,52188,garth,mellad,1984.0,G630M4301984,52188,garth,mellad,1984.0,G630M4301984
4594,4593,52197,justin,mccalligan,1984.0,J235M2421984,52197,justin,mccalligan,1984.0,J235M2421984
4600,4599,52161,seymour,williams,2070.0,S560W4522070,52161,seymour,williams,2070.0,S560W4522070
4606,4605,52175,neyesha,brunson,1992.0,N200B6521992,52175,neyesha,brunson,1992.0,N200B6521992
4607,4605,52175,neyesha,brunson,1992.0,N200B6521992,52175,neyesha,brunson,1992.0,N200B6521992
4607,4606,52175,neyesha,brunson,1992.0,N200B6521992,52175,neyesha,brunson,1992.0,N200B6521992
4622,4620,52170,mark,ribeiro,1977.0,M620R1601977,52170,mark,ribeiro,1977.0,M620R1601977
4655,4654,52178,juan,reyes,1986.0,J500R2001986,52178,juan,reyes,1986.0,J500R2001986
4660,4659,52189,wyatt,busekist,2071.0,W300B2222071,52189,wyatt,busekist,2071.0,W300B2222071
4700,4698,15099,franel,jeanbaptiste,1987.0,F654J5111987,15099,franel,jeanbaptiste,1987.0,F654J5111987
4709,4708,52223,elias,aguilar,1985.0,E420A2461985,52223,elias,aguilar,1985.0,E420A2461985
4723,4722,52222,john,anderson,1988.0,J500A5361988,52222,john,anderson,1988.0,J500A5361988
4724,4722,52222,john,anderson,1988.0,J500A5361988,52222,john,anderson,1988.0,J500A5361988
4724,4723,52222,john,anderson,1988.0,J500A5361988,52222,john,anderson,1988.0,J500A5361988
4734,637,52242,xavier,segura,1994.0,X160S2601994,51002,xavier,segura,1994.0,X160S2601994
4739,4737,52244,vashty,mayor,1988.0,V230M6001988,52244,vashty,mayor,1988.0,V230M6001988
4741,4740,52238,kristine,fialkowsky,1993.0,K623F4221993,52238,kristine,fialkowsky,1993.0,K623F4221993
4748,4746,52234,mories,abdo,1985.0,M620A1301985,52234,mories,abdo,1985.0,M620A1301985
4775,4773,4349,stefano,forero,1987.0,S315F6601987,4349,stefano,forero,1987.0,S315F6601987
4799,4797,52265,jamar,johnson,1989.0,J560J5251989,52265,jamar,johnson,1989.0,J560J5251989
4814,4812,52262,talal,abouhana,1978.0,T440A1501978,52262,talal,abouhana,1978.0,T440A1501978
4816,4815,52256,emmanuel,noreus,1978.0,E554N6201978,52256,emmanuel,noreus,1978.0,E554N6201978
4838,4837,52253,jason,owpjidge,1994.0,J250O1231994,52253,jason,ofoecdee,1994.0,J250O1231994
4844,4842,52260,guy,towssnwit,1988.0,G000T2531988,52260,guy,toussaint,1988.0,G000T2531988
4846,4845,52264,daniel,black,2059.0,D540B4202059,52264,daniel,black,2059.0,D540B4202059
4855,4854,52261,jacques,duvignaud,1994.0,J220D1251994,52261,jacques,duvignaud,1994.0,J220D1251994
4856,4854,52261,jacques,duvignaud,1994.0,J220D1251994,52261,jacques,duvignaud,1994.0,J220D1251994
4856,4855,52261,jacques,duvignaud,1994.0,J220D1251994,52261,jacques,duvignaud,1994.0,J220D1251994
4871,4869,52276,jeremiah,wilson,2074.0,J650W4252074,52276,jeremiah,wilson,2074.0,J650W4252074
4897,4896,52283,grover,willis,1978.0,G616W4201978,52283,grover,willis,1978.0,G616W4201978
4931,2053,51446,joshua,tabraue,1993.0,J200T1601993,51446,joshua,tabraue,1993.0,J200T1601993
4951,4950,52309,jason,jaigobin,1991.0,J250J2151991,52309,jason,jaigobin,1991.0,J250J2151991
4954,4953,52318,albert,nigro,2067.0,A416N2602067,52318,albert,nigro,2067.0,A416N2602067
5002,5001,52311,tyler,ashton,1994.0,T460A2351994,52311,tyler,ashton,1994.0,T460A2351994
5003,5001,52311,tyler,ashton,1994.0,T460A2351994,52311,tyler,ashton,1994.0,T460A2351994
5003,5002,52311,tyler,ashton,1994.0,T460A2351994,52311,tyler,ashton,1994.0,T460A2351994
5012,5010,52323,devon,andrews,1985.0,D150A5361985,52323,devon,andrews,1985.0,D150A5361985
5021,5020,52308,stefany,gallego,1989.0,S315G4201989,52308,stefany,gallego,1989.0,S315G4201989
5057,5055,52298,levar,dawson,1977.0,L160D2501977,52298,levar,dawson,1977.0,L160D2501977
5063,143,50892,omar,yunis,1992.0,O560Y5201992,50892,omar,yunis,1992.0,O560Y5201992
5066,5065,48502,robert,montgomery,1983.0,R163M5321983,48502,robert,montgomery,1983.0,R163M5321983
5083,5082,44965,deanna,headly,1987.0,D500H3401987,44965,deanna,headly,1987.0,D500H3401987
5087,5086,52350,benjamin,fanfan,1975.0,B525F5151975,52350,benjamin,fanfan,1975.0,B525F5151975
5102,5100,52342,francesca,larosa,2053.0,F652L6202053,52342,francesca,larosa,2053.0,F652L6202053
5114,5113,52339,claesgens,sean,2072.0,C425S5002072,52339,claesgens,sean,2072.0,C425S5002072
5116,5115,52343,dawn,forcer,1981.0,D500F6261981,52343,dawn,forcer,1981.0,D500F6261981
5141,5139,52345,cheryl,marks,2059.0,C640M6202059,52345,cheryl,marks,2059.0,C640M6202059
5173,5172,44287,lascelles,ferguson,2057.0,L242F6222057,44287,lascelles,ferguson,2057.0,L242F6222057
5176,5175,52356,jmmo,stancil,1990.0,J500S3521990,52356,john,stancil,1990.0,J500S3521990
5177,5175,52356,john,stancil,1990.0,J500S3521990,52356,john,stancil,1990.0,J500S3521990
5177,5176,52356,john,stancil,1990.0,J500S3521990,52356,jmmo,stancil,1990.0,J500S3521990
5180,5179,52330,fazeena,ali,2067.0,F250A4002067,52330,fazeena,ali,2067.0,F250A4002067
5198,5196,34614,haywood,farrow,1985.0,H300F6001985,34614,haywood,farrow,1985.0,H300F6001985
5221,5220,52370,johnny,perdomo,1981.0,J500P6351981,52370,johnny,perdomo,1981.0,J500P6351981
5236,5235,52382,arrantes,green,1978.0,A653G6501978,52382,arrantes,green,1978.0,A653G6501978
5237,5235,52382,arrantes,green,1978.0,A653G6501978,52382,arrantes,green,1978.0,A653G6501978
5237,5236,52382,arrantes,green,1978.0,A653G6501978,52382,arrantes,green,1978.0,A653G6501978
5263,5262,52415,michael,hammonds,1994.0,M240H5531994,52415,michael,hammonds,1994.0,M240H5531994
5264,5262,52415,michael,hammonds,1994.0,M240H5531994,52415,michael,hammonds,1994.0,M240H5531994
5264,5263,52415,michael,hammonds,1994.0,M240H5531994,52415,michael,hammonds,1994.0,M240H5531994
5269,5268,52404,paulo,malpiedi,2067.0,P400M4132067,52404,paulo,malpiedi,2067.0,P400M4132067
5270,5268,52404,paulo,malpiedi,2067.0,P400M4132067,52404,paulo,malpiedi,2067.0,P400M4132067
5270,5269,52404,paulo,malpiedi,2067.0,P400M4132067,52404,paulo,malpiedi,2067.0,P400M4132067
5282,5280,52411,nina,roundtree,1980.0,N500R5361980,52411,nina,roundtree,1980.0,N500R5361980
5284,3277,51761,maurice,knight,1979.0,M620K5231979,51761,maurice,knight,1979.0,M620K5231979
5299,5298,52409,matthew,archambault,1992.0,M300A6251992,52409,matthew,archambault,1992.0,M300A6251992
5305,5304,52379,michael,habersham,1980.0,M240H1621980,52379,michael,habersham,1980.0,M240H1621980
5342,5340,52385,inger,kirkeleit,2068.0,I526K6242068,52385,inger,kirkeleit,2068.0,I526K6242068
5345,5344,52376,john,williams,2058.0,J500W4522058,52376,john,williams,2058.0,J500W4522058
5350,5349,52414,rasheda,destine,1993.0,R230D2351993,52414,rasheda,destine,1993.0,R230D2351993
5351,5349,52414,rasheda,destine,1993.0,R230D2351993,52414,rasheda,destine,1993.0,R230D2351993
5351,5350,52414,rasheda,destine,1993.0,R230D2351993,52414,rasheda,destine,1993.0,R230D2351993
5372,5371,52399,mario,gaeteroldan,2067.0,M600G3642067,52399,mario,gaeteroldan,2067.0,M600G3642067
5380,5379,52220,richard,henry,1994.0,R263H5601994,52220,richard,henry,1994.0,R263H5601994
5381,5379,52220,richard,henry,1994.0,R263H5601994,52220,richard,henry,1994.0,R263H5601994
5381,5380,52220,richard,henry,1994.0,R263H5601994,52220,richard,henry,1994.0,R263H5601994
5392,5391,52426,earl,parker,2065.0,E640P6262065,52426,earl,parker,2065.0,E640P6262065
5393,5391,52426,earl,parker,2065.0,E640P6262065,52426,earl,parker,2065.0,E640P6262065
5393,5392,52426,earl,parker,2065.0,E640P6262065,52426,earl,parker,2065.0,E640P6262065
5397,729,51028,louis,simonds,1989.0,L200S5531989,51028,louis,simonds,1989.0,L200S5531989
5397,731,51028,louis,simonds,1989.0,L200S5531989,51028,louis,simonds,1989.0,L200S5531989
5410,5409,52445,reza,mansourie,2073.0,R200M5262073,52445,reza,mansourie,2073.0,R200M5262073
5414,5413,52441,ramses,gabrie,1990.0,R522G1601990,52441,ramses,gabrie,1990.0,R522G1601990
5462,5461,52452,keli,mhrcqlgnh,1991.0,K400M6241991,52452,keli,marcelino,1991.0,K400M6241991
5474,5473,52431,scott,sylvain,1989.0,S300S4151989,52431,scott,sylvain,1989.0,S300S4151989
5477,5475,52457,caue,cadoso,1990.0,C000C3201990,52457,caue,cadoso,1990.0,C000C3201990
5483,5481,44688,michael,jimenez,1992.0,M240J5521992,44688,michael,jimenez,1992.0,M240J5521992
5504,5502,52419,tiwan,hunter,1977.0,T500H5361977,52419,tiwan,hunter,1977.0,T500H5361977
5506,5505,52433,secunda,tharpe,1976.0,S253T6101976,52433,secunda,tharpe,1976.0,S253T6101976
5507,5505,52433,secunda,tharpe,1976.0,S253T6101976,52433,secunda,tharpe,1976.0,S253T6101976
5507,5506,52433,secunda,tharpe,1976.0,S253T6101976,52433,secunda,tharpe,1976.0,S253T6101976
5515,5514,37797,linton,cooper,1979.0,L535C1601979,37797,linton,cooper,1979.0,L535C1601979
5516,5514,37797,linton,cooper,1979.0,L535C1601979,37797,linton,cooper,1979.0,L535C1601979
5516,5515,37797,linton,cooper,1979.0,L535C1601979,37797,linton,cooper,1979.0,L535C1601979
5519,5517,52447,isaac,ramirez,2071.0,I220R5622071,52447,isaac,ramirez,2071.0,I220R5622071
5530,5529,52468,niki,stinson,2053.0,N200S3522053,52468,niki,stinson,2053.0,N200S3522053
5543,5542,52465,macayose,vermilus,1983.0,M220V6541983,52465,macayose,vermilus,1983.0,M220V6541983
5558,5556,52470,roberto,serrano,2070.0,R163S6502070,52470,roberto,serrano,2070.0,R163S6502070
5561,5559,21513,eliasin,reyes,1988.0,E425R2001988,21513,eliasin,reyes,1988.0,E425R2001988
5575,5574,52473,ally,chattman,2061.0,A400C3552061,52473,ally,chattman,2061.0,A400C3552061
5579,5577,40741,williams,andrew,1983.0,W452A5361983,40741,williams,andrew,1983.0,W452A5361983
5584,5583,52467,mercedes,richardson,1990.0,M623R2631990,52467,mercedes,richardson,1990.0,M623R2631990
5599,5598,52471,clara,igelesias,2052.0,C460I2422052,52471,clara,igelesias,2052.0,C460I2422052
5603,5602,52474,lejuan,patterson,1989.0,L250P3621989,52474,lejuan,patterson,1989.0,L250P3621989
5605,5604,52488,deve,cherisca,1994.0,D100C6201994,52488,deve,cherisca,1994.0,D100C6201994
5635,5634,52483,alexandra,donovan,1984.0,A425D5151984,52483,alexandra,donovan,1984.0,A425D5151984
5645,5644,52485,lemore,noah,1992.0,L560N0001992,52485,lemore,noah,1992.0,L560N0001992
5656,5655,52481,steven,wilson,2067.0,S315W4252067,52481,steven,wilson,2067.0,S315W4252067
5660,5659,52486,keithon,hunter,2070.0,K350H5362070,52486,keithon,hunter,2070.0,K350H5362070
5668,5667,52503,mariot,severe,1985.0,M630S1601985,52503,mariot,severe,1985.0,M630S1601985
5675,5673,52515,austin,hayes,1995.0,A235H2001995,52515,austin,hayes,1995.0,A235H2001995
5677,5676,52505,raymond,wolf,2056.0,R553W4102056,52505,raymond,wolf,2056.0,R553W4102056
5689,5688,52499,passha,davis,1991.0,P200D1201991,52499,passha,davis,1991.0,P200D1201991
5690,5688,52499,passha,davis,1991.0,P200D1201991,52499,passha,davis,1991.0,P200D1201991
5690,5689,52499,passha,davis,1991.0,P200D1201991,52499,passha,davis,1991.0,P200D1201991
5719,5718,40286,anton,bryant,1983.0,A535B6531983,40286,anton,bryant,1983.0,A535B6531983
5723,5722,52513,christopher,sullivan,1988.0,C623S4151988,52513,christopher,sullivan,1988.0,C623S4151988
5724,2069,51415,alfonso,hamilton,1989.0,A415H5431989,51415,alfonso,hamilton,1989.0,A415H5431989
5725,2069,51415,alfonso,hamilton,1989.0,A415H5431989,51415,alfonso,hamilton,1989.0,A415H5431989
5725,5724,51415,alfonso,hamilton,1989.0,A415H5431989,51415,alfonso,hamilton,1989.0,A415H5431989
5726,2069,51415,alfonso,hamilton,1989.0,A415H5431989,51415,alfonso,hamilton,1989.0,A415H5431989
5726,5724,51415,alfonso,hamilton,1989.0,A415H5431989,51415,alfonso,hamilton,1989.0,A415H5431989
5726,5725,51415,alfonso,hamilton,1989.0,A415H5431989,51415,alfonso,hamilton,1989.0,A415H5431989
5738,5737,52494,donnie,aguilar,1985.0,D500A2461985,52494,donnie,aghkulr,1985.0,D500A2461985
5746,5745,52520,sean,mckinney,1985.0,S500M2501985,52520,sean,mwkqmnay,1985.0,S500M2501985
5797,5796,52555,shannon,welte,1987.0,S550W4301987,52555,shannon,welte,1987.0,S550W4301987
5798,5796,52555,shannon,welte,1987.0,S550W4301987,52555,shannon,welte,1987.0,S550W4301987
5798,5797,52555,shannon,welte,1987.0,S550W4301987,52555,shannon,welte,1987.0,S550W4301987
5812,5811,23181,sharlene,ables,1983.0,S645A1421983,23181,sharlene,ables,1983.0,S645A1421983
5815,5814,42102,jacquelyn,park,1979.0,J245P6201979,42102,jacquelyn,park,1979.0,J245P6201979
5824,5823,52525,devonah,daniels,2069.0,D150D5422069,52525,devonah,daniels,2069.0,D150D5422069
5825,5823,52525,devonah,daniels,2069.0,D150D5422069,52525,devonah,daniels,2069.0,D150D5422069
5825,5824,52525,devonah,daniels,2069.0,D150D5422069,52525,devonah,daniels,2069.0,D150D5422069
5840,5839,52551,nancy,ayala,2068.0,N520A4002068,52551,nancy,ayala,2068.0,N520A4002068
5842,2693,51656,richardson,dustin,1983.0,R263D2351983,51656,richardson,dustin,1983.0,R263D2351983
5843,2693,51656,richardson,dustin,1983.0,R263D2351983,51656,richardson,dustin,1983.0,R263D2351983
5843,5842,51656,richardson,dustin,1983.0,R263D2351983,51656,richardson,dustin,1983.0,R263D2351983
5846,5845,29314,efrain,perez,2069.0,E165P6202069,29314,efrain,perez,2069.0,E165P6202069
5885,5883,44612,sanford,hill,1989.0,S516H4001989,44612,sanford,hill,1989.0,S516H4001989
5887,5886,6069,kerrensley,telusman,1988.0,K652T4251988,6069,kerrensley,telusman,1988.0,K652T4251988
5924,5923,52574,laura,burgos,2053.0,L600B6222053,52574,laura,burgos,2053.0,L600B6222053
5955,3346,15256,sharlend,llypic,1981.0,S645L1201981,15256,sharlend,lavoix,1981.0,S645L1201981
5956,3346,15256,sharlend,lavoix,1981.0,S645L1201981,15256,sharlend,lavoix,1981.0,S645L1201981
5956,5955,15256,sharlend,lavoix,1981.0,S645L1201981,15256,sharlend,llypic,1981.0,S645L1201981
5957,3346,15256,sharlend,lavoix,1981.0,S645L1201981,15256,sharlend,lavoix,1981.0,S645L1201981
5957,5955,15256,sharlend,lavoix,1981.0,S645L1201981,15256,sharlend,llypic,1981.0,S645L1201981
5957,5956,15256,sharlend,lavoix,1981.0,S645L1201981,15256,sharlend,lavoix,1981.0,S645L1201981
5968,5937,25291,michael,anderson,1991.0,M240A5361991,25291,michael,anderson,1991.0,M240A5361991
5974,5973,52548,michele,latortue,1989.0,M240L3631989,52548,michele,latortue,1989.0,M240L3631989
5992,5991,52571,deborah,medcraft,2059.0,D160M3262059,52571,deborah,medcraft,2059.0,D160M3262059
6002,4784,52243,keyanna,stephens,1986.0,K500S3151986,52243,keyanna,stephens,1986.0,K500S3151986
6004,1116,46011,anthony,bones,1993.0,A535B5201993,46011,anthony,bones,1993.0,A535B5201993
6004,1117,46011,anthony,bones,1993.0,A535B5201993,46011,anthony,bones,1993.0,A535B5201993
6005,1116,46011,anthony,bones,1993.0,A535B5201993,46011,anthony,bones,1993.0,A535B5201993
6005,1117,46011,anthony,bones,1993.0,A535B5201993,46011,anthony,bones,1993.0,A535B5201993
6005,6004,46011,anthony,bones,1993.0,A535B5201993,46011,anthony,bones,1993.0,A535B5201993
6010,6009,52592,shawn,edwards,1978.0,S500E3631978,52592,shawn,edwards,1978.0,S500E3631978
6011,6009,52592,shawn,edwards,1978.0,S500E3631978,52592,shawn,edwards,1978.0,S500E3631978
6011,6010,52592,shawn,edwards,1978.0,S500E3631978,52592,shawn,edwards,1978.0,S500E3631978
6014,6012,52604,ryan,doyle,1975.0,R500D4001975,52604,ryan,doyle,1975.0,R500D4001975
6026,6024,37439,loudy,petithomme,1981.0,L300P3351981,37439,loudy,petithomme,1981.0,L300P3351981
6044,6043,13888,steven,nance,1986.0,S315N5201986,13888,steven,nance,1986.0,S315N5201986
6053,5481,44688,michael,jimenez,1992.0,M240J5521992,44688,michael,jimenez,1992.0,M240J5521992
6053,5483,44688,michael,jimenez,1992.0,M240J5521992,44688,michael,jimenez,1992.0,M240J5521992
6058,6057,51037,sergio,walls,1983.0,S620W4201983,51037,sergio,walls,1983.0,S620W4201983
6059,6057,51037,sergio,walls,1983.0,S620W4201983,51037,sergio,walls,1983.0,S620W4201983
6059,6058,51037,sergio,walls,1983.0,S620W4201983,51037,sergio,walls,1983.0,S620W4201983
6091,6090,52616,james,woodfork,2059.0,J520W3162059,52616,james,woodfork,2059.0,J520W3162059
6094,6093,52588,dennis,davis,1975.0,D520D1201975,52588,dennis,davis,1975.0,D520D1201975
6118,6117,8187,jeremy,daniel,1989.0,J650D5401989,8187,jeremy,daniel,1989.0,J650D5401989
6119,6117,8187,jeremy,daniel,1989.0,J650D5401989,8187,jeremy,daniel,1989.0,J650D5401989
6119,6118,8187,jeremy,daniel,1989.0,J650D5401989,8187,jeremy,daniel,1989.0,J650D5401989
6125,6123,52620,michael,lowe,1991.0,M240L0001991,52620,michael,lowe,1991.0,M240L0001991
6143,6141,52645,arlene,torres,1980.0,A645T6201980,52645,arlene,torres,1980.0,A645T6201980
6148,6147,52619,anthony,walters,2063.0,A535W4362063,52619,anthony,walters,2063.0,A535W4362063
6154,6153,10749,kevin,brown,2049.0,K150B6502049,10749,kevin,brown,2049.0,K150B6502049
6185,6184,41633,tyler,anderson,1994.0,T460A5361994,41633,tyler,anderson,1994.0,T460A5361994
6205,6204,52622,kyle,rivera,1994.0,K400R1601994,52622,kyle,rivera,1994.0,K400R1601994
6215,6214,52646,brandon,wilson,1994.0,B653W4251994,52646,brandon,wilson,1994.0,B653W4251994
6224,6222,52655,adelmis,dearmas,2072.0,A345D6522072,52655,adelmis,dearmas,2072.0,A345D6522072
6232,6231,52651,hasani,boothe,1981.0,H250B3001981,52651,hasani,boothe,1981.0,H250B3001981
6233,6231,52651,hasani,boothe,1981.0,H250B3001981,52651,hasani,boothe,1981.0,H250B3001981
6233,6232,52651,hasani,boothe,1981.0,H250B3001981,52651,hasani,boothe,1981.0,H250B3001981
6235,1803,51321,tupac,fairclough,1994.0,T120F6241994,51321,tupac,fairclough,1994.0,T120F6241994
6235,1805,51321,tupac,fairclough,1994.0,T120F6241994,51321,tupac,fairclough,1994.0,T120F6241994
6236,1803,51321,tupac,fairclough,1994.0,T120F6241994,51321,tupac,fairclough,1994.0,T120F6241994
6236,1805,51321,tupac,fairclough,1994.0,T120F6241994,51321,tupac,fairclough,1994.0,T120F6241994
6236,6235,51321,tupac,fairclough,1994.0,T120F6241994,51321,tupac,fairclough,1994.0,T120F6241994
6272,6271,52662,bernard,phillips,1993.0,B656P4121993,52662,bernard,phillips,1993.0,B656P4121993
6283,6282,52684,christopher,drucker,1988.0,C623D6261988,52684,christopher,drucker,1988.0,C623D6261988
6289,6288,52682,melek,rodney,1980.0,M420R3501980,52682,melek,rodney,1980.0,M420R3501980
6293,6291,52694,mauricio,pradera,1981.0,M620P6361981,52694,mauricio,pradera,1981.0,M620P6361981
6295,6294,52681,michael,bartholomew,1992.0,M240B6341992,52681,michael,bartholomew,1992.0,M240B6341992
6296,6294,52681,michael,bartholomew,1992.0,M240B6341992,52681,michael,bartholomew,1992.0,M240B6341992
6296,6295,52681,michael,bartholomew,1992.0,M240B6341992,52681,michael,bartholomew,1992.0,M240B6341992
6301,6300,52664,jerriann,harris,1987.0,J650H6201987,52664,jerriann,harris,1987.0,J650H6201987
6310,6309,52665,benjamin,montes,2061.0,B525M5322061,52665,benjamin,montes,2061.0,B525M5322061
6316,6315,52691,ravi,singh,1987.0,R100S5201987,52691,ravi,singh,1987.0,R100S5201987
6323,6322,52702,susan,caple,2066.0,S250C1402066,52702,susan,caple,2066.0,S250C1402066
6343,6342,52674,richard,canovaca,1985.0,R263C5121985,52674,richard,canovaca,1985.0,R263C5121985
6350,6348,1393,john,walsh,2067.0,J500W4202067,1393,john,walsh,2067.0,J500W4202067
6364,6363,52697,lisa,santoro-davis,2065.0,L200S5362065,52697,lisa,santoro-davis,2065.0,L200S5362065
6365,6363,52697,lisa,santoro-davis,2065.0,L200S5362065,52697,lisa,santoro-davis,2065.0,L200S5362065
6365,6364,52697,lisa,santoro-davis,2065.0,L200S5362065,52697,lisa,santoro-davis,2065.0,L200S5362065
6366,5583,52467,mercedes,richardson,1990.0,M623R2631990,52467,mercedes,richardson,1990.0,M623R2631990
6366,5584,52467,mercedes,richardson,1990.0,M623R2631990,52467,mercedes,richardson,1990.0,M623R2631990
6367,5583,52467,mercedes,richardson,1990.0,M623R2631990,52467,mercedes,richardson,1990.0,M623R2631990
6367,5584,52467,mercedes,richardson,1990.0,M623R2631990,52467,mercedes,richardson,1990.0,M623R2631990
6367,6366,52467,mercedes,richardson,1990.0,M623R2631990,52467,mercedes,richardson,1990.0,M623R2631990
6368,5583,52467,mercedes,richardson,1990.0,M623R2631990,52467,mercedes,richardson,1990.0,M623R2631990
6368,5584,52467,mercedes,richardson,1990.0,M623R2631990,52467,mercedes,richardson,1990.0,M623R2631990
6368,6366,52467,mercedes,richardson,1990.0,M623R2631990,52467,mercedes,richardson,1990.0,M623R2631990
6368,6367,52467,mercedes,richardson,1990.0,M623R2631990,52467,mercedes,richardson,1990.0,M623R2631990
6376,6375,26857,kenneth,warren,1982.0,K530W6501982,26857,kenneth,warren,1982.0,K530W6501982
6385,6384,45465,chrcstopcoc,augustinparks,1992.0,C623A2231992,45465,christopher,augustinparks,1992.0,C623A2231992
6386,6384,45465,christopher,augustinparks,1992.0,C623A2231992,45465,christopher,augustinparks,1992.0,C623A2231992
6386,6385,45465,christopher,augustinparks,1992.0,C623A2231992,45465,chrcstopcoc,augustinparks,1992.0,C623A2231992
6407,6406,52696,andrew,jones,1975.0,A536J5201975,52696,andrew,jones,1975.0,A536J5201975
6428,6427,45929,hancy,laundy,1993.0,H520L5301993,45929,hancy,laundy,1993.0,H520L5301993
6464,6463,52711,terry,hutchins,1982.0,T600H3251982,52711,terry,hutchins,1982.0,T600H3251982
6467,6466,40964,jose,amayamolina,2070.0,J200A5542070,40964,jose,amayamolina,2070.0,J200A5542070
6490,6489,52703,zackary,salamone,1993.0,Z260S4551993,52703,zackary,salamone,1993.0,Z260S4551993
6503,6502,52728,minnie,kirksey,2052.0,M500K6202052,52728,minnie,kirksey,2052.0,M500K6202052
6504,5262,52415,michael,hammonds,1994.0,M240H5531994,52415,michael,hammonds,1994.0,M240H5531994
6504,5263,52415,michael,hammonds,1994.0,M240H5531994,52415,michael,hammonds,1994.0,M240H5531994
6504,5264,52415,michael,hammonds,1994.0,M240H5531994,52415,michael,hammonds,1994.0,M240H5531994
6505,5262,52415,michael,hammonds,1994.0,M240H5531994,52415,michael,hammonds,1994.0,M240H5531994
6505,5263,52415,michael,hammonds,1994.0,M240H5531994,52415,michael,hammonds,1994.0,M240H5531994
6505,5264,52415,michael,hammonds,1994.0,M240H5531994,52415,michael,hammonds,1994.0,M240H5531994
6505,6504,52415,michael,hammonds,1994.0,M240H5531994,52415,michael,hammonds,1994.0,M240H5531994
6508,6507,50735,clarence,paulk,2014.0,C465P4202014,50735,clarence,paulk,2014.0,C465P4202014
6517,6516,52734,andrew,deabenderfer,1989.0,A536D1531989,52734,andrew,deabenderfer,1989.0,A536D1531989
6527,6525,52766,luis,maldonadoadozayas,1982.0,L200M4351982,52766,luis,maldonadoadozayas,1982.0,L200M4351982
6533,6531,52750,carballo,olazabal,1984.0,C614O4211984,52750,carballo,olazabal,1984.0,C614O4211984
6565,6564,52755,paul,mcjobrscn,1990.0,P400M2161990,52755,paul,mcpherson,1990.0,P400M2161990
6614,6612,52743,jorge,fernandez,1990.0,J620F6551990,52743,jorge,fernandez,1990.0,J620F6551990
6617,6615,52761,sheveal,beasley,2066.0,S140B2402066,52761,sheveal,beasley,2066.0,S140B2402066
6673,6672,52791,minsoo,park,1990.0,M520P6201990,52791,minsoo,park,1990.0,M520P6201990
6677,6676,49848,neville,henry,1992.0,N140H5601992,49848,neville,henry,1992.0,N140H5601992
6707,6705,52782,daniel,lavate,2066.0,D540L1302066,52782,daniel,lavate,2066.0,D540L1302066
6751,6750,52771,rakesh,davis,1994.0,R220D1201994,52771,rakesh,davis,1994.0,R220D1201994
6773,6771,52776,jeffery,curry,1995.0,J160C6001995,52776,jeffery,curry,1995.0,J160C6001995
6782,6780,36993,mikey,mombranche,1990.0,M200M5161990,36993,mikey,mombranche,1990.0,M200M5161990
6793,6792,52815,phillip,hunt,2062.0,P410H5302062,52815,phillip,hunt,2062.0,P410H5302062
6806,6805,52813,amarildo,deoliveira,2067.0,A564D4162067,52813,amarildo,deoliveira,2067.0,A564D4162067
6815,6814,52816,desiree,hazen,1988.0,D260H2501988,52816,desiree,hazen,1988.0,D260H2501988
6817,4181,41847,chandler,tarquino,1989.0,C534T6251989,41847,chandler,tarquino,1989.0,C534T6251989
6830,6828,52819,michael,andrews,2069.0,M240A5362069,52819,michael,andrews,2069.0,M240A5362069
6863,6862,52830,alphonse,mills,1975.0,A415M4201975,52830,alphonse,mills,1975.0,A415M4201975
6886,6885,7874,kenneth,mcminn,2064.0,K530M2552064,7874,kenneth,mcminn,2064.0,K530M2552064
6887,6885,7874,kenneth,mcminn,2064.0,K530M2552064,7874,kenneth,mcminn,2064.0,K530M2552064
6887,6886,7874,kenneth,mcminn,2064.0,K530M2552064,7874,kenneth,mcminn,2064.0,K530M2552064
6923,6922,12700,jeffery,johnson,2065.0,J160J5252065,12700,jeffery,johnson,2065.0,J160J5252065
6964,6963,29068,waldo,ford,2062.0,W430F6302062,29068,waldo,ford,2062.0,W430F6302062
6965,6963,29068,waldo,ford,2062.0,W430F6302062,29068,waldo,ford,2062.0,W430F6302062
6965,6964,29068,waldo,ford,2062.0,W430F6302062,29068,waldo,ford,2062.0,W430F6302062
6971,6969,52884,veronique,michel,2074.0,V652M2402074,52884,veronique,michel,2074.0,V652M2402074
6986,6984,52862,brian,vasquez,1982.0,B650V2201982,52862,brian,vasquez,1982.0,B650V2201982
6991,6990,52876,martin,chauncey,2064.0,M635C5202064,52876,martin,chauncey,2064.0,M635C5202064
6992,6990,52876,martin,chauncey,2064.0,M635C5202064,52876,martin,chauncey,2064.0,M635C5202064
6992,6991,52876,martin,chauncey,2064.0,M635C5202064,52876,martin,chauncey,2064.0,M635C5202064
7015,695,51042,ebony,taylor,1987.0,E150T4601987,51042,ebony,taylor,1987.0,E150T4601987
7016,693,51042,ebony,taylor,1989.0,E150T4601989,51042,ebony,taylor,1989.0,E150T4601989
7027,7026,19692,lakia,davis,1987.0,L200D1201987,19692,lakia,davis,1987.0,L200D1201987
7034,7033,52872,juan,oliver,2059.0,J500O4162059,52872,juan,oliver,2059.0,J500O4162059
7058,7056,19579,chad,baker,1987.0,C300B2601987,19579,chad,baker,1987.0,C300B2601987
7067,7065,52873,cony,bonilla,1991.0,C500B5401991,52873,cony,bonilla,1991.0,C500B5401991
7070,7069,52902,edwin,mtei,1981.0,E350M3001981,52902,edwin,mtei,1981.0,E350M3001981
7121,7120,52895,elvis,bryan,1981.0,E412B6501981,52895,elvis,bryan,1981.0,E412B6501981
7151,7149,52901,gary,kirkland,1993.0,G600K6241993,52901,gary,kirkland,1993.0,G600K6241993
7157,7155,52893,branden,tyler,1989.0,B653T4601989,52893,branden,tyler,1989.0,B653T4601989
7164,7107,15644,chavon,grant,1990.0,C150G6531990,15644,chavon,grant,1990.0,C150G6531990
7166,7107,15644,chavon,grant,1990.0,C150G6531990,15644,chavon,grant,1990.0,C150G6531990
7166,7164,15644,chavon,grant,1990.0,C150G6531990,15644,chavon,grant,1990.0,C150G6531990
7181,7179,52908,nashley,adelphon,1993.0,N240A3411993,52908,nashley,adelphon,1993.0,N240A3411993
7187,7185,52921,alba,orta,1994.0,A410O6301994,52921,alba,orta,1994.0,A410O6301994
7198,7197,52905,felix,manzueta,1990.0,F420M5231990,52905,felix,manzueta,1990.0,F420M5231990
7199,7197,52905,felix,manzueta,1990.0,F420M5231990,52905,felix,manzueta,1990.0,F420M5231990
7199,7198,52905,felix,manzueta,1990.0,F420M5231990,52905,felix,manzueta,1990.0,F420M5231990
7202,7201,52931,leonard,brooks,2061.0,L563B6202061,52931,leonard,brooks,2061.0,L563B6202061
7205,7203,52969,bernard,crenshaw,2067.0,B656C6522067,52969,bernard,crenshaw,2067.0,B656C6522067
7216,7215,52964,stacey,oliphat,1977.0,S320O4131977,52964,stacey,oliphat,1977.0,S320O4131977
7217,7215,52964,stacey,oliphat,1977.0,S320O4131977,52964,stacey,oliphat,1977.0,S320O4131977
7217,7216,52964,stacey,oliphat,1977.0,S320O4131977,52964,stacey,oliphat,1977.0,S320O4131977
7313,7311,52946,sergio,santibanez-cruz,1990.0,S620S5311990,52946,sergio,scntfbauez-criz,1990.0,S620S5311990
7319,7318,52967,kendal,irvin,1988.0,K534I6151988,52967,kendal,irvin,1988.0,K534I6151988
7322,7320,52941,arthur,pierce,2046.0,A636P6202046,52941,arthur,pierce,2046.0,A636P6202046
7343,7341,52984,jorge,valenzuela,1985.0,J620V4521985,52984,jorge,valenzuela,1985.0,J620V4521985
7360,7359,52980,kelvin,edwards,1992.0,K415E3631992,52980,kelvin,edwards,1992.0,K415E3631992
7379,7378,52975,christopher,denis,1991.0,C623D5201991,52975,christopher,denis,1991.0,C623D5201991
7400,7399,52976,terrance,anderson,1983.0,T652A5361983,52976,terrance,anderson,1983.0,T652A5361983
7403,7401,50308,kadeem,wilson,1991.0,K350W4251991,50308,kadeem,wilson,1991.0,K350W4251991
7415,7414,37521,louis,artiga,1982.0,L200A6321982,37521,louis,artiga,1982.0,L200A6321982
7421,7420,53001,anthony,smith,2064.0,A535S5302064,53001,anthony,smith,2064.0,A535S5302064
7423,7422,53010,trevant,taylor,1992.0,T615T4601992,53010,trevant,taylor,1992.0,T615T4601992
7424,7422,53010,trevant,taylor,1992.0,T615T4601992,53010,trevant,taylor,1992.0,T615T4601992
7424,7423,53010,trevant,taylor,1992.0,T615T4601992,53010,trevant,taylor,1992.0,T615T4601992
7448,7446,53004,issac,tisdale,1987.0,I220T2341987,53004,issac,tisdale,1987.0,I220T2341987
7478,7476,53000,kevin,pazgarcia,1993.0,K150P2621993,53000,kevin,pazgarcia,1993.0,K150P2621993
7487,6406,53016,andre,jnocjsou,1975.0,A536J5201975,52696,andrew,jones,1975.0,A536J5201975
7487,6407,53016,andre,jnocjsou,1975.0,A536J5201975,52696,andrew,jones,1975.0,A536J5201975
7501,1822,51324,carl,toussaint,1983.0,C640T2531983,51324,carl,toussaint,1983.0,C640T2531983
7513,4740,52238,kristine,fialkowsky,1993.0,K623F4221993,52238,kristine,fialkowsky,1993.0,K623F4221993
7513,4741,52238,kristine,fialkowsky,1993.0,K623F4221993,52238,kristine,fialkowsky,1993.0,K623F4221993
7549,7548,53025,korim,comesana,2073.0,K650C5252073,53025,korim,comesana,2073.0,K650C5252073
7559,7557,53034,cynthia,carrasco,2072.0,C530C6202072,53034,cynthia,carrasco,2072.0,C530C6202072
7562,7560,27121,mason,lopez,1990.0,M250L1201990,27121,mason,lafgz,1990.0,M250L1201990
7563,3529,51845,roger,raysor,2065.0,R260R2602065,51845,roger,raysor,2065.0,R260R2602065
7563,3530,51845,roger,raysor,2065.0,R260R2602065,51845,roger,raysor,2065.0,R260R2602065
7564,3529,51845,roger,raysor,2065.0,R260R2602065,51845,roger,raysor,2065.0,R260R2602065
7564,3530,51845,roger,raysor,2065.0,R260R2602065,51845,roger,raysor,2065.0,R260R2602065
7564,7563,51845,roger,raysor,2065.0,R260R2602065,51845,roger,raysor,2065.0,R260R2602065
7592,7590,2986,shaun,mcclain,1989.0,S500M2451989,2986,shaun,mcclain,1989.0,S500M2451989
7604,7602,53036,roscoe,singletary,1982.0,R200S5241982,53036,roscoe,singletary,1982.0,R200S5241982
7619,7617,53056,richard,kemp,2057.0,R263K5102057,53056,richard,kemp,2057.0,R263K5102057
7654,7653,53045,brent,jardine,2066.0,B653J6352066,53045,brent,jardine,2066.0,B653J6352066
7655,7653,53045,brent,jardine,2066.0,B653J6352066,53045,brent,jardine,2066.0,B653J6352066
7655,7654,53045,brent,jardine,2066.0,B653J6352066,53045,brent,jardine,2066.0,B653J6352066
7667,7665,53050,roderick,griffin,1984.0,R362G6151984,53050,roderick,griffin,1984.0,R362G6151984
7681,7680,53042,donovan,elliott,2067.0,D515E4302067,53042,donovan,elliott,2067.0,D515E4302067
7685,7683,53047,charles,rogers,2054.0,C642R2622054,53047,charles,rogers,2054.0,C642R2622054
7694,7692,52512,yolanda,smith,2060.0,Y453S5302060,52512,yolanda,smith,2060.0,Y453S5302060
7723,7722,43420,stephen,brown,2064.0,S315B6502064,43420,stephen,brown,2064.0,S315B6502064
7727,7726,11191,scott,sawyer,1990.0,S300S6001990,11191,scott,sawyer,1990.0,S300S6001990
7738,7737,53090,jose,flores,1975.0,J200F4621975,53090,jose,flores,1975.0,J200F4621975
7742,7741,15935,jesse,raya,2057.0,J200R0002057,15935,jesse,raya,2057.0,J200R0002057
7747,7746,53116,juan,giron,2064.0,J500G6502064,53116,juan,giron,2064.0,J500G6502064
7754,7752,42424,daniel,beedle,1989.0,D540B3401989,42424,daniel,beedle,1989.0,D540B3401989
7760,5354,52410,erik,bernier,1975.0,E620B6561975,52410,erik,bernier,1975.0,E620B6561975
7766,7765,40950,polly,gibson,2066.0,P400G1252066,40950,polly,gibson,2066.0,P400G1252066
7804,7803,53087,renee,monroe,2069.0,R500M5602069,53087,renee,monroe,2069.0,R500M5602069
7832,7831,23755,karl,saldana,2059.0,K640S4352059,23755,karl,saldana,2059.0,K640S4352059
7840,7839,53104,david,aldridge,2065.0,D130A4362065,53104,david,aldridge,2065.0,D130A4362065
7841,7839,53104,david,aldridge,2065.0,D130A4362065,53104,david,aldridge,2065.0,D130A4362065
7841,7840,53104,david,aldridge,2065.0,D130A4362065,53104,david,aldridge,2065.0,D130A4362065
7853,7852,41908,james,flintroy,2066.0,J520F4532066,41908,james,flintroy,2066.0,J520F4532066
7865,7864,53106,kurt,fowks,1990.0,K630F2001990,53106,kurt,fowks,1990.0,K630F2001990
7866,5511,52454,ansse,contstant,1982.0,A520C5321982,52454,ansse,contstant,1982.0,A520C5321982
7868,5511,52454,ansse,contstant,1982.0,A520C5321982,52454,ansse,contstant,1982.0,A520C5321982
7868,7866,52454,ansse,contstant,1982.0,A520C5321982,52454,ansse,contstant,1982.0,A520C5321982
7876,7875,53144,christina,deluca,1986.0,C623D4201986,53144,christina,deluca,1986.0,C623D4201986
7904,7903,53165,christopher,fisher,2063.0,C623F2602063,53165,christopher,fisher,2063.0,C623F2602063
7912,7911,29210,kevin,mohorn,1989.0,K150M6501989,29210,kevin,mohorn,1989.0,K150M6501989
7925,7923,53137,jon,fried,2054.0,J500F6302054,53137,jon,fried,2054.0,J500F6302054
7942,7941,53124,nick,maniscalso,2065.0,N200M5242065,53124,nick,maniscalso,2065.0,N200M5242065
7954,7953,53134,dontay,lubin,1990.0,D530L1501990,53134,dontay,lubin,1990.0,D530L1501990
7955,7953,53134,dontay,lubin,1990.0,D530L1501990,53134,dontay,lubin,1990.0,D530L1501990
7955,7954,53134,dontay,lubin,1990.0,D530L1501990,53134,dontay,lubin,1990.0,D530L1501990
7961,7959,53128,alens,joseph,2074.0,A452J2102074,53128,alens,joseph,2074.0,A452J2102074
7990,7989,53149,malcolm,austin,2068.0,M424A2352068,53149,malcolm,austin,2068.0,M424A2352068
7994,7993,53160,ariese,bernard,1994.0,A620B6561994,53160,ariese,bernard,1994.0,A620B6561994
7997,7995,53156,evans,louis,1982.0,E152L2001982,53156,evans,louis,1982.0,E152L2001982
8014,8013,53119,ryan,shields,1991.0,R500S4321991,53119,ryan,shields,1991.0,R500S4321991
8056,8055,53197,alvin,young,2062.0,A415Y5202062,53197,alvin,young,2062.0,A415Y5202062
8057,8055,53197,alvin,young,2062.0,A415Y5202062,53197,alvin,young,2062.0,A415Y5202062
8057,8056,53197,alvin,young,2062.0,A415Y5202062,53197,alvin,young,2062.0,A415Y5202062
8065,8064,53171,dino,salerno,2064.0,D500S4652064,53171,dino,salerno,2064.0,D500S4652064
8066,8064,53171,dino,salerno,2064.0,D500S4652064,53171,dino,salerno,2064.0,D500S4652064
8066,8065,53171,dino,salerno,2064.0,D500S4652064,53171,dino,salerno,2064.0,D500S4652064
8090,8088,44912,ralph,wahrmann,2070.0,R410W6552070,44912,ralph,wahrmann,2070.0,R410W6552070
8093,30,50843,michael,davis,1993.0,M240D1201993,50843,michael,davis,1993.0,M240D1201993
8093,31,50843,michael,davis,1993.0,M240D1201993,50843,michael,davis,1993.0,M240D1201993
8093,32,50843,michael,davis,1993.0,M240D1201993,50843,michael,davis,1993.0,M240D1201993
8095,8094,48274,nicholas,vedder,1991.0,N242V3601991,48274,nicholas,vedder,1991.0,N242V3601991
8096,8094,48274,nicholas,vedder,1991.0,N242V3601991,48274,nicholas,vedder,1991.0,N242V3601991
8096,8095,48274,nicholas,vedder,1991.0,N242V3601991,48274,nicholas,vedder,1991.0,N242V3601991
8123,8122,53180,dakota,gregory,1995.0,D230G6261995,53180,dakota,gregory,1995.0,D230G6261995
8126,8125,36456,anothony,jones,1993.0,A535J5201993,36456,anothony,jones,1993.0,A535J5201993
8150,8149,53193,christopher,mcewan,1988.0,C623M2501988,53193,christopher,mcewan,1988.0,C623M2501988
8159,8158,53208,sergio,silvaurresti,1991.0,S620S4161991,53208,sergio,silvaurresti,1991.0,S620S4161991
8161,8160,53212,anthony,jackson,1991.0,A535J2501991,53212,anthony,jackson,1991.0,A535J2501991
8176,8175,53189,gary,fears,2046.0,G600F6202046,53189,gary,fears,2046.0,G600F6202046
8213,8211,53204,clint,duperry,2073.0,C453D1602073,53204,clint,duperry,2073.0,C453D1602073
8219,8218,53199,atlantis,steenson,1994.0,A345S3521994,53199,atlantis,steenson,1994.0,A345S3521994
8224,8223,53210,alicia,gibboney,2073.0,A420G1502073,53210,alicia,gibboney,2073.0,A420G1502073
8236,8235,36618,andrew,taylor,2071.0,A536T4602071,36618,andrew,taylor,2071.0,A536T4602071
8237,8235,36618,andrew,taylor,2071.0,A536T4602071,36618,andrew,taylor,2071.0,A536T4602071
8237,8236,36618,andrew,taylor,2071.0,A536T4602071,36618,andrew,taylor,2071.0,A536T4602071
8239,8238,53253,ivan,tahulian,1984.0,I150T4501984,53253,ivan,tahulian,1984.0,I150T4501984
8249,8247,53234,terrence,baker,2072.0,T652B2602072,53234,terrence,baker,2072.0,T652B2602072
8252,8250,53237,tony,benjamine,2074.0,T500B5252074,53237,tony,benjamine,2074.0,T500B5252074
8261,8260,53222,bernard,duncan,2067.0,B656D5252067,53222,bernard,duncan,2067.0,B656D5252067
8263,8262,53231,nadege,fixalant,1991.0,N320F2451991,53231,nadege,fixalant,1991.0,N320F2451991
8272,8271,53227,christopher,rhodes,1989.0,C623R3201989,53227,christopher,rhodes,1989.0,C623R3201989
8285,8283,53233,marilyn,cuello,1986.0,M645C4001986,53233,marilyn,cuello,1986.0,M645C4001986
8314,7642,53248,stefan,stfxadh,1992.0,S315S3121992,53070,stefan,stopzemyon,1992.0,S315S3121992
8317,8316,53249,martha,schupe,2055.0,M630S1002055,53249,martha,schupe,2055.0,M630S1002055
8327,8325,53236,omar,dean,2074.0,O560D5002074,53236,omar,dean,2074.0,O560D5002074
8335,8334,53241,rodney,mccray,2067.0,R350M2602067,53241,rodney,mccray,2067.0,R350M2602067
8345,8343,50242,anthony,hunt,1993.0,A535H5301993,50242,anthony,hunt,1993.0,A535H5301993
8381,8379,3580,michael,gonzalez,1989.0,M240G5241989,3580,michael,gonzalez,1989.0,M240G5241989
8396,8394,53267,jessie,davis,1985.0,J200D1201985,53267,jessie,davis,1985.0,J200D1201985
8398,8397,53264,william,owens,1975.0,W450O5201975,53264,william,owens,1975.0,W450O5201975
8441,8440,53286,eric,conser,2064.0,E620C5262064,53286,eric,conser,2064.0,E620C5262064
8473,8472,53283,marialys,hollmann,1992.0,M642H4551992,53283,marialys,hollmann,1992.0,M642H4551992
8477,8475,53294,james,brantley,1983.0,J520B6531983,53294,james,brantley,1983.0,J520B6531983
8515,8514,53323,carlos,gonzalez cruz,1975.0,C642G5241975,53323,carlos,gonzalez cruz,1975.0,C642G5241975
8516,8514,53323,carlos,gonzalez cruz,1975.0,C642G5241975,53323,carlos,gonzalez cruz,1975.0,C642G5241975
8516,8515,53323,carlos,gonzalez cruz,1975.0,C642G5241975,53323,carlos,gonzalez cruz,1975.0,C642G5241975
8518,8517,53328,ulysses,souto,2056.0,U422S3002056,53328,ulysses,souto,2056.0,U422S3002056
8527,8526,53318,nelson,ponz,2074.0,N425P5202074,53318,nelson,ponz,2074.0,N425P5202074
8533,8532,31948,ford,charlier,1989.0,F630C6461989,31948,ford,charlier,1989.0,F630C6461989
8540,8538,42183,rachel,maxielee,2060.0,R240M2402060,42183,rachel,maxielee,2060.0,R240M2402060
8563,8562,53308,wendy,martinez,1977.0,W530M6351977,53308,wendy,martinez,1977.0,W530M6351977
8569,8568,53333,brandon,brooks,1985.0,B653B6201985,53333,brandon,brooks,1985.0,B653B6201985
8593,8592,53319,evelyn,rivera,2064.0,E145R1602064,53319,evelyn,rivera,2064.0,E145R1602064
8594,8592,53319,evelyn,rivera,2064.0,E145R1602064,53319,evelyn,rivera,2064.0,E145R1602064
8594,8593,53319,evelyn,rivera,2064.0,E145R1602064,53319,evelyn,rivera,2064.0,E145R1602064
8608,8607,53303,william,warrington,2056.0,W450W6522056,53303,william,warrington,2056.0,W450W6522056
8630,8629,53361,linda,deluca,2052.0,L530D4202052,53361,linda,deluca,2052.0,L530D4202052
8635,8634,53345,frank,gadman,2073.0,F652G3552073,53345,frank,gadman,2073.0,F652G3552073
8659,6929,52848,anthony,petersen,1992.0,A535P3621992,52848,anthony,petersen,1992.0,A535P3621992
8675,8673,53350,alberto,manzano,2047.0,A416M5252047,53350,alberto,manzano,2047.0,A416M5252047
8690,8689,18210,anthony,bass,2054.0,A535B2002054,18210,anthony,bass,2054.0,A535B2002054
8702,6214,52646,brandon,wilson,1994.0,B653W4251994,52646,brandon,wilson,1994.0,B653W4251994
8702,6215,52646,brandon,wilson,1994.0,B653W4251994,52646,brandon,wilson,1994.0,B653W4251994
8732,8731,45354,jason,smith,1985.0,J250S5301985,45354,jason,smith,1985.0,J250S5301985
8743,8742,53366,isaac,wright,1985.0,I220W6231985,53366,isaac,wright,1985.0,I220W6231985
8759,8758,38396,claudel,duperier,1986.0,C434D1661986,38396,claudel,duperier,1986.0,C434D1661986
8761,8760,52867,kyle,kane,1989.0,K400K5001989,52867,kyle,kane,1989.0,K400K5001989
8762,8760,52867,kyle,kane,1989.0,K400K5001989,52867,kyle,kane,1989.0,K400K5001989
8762,8761,52867,kyle,kane,1989.0,K400K5001989,52867,kyle,kane,1989.0,K400K5001989
8769,4031,1918,john,obrien,1977.0,J500O1651977,1918,john,obrien,1977.0,J500O1651977
8776,8775,29445,rafaela,bergamini,1987.0,R140B6251987,29445,rafaela,birgimswi,1987.0,R140B6251987
8815,3823,5512,ephrain,caneus,1982.0,E165C5201982,5512,ephrain,caneus,1982.0,E165C5201982
8821,8820,47035,eveno,legros,1988.0,E150L2621988,47035,eveno,legros,1988.0,E150L2621988
8827,8826,53377,yuri,cancinos,2067.0,Y600C5252067,53377,yuri,cancinos,2067.0,Y600C5252067
8828,8826,53377,yuri,cancinos,2067.0,Y600C5252067,53377,yuri,cancinos,2067.0,Y600C5252067
8828,8827,53377,yuri,cancinos,2067.0,Y600C5252067,53377,yuri,cancinos,2067.0,Y600C5252067
8834,8833,37158,jermaine,west,1975.0,J655W2301975,37158,jermaine,west,1975.0,J655W2301975
8839,8838,45460,james,mayfield,2051.0,J520M1432051,45460,james,mayfield,2051.0,J520M1432051
8842,8841,10274,jimmy,neely,1990.0,J500N4001990,10274,jimmy,neely,1990.0,J500N4001990
8843,8841,10274,jimmy,neely,1990.0,J500N4001990,10274,jimmy,neely,1990.0,J500N4001990
8843,8842,10274,jimmy,neely,1990.0,J500N4001990,10274,jimmy,neely,1990.0,J500N4001990
8861,8860,53399,rashidi,lee,1977.0,R230L0001977,53399,rashidi,lee,1977.0,R230L0001977
8890,8889,2861,kiplyn,hibbert,1980.0,K145H1631980,2861,kiplyn,hibbert,1980.0,K145H1631980
8912,8911,53393,jeremy,pelehowski,1985.0,J650P4201985,53393,jeremy,pelehowski,1985.0,J650P4201985
8920,8919,53395,brandon,williams,1990.0,B653W4521990,53395,brandon,williams,1990.0,B653W4521990
8924,8922,53396,glasford,prehay,2056.0,G421P6002056,53396,glasford,prehay,2056.0,G421P6002056
8938,8937,53506,dwayne,hill,1975.0,D500H4001975,53506,dwayne,hill,1975.0,D500H4001975
8954,8953,53388,david,guitar,2066.0,D130G3602066,53388,david,guitar,2066.0,D130G3602066
8983,8982,27710,baretta,butler,1981.0,B630B3461981,27710,baretta,butler,1981.0,B630B3461981
8984,8982,27710,baretta,butler,1981.0,B630B3461981,27710,baretta,butler,1981.0,B630B3461981
8984,8983,27710,baretta,butler,1981.0,B630B3461981,27710,baretta,butler,1981.0,B630B3461981
8987,8985,32809,brittani,vxuyy,1993.0,B635V2001993,32809,brittani,vzgjq,1993.0,B635V2001993
8996,8995,53422,john,edward,1984.0,J500E3631984,53422,john,edward,1984.0,J500E3631984
9007,2016,53431,alan,cross,2066.0,A450C6202066,51408,allan,cross,2066.0,A450C6202066
9007,2017,53431,alan,cross,2066.0,A450C6202066,51408,allan,cross,2066.0,A450C6202066
9007,2018,53431,alan,cross,2066.0,A450C6202066,51408,allan,cross,2066.0,A450C6202066
9055,9054,53447,andre,jones,1994.0,A536J5201994,53447,andre,jones,1994.0,A536J5201994
9056,9054,53447,andre,jones,1994.0,A536J5201994,53447,andre,jones,1994.0,A536J5201994
9056,9055,53447,andre,jones,1994.0,A536J5201994,53447,andre,jones,1994.0,A536J5201994
9057,1110,18382,alejandro,adan,1986.0,A425A3501986,18382,alejandro,adan,1986.0,A425A3501986
9058,1110,18382,alejandro,adan,1986.0,A425A3501986,18382,alejandro,adan,1986.0,A425A3501986
9058,9057,18382,alejandro,adan,1986.0,A425A3501986,18382,alejandro,adan,1986.0,A425A3501986
9061,9060,53441,georbel,gonzalez-rodriguez,1987.0,G614G5241987,53441,georbel,gonzalez-rodriguez,1987.0,G614G5241987
9065,9063,53438,michael,accetta,1988.0,M240A2301988,53438,michael,accetta,1988.0,M240A2301988
9118,9117,53452,gairy,palmer,1977.0,G600P4561977,53452,gairy,palmer,1977.0,G600P4561977
9119,9117,53452,gairy,palmer,1977.0,G600P4561977,53452,gairy,palmer,1977.0,G600P4561977
9119,9118,53452,gairy,palmer,1977.0,G600P4561977,53452,gairy,palmer,1977.0,G600P4561977
9149,9147,53459,gregory,willey,2060.0,G626W4002060,53459,gregory,willey,2060.0,G626W4002060
9157,9156,53457,david,oconnell,1992.0,D130O2541992,53457,david,oconnell,1992.0,D130O2541992
9166,9165,53490,brian,williams,1975.0,B650W4521975,53490,brian,williams,1975.0,B650W4521975
9167,9165,53490,brian,williams,1975.0,B650W4521975,53490,brian,williams,1975.0,B650W4521975
9167,9166,53490,brian,williams,1975.0,B650W4521975,53490,brian,williams,1975.0,B650W4521975
9176,9175,53486,henry,rucker,2060.0,H560R2602060,53486,henry,rucker,2060.0,H560R2602060
9184,9183,53478,joe,sanders,1990.0,J000S5361990,53478,joe,sanders,1990.0,J000S5361990
9185,9183,53478,joe,sanders,1990.0,J000S5361990,53478,joe,sanders,1990.0,J000S5361990
9185,9184,53478,joe,sanders,1990.0,J000S5361990,53478,joe,sanders,1990.0,J000S5361990
9187,9186,19588,carlos,pastrana,1977.0,C642P2361977,19588,carlos,pastrana,1977.0,C642P2361977
9188,9186,19588,carlos,pastrana,1977.0,C642P2361977,19588,carlos,pastrana,1977.0,C642P2361977
9188,9187,19588,carlos,pastrana,1977.0,C642P2361977,19588,carlos,pastrana,1977.0,C642P2361977
9209,9208,4750,frederick,thomas,1990.0,F636T5201990,4750,frederick,thomas,1990.0,F636T5201990
9265,9264,37721,broderick,westbrook,1987.0,B636W2311987,37721,broderick,westbrook,1987.0,B636W2311987
9266,9264,37721,broderick,westbrook,1987.0,B636W2311987,37721,broderick,westbrook,1987.0,B636W2311987
9266,9265,37721,broderick,westbrook,1987.0,B636W2311987,37721,broderick,westbrook,1987.0,B636W2311987
9280,9279,29762,william,taylor,2068.0,W450T4602068,29762,william,taylor,2068.0,W450T4602068
9302,9301,53406,stevie,sheffield,2065.0,S310S1432065,53406,stevie,sheffield,2065.0,S310S1432065
9314,9313,53508,carolyn,weaver,2062.0,C645W1602062,53508,carolyn,weaver,2062.0,C645W1602062
9328,9327,53407,john,green,2068.0,J500G6502068,53407,john,green,2068.0,J500G6502068
9337,9336,53546,adam,suris,1984.0,A350S6201984,53546,adam,suris,1984.0,A350S6201984
9343,9342,53504,robert,monsignore,2062.0,R163M5222062,53504,robert,monsignore,2062.0,R163M5222062
9356,9355,8206,renard,mccloud,1985.0,R563M2431985,8206,renard,mccloud,1985.0,R563M2431985
9397,9396,53616,kristen,syvestre,1992.0,K623S1231992,53616,kristen,syvestre,1992.0,K623S1231992
9403,9402,53622,lucas,barbosa,1989.0,L220B6121989,53622,lucas,barbosa,1989.0,L220B6121989
9422,9421,53625,winston,elvie,1988.0,W523E4101988,53625,winston,elvie,1988.0,W523E4101988
9442,9441,43993,pedro,escardon,2056.0,P360E2632056,43993,pedro,escardon,2056.0,P360E2632056
9466,9465,53569,nathaniel,scarborough,2072.0,N354S6162072,53569,nathaniel,scarborough,2072.0,N354S6162072
9467,9465,53569,nathaniel,scarborough,2072.0,N354S6162072,53569,nathaniel,scarborough,2072.0,N354S6162072
9467,9466,53569,nathaniel,scarborough,2072.0,N354S6162072,53569,nathaniel,scarborough,2072.0,N354S6162072
9470,9468,53562,christopher,garth,1988.0,C623G6301988,53562,christopher,garth,1988.0,C623G6301988
9504,7026,19692,lakia,davis,1987.0,L200D1201987,19692,lakia,davis,1987.0,L200D1201987
9504,7027,19692,lakia,davis,1987.0,L200D1201987,19692,lakia,davis,1987.0,L200D1201987
9505,7026,19692,lakia,davis,1987.0,L200D1201987,19692,lakia,davis,1987.0,L200D1201987
9505,7027,19692,lakia,davis,1987.0,L200D1201987,19692,lakia,davis,1987.0,L200D1201987
9505,9504,19692,lakia,davis,1987.0,L200D1201987,19692,lakia,davis,1987.0,L200D1201987
9510,6860,39175,dwayne,palmore,1993.0,D500P4561993,39175,dwayne,palmore,1993.0,D500P4561993
9518,9516,49608,hayley,yolman,1992.0,H400Y4551992,49608,hayley,yolman,1992.0,H400Y4551992
9521,9519,53624,george,saintjean,2055.0,G620S5322055,53624,george,saintjean,2055.0,G620S5322055
9524,9408,12542,dennis,davey,1993.0,D520D1001993,12542,dennis,davey,1993.0,D520D1001993
9529,9528,53565,john,ballard,1986.0,J500B4631986,53565,john,ballard,1986.0,J500B4631986
9562,9561,43362,joshua,mcnair,1989.0,J200M2561989,43362,joshua,mcnair,1989.0,J200M2561989
9583,9582,53641,michael,guerra,1982.0,M240G6001982,53641,michael,guerra,1982.0,M240G6001982
9584,9582,53641,michael,guerra,1982.0,M240G6001982,53641,michael,guerra,1982.0,M240G6001982
9584,9583,53641,michael,guerra,1982.0,M240G6001982,53641,michael,guerra,1982.0,M240G6001982
9586,9585,20143,thadious,torres,1990.0,T320T6201990,20143,thadious,torres,1990.0,T320T6201990
9587,9585,20143,thadious,torres,1990.0,T320T6201990,20143,thadious,torres,1990.0,T320T6201990
9587,9586,20143,thadious,torres,1990.0,T320T6201990,20143,thadious,torres,1990.0,T320T6201990
9596,9595,53488,ashley,collins,1987.0,A240C4521987,53488,ashley,collins,1987.0,A240C4521987
9619,9618,53646,daniel,cavalanti,1989.0,D540C1451989,53646,daniel,cavalanti,1989.0,D540C1451989
9633,1602,28758,terrance,murphy,1978.0,T652M6101978,28758,terrance,murphy,1978.0,T652M6101978
9633,1604,28758,terrance,murphy,1978.0,T652M6101978,28758,terrance,murphy,1978.0,T652M6101978
9634,1602,28758,terrance,murphy,1978.0,T652M6101978,28758,terrance,murphy,1978.0,T652M6101978
9634,1604,28758,terrance,murphy,1978.0,T652M6101978,28758,terrance,murphy,1978.0,T652M6101978
9634,9633,28758,terrance,murphy,1978.0,T652M6101978,28758,terrance,murphy,1978.0,T652M6101978
9638,9636,53635,charles,hawkins,2062.0,C642H2522062,53635,charles,hawkins,2062.0,C642H2522062
9639,6546,35213,thomas,hansler,2066.0,T520H5242066,35213,thomas,hansler,2066.0,T520H5242066
9643,9642,53659,walter,hart,1994.0,W436H6301994,53659,walter,hart,1994.0,W436H6301994
9647,9646,44418,anthony,diaz,1983.0,A535D2001983,44418,anthony,diaz,1983.0,A535D2001983
9650,9649,53649,anthony,fasano,2050.0,A535F2502050,53649,anthony,fasano,2050.0,A535F2502050
9664,9663,53683,robert,perez robles,2068.0,R163P6262068,53683,robert,perez robles,2068.0,R163P6262068
9668,9667,53668,luis,quintero,2064.0,L200Q5362064,53668,luis,quintero,2064.0,L200Q5362064
9671,9670,53684,giovanna,rodriguez,2074.0,G150R3622074,53684,giovanna,rodriguez,2074.0,G150R3622074
9677,9675,53673,guignard,lejean,1980.0,G256L2501980,53673,guignard,lejean,1980.0,G256L2501980
9679,9678,53680,shona,norwood,2069.0,S500N6302069,53680,shona,norwood,2069.0,S500N6302069
9680,9678,53680,shona,norwood,2069.0,S500N6302069,53680,shona,norwood,2069.0,S500N6302069
9680,9679,53680,shona,norwood,2069.0,S500N6302069,53680,shona,norwood,2069.0,S500N6302069
9686,9685,53667,christopher,larmond,1987.0,C623L6551987,53667,christopher,larmond,1987.0,C623L6551987
9699,6444,52730,chrcstsphdq,kirwan,2069.0,C623K6502069,52730,christopher,kirwan,2069.0,C623K6502069
9701,6444,52730,christopher,kirwan,2069.0,C623K6502069,52730,christopher,kirwan,2069.0,C623K6502069
9701,9699,52730,christopher,kirwan,2069.0,C623K6502069,52730,chrcstsphdq,kirwan,2069.0,C623K6502069
9704,9703,53676,rudglofre,buttler,2074.0,R324B3462074,53676,radcliffe,buttler,2074.0,R324B3462074
9713,1929,53670,regina,ewing,2060.0,R250E5202060,51372,regina,ewing,2060.0,R250E5202060
9718,9717,42992,union,bethell,1981.0,U550B3401981,42992,union,bethell,1981.0,U550B3401981
9728,9727,45560,demetrius,johnson,1986.0,D536J5251986,45560,demetrius,johnson,1986.0,D536J5251986
9734,9732,33061,clarissa,jones,1986.0,C462J5201986,33061,clarissa,jones,1986.0,C462J5201986
9736,3100,51722,george,kleier,2069.0,G620K4602069,51722,george,kleier,2069.0,G620K4602069
9757,9756,42445,demarr,labordeaux,1987.0,D560L1631987,42445,demarr,labordeaux,1987.0,D560L1631987
9775,9774,49253,paret,baker,1992.0,P630B2601992,49253,paret,baker,1992.0,P630B2601992
9788,9786,20922,steven,coney,1989.0,S315C5001989,20922,steven,coney,1989.0,S315C5001989
9799,9798,53695,mikel,ervin,1992.0,M240E6151992,53695,mikel,ervin,1992.0,M240E6151992
9821,9820,53694,david,cuellar,1993.0,D130C4601993,53694,david,cuellar,1993.0,D130C4601993
9830,9829,45796,antonio,walker,1981.0,A535W4261981,45796,antonio,walker,1981.0,A535W4261981
9866,9865,12257,william,burke,1983.0,W450B6201983,12257,william,burke,1983.0,W450B6201983
9878,9876,53717,eusebio,diaz acosta,2061.0,E210D2222061,53717,eusebio,diaz acosta,2061.0,E210D2222061
9881,9879,24690,clifford,proctor,1983.0,C416P6231983,24690,clifford,proctor,1983.0,C416P6231983
9904,9903,9130,theresa,miller,2073.0,T620M4602073,9130,theresa,miller,2073.0,T620M4602073
9911,9910,53737,jose,torres rivera,2067.0,J200T6262067,53737,jose,torres rivera,2067.0,J200T6262067
9917,9916,23204,shawntavian,tucker,1988.0,S531T2601988,23204,shawntavian,tucker,1988.0,S531T2601988
9932,9930,53745,jasmine,young,1988.0,J255Y5201988,53745,jasmine,young,1988.0,J255Y5201988
9933,4502,53770,willie,wilson,1987.0,W400W4251987,43536,willie,wilson,1987.0,W400W4251987
9959,9957,53742,johnny,nguyen,1993.0,J500N2501993,53742,johnny,nguyen,1993.0,J500N2501993
9965,7019,52887,joseph,gatz,2068.0,J210G3202068,52887,joseph,gatz,2068.0,J210G3202068
9973,9972,53736,elizabeth,joseph,1987.0,E421J2101987,53736,elizabeth,joseph,1987.0,E421J2101987
9980,9978,53762,judge,cazeau,1977.0,J320C2001977,53762,judge,cazeau,1977.0,J320C2001977
9982,9981,27410,ernesto,diaz,1979.0,E652D2001979,27410,ernesto,diaz,1979.0,E652D2001979
9986,9985,53746,bryant,carreno,1986.0,B653C6501986,53746,bryant,carreno,1986.0,B653C6501986
10007,10005,53759,lucas,smith,1982.0,L220S5301982,53759,lucas,smith,1982.0,L220S5301982
10010,10008,53729,laura,elsy,1988.0,L600E4201988,53729,laura,elsy,1988.0,L600E4201988
10021,10020,53735,katherine,pugliese,2072.0,K365P2422072,53735,katherine,pugliese,2072.0,K365P2422072
10072,10071,53091,keith,williams,2067.0,K300W4522067,53091,keith,williams,2067.0,K300W4522067
10078,10077,53782,john,sekosan,2071.0,J500S2252071,53782,john,sekosan,2071.0,J500S2252071
10081,10080,53791,deanna,hutchens,1978.0,D500H3251978,53791,deanna,hutchens,1978.0,D500H3251978
10090,7864,53105,kurt,fowks,1990.0,K630F2001990,53106,kurt,fowks,1990.0,K630F2001990
10090,7865,53105,kurt,fowks,1990.0,K630F2001990,53106,kurt,fowks,1990.0,K630F2001990
10091,7864,53105,kurt,fowks,1990.0,K630F2001990,53106,kurt,fowks,1990.0,K630F2001990
10091,7865,53105,kurt,fowks,1990.0,K630F2001990,53106,kurt,fowks,1990.0,K630F2001990
10091,10090,53105,kurt,fowks,1990.0,K630F2001990,53105,kurt,fowks,1990.0,K630F2001990
10099,10098,53781,christopher,harris,2054.0,C623H6202054,53781,christopher,harris,2054.0,C623H6202054
10102,10101,3579,shantavia,robinson,1990.0,S531R1521990,3579,shantavia,robinson,1990.0,S531R1521990
10117,10116,53790,jeffrey,randall,1982.0,J160R5341982,53790,jeffrey,randall,1982.0,J160R5341982
10126,10125,53785,jesse,yisael,2069.0,J200Y2402069,53785,jesse,yisael,2069.0,J200Y2402069
10127,10125,53785,jesse,yisael,2069.0,J200Y2402069,53785,jesse,yisael,2069.0,J200Y2402069
10127,10126,53785,jesse,yisael,2069.0,J200Y2402069,53785,jesse,yisael,2069.0,J200Y2402069
10141,10140,45706,john,arnold,2062.0,J500A6542062,45706,john,arnold,2062.0,J500A6542062
10147,10146,53787,ayub,ali,2056.0,A100A4002056,53787,ayub,ali,2056.0,A100A4002056
10153,10152,53786,adam,rushetsky,2074.0,A350R2322074,53786,adam,rxshhtstc,2074.0,A350R2322074
10172,10170,53816,venessa,baptiste,1975.0,V520B1321975,53816,venessa,baptiste,1975.0,V520B1321975
10186,10185,19580,travis,wascinglcp,1990.0,T612W2521990,19580,travis,washington,1990.0,T612W2521990
10187,10185,19580,travis,washington,1990.0,T612W2521990,19580,travis,washington,1990.0,T612W2521990
10187,10186,19580,travis,washington,1990.0,T612W2521990,19580,travis,wascinglcp,1990.0,T612W2521990
10192,10191,53798,james,sauer,2071.0,J520S6002071,53798,james,sauer,2071.0,J520S6002071
10198,8850,47388,maria,guntert,1981.0,M600G5361981,47388,maria,guntert,1981.0,M600G5361981
10207,10206,53797,michael,robinson,1993.0,M240R1521993,53797,michael,robinson,1993.0,M240R1521993
10208,10206,53797,michael,robinson,1993.0,M240R1521993,53797,michael,robinson,1993.0,M240R1521993
10208,10207,53797,michael,robinson,1993.0,M240R1521993,53797,michael,robinson,1993.0,M240R1521993
10219,10218,48272,spencer,cliwbfrje,1989.0,S152C4161989,48272,spencer,clayborne,1989.0,S152C4161989
10222,10221,53808,bobby,bodrick,1991.0,B100B3621991,53808,bobby,bodrick,1991.0,B100B3621991
10247,10246,53805,jean,ismael,1991.0,J500I2541991,53805,jean,ismael,1991.0,J500I2541991
10279,10278,53847,misti,delgado,1977.0,M230D4231977,53847,misti,delgado,1977.0,M230D4231977
10295,10294,34031,michael,kinsey,1982.0,M240K5201982,34031,michael,kinsey,1982.0,M240K5201982
10334,10333,53833,giovani,castano,1982.0,G150C2351982,53833,giovani,castano,1982.0,G150C2351982
10337,10336,7248,perer,demner,2053.0,P660D5602053,7248,perer,demner,2053.0,P660D5602053
10346,10345,53834,tameika,jefferson,1978.0,T520J1621978,53834,tameika,jefferson,1978.0,T520J1621978
10361,10359,14331,vincent,carbone,1991.0,V525C6151991,14331,vincent,carbone,1991.0,V525C6151991
10402,10401,53861,demetrius,coleman,1993.0,D536C4551993,53861,demetrius,coleman,1993.0,D536C4551993
10403,10401,53861,demetrius,coleman,1993.0,D536C4551993,53861,demetrius,coleman,1993.0,D536C4551993
10403,10402,53861,demetrius,coleman,1993.0,D536C4551993,53861,demetrius,coleman,1993.0,D536C4551993
10408,10407,53876,martin,torres,1993.0,M635T6201993,53876,martin,torres,1993.0,M635T6201993
10445,10443,47837,ben,danon,1975.0,B500D5501975,47837,ben,danon,1975.0,B500D5501975
10447,10446,53879,anthony,castellon,1993.0,A535C2341993,53879,anthony,castellon,1993.0,A535C2341993
10475,10474,53858,paul,demus,2066.0,P400D5202066,53858,paul,demus,2066.0,P400D5202066
10477,10476,53865,jose,ramos,1990.0,J200R5201990,53865,jose,ramos,1990.0,J200R5201990
10490,10489,53871,jeremiah,grantham,1976.0,J650G6531976,53871,jeremiah,grantham,1976.0,J650G6531976
10502,10501,53874,catie,boyer,1992.0,C300B6001992,53874,catie,boyer,1992.0,C300B6001992
10504,10503,32759,gideon,smith,1977.0,G350S5301977,32759,gideon,smith,1977.0,G350S5301977
10514,10512,53854,james,williams,2062.0,J520W4522062,53854,james,williams,2062.0,J520W4522062
10523,10521,53882,ervin,watson,1990.0,E615W3251990,53882,ervin,watson,1990.0,E615W3251990
10525,10524,53884,trevor,benn,1989.0,T616B5001989,53884,trevor,benn,1989.0,T616B5001989
10526,10524,53884,trevor,benn,1989.0,T616B5001989,53884,trevor,benn,1989.0,T616B5001989
10526,10525,53884,trevor,benn,1989.0,T616B5001989,53884,trevor,benn,1989.0,T616B5001989
10541,10539,53893,pedro,ayala,1995.0,P360A4001995,53893,pedro,ayala,1995.0,P360A4001995
10544,10543,53897,eric,mitchell,1993.0,E620M3241993,53897,eric,mitchell,1993.0,E620M3241993
10549,10548,53896,darron,wilson,2066.0,D650W4252066,53896,darron,wilson,2066.0,D650W4252066
10556,9804,50698,deandre,smith,1994.0,D536S5301994,50698,deandre,smith,1994.0,D536S5301994
10558,10557,53887,jason,mills,1981.0,J250M4201981,53887,jason,mills,1981.0,J250M4201981
10563,7401,50308,kadeem,wilson,1991.0,K350W4251991,50308,kadeem,wilson,1991.0,K350W4251991
10563,7403,50308,kadeem,wilson,1991.0,K350W4251991,50308,kadeem,wilson,1991.0,K350W4251991
10603,10602,53904,justin,herrera,1994.0,J235H6601994,53904,justin,herrera,1994.0,J235H6601994
10632,3687,18100,freddy,crespo,1984.0,F630C6211984,18100,freddy,crespo,1984.0,F630C6211984
10634,3687,18100,freddy,crespo,1984.0,F630C6211984,18100,freddy,crespo,1984.0,F630C6211984
10634,10632,18100,freddy,crespo,1984.0,F630C6211984,18100,freddy,crespo,1984.0,F630C6211984
10655,10654,53949,matthew,keel,2069.0,M300K4002069,53949,matthew,keel,2069.0,M300K4002069
10684,10683,53938,gordon,charlton,2054.0,G635C6432054,53938,gordon,charlton,2054.0,G635C6432054
10700,10699,53944,jose,skoreparodriguez,1976.0,J200S6161976,53944,jose,skoreparodriguez,1976.0,J200S6161976
10709,10707,53094,robert,malone,2069.0,R163M4502069,53094,robert,malone,2069.0,R163M4502069
10739,10737,53955,lawrence,john,1991.0,L652J5001991,53955,lawrence,john,1991.0,L652J5001991
10747,10746,53927,ryan,chambers,1985.0,R500C5161985,53927,ryan,chambers,1985.0,R500C5161985
10793,10792,35299,ariel,paul,1978.0,A640P4001978,35299,ariel,paul,1978.0,A640P4001978
10798,10797,53963,nelson,lopez,1988.0,N425L1201988,53963,nelson,lopez,1988.0,N425L1201988
10799,10797,53963,nelson,lopez,1988.0,N425L1201988,53963,nelson,lopez,1988.0,N425L1201988
10799,10798,53963,nelson,lopez,1988.0,N425L1201988,53963,nelson,lopez,1988.0,N425L1201988
10802,10800,53960,michael,corker,1988.0,M240C6261988,53960,michael,corker,1988.0,M240C6261988
10809,8655,53347,erica,williams,1989.0,E620W4521989,53347,erica,williams,1989.0,E620W4521989
10811,8655,53347,erica,williams,1989.0,E620W4521989,53347,erica,williams,1989.0,E620W4521989
10811,10809,53347,erica,williams,1989.0,E620W4521989,53347,erica,williams,1989.0,E620W4521989
10817,10816,53974,dustin,symonette,2071.0,D235S5532071,53974,dustin,symonette,2071.0,D235S5532071
10828,10827,53959,humberto,ortiz,1980.0,H516O6321980,53959,humberto,ortiz,1980.0,H516O6321980
10832,10830,38763,ronald,deliard,1988.0,R543D4631988,38763,ronald,deliard,1988.0,R543D4631988
10835,10833,53984,eric,bell,1978.0,E620B4001978,53984,eric,bell,1978.0,E620B4001978
10859,10858,53973,kioma,nunez,1978.0,K500N5201978,53973,kioma,nunez,1978.0,K500N5201978
10870,10869,39369,jason,hope,1977.0,J250H1001977,39369,jason,hope,1977.0,J250H1001977
10898,10896,47433,ian,turnbull,1989.0,I500T6511989,47433,ian,turnbull,1989.0,I500T6511989
10902,3519,8968,demonda,lane,1977.0,D553L5001977,8968,demonda,lane,1977.0,D553L5001977
10916,10914,54004,joseph,conlon,2056.0,J210C5452056,54004,joseph,conlon,2056.0,J210C5452056
10918,10917,54006,chelsea,ellison,1988.0,C420E4251988,54006,chelsea,ellison,1988.0,C420E4251988
10919,10917,54006,chelsea,ellison,1988.0,C420E4251988,54006,chelsea,ellison,1988.0,C420E4251988
10919,10918,54006,chelsea,ellison,1988.0,C420E4251988,54006,chelsea,ellison,1988.0,C420E4251988
10946,10945,53990,rodrick,wiihlamc,1983.0,R362W4521983,53990,rodrick,williams,1983.0,R362W4521983
10970,10969,53986,lashunda,barbary,1981.0,L253B6161981,53986,lashunda,barbary,1981.0,L253B6161981
10972,10971,53999,maricelis,hernandez,1987.0,M624H6551987,53999,maricelis,hernandez,1987.0,M624H6551987
10987,10986,53996,matthew,moton,1986.0,M300M3501986,53996,matthew,moton,1986.0,M300M3501986
10994,10993,53994,constance,jorden,1984.0,C523J6351984,53994,constance,jorden,1984.0,C523J6351984
10997,10995,54015,hebert,petkovski,1990.0,H163P3211990,54015,hebert,petkovski,1990.0,H163P3211990
10999,10998,23578,marc,jean,1976.0,M620J5001976,23578,marc,jean,1976.0,M620J5001976
11026,11025,54041,kenneth,kaplan,2061.0,K530K1452061,54041,kenneth,kaplan,2061.0,K530K1452061
11071,11070,54017,scott,jonas,2053.0,S300J5202053,54017,scott,jonas,2053.0,S300J5202053
11072,11070,54017,scott,jonas,2053.0,S300J5202053,54017,scott,jonas,2053.0,S300J5202053
11072,11071,54017,scott,jonas,2053.0,S300J5202053,54017,scott,jonas,2053.0,S300J5202053
11076,7458,52995,lamonte,dean,1994.0,L553D5001994,52995,lamonte,dean,1994.0,L553D5001994
11077,7458,52995,lamonte,dean,1994.0,L553D5001994,52995,lamonte,dean,1994.0,L553D5001994
11077,11076,52995,lamonte,dean,1994.0,L553D5001994,52995,lamonte,dean,1994.0,L553D5001994
11101,11100,37708,danielle,bonin,1988.0,D540B5501988,37708,danielle,bonin,1988.0,D540B5501988
11114,11113,54034,karl,weimar,2046.0,K640W5602046,54034,karl,weimar,2046.0,K640W5602046
11117,11115,54018,troy,williams,2072.0,T600W4522072,54018,troy,williams,2072.0,T600W4522072
11122,11121,54030,marsseohg,gill,1992.0,M622G4001992,54030,markiesha,gill,1992.0,M622G4001992
11123,11121,54030,markiesha,gill,1992.0,M622G4001992,54030,markiesha,gill,1992.0,M622G4001992
11123,11122,54030,markiesha,gill,1992.0,M622G4001992,54030,marsseohg,gill,1992.0,M622G4001992
11156,11155,54082,robert,fox,2071.0,R163F2002071,54082,robert,fox,2071.0,R163F2002071
11204,11203,54079,ina,youngbell,2045.0,I500Y5212045,54079,ina,youngbell,2045.0,I500Y5212045
11224,11223,48197,joel,ortiz,1989.0,J400O6321989,48197,joel,ortiz,1989.0,J400O6321989
11246,11245,54084,courtney,davis,1990.0,C635D1201990,54084,courtney,davis,1990.0,C635D1201990
11249,11248,54095,falisha,hall,1990.0,F420H4001990,54095,falisha,hall,1990.0,F420H4001990
11270,11268,4403,paul,sifuentes,1975.0,P400S1531975,4403,paul,sifuentes,1975.0,P400S1531975
11273,11272,54116,rupert,lyn,1992.0,R163L5001992,54116,rupert,lyn,1992.0,R163L5001992
11287,11286,54096,ricoh,smith,1987.0,R200S5301987,54096,ricoh,smith,1987.0,R200S5301987
11303,11301,49422,lovett,shazier,1979.0,L130S2601979,49422,lovett,shazier,1979.0,L130S2601979
11323,11322,32226,calvin,parker,1992.0,C415P6261992,32226,calvin,parker,1992.0,C415P6261992
11324,11322,32226,calvin,parker,1992.0,C415P6261992,32226,calvin,parker,1992.0,C415P6261992
11324,11323,32226,calvin,parker,1992.0,C415P6261992,32226,calvin,parker,1992.0,C415P6261992
11338,11337,54105,jude,ferdinand,1990.0,J300F6351990,54105,jude,ferdinand,1990.0,J300F6351990
11341,11340,54106,michael,biasucci,1977.0,M240B2201977,54106,michael,biasucci,1977.0,M240B2201977
11353,11352,54110,brandon,bechina,1993.0,B653B2501993,54110,brandon,bechina,1993.0,B653B2501993
11360,11359,54107,kenneth,haggains,1993.0,K530H2521993,54107,kenneth,haggains,1993.0,K530H2521993
11377,11376,54127,juanita,sawyer,1980.0,J530S6001980,54127,juanita,sawyer,1980.0,J530S6001980
11419,11418,54151,alex,brown,1982.0,A420B6501982,54151,alex,brown,1982.0,A420B6501982
11420,11418,54151,alex,brown,1982.0,A420B6501982,54151,alex,brown,1982.0,A420B6501982
11420,11419,54151,alex,brown,1982.0,A420B6501982,54151,alex,brown,1982.0,A420B6501982
11428,11427,54146,bennie,perry,2067.0,B500P6002067,54146,bennie,perry,2067.0,B500P6002067
11435,11433,54165,dericky,mcgirt,1981.0,D620M2631981,54165,dericky,mcgirt,1981.0,D620M2631981
11441,11440,42909,natassia,rodriguez,1988.0,N320R3621988,42909,natassia,rodriguez,1988.0,N320R3621988
11452,11451,54161,ronald,johnson,2054.0,R543J5252054,54161,ronald,johnson,2054.0,R543J5252054
11455,11454,54162,william,hutchins,1988.0,W450H3251988,54162,william,hutchins,1988.0,W450H3251988
11458,4072,54157,donavan,aman,1977.0,D515A5501977,52028,donovan,aman,1977.0,D515A5501977
11464,8158,53208,sergio,silvaurresti,1991.0,S620S4161991,53208,sergio,silvaurresti,1991.0,S620S4161991
11464,8159,53208,sergio,silvaurresti,1991.0,S620S4161991,53208,sergio,silvaurresti,1991.0,S620S4161991
11486,7831,23755,karl,saldana,2059.0,K640S4352059,23755,karl,saldana,2059.0,K640S4352059
11486,7832,23755,karl,saldana,2059.0,K640S4352059,23755,karl,saldana,2059.0,K640S4352059
11506,11505,54155,melody,ford,1978.0,M430F6301978,54155,melody,ford,1978.0,M430F6301978
11513,11511,54147,brett,kaplan,1986.0,B630K1451986,54147,brett,kaplan,1986.0,B630K1451986
11522,11521,54166,kenneth,weekley,1994.0,K530W2401994,54166,kenneth,weekley,1994.0,K530W2401994
11528,11526,54181,terri,bunton,1978.0,T600B5351978,54181,terri,bunton,1978.0,T600B5351978
11531,11530,54173,jason,martin,2059.0,J250M6352059,54173,jason,martin,2059.0,J250M6352059
11552,11550,42731,alexandra,bastante,1989.0,A425B2351989,42731,alexandra,bastante,1989.0,A425B2351989
11606,11604,54183,diana,wasserman-rubin,2047.0,D500W2652047,54183,diana,wasserman-rubin,2047.0,D500W2652047
11608,11607,52739,bradley,vaval,1993.0,B634V1401993,52739,bradley,vaval,1993.0,B634V1401993
11611,11610,54187,brandon,loisy,1992.0,B653L2001992,54187,brandon,loisy,1992.0,B653L2001992
11627,11625,54204,stevell,bankston,2058.0,S314B5232058,54204,stevell,bankston,2058.0,S314B5232058
11632,11631,54196,omar,wallace,1986.0,O560W4201986,54196,omar,wallace,1986.0,O560W4201986
11678,11677,43578,luis,vargas,1989.0,L200V6221989,43578,luis,vargas,1989.0,L200V6221989
11682,335,30818,jonathan,mcreed,1992.0,J535M2631992,30818,jonathan,mcreed,1992.0,J535M2631992
11689,11688,37805,claudio,alavarez,1989.0,C430A4161989,37805,claudio,alavarez,1989.0,C430A4161989
11701,11700,54207,david,wynn,2066.0,D130W5002066,54207,david,wynn,2066.0,D130W5002066
11703,3141,51707,jhonatan,franco,1992.0,J535F6521992,51707,jhonatan,franco,1992.0,J535F6521992
11703,3143,51707,jhonatan,franco,1992.0,J535F6521992,51707,jhonatan,franco,1992.0,J535F6521992
11710,4959,52293,vashay,johnson,1994.0,V200J5251994,52293,vashay,johnson,1994.0,V200J5251994
11711,4959,52293,vashay,johnson,1994.0,V200J5251994,52293,vashay,johnson,1994.0,V200J5251994
11711,11710,52293,vashay,johnson,1994.0,V200J5251994,52293,vashay,johnson,1994.0,V200J5251994
11716,11715,54218,yvonne,frazier,2060.0,Y150F6262060,54218,yvonne,frazier,2060.0,Y150F6262060
11718,9080,53439,michael,lynch,1984.0,M240L5201984,53439,michael,lynch,1984.0,M240L5201984
11719,9080,53439,michael,lynch,1984.0,M240L5201984,53439,michael,lynch,1984.0,M240L5201984
11719,11718,53439,michael,lynch,1984.0,M240L5201984,53439,michael,lynch,1984.0,M240L5201984
11720,9080,53439,msiholl,lynch,1984.0,M240L5201984,53439,michael,lynch,1984.0,M240L5201984
11720,11718,53439,msiholl,lynch,1984.0,M240L5201984,53439,michael,lynch,1984.0,M240L5201984
11720,11719,53439,msiholl,lynch,1984.0,M240L5201984,53439,michael,lynch,1984.0,M240L5201984
11727,4959,52293,vashay,johnson,1994.0,V200J5251994,52293,vashay,johnson,1994.0,V200J5251994
11727,11710,52293,vashay,johnson,1994.0,V200J5251994,52293,vashay,johnson,1994.0,V200J5251994
11727,11711,52293,vashay,johnson,1994.0,V200J5251994,52293,vashay,johnson,1994.0,V200J5251994
11728,4959,52293,vashay,johnson,1994.0,V200J5251994,52293,vashay,johnson,1994.0,V200J5251994
11728,11710,52293,vashay,johnson,1994.0,V200J5251994,52293,vashay,johnson,1994.0,V200J5251994
11728,11711,52293,vashay,johnson,1994.0,V200J5251994,52293,vashay,johnson,1994.0,V200J5251994
11728,11727,52293,vashay,johnson,1994.0,V200J5251994,52293,vashay,johnson,1994.0,V200J5251994
11729,4959,52293,vashay,johnson,1994.0,V200J5251994,52293,vashay,johnson,1994.0,V200J5251994
11729,11710,52293,vashay,johnson,1994.0,V200J5251994,52293,vashay,johnson,1994.0,V200J5251994
11729,11711,52293,vashay,johnson,1994.0,V200J5251994,52293,vashay,johnson,1994.0,V200J5251994
11729,11727,52293,vashay,johnson,1994.0,V200J5251994,52293,vashay,johnson,1994.0,V200J5251994
11729,11728,52293,vashay,johnson,1994.0,V200J5251994,52293,vashay,johnson,1994.0,V200J5251994
11732,11731,54194,lynval,chambers,1993.0,L514C5161993,54194,lynval,chambers,1993.0,L514C5161993
11735,11734,54217,winter,gomez,1989.0,W536G5201989,54217,winter,gomez,1989.0,W536G5201989
11750,11749,54198,nicolas,latorre-galan,1988.0,N242L3621988,54198,nicolas,latorre-galan,1988.0,N242L3621988
11756,4716,52214,tevin,tolliver,1994.0,T150T4161994,52214,tevin,tolliver,1994.0,T150T4161994
11765,11764,54258,ruth,sharon,2032.0,R300S6502032,54258,ruth,sharon,2032.0,R300S6502032
11782,11781,54220,brandon,olivo,1994.0,B653O4101994,54220,brandon,olivo,1994.0,B653O4101994
11818,11817,54251,rose,burzachiello,2069.0,R200B6222069,54251,rose,burzachiello,2069.0,R200B6222069
11840,11839,54239,robert,weiss,1987.0,R163W2001987,54239,robert,weiss,1987.0,R163W2001987
11846,11844,54245,sueheily,machin,1979.0,S400M2501979,54245,sueheily,machin,1979.0,S400M2501979
11848,11847,54237,terri-ann,gray,1994.0,T650G6001994,54237,terri-ann,gray,1994.0,T650G6001994
11864,11008,54246,mrbnfoa,thomas,1986.0,M615T5201986,52375,murvin,thomas,1986.0,M615T5201986
11866,11865,54230,calvin,rogers,1995.0,C415R2621995,54230,calvin,rogers,1995.0,C415R2621995
11887,11886,54260,emanuel,alvarez,1981.0,E554A4161981,54260,emanuel,alvarez,1981.0,E554A4161981
11890,11889,42085,karina,oviedo,2071.0,K650O1302071,42085,karina,oviedo,2071.0,K650O1302071
11894,11893,54238,jamal,rayan,1986.0,J540R5001986,54238,jamal,rayan,1986.0,J540R5001986
11912,11910,54235,victor,peralta,1978.0,V236P6431978,54235,victor,peralta,1978.0,V236P6431978
11926,11925,54289,kenneth,alftred,1976.0,K530A4131976,54289,kenneth,alftred,1976.0,K530A4131976
11933,11931,54271,cynthia,sggdm,2070.0,C530S3502070,54271,cynthia,stone,2070.0,C530S3502070
11965,11964,54288,james,mcgowan,1981.0,J520M2501981,54288,james,mcgowan,1981.0,J520M2501981
11969,11968,54263,shawn,davis,1994.0,S500D1201994,54263,shawn,davis,1994.0,S500D1201994
11989,11988,54286,kirk,jenkins,1982.0,K620J5251982,54286,kirk,jenkins,1982.0,K620J5251982
11993,11992,54279,ricky,evans,2062.0,R200E1522062,54279,ricky,evans,2062.0,R200E1522062
12017,12016,54270,oswaldo,lucas,1989.0,O243L2201989,54270,oswaldo,lucas,1989.0,O243L2201989
12026,12025,31100,peter,sanchez,2068.0,P360S5222068,31100,peter,sanchez,2068.0,P360S5222068
12038,12037,54280,venetrice,boyd,1984.0,V536B3001984,54280,venetrice,boyd,1984.0,V536B3001984
12044,12042,54296,rigoberto,aguero-pacheco,2061.0,R216A2612061,54296,rigoberto,aguero-pacheco,2061.0,R216A2612061
12056,12054,54313,jason,banton,1979.0,J250B5351979,54313,jason,banton,1979.0,J250B5351979
12065,12063,54308,kyron,jones,1990.0,K650J5201990,54308,kyron,jones,1990.0,K650J5201990
12067,12066,6881,ulisses,hernandez,2070.0,U422H6552070,6881,ulisses,hernandez,2070.0,U422H6552070
12068,12066,6881,ulisses,hernandez,2070.0,U422H6552070,6881,ulisses,hernandez,2070.0,U422H6552070
12068,12067,6881,ulisses,hernandez,2070.0,U422H6552070,6881,ulisses,hernandez,2070.0,U422H6552070
12100,12099,36967,sanchezlago,francisco,1981.0,S522F6521981,36967,sanchezlago,francisco,1981.0,S522F6521981
12101,12099,36967,sanchezlago,francisco,1981.0,S522F6521981,36967,sanchezlago,francisco,1981.0,S522F6521981
12101,12100,36967,sanchezlago,francisco,1981.0,S522F6521981,36967,sanchezlago,francisco,1981.0,S522F6521981
12103,12066,6881,ulisses,hernandez,2070.0,U422H6552070,6881,ulisses,hernandez,2070.0,U422H6552070
12103,12067,6881,ulisses,hernandez,2070.0,U422H6552070,6881,ulisses,hernandez,2070.0,U422H6552070
12103,12068,6881,ulisses,hernandez,2070.0,U422H6552070,6881,ulisses,hernandez,2070.0,U422H6552070
12104,12066,6881,ulisses,hernandez,2070.0,U422H6552070,6881,ulisses,hernandez,2070.0,U422H6552070
12104,12067,6881,ulisses,hernandez,2070.0,U422H6552070,6881,ulisses,hernandez,2070.0,U422H6552070
12104,12068,6881,ulisses,hernandez,2070.0,U422H6552070,6881,ulisses,hernandez,2070.0,U422H6552070
12104,12103,6881,ulisses,hernandez,2070.0,U422H6552070,6881,ulisses,hernandez,2070.0,U422H6552070
12112,12111,54309,william,davell,1990.0,W450D1401990,54309,william,davell,1990.0,W450D1401990
12139,12138,54316,denzel,obrien,1991.0,D524O1651991,54316,denzel,obrien,1991.0,D524O1651991
12140,12138,54316,denzel,obrien,1991.0,D524O1651991,54316,denzel,obrien,1991.0,D524O1651991
12140,12139,54316,denzel,obrien,1991.0,D524O1651991,54316,denzel,obrien,1991.0,D524O1651991
12146,12144,21295,michael,burgos,1977.0,M240B6221977,21295,michael,burgos,1977.0,M240B6221977
12181,12180,54331,michael,vento,1975.0,M240V5301975,54331,michael,vento,1975.0,M240V5301975
12182,12180,54331,michael,vento,1975.0,M240V5301975,54331,michael,vento,1975.0,M240V5301975
12182,12181,54331,michael,vento,1975.0,M240V5301975,54331,michael,vento,1975.0,M240V5301975
12193,12192,54333,reynold,cadet,2057.0,R543C3302057,54333,reynold,cadet,2057.0,R543C3302057
12202,12201,54323,paul,henderson,2070.0,P400H5362070,54323,paul,henderson,2070.0,P400H5362070
12229,12228,46149,deneil,merritt,1986.0,D540M6301986,46149,deneil,merritt,1986.0,D540M6301986
12230,12228,46149,deneil,merritt,1986.0,D540M6301986,46149,deneil,merritt,1986.0,D540M6301986
12230,12229,46149,deneil,merritt,1986.0,D540M6301986,46149,deneil,merritt,1986.0,D540M6301986
12236,12234,54344,michael,miller,1991.0,M240M4601991,54344,michael,miller,1991.0,M240M4601991
12245,12243,54353,dale,quimby,1982.0,D400Q5101982,54353,dale,quimby,1982.0,D400Q5101982
12272,12270,54332,laver,dent,1989.0,L160D5301989,54332,laver,dent,1989.0,L160D5301989
12274,12273,31201,james,nuotilla,1980.0,J520N3401980,31201,james,nuotilla,1980.0,J520N3401980
12302,12301,41698,justin,stilley,1982.0,J235S3401982,41698,justin,stilley,1982.0,J235S3401982
12316,12315,34393,james,alton,2059.0,J520A4352059,34393,james,alton,2059.0,J520A4352059
12317,12315,34393,james,alton,2059.0,J520A4352059,34393,james,alton,2059.0,J520A4352059
12317,12316,34393,james,alton,2059.0,J520A4352059,34393,james,alton,2059.0,J520A4352059
12326,12324,40975,kimberly,floberg,2058.0,K516F4162058,40975,kimberly,floberg,2058.0,K516F4162058
12334,12333,54392,john,biles,1984.0,J500B4201984,54392,john,biles,1984.0,J500B4201984
12337,12336,46563,timothy,stevens,1994.0,T530S3151994,46563,timothy,stevens,1994.0,T530S3151994
12338,12336,46563,timothy,stevens,1994.0,T530S3151994,46563,timothy,stevens,1994.0,T530S3151994
12338,12337,46563,timothy,stevens,1994.0,T530S3151994,46563,timothy,stevens,1994.0,T530S3151994
12353,12351,54370,ronald,munoz,1993.0,R543M5201993,54370,ronald,munoz,1993.0,R543M5201993
12386,12384,54390,michael,ulherr,2057.0,M240U4602057,54390,michael,ulherr,2057.0,M240U4602057
12388,12387,19693,brendon,griffin,1986.0,B653G6151986,19693,brendon,griffin,1986.0,B653G6151986
12403,288,50923,rovens,daphnis,1990.0,R152D1521990,50923,rovens,daphnis,1990.0,R152D1521990
12403,290,50923,rovens,daphnis,1990.0,R152D1521990,50923,rovens,daphnis,1990.0,R152D1521990
12422,12421,35823,jaquan,serafin,1993.0,J250S6151993,35823,jaquan,serafin,1993.0,J250S6151993
12435,1332,51191,jameel,brinson,1993.0,J540B6521993,51191,jameel,brinson,1993.0,J540B6521993
12435,1333,51191,jameel,brinson,1993.0,J540B6521993,51191,jameel,brinson,1993.0,J540B6521993
12437,1332,51191,jameel,brinson,1993.0,J540B6521993,51191,jameel,brinson,1993.0,J540B6521993
12437,1333,51191,jameel,brinson,1993.0,J540B6521993,51191,jameel,brinson,1993.0,J540B6521993
12437,12435,51191,jameel,brinson,1993.0,J540B6521993,51191,jameel,brinson,1993.0,J540B6521993
12443,12441,54371,george,sisler,2068.0,G620S2462068,54371,george,sisler,2068.0,G620S2462068
12447,4586,52166,nicole,henderson,1981.0,N240H5361981,52166,nicole,henderson,1981.0,N240H5361981
12455,12454,54376,joanne,beard,2072.0,J500B6302072,54376,joanne,beard,2072.0,J500B6302072
12466,12465,54416,walter,hammock,2062.0,W436H5202062,54416,walter,hammock,2062.0,W436H5202062
12480,9249,53475,kristopher,pendlebury,1986.0,K623P5341986,53475,kristopher,pendlebury,1986.0,K623P5341986
12505,12504,40967,jose,villa,2064.0,J200V4002064,40967,jose,villa,2064.0,J200V4002064
12530,12528,18325,lamont,dixon,2069.0,L553D2502069,18325,lamont,dixon,2069.0,L553D2502069
12536,12534,54401,patrick,cezaire,1985.0,P362C2601985,54401,patrick,cezaire,1985.0,P362C2601985
12541,12540,21294,fredrick,wilson,1979.0,F636W4251979,21294,fredrick,wilson,1979.0,F636W4251979
12542,12540,21294,fredrick,wilson,1979.0,F636W4251979,21294,fredrick,wilson,1979.0,F636W4251979
12542,12541,21294,fredrick,wilson,1979.0,F636W4251979,21294,fredrick,wilson,1979.0,F636W4251979
12574,12573,54412,francisco,matos,2056.0,F652M3202056,54412,francisco,matos,2056.0,F652M3202056
12578,12576,47312,kkppen,walcott,1994.0,K150W4231994,47312,keevin,walcott,1994.0,K150W4231994
12580,12522,18283,steven,sistrunk,1986.0,S315S2361986,18283,steven,sistrunk,1986.0,S315S2361986
12581,12522,18283,steven,sistrunk,1986.0,S315S2361986,18283,steven,sistrunk,1986.0,S315S2361986
12581,12580,18283,steven,sistrunk,1986.0,S315S2361986,18283,steven,sistrunk,1986.0,S315S2361986
12593,12592,54407,sedrick,ross,1975.0,S362R2001975,54407,sedrick,ross,1975.0,S362R2001975
12602,12601,54426,anastasia,rowe,2057.0,A523R0002057,54426,anastasia,rowe,2057.0,A523R0002057
12611,12609,54420,anthony,chimera,1992.0,A535C5601992,54420,anthony,chimera,1992.0,A535C5601992
12626,12624,43697,jeff,pierre,1990.0,J100P6001990,43697,jeff,pierre,1990.0,J100P6001990
12627,7529,53024,dylan,welly,1994.0,D450W4001994,53024,dylan,welly,1994.0,D450W4001994
12631,1712,25191,lorenzo,pulliam,1992.0,L652P4501992,25191,lorenzo,pulliam,1992.0,L652P4501992
12643,12642,47819,christopher,anchia,1987.0,C623A5201987,47819,christopher,anchia,1987.0,C623A5201987
12652,12651,54433,barrington,christie,1985.0,B652C6231985,54433,barrington,christie,1985.0,B652C6231985
12653,12651,54433,barrington,christie,1985.0,B652C6231985,54433,barrington,christie,1985.0,B652C6231985
12653,12652,54433,barrington,christie,1985.0,B652C6231985,54433,barrington,christie,1985.0,B652C6231985
12656,12654,54446,victoria,tronolone,1984.0,V236T6541984,54446,victoria,tronolone,1984.0,V236T6541984
12680,12678,54443,monique,young,2061.0,M520Y5202061,54443,monique,young,2061.0,M520Y5202061
12682,12681,53338,rachel,otto,1985.0,R240O3001985,53338,rachel,otto,1985.0,R240O3001985
12686,12684,33333,shawn,rhoomes,1992.0,S500R5201992,33333,shawn,rhoomes,1992.0,S500R5201992
12713,12712,27310,george,garcia,1988.0,G620G6201988,27310,george,garcia,1988.0,G620G6201988
12721,12720,54449,myra,santiago,1982.0,M600S5321982,54449,myra,santiago,1982.0,M600S5321982
12725,12724,54434,jeffery,koski,1982.0,J160K2001982,54434,jeffery,koski,1982.0,J160K2001982
12727,12726,54452,heather,siaglo,1988.0,H360S2401988,54452,heather,siaglo,1988.0,H360S2401988
12728,12726,54452,heather,siaglo,1988.0,H360S2401988,54452,heather,siaglo,1988.0,H360S2401988
12728,12727,54452,heather,siaglo,1988.0,H360S2401988,54452,heather,siaglo,1988.0,H360S2401988
12748,12747,54457,rashid,barrett,1988.0,R230B6301988,54457,rashid,barrett,1988.0,R230B6301988
12764,12763,54468,makendy,demard,1990.0,M253D5631990,54468,makendy,demard,1990.0,M253D5631990
12790,12789,54470,jeanpierre,germain,1978.0,J516G6551978,54470,jeanpierre,germain,1978.0,J516G6551978
12808,12807,54476,linda,wain,2070.0,L530W5002070,54476,linda,wain,2070.0,L530W5002070
12815,12813,54480,kyle,haines,1986.0,K400H5201986,54480,kyle,haines,1986.0,K400H5201986
12829,12828,54469,malcolm,yount,2059.0,M424Y5302059,54469,malcolm,yount,2059.0,M424Y5302059
12839,12837,54473,kendrick,callins,2071.0,K536C4522071,54473,kendrick,callins,2071.0,K536C4522071
12866,12864,54466,tangela,jones,2070.0,T524J5202070,54466,tangela,jones,2070.0,T524J5202070
12868,12867,54472,peter,hoofatt,1986.0,P360H1301986,54472,peter,hoofatt,1986.0,P360H1301986
12877,12876,54490,mckwcxx,bienaime,1984.0,M200B5501984,54490,mckjeiu,bienaime,1984.0,M200B5501984
12886,12885,54492,cleon,grant,1987.0,C450G6531987,54492,cleon,grant,1987.0,C450G6531987
12905,12903,54491,joseph,pendergrass,2059.0,J210P5362059,54491,joseph,pendergrass,2059.0,J210P5362059
12916,4390,54493,vincent,moorman,1991.0,V525M6551991,27690,vincent,moorman,1991.0,V525M6551991
12939,3030,47826,ahmad,bowleg,1987.0,A530B4201987,47826,ahmad,bowleg,1987.0,A530B4201987
12939,3031,47826,ahmad,bowleg,1987.0,A530B4201987,47826,ahmad,bowleg,1987.0,A530B4201987
12955,12954,54506,gerald,dessalines,1992.0,G643D2451992,54506,gerald,dessalines,1992.0,G643D2451992
12980,12978,6427,corey,irvin,1989.0,C600I6151989,6427,corey,irvin,1989.0,C600I6151989
13002,5779,44649,deanna,rodriguez,1987.0,D500R3621987,44649,deanna,rodriguez,1987.0,D500R3621987
13034,13032,54521,george,turner,2061.0,G620T6562061,54521,george,turner,2061.0,G620T6562061
13042,13041,54539,merrill,joseph,2074.0,M640J2102074,54539,merrill,joseph,2074.0,M640J2102074
13043,13041,54539,merrill,joseph,2074.0,M640J2102074,54539,merrill,joseph,2074.0,M640J2102074
13043,13042,54539,merrill,joseph,2074.0,M640J2102074,54539,merrill,joseph,2074.0,M640J2102074
13047,12974,53195,shanta,jacksono,1980.0,S530J2501980,53195,shanta,jacksono,1980.0,S530J2501980
13049,12974,53195,shanta,jacksono,1980.0,S530J2501980,53195,shanta,jacksono,1980.0,S530J2501980
13049,13047,53195,shanta,jacksono,1980.0,S530J2501980,53195,shanta,jacksono,1980.0,S530J2501980
13058,13056,54530,deandrae,counts,1989.0,D536C5321989,54530,deandrae,counts,1989.0,D536C5321989
13060,13059,54533,marcos,romero,2069.0,M622R5602069,54533,marcos,romero,2069.0,M622R5602069
13064,13062,35907,miguel,salgjaravxllaseda,1991.0,M240S4261991,35907,miguel,salazaravelpbnenq,1991.0,M240S4261991
13076,13075,54523,umar,farooq,2073.0,U560F6202073,54523,umar,farooq,2073.0,U560F6202073
13081,13080,54526,sarah,seiler,1990.0,S600S4601990,54526,sarah,seiler,1990.0,S600S4601990
13082,13080,54526,sarah,seiler,1990.0,S600S4601990,54526,sarah,seiler,1990.0,S600S4601990
13082,13081,54526,sarah,seiler,1990.0,S600S4601990,54526,sarah,seiler,1990.0,S600S4601990
13085,13084,54538,juan,castano,1979.0,J500C2351979,54538,juan,castano,1979.0,J500C2351979
13090,4102,30936,laricky,asbury,1991.0,L620A2161991,30936,laricky,asbury,1991.0,L620A2161991
13097,13095,54575,steve,jean,1990.0,S310J5001990,54575,steve,jean,1990.0,S310J5001990
13109,13107,54564,frank,aguiar,1987.0,F652A2601987,54564,frank,aguiar,1987.0,F652A2601987
13117,13116,54557,ledarian,bailey,1992.0,L365B4001992,54557,ledarian,bailey,1992.0,L365B4001992
13124,13123,54576,jason,perez,1986.0,J250P6201986,54576,jason,perez,1986.0,J250P6201986
13142,13140,54549,devorist,calloway,1984.0,D162C4001984,54549,devorist,calloway,1984.0,D162C4001984
13162,13161,54563,lauren,o'brien,2066.0,L650O1652066,54563,lauren,o'brien,2066.0,L650O1652066
13181,13180,40237,curtis,baker,2065.0,C632B2602065,40237,curtis,baker,2065.0,C632B2602065
13196,2534,51560,majorie,pierre,1982.0,M260P6001982,51560,majorie,pierre,1982.0,M260P6001982
13213,13212,54606,anthony,bryson,1993.0,A535B6251993,54606,anthony,bryson,1993.0,A535B6251993
13234,13233,52413,mark,bocker,2063.0,M620B2602063,52413,mark,bocker,2063.0,M620B2602063
13240,13239,54592,oscar,valdivia,1994.0,O260V4311994,54592,oscar,valdivia,1994.0,O260V4311994
13247,13245,54619,pawel,danelczyk,1987.0,P400D5421987,54619,pawel,danelczyk,1987.0,P400D5421987
13250,13248,53929,ejtwlqu,belmont,2054.0,E234B4552054,53929,estella,belmont,2054.0,E234B4552054
13253,13251,54616,mauricio,alvarez,2069.0,M620A4162069,54616,mauricio,alvarez,2069.0,M620A4162069
13255,13254,44428,jamar,wright,1991.0,J560W6231991,44428,jamar,wright,1991.0,J560W6231991
13267,13266,35683,shenay,bowens,1986.0,S500B5201986,35683,shenay,bowens,1986.0,S500B5201986
13286,13284,46396,joseph,johnson,1994.0,J210J5251994,46396,joseph,johnson,1994.0,J210J5251994
13298,13297,54610,diamond,pless,1991.0,D553P4201991,54610,diamond,pless,1991.0,D553P4201991
13304,13302,54607,victor,guevara-molina,1984.0,V236G1651984,54607,victor,guevara-molina,1984.0,V236G1651984
13319,13318,23628,mitchell,swedelson,2057.0,M324S3422057,23628,mitchell,swedelson,2057.0,M324S3422057
13323,6623,52758,kimoy,campbell,1991.0,K500C5141991,52758,kimoy,campbell,1991.0,K500C5141991
13324,6623,52758,kimoy,campbell,1991.0,K500C5141991,52758,kimoy,campbell,1991.0,K500C5141991
13324,13323,52758,kimoy,campbell,1991.0,K500C5141991,52758,kimoy,campbell,1991.0,K500C5141991
13349,13347,43470,rivelino,lewis,1993.0,R145L2001993,43470,rivelino,lewis,1993.0,R145L2001993
13369,13368,54625,dale,heck,2059.0,D400H2002059,54625,dale,heck,2059.0,D400H2002059
13370,13368,54625,dale,heck,2059.0,D400H2002059,54625,dale,heck,2059.0,D400H2002059
13370,13369,54625,dale,heck,2059.0,D400H2002059,54625,dale,heck,2059.0,D400H2002059
13373,13372,54629,patrick,keane,2063.0,P362K5002063,54629,patrick,keane,2063.0,P362K5002063
13396,13395,54655,danielle,giganti,1984.0,D540G2531984,54655,danielle,giganti,1984.0,D540G2531984
13412,13410,47208,dequan,higgs,1978.0,D250H2001978,47208,dequan,higgs,1978.0,D250H2001978
13427,13426,54630,erwin,solomon,2055.0,E650S4552055,54630,erwin,solomon,2055.0,E650S4552055
13436,13435,54648,dwayne,pitter,1984.0,D500P3601984,54648,dwayne,pitter,1984.0,D500P3601984
13441,13440,2203,trevor,barrett,1989.0,T616B6301989,2203,trevor,barrett,1989.0,T616B6301989
13442,13440,2203,trevor,barrett,1989.0,T616B6301989,2203,trevor,barrett,1989.0,T616B6301989
13442,13441,2203,trevor,barrett,1989.0,T616B6301989,2203,trevor,barrett,1989.0,T616B6301989
13448,13447,54628,yevgeniy,kochnev,1991.0,Y125K2511991,54628,yevgeniy,kochnev,1991.0,Y125K2511991
13460,13458,32963,catherine,ozual,1988.0,C365O2401988,32963,catherine,ozual,1988.0,C365O2401988
13479,2027,51402,nigel,davis,1981.0,N240D1201981,51402,nigel,davis,1981.0,N240D1201981
13480,2027,51402,nigel,davis,1981.0,N240D1201981,51402,nigel,davis,1981.0,N240D1201981
13480,13479,51402,nigel,davis,1981.0,N240D1201981,51402,nigel,davis,1981.0,N240D1201981
13520,13518,54667,ciro,kuang,2065.0,C600K5202065,54667,ciro,kuang,2065.0,C600K5202065
13538,13536,4389,rashidi,nightingale,1980.0,R230N2351980,4389,rashidi,nightingale,1980.0,R230N2351980
13540,13539,54671,alexander,vega,1994.0,A425V2001994,54671,alexander,vega,1994.0,A425V2001994
13541,13539,54671,alexander,vega,1994.0,A425V2001994,54671,alexander,vega,1994.0,A425V2001994
13541,13540,54671,alexander,vega,1994.0,A425V2001994,54671,alexander,vega,1994.0,A425V2001994
13555,13554,54684,lisa,scott,2070.0,L200S3002070,54684,lisa,scott,2070.0,L200S3002070
13556,13554,54684,lisa,scott,2070.0,L200S3002070,54684,lisa,scott,2070.0,L200S3002070
13556,13555,54684,lisa,scott,2070.0,L200S3002070,54684,lisa,scott,2070.0,L200S3002070
13574,13572,45584,shaun,behn,1979.0,S500B5001979,45584,shaun,behn,1979.0,S500B5001979
13577,13576,54683,david,sanchez,1993.0,D130S5221993,54683,david,sanchez,1993.0,D130S5221993
13586,6833,52826,angel,sanchez,1988.0,A524S5221988,52826,angel,sanchez,1988.0,A524S5221988
13594,13593,54672,nikevis,mitchell,1986.0,N212M3241986,54672,nikevis,mitchell,1986.0,N212M3241986
13597,13596,54705,gerard,mariney,2060.0,G663M6502060,54705,gerard,mariney,2060.0,G663M6502060
13634,13633,54706,patricio,regaldo,2065.0,P362R2432065,54706,patricio,regaldo,2065.0,P362R2432065
13637,13636,54701,ashley,morant,1990.0,A240M6531990,54701,ashley,morant,1990.0,A240M6531990
13649,13647,20064,keliassa,jacques,1978.0,K420J2201978,20064,keliassa,jacques,1978.0,K420J2201978
13667,13665,11077,gregory,white,2064.0,G626W3002064,11077,gregory,white,2064.0,G626W3002064
13672,13671,54729,gorvens,sene,1983.0,G615S5001983,54729,gorvens,sene,1983.0,G615S5001983
13685,13684,54726,sloan,robert,1978.0,S450R1631978,54726,sloan,robert,1978.0,S450R1631978
13690,13689,54730,desmond,jackson,1982.0,D255J2501982,54730,desmond,jackson,1982.0,D255J2501982
13693,13692,54711,shane,johnson,1978.0,S500J5251978,54711,shane,johnson,1978.0,S500J5251978
13715,13713,37774,juan,montoya,1992.0,J500M5301992,37774,juan,montoya,1992.0,J500M5301992
13721,13719,54746,patrick,doliny,2064.0,P362D4502064,54746,patrick,doliny,2064.0,P362D4502064
13723,11049,22888,afred,glinton,1987.0,A163G4531987,22888,afred,glinton,1987.0,A163G4531987
13724,11049,22888,afred,glinton,1987.0,A163G4531987,22888,afred,glinton,1987.0,A163G4531987
13724,13723,22888,afred,glinton,1987.0,A163G4531987,22888,afred,glinton,1987.0,A163G4531987
13732,13731,22507,scotty,golden,1975.0,S300G4351975,22507,scotty,golden,1975.0,S300G4351975
13733,13731,22507,scotty,golden,1975.0,S300G4351975,22507,scotty,golden,1975.0,S300G4351975
13733,13732,22507,scotty,golden,1975.0,S300G4351975,22507,scotty,golden,1975.0,S300G4351975
13738,13737,54744,adrian,sarabia,1983.0,A365S6101983,54744,adrian,sarabia,1983.0,A365S6101983
13739,13737,54744,adrian,sarabia,1983.0,A365S6101983,54744,adrian,sarabia,1983.0,A365S6101983
13739,13738,54744,adrian,sarabia,1983.0,A365S6101983,54744,adrian,sarabia,1983.0,A365S6101983
13745,13743,54750,robson,de souza,1982.0,R125D2201982,54750,robson,de souza,1982.0,R125D2201982
13769,13768,54755,gina,paez,2058.0,G500P2002058,54755,gina,paez,2058.0,G500P2002058
13771,13770,54738,fredrick,hill,2070.0,F636H4002070,54738,fredrick,hill,2070.0,F636H4002070
13772,13770,54738,fredrick,hill,2070.0,F636H4002070,54738,fredrick,hill,2070.0,F636H4002070
13772,13771,54738,fredrick,hill,2070.0,F636H4002070,54738,fredrick,hill,2070.0,F636H4002070
13778,13776,54759,sindy,gourdet,1990.0,S530G6331990,54759,sindy,gourdet,1990.0,S530G6331990
13816,13815,32997,eduardo,perez,1990.0,E363P6201990,32997,eduardo,perez,1990.0,E363P6201990
13819,13818,54769,andria,vassell,2065.0,A536V2402065,54769,andria,vassell,2065.0,A536V2402065
13820,13818,54769,andria,vassell,2065.0,A536V2402065,54769,andria,vassell,2065.0,A536V2402065
13820,13819,54769,andria,vassell,2065.0,A536V2402065,54769,andria,vassell,2065.0,A536V2402065
13828,13827,54776,hugh,rowe,1981.0,H200R0001981,54776,hugh,rowe,1981.0,H200R0001981
13832,13830,34642,joey,willingham,1988.0,J000W4521988,34642,joey,willingham,1988.0,J000W4521988
13838,13836,54779,eric,myers,1975.0,E620M6201975,54779,eric,myers,1975.0,E620M6201975
13843,13842,54783,joffre,tello,1995.0,J160T4001995,54783,joffre,tello,1995.0,J160T4001995
13844,13842,54783,joffre,tello,1995.0,J160T4001995,54783,joffre,tello,1995.0,J160T4001995
13844,13843,54783,joffre,tello,1995.0,J160T4001995,54783,joffre,tello,1995.0,J160T4001995
13853,13852,54763,ivan,peralta,1977.0,I150P6431977,54763,ivan,peralta,1977.0,I150P6431977
13871,13870,54772,vestin,madaire,1995.0,V235M3601995,54772,vestin,madaire,1995.0,V235M3601995
13881,11554,54188,jemeil,mccall,1975.0,J540M2401975,54188,jemeil,mccall,1975.0,J540M2401975
13886,13885,54775,leslie,rex,2058.0,L240R2002058,54775,leslie,rex,2058.0,L240R2002058
13889,13888,54782,dylan,cirillo,1991.0,D450C6401991,54782,dylan,cirillo,1991.0,D450C6401991
13904,13903,54771,kevin,abell,2073.0,K150A1402073,54771,kevin,abell,2073.0,K150A1402073
13934,13932,54796,steve,rosewell,2067.0,S310R2402067,54796,steve,rosewell,2067.0,S310R2402067
13937,13935,54790,alrick,francis,2067.0,A462F6522067,54790,alrick,francis,2067.0,A462F6522067
13946,13944,54803,kenneth,wilson,1987.0,K530W4251987,54803,kenneth,wilson,1987.0,K530W4251987
13955,13953,54821,lancy,duggins,2058.0,L520D2522058,54821,lancy,duggins,2058.0,L520D2522058
13972,13971,54794,derrian,bracey,1992.0,D650B6201992,54794,derrian,bracey,1992.0,D650B6201992
13994,13992,24628,paul,simpson,2063.0,P400S5122063,24628,paul,simpson,2063.0,P400S5122063
13996,13995,54802,jennifer,mclaughlin,1985.0,J516M2421985,54802,jennifer,mclaughlin,1985.0,J516M2421985
14016,7176,2160,jordan,moody,1990.0,J635M3001990,2160,jordan,moody,1990.0,J635M3001990
14020,6676,49848,neville,henry,1992.0,N140H5601992,49848,neville,henry,1992.0,N140H5601992
14020,6677,49848,neville,henry,1992.0,N140H5601992,49848,neville,henry,1992.0,N140H5601992
14024,14022,46409,jack,desrouleaux,1993.0,J200D2641993,46409,jack,desrouleaux,1993.0,J200D2641993
14053,7376,31536,glenn,williams,1989.0,G450W4521989,31536,glenn,williams,1989.0,G450W4521989
14063,14062,54835,johnnie,robinson,2071.0,J500R1522071,54835,johnnie,robinson,2071.0,J500R1522071
14065,14064,54859,robin,spickard,2056.0,R150S1262056,54859,robin,spickard,2056.0,R150S1262056
14069,14068,54827,edward,smith,1994.0,E363S5301994,54827,edward,smith,1994.0,E363S5301994
14086,14085,54830,shane,russell,1993.0,S500R2401993,54830,shane,russell,1993.0,S500R2401993
14104,14103,54863,ariel,santos,2074.0,A640S5322074,54863,ariel,santos,2074.0,A640S5322074
14105,14103,54863,ariel,santos,2074.0,A640S5322074,54863,ariel,santos,2074.0,A640S5322074
14105,14104,54863,ariel,santos,2074.0,A640S5322074,54863,ariel,santos,2074.0,A640S5322074
14174,14173,45838,reuben,paz,2073.0,R150P2002073,45838,reuben,paz,2073.0,R150P2002073
14180,14179,54858,martin,lopez,1975.0,M635L1201975,54858,martin,lopez,1975.0,M635L1201975
14186,14184,46682,alfonso,starling,1992.0,A415S3641992,46682,alfonso,starling,1992.0,A415S3641992
14195,14194,54868,keaira,meilleur,1992.0,K600M4601992,54868,keaira,meilleur,1992.0,K600M4601992
14203,223,9825,jamaal,murray,1984.0,J540M6001984,9825,jamaal,murray,1984.0,J540M6001984
14203,224,9825,jamaal,murray,1984.0,J540M6001984,9825,jamaal,murray,1984.0,J540M6001984
14215,14214,54880,darren,robinson,1985.0,D650R1521985,54880,darren,robinson,1985.0,D650R1521985
14221,14220,54871,michael,bonito,1990.0,M240B5301990,54871,michael,bonito,1990.0,M240B5301990
14222,14220,54871,michael,bonito,1990.0,M240B5301990,54871,michael,bonito,1990.0,M240B5301990
14222,14221,54871,michael,bonito,1990.0,M240B5301990,54871,michael,bonito,1990.0,M240B5301990
14230,14229,54870,lashay,mitchell,1978.0,L200M3241978,54870,lashay,mitchell,1978.0,L200M3241978
14231,14229,54870,lashay,mitchell,1978.0,L200M3241978,54870,lashay,mitchell,1978.0,L200M3241978
14231,14230,54870,lashay,mitchell,1978.0,L200M3241978,54870,lashay,mitchell,1978.0,L200M3241978
14237,14236,54867,latoya,kelly,1993.0,L300K4001993,54867,latoya,kelly,1993.0,L300K4001993
14252,14251,34677,dina,dawson,2070.0,D500D2502070,34677,dina,dawson,2070.0,D500D2502070
14270,14268,54878,eric,saddler,2064.0,E620S3462064,54878,eric,saddler,2064.0,E620S3462064
14272,14271,6776,tanarvis,lawhorn,1987.0,T561L6501987,6776,tanarvis,lawhorn,1987.0,T561L6501987
14275,14274,54891,marcia,hosper,2058.0,M620H2162058,54891,marcia,hosper,2058.0,M620H2162058
14324,14322,54896,patricia,yates,2059.0,P362Y3202059,54896,patricia,yates,2059.0,P362Y3202059
14339,14337,21565,henry,carter,1986.0,H560C6361986,21565,henry,carter,1986.0,H560C6361986
14342,14341,54899,ryan,dundas,1989.0,R500D5321989,54899,ryan,dundas,1989.0,R500D5321989
14345,14344,36402,anthony,mcdougle,1978.0,A535M2321978,36402,anthony,mcdougle,1978.0,A535M2321978
14351,14350,54905,walter,gillett,2072.0,W436G4302072,54905,walter,gillett,2072.0,W436G4302072
14374,14373,54903,edward,tuck,2058.0,E363T2002058,54903,edward,tuck,2058.0,E363T2002058
14387,14385,49056,james,mcneal,2071.0,J520M2542071,49056,james,mcneal,2071.0,J520M2542071
14396,14395,54922,william,carter,2061.0,W450C6362061,54922,william,carter,2061.0,W450C6362061
14397,5779,44649,deanna,rodriguez,1987.0,D500R3621987,44649,deanna,rodriguez,1987.0,D500R3621987
14397,13002,44649,deanna,rodriguez,1987.0,D500R3621987,44649,deanna,rodriguez,1987.0,D500R3621987
14419,14418,54913,jason,torres,1987.0,J250T6201987,54913,jason,torres,1987.0,J250T6201987
14437,14436,54920,tdnhxz,dean,1978.0,T520D5001978,54920,taneka,dean,1978.0,T520D5001978
14442,10107,54919,olden,mckinnis,1982.0,O435M2521982,46035,olden,mckinnes,1982.0,O435M2521982
14443,10107,54919,olden,mckinnis,1982.0,O435M2521982,46035,olden,mckinnes,1982.0,O435M2521982
14443,14442,54919,olden,mckinnis,1982.0,O435M2521982,54919,olden,mckinnis,1982.0,O435M2521982
14456,14454,54345,kristen,marciniak,1992.0,K623M6251992,54345,kristen,marciniak,1992.0,K623M6251992
14465,14463,25778,joshua,frazier,1991.0,J200F6261991,25778,joshua,frazier,1991.0,J200F6261991
14480,14478,54937,yuniel,arteaga,1983.0,Y540A6321983,54937,yuniel,arteaga,1983.0,Y540A6321983
14491,14490,32881,daniel,miller,1985.0,D540M4601985,32881,daniel,miller,1985.0,D540M4601985
14501,14500,54935,maria,moreno-delfosse,1978.0,M600M6531978,54935,maria,moreno-delfosse,1978.0,M600M6531978
14503,14502,54938,rafael,rossi,1990.0,R140R2001990,54938,rafael,rossi,1990.0,R140R2001990
14521,14520,20309,joseph,keel,1983.0,J210K4001983,20309,joseph,keel,1983.0,J210K4001983
14540,14538,54970,christian,heran,1976.0,C623H6501976,54970,christian,heran,1976.0,C623H6501976
14546,14544,54990,james,thompson,2051.0,J520T5122051,54990,james,thompson,2051.0,J520T5122051
14572,14571,54961,robson,figueiredo,2066.0,R125F2632066,54961,robson,figueiredo,2066.0,R125F2632066
14590,14589,54997,maria,isaza,2069.0,M600I2202069,54997,maria,isaza,2069.0,M600I2202069
14621,14620,54971,brian,gago,1985.0,B650G2001985,54971,brian,gago,1985.0,B650G2001985
14629,14628,54958,schante,wiggins,1984.0,S530W2521984,54958,schante,wiggins,1984.0,S530W2521984
14632,14631,54966,crzstephn,zambrano,1985.0,C623Z5161985,54966,cristhian,zambrano,1985.0,C623Z5161985
14633,14631,54966,cristhian,zambrano,1985.0,C623Z5161985,54966,cristhian,zambrano,1985.0,C623Z5161985
14633,14632,54966,cristhian,zambrano,1985.0,C623Z5161985,54966,crzstephn,zambrano,1985.0,C623Z5161985
14647,14646,54955,earl,sharp,2071.0,E640S6102071,54955,earl,sharp,2071.0,E640S6102071
14668,14667,40883,brandon,chisholm,1986.0,B653C2451986,40883,brandon,chisholm,1986.0,B653C2451986
14671,14670,54992,jose,torres,2057.0,J200T6202057,54992,jose,torres,2057.0,J200T6202057
14675,14674,49551,alkwansgia,dalton,1990.0,A425D4351990,49551,alexandria,dalton,1990.0,A425D4351990
14713,14712,1225,stanley,sthilaire,1990.0,S354S3461990,1225,stanley,sthilaire,1990.0,S354S3461990
14744,14743,55006,marvin,hill,2065.0,M615H4002065,55006,marvin,hill,2065.0,M615H4002065
14755,14754,51612,zachary,moore,1993.0,Z260M6001993,51612,zachary,moore,1993.0,Z260M6001993
14822,14821,55024,carlos,martinez,1979.0,C642M6351979,55024,carlos,martinez,1979.0,C642M6351979
14861,14860,55038,wilfred,conille,1979.0,W416C5401979,55038,wilfred,conille,1979.0,W416C5401979
14864,14863,55039,eihab,farraj,1994.0,E100F6201994,55039,eihab,farraj,1994.0,E100F6201994
14884,14883,55061,marcy,leigh,2068.0,M620L2002068,55061,marcy,leigh,2068.0,M620L2002068
14890,14889,55043,matthew,thomas,1983.0,M300T5201983,55043,matthew,thomas,1983.0,M300T5201983
14891,14889,55043,matthew,thomas,1983.0,M300T5201983,55043,matthew,thomas,1983.0,M300T5201983
14891,14890,55043,matthew,thomas,1983.0,M300T5201983,55043,matthew,thomas,1983.0,M300T5201983
14909,14908,43281,bradford,crayton,1988.0,B631C6351988,43281,bradford,crayton,1988.0,B631C6351988
14917,14916,33823,dequontra,perdue,1993.0,D253P6301993,33823,dequontra,perdue,1993.0,D253P6301993
14940,2576,39772,michael,williams,1993.0,M240W4521993,51593,michael,williams,1993.0,M240W4521993
14945,14943,10787,james,frederick,1975.0,J520F6361975,10787,james,frederick,1975.0,J520F6361975
14960,14958,55068,elexis,garcia,2066.0,E422G6202066,55068,elexis,garcia,2066.0,E422G6202066
14965,14964,30377,michael,carrier,1991.0,M240C6601991,30377,michael,carrier,1991.0,M240C6601991
14966,14964,30377,michael,carrier,1991.0,M240C6601991,30377,michael,carrier,1991.0,M240C6601991
14966,14965,30377,michael,carrier,1991.0,M240C6601991,30377,michael,carrier,1991.0,M240C6601991
14981,14979,55072,paul,hubbard,2055.0,P400H1632055,55072,paul,hubbard,2055.0,P400H1632055
15005,15003,55075,lenaris,pope,1984.0,L562P1001984,55075,lenaris,pope,1984.0,L562P1001984
15037,15036,55078,stacey,lewis,1978.0,S320L2001978,55078,stacey,lewis,1978.0,S320L2001978
15038,15036,55078,stacey,lewis,1978.0,S320L2001978,55078,stacey,lewis,1978.0,S320L2001978
15038,15037,55078,stacey,lewis,1978.0,S320L2001978,55078,stacey,lewis,1978.0,S320L2001978
15047,15045,55089,alberto,pagan,1988.0,A416P2501988,55089,alberto,pagan,1988.0,A416P2501988
15050,15048,55090,gian,cardona,1995.0,G500C6351995,55090,gian,cardona,1995.0,G500C6351995
15062,15060,44850,eric,barker,1989.0,E620B6261989,44850,eric,barker,1989.0,E620B6261989
15068,15067,55079,steven,johnson,2067.0,S315J5252067,55079,steven,johnson,2067.0,S315J5252067
15080,15079,55102,alan,malone,1981.0,A450M4501981,55102,alan,malone,1981.0,A450M4501981
15085,15084,55095,david,swan,2057.0,D130S5002057,55095,david,swan,2057.0,D130S5002057
15130,15129,55119,brittany,funchess,1990.0,B635F5221990,55119,brittany,funchess,1990.0,B635F5221990
15134,15133,55120,deborah,demenezes,1985.0,D160D5521985,55120,deborah,demenezes,1985.0,D160D5521985
15143,15142,55132,linda,mcclain,2049.0,L530M2452049,55132,linda,mcclain,2049.0,L530M2452049
15145,15144,55126,alexander,pauleuc,1990.0,A425P4201990,55126,alexander,pauleuc,1990.0,A425P4201990
15166,15165,55114,rashun,brown,1992.0,R250B6501992,55114,rashun,brown,1992.0,R250B6501992
15170,15169,55124,robert,helvie,2070.0,R163H4102070,55124,robert,helvie,2070.0,R163H4102070
15209,15208,55118,carly,lipper,1987.0,C640L1601987,55118,carly,lipper,1987.0,C640L1601987
15211,15210,35141,annquinette,rucker,1992.0,A525R2601992,35141,annquinette,rucker,1992.0,A525R2601992
15239,15238,55146,jonathan,lopez,1990.0,J535L1201990,55146,jonathan,lopez,1990.0,J535L1201990
15252,8644,55169,anthony,wright,1990.0,A535W6231990,53342,anthony,wright,1990.0,A535W6231990
15253,8644,55169,anthony,wright,1990.0,A535W6231990,53342,anthony,wright,1990.0,A535W6231990
15253,15252,55169,anthony,wright,1990.0,A535W6231990,55169,anthony,wright,1990.0,A535W6231990
15254,8644,55169,anthony,wright,1990.0,A535W6231990,53342,anthony,wright,1990.0,A535W6231990
15254,15252,55169,anthony,wright,1990.0,A535W6231990,55169,anthony,wright,1990.0,A535W6231990
15254,15253,55169,anthony,wright,1990.0,A535W6231990,55169,anthony,wright,1990.0,A535W6231990
15256,15255,41432,marvel,torres,1977.0,M614T6201977,41432,marvel,torres,1977.0,M614T6201977
15317,15316,55149,lawrence,williams,1992.0,L652W4521992,55149,lawrence,williams,1992.0,L652W4521992
15335,15334,55150,thomas,milunec,2054.0,T520M4522054,55150,thomas,milunec,2054.0,T520M4522054
15349,15348,55143,malcolm,ricks,1990.0,M424R2001990,55143,malcolm,ricks,1990.0,M424R2001990
15360,12354,54393,chad,navoy,1979.0,C300N1001979,54393,chad,navoy,1979.0,C300N1001979
15362,12354,54393,chad,navoy,1979.0,C300N1001979,54393,chad,navoy,1979.0,C300N1001979
15362,15360,54393,chad,navoy,1979.0,C300N1001979,54393,chad,navoy,1979.0,C300N1001979
15370,15369,55179,maximo,canizalez,2073.0,M250C5242073,55179,maximo,canizalez,2073.0,M250C5242073
15371,15369,55179,maximo,canizalez,2073.0,M250C5242073,55179,maximo,canizalez,2073.0,M250C5242073
15371,15370,55179,maximo,canizalez,2073.0,M250C5242073,55179,maximo,canizalez,2073.0,M250C5242073
15374,15373,55194,jermaine,john,1987.0,J655J5001987,55194,jermaine,john,1987.0,J655J5001987
15379,15378,55175,brantil,williams,1989.0,B653W4521989,55175,brantil,williams,1989.0,B653W4521989
15386,15384,55177,patricia,woods,1985.0,P362W3201985,55177,patricia,woods,1985.0,P362W3201985
15443,15441,55182,jared,lorenz,1991.0,J630L6521991,55182,jared,lorenz,1991.0,J630L6521991
15453,6553,52746,daniel,vanbronkhorst,1990.0,D540V5161990,52746,daniel,vanbronkhorst,1990.0,D540V5161990
15464,15462,55213,daniel,beaupre,2062.0,D540B1602062,55213,daniel,beaupre,2062.0,D540B1602062
15467,15466,55206,stuart,rubin,2054.0,S363R1502054,55206,stuart,rubin,2054.0,S363R1502054
15485,15483,55201,ralford,lindsay,1978.0,R416L5321978,55201,ralford,lindsay,1978.0,R416L5321978
15491,15490,55211,dalonnte,king,1984.0,D453K5201984,55211,dalonnte,king,1984.0,D453K5201984
15514,15513,46487,hughes-stoll,christine,2065.0,H223C6232065,46487,hughes-stoll,christine,2065.0,H223C6232065
15521,15519,55217,norberto,nieves,1985.0,N616N1201985,55217,norberto,nieves,1985.0,N616N1201985
15529,15528,55218,james,robinson,1993.0,J520R1521993,55218,james,robinson,1993.0,J520R1521993
15530,15528,55218,james,robinson,1993.0,J520R1521993,55218,james,robinson,1993.0,J520R1521993
15530,15529,55218,james,robinson,1993.0,J520R1521993,55218,james,robinson,1993.0,J520R1521993
15560,15558,55221,cxrisdupmer,tippett,2071.0,C623T1302071,55221,christopher,tippett,2071.0,C623T1302071
15562,15561,55237,chenet,samson,2069.0,C530S5252069,55237,chenet,samson,2069.0,C530S5252069
15569,15568,55223,isabel,veliz,1987.0,I214V4201987,55223,isabel,veliz,1987.0,I214V4201987
15584,15582,55248,lizzethe,rivas,1983.0,L230R1201983,55248,lizzethe,rivas,1983.0,L230R1201983
15605,15603,55247,albert,venereo,1990.0,A416V5601990,55247,albert,venereo,1990.0,A416V5601990
15607,15606,55253,jyscjv,puccio,2064.0,J210P2002064,55253,joseph,puccio,2064.0,J210P2002064
15638,15636,55251,frankie,dallas,1994.0,F652D4201994,55251,frankie,dallas,1994.0,F652D4201994
15680,15679,28146,thelma,ross,2060.0,T450R2002060,28146,thelma,ross,2060.0,T450R2002060
15694,15693,55268,melissa,mccaffery,1984.0,M420M2161984,55268,melissa,mccaffery,1984.0,M420M2161984
15700,15699,55265,jeffery,fetters,2059.0,J160F3622059,55265,jeffery,fetters,2059.0,J160F3622059
15707,15706,55274,roderick,screen,1976.0,R362S6501976,55274,roderick,screen,1976.0,R362S6501976
15716,15715,33431,dennis,rodriguez,2060.0,D520R3622060,33431,dennis,rodriguez,2060.0,D520R3622060
15734,15733,49955,jean,adme,2063.0,J500A3502063,49955,jean,adme,2063.0,J500A3502063
15740,15739,55292,tavarius,robinson,1981.0,T162R1521981,55292,tavarius,robinson,1981.0,T162R1521981
15787,15786,55295,francisco,aparicio,1986.0,F652A1621986,55295,francisco,aparicio,1986.0,F652A1621986
15805,15804,42435,xristal,kakonikos,1989.0,X623K2521989,42435,xristal,kakonikos,1989.0,X623K2521989
15811,15810,55306,elsie,figueroa,2068.0,E420F2602068,55306,elsie,figueroa,2068.0,E420F2602068
15836,15834,55307,markland,anderson,1977.0,M624A5361977,55307,markland,anderson,1977.0,M624A5361977
15857,15856,55318,amy,vassor stewart,1975.0,A500V2621975,55318,amy,vassor stewart,1975.0,A500V2621975
15881,15880,55315,lucious,johnson,2056.0,L220J5252056,55315,lucious,johnson,2056.0,L220J5252056
15884,15883,55327,stephine,young,1978.0,S315Y5201978,55327,stephine,young,1978.0,S315Y5201978
15899,15897,55334,shanika,worthy,1991.0,S520W6301991,55334,shanika,worthy,1991.0,S520W6301991
15909,11021,54062,diana,rjoaq,2003.0,D500R2202003,54062,diana,rgjak,2003.0,D500R2202003
15919,15918,55328,dakenson,placide,1981.0,D252P4231981,55328,dakenson,placide,1981.0,D252P4231981
15940,15939,55326,daniel,cleary,2062.0,D540C4602062,55326,daniel,cleary,2062.0,D540C4602062
15959,15958,55340,rhonda,clements,1988.0,R530C4551988,55340,rhonda,clements,1988.0,R530C4551988
15988,15987,55344,ravi,ramnarain,1979.0,R100R5651979,55344,ravi,ramnarain,1979.0,R100R5651979
15991,15990,55360,melissa,sanchez,1992.0,M420S5221992,55360,melissa,sanchez,1992.0,M420S5221992
15994,15993,55353,watkins,keenya,1980.0,W325K5001980,55353,watkins,keenya,1980.0,W325K5001980
16015,1898,51369,timothy,bass,1986.0,T530B2001986,51369,timothy,bass,1986.0,T530B2001986
16031,16030,50059,jose,acevedo,1976.0,J200A2131976,50059,jose,acevedo,1976.0,J200A2131976
16046,16045,55373,sventz,laurent,1989.0,S153L6531989,55373,sventz,laurent,1989.0,S153L6531989
16057,16056,55372,allison,watson,2062.0,A425W3252062,55372,allison,watson,2062.0,A425W3252062
16067,16066,55371,edward,reid,2058.0,E363R3002058,55371,edward,reid,2058.0,E363R3002058
16070,16068,55374,elizabeth,lopez,1982.0,E421L1201982,55374,elizabeth,lopez,1982.0,E421L1201982
16090,16089,55376,widler,vilceus,1975.0,W346V4221975,55376,widler,vilceus,1975.0,W346V4221975
16096,16095,55393,timothy,hasse,2070.0,T530H2002070,55393,timothy,hasse,2070.0,T530H2002070
16097,16095,55393,timothy,hasse,2070.0,T530H2002070,55393,timothy,hasse,2070.0,T530H2002070
16097,16096,55393,timothy,hasse,2070.0,T530H2002070,55393,timothy,hasse,2070.0,T530H2002070
16108,16107,55404,rodney,lewis,2060.0,R350L2002060,55404,rodney,lewis,2060.0,R350L2002060
16118,16116,43141,deborah,hott,1979.0,D160H3001979,43141,deborah,hott,1979.0,D160H3001979
16133,16131,50017,latefah,smith,1990.0,L310S5301990,50017,latefah,smith,1990.0,L310S5301990
16160,16159,55384,frank,kovacs,2067.0,F652K1202067,55384,frank,kovacs,2067.0,F652K1202067
16162,16161,55389,felix,almador,2071.0,F420A4532071,55389,felix,almador,2071.0,F420A4532071
16174,16173,55412,aaron,marshall,1975.0,A650M6241975,55412,aaron,marshall,1975.0,A650M6241975
16187,16185,49444,carlos,prada-salaues,2048.0,C642P6322048,49444,carlos,prada-salaues,2048.0,C642P6322048
16189,16188,55420,jermane,fearon,1984.0,J655F6501984,55420,jermane,fearon,1984.0,J655F6501984
16195,16194,13742,patrick,james,1991.0,P362J5201991,13742,patrick,james,1991.0,P362J5201991
16198,16197,55423,tafari,young,2071.0,T160Y5202071,55423,tafari,young,2071.0,T160Y5202071
16199,16197,55423,tafari,young,2071.0,T160Y5202071,55423,tafari,young,2071.0,T160Y5202071
16199,16198,55423,tafari,young,2071.0,T160Y5202071,55423,tafari,young,2071.0,T160Y5202071
16205,16204,32188,brian,bueler,1993.0,B650B4601993,32188,brian,bueler,1993.0,B650B4601993
16220,16218,55413,rebecca,hood,1989.0,R120H3001989,55413,rebecca,hood,1989.0,R120H3001989
16277,16276,55442,juan,vasquez,2070.0,J500V2202070,55442,juan,vasquez,2070.0,J500V2202070
16304,16303,55446,david,papp,1975.0,D130P1001975,55446,david,papp,1975.0,D130P1001975
16334,16332,55471,malachi,wilson,2057.0,M420W4252057,55471,malachi,wilson,2057.0,M420W4252057
16339,3972,55455,scott,botkin,2069.0,S300B3252069,34206,scott,botkin,2069.0,S300B3252069
16339,3973,55455,scott,botkin,2069.0,S300B3252069,34206,scott,botkin,2069.0,S300B3252069
16339,3974,55455,scott,botkin,2069.0,S300B3252069,34206,scott,botkin,2069.0,S300B3252069
16369,16368,55463,macy,keen,1993.0,M200K5001993,55463,macy,keen,1993.0,M200K5001993
16382,16381,32511,junior,terlonge,1986.0,J560T6451986,32511,junior,terlonge,1986.0,J560T6451986
16396,16395,55473,kory,balestrieri,1979.0,K600B4231979,55473,kory,balestrieri,1979.0,K600B4231979
16405,16404,55489,eric,francois,1985.0,E620F6521985,55489,eric,francois,1985.0,E620F6521985
16406,16404,55489,eric,francois,1985.0,E620F6521985,55489,eric,francois,1985.0,E620F6521985
16406,16405,55489,eric,francois,1985.0,E620F6521985,55489,eric,francois,1985.0,E620F6521985
16409,16407,55487,john,rapp,2058.0,J500R1002058,55487,john,rapp,2058.0,J500R1002058
16427,16425,55479,adam,hernandez,2049.0,A350H6552049,55479,adam,hernandez,2049.0,A350H6552049
16445,16444,55500,fernando,guarcas-castro,1985.0,F655G6221985,55500,fernando,guarcas-castro,1985.0,F655G6221985
16463,16462,49346,walter,sluyter,2059.0,W436S4362059,49346,walter,sluyter,2059.0,W436S4362059
16465,16464,55495,alonzo,marsh,1987.0,A452M6201987,55495,alonzo,marsh,1987.0,A452M6201987
16472,16470,55505,javier,schoolfield,1990.0,J160S4141990,55505,javier,schoolfield,1990.0,J160S4141990
16505,16503,55521,pamela,corriveau,2059.0,P540C6102059,55521,pamela,corriveau,2059.0,P540C6102059
16525,16524,55518,james,ohare,2061.0,J520O6002061,55518,james,ohare,2061.0,J520O6002061
16526,16524,55518,james,ohare,2061.0,J520O6002061,55518,james,ohare,2061.0,J520O6002061
16526,16525,55518,james,ohare,2061.0,J520O6002061,55518,james,ohare,2061.0,J520O6002061
16541,16540,39743,paul,querze,2069.0,P400Q6202069,39743,paul,querze,2069.0,P400Q6202069
16559,16557,55543,kathy,floris,2058.0,K300F4622058,55543,kathy,floris,2058.0,K300F4622058
16570,16569,55545,robert,williams,2064.0,R163W4522064,55545,robert,williams,2064.0,R163W4522064
16586,16584,55546,jeffrey,shaw,2061.0,J160S0002061,55546,jeffrey,shaw,2061.0,J160S0002061
16609,16608,55544,javier,tellez,1988.0,J160T4201988,55544,javier,tellez,1988.0,J160T4201988
16686,8926,47136,alexander,lamanna,1992.0,A425L5501992,47136,alexander,lamanna,1992.0,A425L5501992
16696,16695,55575,yan,diaz-gomez,1991.0,Y500D2521991,55575,yan,diaz-gomez,1991.0,Y500D2521991
16708,16707,11871,courtney,vanhorne,1983.0,C635V5651983,11871,courtney,vanhorne,1983.0,C635V5651983
16712,16711,7448,edward,hernandez,2055.0,E363H6552055,7448,edward,hernandez,2055.0,E363H6552055
16721,16720,55578,joanna,gayle,1985.0,J500G4001985,55578,joanna,gayle,1985.0,J500G4001985
16736,16734,43501,joshua,johnson,1988.0,J200J5251988,43501,joshua,johnson,1988.0,J200J5251988
16759,16758,55566,caroline,givens,1988.0,C645G1521988,55566,caroline,givens,1988.0,C645G1521988
16783,16782,55599,lizzette,costa,2073.0,L230C2302073,55599,lizzette,costa,2073.0,L230C2302073
16784,16782,55599,lizzette,costa,2073.0,L230C2302073,55599,lizzette,costa,2073.0,L230C2302073
16784,16783,55599,lizzette,costa,2073.0,L230C2302073,55599,lizzette,costa,2073.0,L230C2302073
16792,16791,55596,pedro,juarezdomingo,1988.0,P360J6231988,55596,pedro,jharugdoeingo,1988.0,P360J6231988
16798,16797,55608,herman,laboriel,2051.0,H655L1642051,55608,herman,laboriel,2051.0,H655L1642051
16799,16797,55608,herman,laboriel,2051.0,H655L1642051,55608,herman,laboriel,2051.0,H655L1642051
16799,16798,55608,herman,laboriel,2051.0,H655L1642051,55608,herman,laboriel,2051.0,H655L1642051
16814,16813,55595,amanda,ferguson,2072.0,A553F6222072,55595,amanda,ferguson,2072.0,A553F6222072
16829,16828,55609,michy,jean-pierre,1983.0,M200J5161983,55609,michy,jean-pierre,1983.0,M200J5161983
16850,16849,55593,brian,dunn,2064.0,B650D5002064,55593,brian,dunn,2064.0,B650D5002064
16853,16852,55598,gary,marrow,2052.0,G600M6002052,55598,gary,marrow,2052.0,G600M6002052
16886,16885,2015,darnell,duncan,1990.0,D654D5251990,2015,darnell,duncan,1990.0,D654D5251990
16889,16887,37654,paul,plunkett,1984.0,P400P4521984,37654,paul,plunkett,1984.0,P400P4521984
16901,16900,55622,crystal,thomas,2071.0,C623T5202071,55622,crystal,thomas,2071.0,C623T5202071
16913,16911,55636,gregory,pierresaint,1983.0,G626P6251983,55636,gregory,pierresaint,1983.0,G626P6251983
16925,16923,55649,gerclure,lindor,1989.0,G624L5361989,55649,gerclure,lindor,1989.0,G624L5361989
16957,16956,55648,brian,parker,2065.0,B650P6262065,55648,brian,parker,2065.0,B650P6262065
16959,1542,45346,kennan,watson,1988.0,K550W3251988,45346,kennan,watson,1988.0,K550W3251988
16959,1543,45346,kennan,watson,1988.0,K550W3251988,45346,kennan,watson,1988.0,K550W3251988
16959,1544,45346,kennan,watson,1988.0,K550W3251988,45346,kennan,watson,1988.0,K550W3251988
16960,1542,45346,kennan,watson,1988.0,K550W3251988,45346,kennan,watson,1988.0,K550W3251988
16960,1543,45346,kennan,watson,1988.0,K550W3251988,45346,kennan,watson,1988.0,K550W3251988
16960,1544,45346,kennan,watson,1988.0,K550W3251988,45346,kennan,watson,1988.0,K550W3251988
16960,16959,45346,kennan,watson,1988.0,K550W3251988,45346,kennan,watson,1988.0,K550W3251988
17030,17028,40230,dwayne,singh,1983.0,D500S5201983,40230,dwayne,singh,1983.0,D500S5201983
17035,17034,55669,robert,langsten,1990.0,R163L5231990,55669,robert,langsten,1990.0,R163L5231990
17041,17040,55664,alberto,solorio,2061.0,A416S4602061,55664,alberto,solorio,2061.0,A416S4602061
17042,17040,55664,alberto,solorio,2061.0,A416S4602061,55664,alberto,solorio,2061.0,A416S4602061
17042,17041,55664,alberto,solorio,2061.0,A416S4602061,55664,alberto,solorio,2061.0,A416S4602061
17051,17050,55691,demond,burch,1982.0,D553B6201982,55691,demond,burch,1982.0,D553B6201982
17052,7917,55686,anthomny,grab,1989.0,A535G6101989,53157,anthony,grab,1989.0,A535G6101989
17059,17058,55687,vashti,newsome,1982.0,V230N2501982,55687,vashti,newsome,1982.0,V230N2501982
17069,17068,55700,dylan,erb,1994.0,D450E6101994,55700,dylan,erb,1994.0,D450E6101994
17083,17082,55694,david,parrish,2074.0,D130P6202074,55694,david,parrish,2074.0,D130P6202074
17090,17089,55688,cristian,calderon,1985.0,C623C4361985,55688,cristian,calderon,1985.0,C623C4361985
17101,17100,55703,bryan,lomas,1989.0,B650L5201989,55703,bryan,lomas,1989.0,B650L5201989
17105,17103,55705,joe,jackson,1979.0,J000J2501979,55705,joe,jackson,1979.0,J000J2501979
17108,17106,55709,erik,wantuck,2067.0,E620W5322067,55709,erik,wantuck,2067.0,E620W5322067
17117,17116,55712,jennifer,nguyen,1989.0,J516N2501989,55712,jennifer,nguyen,1989.0,J516N2501989
17150,17148,55727,adler,corvil,1995.0,A346C6141995,55727,adler,corvil,1995.0,A346C6141995
17156,17154,55733,sara,woodlief,1976.0,S600W3411976,55733,sara,woodlief,1976.0,S600W3411976
17161,17160,55717,alisa,miranda,1989.0,A420M6531989,55717,alisa,miranda,1989.0,A420M6531989
17168,17167,49019,kevin,gallagher,2057.0,K150G4262057,49019,kevin,gallagher,2057.0,K150G4262057
17183,17182,55749,blackwood,marqlnfr,1978.0,B423M6241978,55749,blackwood,markland,1978.0,B423M6241978
17185,17184,55748,jasmine,hamilton,1993.0,J255H5431993,55748,jasmine,hamilton,1993.0,J255H5431993
17186,17184,55748,jasmine,hamilton,1993.0,J255H5431993,55748,jasmine,hamilton,1993.0,J255H5431993
17186,17185,55748,jasmine,hamilton,1993.0,J255H5431993,55748,jasmine,hamilton,1993.0,J255H5431993
17195,17193,55740,emmanuel,john,1981.0,E554J5001981,55740,emmanuel,john,1981.0,E554J5001981
17198,17197,55745,christopher,carver,1990.0,C623C6161990,55745,chrostogrrr,carver,1990.0,C623C6161990
17207,17206,55746,marlana,moreland,2063.0,M645M6452063,55746,marlana,moreland,2063.0,M645M6452063
17219,17217,55741,matthew,murphy,1986.0,M300M6101986,55741,matthew,murphy,1986.0,M300M6101986
17224,17223,55754,troy,bishop,2074.0,T600B2102074,55754,troy,bishop,2074.0,T600B2102074
17225,17223,55754,troy,bishop,2074.0,T600B2102074,55754,troy,bishop,2074.0,T600B2102074
17225,17224,55754,troy,bishop,2074.0,T600B2102074,55754,troy,bishop,2074.0,T600B2102074
17227,17226,55744,jorge,vasquez,1981.0,J620V2201981,55744,jorge,vasquez,1981.0,J620V2201981
17228,17226,55744,jorge,vasquez,1981.0,J620V2201981,55744,jorge,vasquez,1981.0,J620V2201981
17228,17227,55744,jorge,vasquez,1981.0,J620V2201981,55744,jorge,vasquez,1981.0,J620V2201981
17230,17222,55738,charles,crawford,2056.0,C642C6162056,55738,charles,crawford,2056.0,C642C6162056
17246,17245,34398,jamal,riley,1990.0,J540R4001990,34398,jamal,riley,1990.0,J540R4001990
17279,17277,40770,lionel,charles,1987.0,L540C6421987,40770,lionel,charles,1987.0,L540C6421987
17317,17316,55778,corey,brady,1982.0,C600B6301982,55778,corey,brady,1982.0,C600B6301982
17321,17320,55792,ambrosia,sherrell,1993.0,A516S6401993,55792,ambrosia,sherrell,1993.0,A516S6401993
17335,17334,55775,thomas,baldwin,1994.0,T520B4351994,55775,thomas,baldwin,1994.0,T520B4351994
17336,17334,55775,thomas,baldwin,1994.0,T520B4351994,55775,thomas,baldwin,1994.0,T520B4351994
17336,17335,55775,thomas,baldwin,1994.0,T520B4351994,55775,thomas,baldwin,1994.0,T520B4351994
17347,17346,55790,miazotiann,white,1985.0,M235W3001985,55790,miazotiann,white,1985.0,M235W3001985
17350,17349,55785,noel,enriquez,2071.0,N400E5622071,55785,noel,enrctnvz,2071.0,N400E5622071
17351,17349,55785,noel,enriquez,2071.0,N400E5622071,55785,noel,enrctnvz,2071.0,N400E5622071
17351,17350,55785,noel,enriquez,2071.0,N400E5622071,55785,noel,enriquez,2071.0,N400E5622071
17356,17355,55793,sem,joseph,2070.0,S500J2102070,55793,sem,joseph,2070.0,S500J2102070
17360,17359,55655,cheryl,del pozo,2065.0,C640D4122065,55655,cheryl,del pozo,2065.0,C640D4122065
17366,17365,55789,robert,gutierrez,2065.0,R163G3622065,55789,robert,gutierrez,2065.0,R163G3622065
17375,17373,55780,gabriella,guzman,1982.0,G164G2551982,55780,gabriella,guzman,1982.0,G164G2551982
17383,17382,39850,matthew,vannostrand,1992.0,M300V5231992,39850,matthew,vinnostnadi,1992.0,M300V5231992
17390,17388,2116,john,hanson,2057.0,J500H5252057,2116,john,hanson,2057.0,J500H5252057
17405,17404,13400,fabian,frazier,1991.0,F150F6261991,13400,fabian,frazier,1991.0,F150F6261991
17410,17409,49420,perry,bray,2061.0,P600B6002061,49420,perry,bray,2061.0,P600B6002061
17423,17421,55796,oscar,pope,2064.0,O260P1002064,55796,oscar,pope,2064.0,O260P1002064
17432,17430,55818,jehan,gersbach,1988.0,J500G6211988,55818,jehan,gersbach,1988.0,J500G6211988
17444,17442,55805,james,conroy,1980.0,J520C5601980,55805,james,conroy,1980.0,J520C5601980
17447,17445,55811,stephanie,waldrop,1990.0,S315W4361990,55811,stephanie,waldrop,1990.0,S315W4361990
17450,17449,54342,lawrence,bocksey,2050.0,L652B2002050,54342,lawrence,bocksey,2050.0,L652B2002050
17467,17466,55823,christina,jackson,1977.0,C623J2501977,55823,christina,jackson,1977.0,C623J2501977
17468,17466,55823,christina,jackson,1977.0,C623J2501977,55823,christina,jackson,1977.0,C623J2501977
17468,17467,55823,christina,jackson,1977.0,C623J2501977,55823,christina,jackson,1977.0,C623J2501977
17480,17478,54636,londell,monroe,2067.0,L534M5602067,54636,londell,monroe,2067.0,L534M5602067
17486,17485,55814,krystal,davis,1981.0,K623D1201981,55814,krystal,davis,1981.0,K623D1201981
17539,17538,24607,steven,mcgowin,2066.0,S315M2502066,24607,steven,mcgowin,2066.0,S315M2502066
17587,17586,55847,fredrick,corporal,1982.0,F636C6161982,55847,fredrick,corporal,1982.0,F636C6161982
17594,17593,55844,rosa,gpomez,1982.0,R200G1521982,55844,rosa,gpomez,1982.0,R200G1521982
17630,16211,55421,diego,rocha,1990.0,D200R2001990,55421,diego,rocha,1990.0,D200R2001990
17636,17634,55871,alberto,cofresi,1981.0,A416C1621981,55871,alberto,cofresi,1981.0,A416C1621981
17642,17641,55876,marco,rodriguez,2070.0,M620R3622070,55876,marco,rodriguez,2070.0,M620R3622070
17684,17682,55875,janusz,sobczak,2066.0,J520S1222066,55875,janusz,sobczak,2066.0,J520S1222066
17693,17692,55884,cameron,keintz,1994.0,C565K5321994,55884,cameron,keintz,1994.0,C565K5321994
17744,17743,55894,karla,rosales-tobias,1979.0,K640R2421979,55894,karla,rosales-tobias,1979.0,K640R2421979
17747,17745,55906,wuetnaw,bennett,1993.0,W350B5301993,55906,whitney,bennett,1993.0,W350B5301993
17753,17459,45248,kapil,ramsay,1987.0,K140R5201987,45248,kapil,ramsay,1987.0,K140R5201987
17755,17754,55890,julia,yulchevskaya,1983.0,J400Y4211983,55890,julia,yulcbzvstayj,1983.0,J400Y4211983
17759,17757,32013,mizraim,santiago,1981.0,M265S5321981,32013,mizraim,santiago,1981.0,M265S5321981
17773,17772,55908,ali,irfan,1992.0,A400I6151992,55908,ali,irfan,1992.0,A400I6151992
17779,17778,55915,mark,mohammed,1977.0,M620M5301977,55915,mark,mohammed,1977.0,M620M5301977
17780,17778,55915,mark,mohammed,1977.0,M620M5301977,55915,mark,mohammed,1977.0,M620M5301977
17780,17779,55915,mark,mohammed,1977.0,M620M5301977,55915,mark,mohammed,1977.0,M620M5301977
17816,17814,55917,luis,buitrago,2067.0,L200B3622067,55917,luis,buitrago,2067.0,L200B3622067
17834,17832,55927,alonso,delcarpio,1984.0,A452D4261984,55927,alonso,delcarpio,1984.0,A452D4261984
17846,17844,55934,manuel,camposeco-mendez,1985.0,M540C5121985,55934,manuel,camposeco-mendez,1985.0,M540C5121985
17866,17830,55943,kenroy,whitley,1985.0,K560W3401985,55936,kenroy,whitley,1985.0,K560W3401985
17872,17871,55940,andrew,mireles,1985.0,A536M6421985,55940,andrew,mireles,1985.0,A536M6421985
17876,17875,55951,noel,ramos,2064.0,N400R5202064,55951,noel,ramos,2064.0,N400R5202064
17916,12997,55925,adriana,laverde,1983.0,A365L1631983,54548,adriana,laverde,1983.0,A365L1631983
17918,12997,55925,adriana,laverde,1983.0,A365L1631983,54548,adriana,laverde,1983.0,A365L1631983
17918,17916,55925,adriana,laverde,1983.0,A365L1631983,55925,adriana,laverde,1983.0,A365L1631983
17926,17925,55961,johnny,franklin,2049.0,J500F6522049,55961,johnny,franklin,2049.0,J500F6522049
17927,17925,55961,johnny,franklin,2049.0,J500F6522049,55961,johnny,franklin,2049.0,J500F6522049
17927,17926,55961,johnny,franklin,2049.0,J500F6522049,55961,johnny,franklin,2049.0,J500F6522049
17931,14187,54881,clinton,mcrill,2056.0,C453M2642056,54881,clinton,mcrill,2056.0,C453M2642056
17932,14187,54881,clinton,mcrill,2056.0,C453M2642056,54881,clinton,mcrill,2056.0,C453M2642056
17932,17931,54881,clinton,mcrill,2056.0,C453M2642056,54881,clinton,mcrill,2056.0,C453M2642056
17936,17934,55979,kapel,kelly,2051.0,K140K4002051,55979,kapel,kelly,2051.0,K140K4002051
17939,17938,55977,angelina,tozzi,1988.0,A524T2001988,55977,angelina,tozzi,1988.0,A524T2001988
17962,17961,55969,sheila,nolan,2060.0,S400N4502060,55969,sheila,nolan,2060.0,S400N4502060
17966,17965,55966,joseph,amico,1987.0,J210A5201987,55966,joseph,amico,1987.0,J210A5201987
17980,17979,55968,gregory,morisseau,1975.0,G626M6201975,55968,gregory,morisseau,1975.0,G626M6201975
17996,17994,55983,clifford,matthews,2063.0,C416M3202063,55983,clifford,matthews,2063.0,C416M3202063
18008,18007,56000,kevinne,gill,1994.0,K150G4001994,56000,kevinne,gill,1994.0,K150G4001994
18014,18013,55992,anne,schatzberg,2068.0,A500S3212068,55992,anne,schatzberg,2068.0,A500S3212068
18026,18024,55999,timothy,roderick,1985.0,T530R3621985,55999,timothy,roderick,1985.0,T530R3621985
18037,18036,55803,kenneth,wilson,2055.0,K530W4252055,55803,kenneth,wilson,2055.0,K530W4252055
18038,18036,55803,kenneth,wilson,2055.0,K530W4252055,55803,kenneth,wilson,2055.0,K530W4252055
18038,18037,55803,kenneth,wilson,2055.0,K530W4252055,55803,kenneth,wilson,2055.0,K530W4252055
18045,14312,55995,wilnick,lozandier,1989.0,W452L2531989,54898,wilnick,lozgndlcw,1989.0,W452L2531989
18064,18063,56007,cortney,brooks,1981.0,C635B6201981,56007,cortney,brooks,1981.0,C635B6201981
18074,18073,56001,shermilla,coats,1986.0,S654C3201986,56001,shermilla,coats,1986.0,S654C3201986
18081,13551,56027,christina,schmidt,1981.0,C623S5301981,54680,christian,smith,1981.0,C623S5301981
18088,18087,56029,rhonda,richard,1986.0,R530R2631986,56029,rhonda,richard,1986.0,R530R2631986
18100,18099,56036,john,negron,2064.0,J500N2652064,56036,john,negron,2064.0,J500N2652064
18113,16204,32188,brian,bueler,1993.0,B650B4601993,32188,brian,bueler,1993.0,B650B4601993
18113,16205,32188,brian,bueler,1993.0,B650B4601993,32188,brian,bueler,1993.0,B650B4601993
18164,18163,56066,kevin,ellis,1986.0,K150E4201986,56066,kevin,ellis,1986.0,K150E4201986
18182,18180,56064,christopher,gauntlett,1990.0,C623G5341990,56064,christopucv,gauntlett,1990.0,C623G5341990
18184,18183,56043,ana,avellaneda,1994.0,A500A1451994,56043,ana,avellaneda,1994.0,A500A1451994
18205,18204,56101,augusta,howard,2065.0,A223H6302065,56101,augusta,howard,2065.0,A223H6302065
18209,18208,56086,kevin,jessup,1976.0,K150J2101976,56086,kevin,jessup,1976.0,K150J2101976
18215,18213,56081,mitchell,haire,1982.0,M324H6001982,56081,mitchell,haire,1982.0,M324H6001982
18223,3955,51982,edward,hoover,1979.0,E363H1601979,51982,edward,hoover,1979.0,E363H1601979
18245,18243,56075,danue,walker,1979.0,D500W4261979,56075,danue,walker,1979.0,D500W4261979
18250,18249,56100,jennifer,murray,1992.0,J516M6001992,56100,jennifer,murray,1992.0,J516M6001992
18263,18262,23669,adam,aquirre,1991.0,A350A2601991,23669,adam,aquirre,1991.0,A350A2601991
18271,18270,56088,andres,girata,2072.0,A536G6302072,56088,andres,girata,2072.0,A536G6302072
18272,18270,56088,andres,girata,2072.0,A536G6302072,56088,andres,girata,2072.0,A536G6302072
18272,18271,56088,andres,girata,2072.0,A536G6302072,56088,andres,girata,2072.0,A536G6302072
18275,18274,56087,valeria,galindo,1991.0,V460G4531991,56087,valeria,galindo,1991.0,V460G4531991
18284,18283,41140,daniel,miranda,1988.0,D540M6531988,41140,daniel,miranda,1988.0,D540M6531988
18290,18288,56073,shlomi,asayag,2073.0,S450A2202073,56073,shlomi,asayag,2073.0,S450A2202073
18344,18343,56106,brian,willoughby,1978.0,B650W4211978,56106,brian,willoughby,1978.0,B650W4211978
18350,18349,56124,john,disanto,2061.0,J500D2532061,56124,john,disanto,2061.0,J500D2532061
18401,18400,56120,michael,harper,2067.0,M240H6162067,56120,michael,harper,2067.0,M240H6162067
18410,18409,47062,shawniel,smith,1990.0,S540S5301990,47062,shawniel,smith,1990.0,S540S5301990
18428,18427,56103,bruce,johnson,1982.0,B620J5251982,56103,bruce,johnson,1982.0,B620J5251982
18434,18433,56118,herbert,lindsey,2056.0,H616L5322056,56118,herbert,lindsey,2056.0,H616L5322056
18443,18442,56133,eric,newman,1992.0,E620N5501992,56133,eric,newman,1992.0,E620N5501992
18452,18451,56132,byran,george,1989.0,B650G6201989,56132,byran,george,1989.0,B650G6201989
18457,18456,56140,hannsataky,moriaux,1989.0,H523M6201989,56140,hannsataky,moriaux,1989.0,H523M6201989
18458,18456,56140,hannsataky,moriaux,1989.0,H523M6201989,56140,hannsataky,moriaux,1989.0,H523M6201989
18458,18457,56140,hannsataky,moriaux,1989.0,H523M6201989,56140,hannsataky,moriaux,1989.0,H523M6201989
18461,18459,56143,franco,garcia,1986.0,F652G6201986,56143,franco,garcia,1986.0,F652G6201986
18470,18469,56136,saschelle,simms,1987.0,S240S5201987,56136,saschelle,simms,1987.0,S240S5201987
18475,18474,56135,precious,price,1982.0,P622P6201982,56135,precious,price,1982.0,P622P6201982
18476,18474,56135,precious,price,1982.0,P622P6201982,56135,precious,price,1982.0,P622P6201982
18476,18475,56135,precious,price,1982.0,P622P6201982,56135,precious,price,1982.0,P622P6201982
18481,18480,56144,christina,deperna,1984.0,C623D1651984,56144,christina,deperna,1984.0,C623D1651984
18508,18507,56155,david,parker,1985.0,D130P6261985,56155,david,parker,1985.0,D130P6261985
18509,18507,56155,david,parker,1985.0,D130P6261985,56155,david,parker,1985.0,D130P6261985
18509,18508,56155,david,parker,1985.0,D130P6261985,56155,david,parker,1985.0,D130P6261985
18511,18510,56183,miguel,morales,2040.0,M240M6422040,56183,miguel,morales,2040.0,M240M6422040
18524,5789,52554,allison,centolella,1981.0,A425C5341981,52554,allison,centolella,1981.0,A425C5341981
18545,18543,56158,latrice,johnson,2074.0,L362J5252074,56158,latrice,johnson,2074.0,L362J5252074
18547,18546,56161,pinckney,roger,1978.0,P525R2601978,56161,pinckney,roger,1978.0,P525R2601978
18548,18546,56161,pinckney,roger,1978.0,P525R2601978,56161,pinckney,roger,1978.0,P525R2601978
18548,18547,56161,pinckney,roger,1978.0,P525R2601978,56161,pinckney,roger,1978.0,P525R2601978
18551,18550,56177,jeffrey,lewis,2072.0,J160L2002072,56177,jhcbrhy,lewis,2072.0,J160L2002072
18553,18552,56172,luis,lopez-escribano,1986.0,L200L1221986,56172,luis,lopez-escribano,1986.0,L200L1221986
18575,18573,56182,joshua,marlowe,1990.0,J200M6401990,56182,joshua,marlowe,1990.0,J200M6401990
18578,18576,9502,terrrance,brown,1991.0,T652B6501991,9502,terrrance,brown,1991.0,T652B6501991
18583,18582,56168,cerigtopxea,bazard,1993.0,C623B2631993,56168,christopher,bazard,1993.0,C623B2631993
18602,18600,56171,franklin,wilson,2068.0,F652W4252068,56171,franklin,wilson,2068.0,F652W4252068
18631,18630,56181,terrell,dominick,1983.0,T640D5521983,56181,terrell,dominick,1983.0,T640D5521983
18635,18634,56226,willie,clark,1977.0,W400C4621977,56226,willie,clark,1977.0,W400C4621977
18647,18646,56216,brandon,coats,2062.0,B653C3202062,56216,brandon,coats,2062.0,B653C3202062
18658,18657,56209,richard,arce,2050.0,R263A6202050,56209,richard,arce,2050.0,R263A6202050
18670,18669,56194,andrew,mitchell,1986.0,A536M3241986,56194,andrew,mitchell,1986.0,A536M3241986
18683,18682,56198,paulette,shaw,2066.0,P430S0002066,56198,paulette,shaw,2066.0,P430S0002066
18689,18688,3105,deonta,harvard,2069.0,D530H6162069,3105,deonta,harvard,2069.0,D530H6162069
18691,18690,56203,rueben,garcia,1984.0,R150G6201984,56203,rueben,garcia,1984.0,R150G6201984
18692,18690,56203,rueben,garcia,1984.0,R150G6201984,56203,rueben,garcia,1984.0,R150G6201984
18692,18691,56203,rueben,garcia,1984.0,R150G6201984,56203,rueben,garcia,1984.0,R150G6201984
18709,1282,56220,andrew,stirk,1980.0,A536S3621980,49677,andrew,stark,1980.0,A536S3621980
18713,18712,56201,julie,gallardo,2070.0,J400G4632070,56201,julie,gallardo,2070.0,J400G4632070
18716,18714,56212,sean,mcmahon,2072.0,S500M2552072,56212,sean,mcmahon,2072.0,S500M2552072
18761,18759,56204,terry,cadet,1983.0,T600C3301983,56204,terry,cadet,1983.0,T600C3301983
18779,18778,48714,gregory,harnick,1979.0,G626H6521979,48714,gregory,harnick,1979.0,G626H6521979
18782,18781,49098,jerome,griswell,1975.0,J650G6241975,49098,jerome,griswell,1975.0,J650G6241975
18796,18795,56227,eugenery,louis,1983.0,E256L2001983,56227,eugenery,louis,1983.0,E256L2001983
18827,18825,56252,johnnie,clark,1988.0,J500C4621988,56252,johnnie,clark,1988.0,J500C4621988
18841,18840,56248,frank,luzbel,2074.0,F652L2142074,56248,frank,luzbel,2074.0,F652L2142074
18895,18894,47292,jessica,senkbeil,1982.0,J220S5211982,47292,jessica,senkbeil,1982.0,J220S5211982
18899,11433,54165,dericky,mzgrht,1981.0,D620M2631981,54165,dericky,mcgirt,1981.0,D620M2631981
18899,11435,54165,dericky,mzgrht,1981.0,D620M2631981,54165,dericky,mcgirt,1981.0,D620M2631981
18908,18906,56282,michael,nascimento,1988.0,M240N2551988,56282,michael,nascimento,1988.0,M240N2551988
18911,18909,56270,luis,rodriquez,2072.0,L200R3622072,56270,luis,rodriquez,2072.0,L200R3622072
18919,18918,56269,bruce,davis,2056.0,B620D1202056,56269,bruce,davis,2056.0,B620D1202056
18920,18918,56269,bruce,davis,2056.0,B620D1202056,56269,bruce,davis,2056.0,B620D1202056
18920,18919,56269,bruce,davis,2056.0,B620D1202056,56269,bruce,davis,2056.0,B620D1202056
18932,18931,56267,vernon,prater,2072.0,V655P6362072,56267,vernon,prater,2072.0,V655P6362072
18943,18942,56287,chadwick,calico,2071.0,C320C4202071,56287,chadwick,calico,2071.0,C320C4202071
18950,18948,56294,christian,santiago,1989.0,C623S5321989,56294,christian,santiago,1989.0,C623S5321989
18959,18958,56279,gael,oriorden,2032.0,G400O6632032,56279,gael,oriorden,2032.0,G400O6632032
18961,18960,56281,scott,stoner,2071.0,S300S3562071,56281,scott,stoner,2071.0,S300S3562071
18982,18981,56293,fernando,thermidor,1991.0,F655T6531991,56293,fernando,thermidor,1991.0,F655T6531991
18998,18997,45111,chaddie,harrison,1981.0,C300H6251981,45111,chaddie,harrison,1981.0,C300H6251981
19067,19065,36165,kionte,martin,1993.0,K530M6351993,36165,kionte,martin,1993.0,K530M6351993
19090,19089,56319,thelma,lopez,2067.0,T450L1202067,56319,thelma,lopez,2067.0,T450L1202067
19175,19173,56369,dale,davis,1979.0,D400D1201979,56369,dale,davis,1979.0,D400D1201979
19180,19179,32537,george,martinez,2072.0,G620M6352072,32537,george,martinez,2072.0,G620M6352072
19192,19191,39415,herbert,glass,1982.0,H616G4201982,39415,herbert,glass,1982.0,H616G4201982
19202,19200,7483,james,adams,1989.0,J520A3521989,7483,james,adams,1989.0,J520A3521989
19208,19206,56372,michael,brown,1977.0,M240B6501977,56372,michael,brown,1977.0,M240B6501977
19214,19212,56377,jude,ulteus,1984.0,J300U4321984,56377,jude,ulteus,1984.0,J300U4321984
19220,19219,56345,nicole,oconnor,1985.0,N240O2561985,56345,nicole,oconnor,1985.0,N240O2561985
19232,19230,56370,eduardo,izquierdo,2066.0,E363I2632066,56370,eduardo,izquierdo,2066.0,E363I2632066
19242,3163,51752,sean,vasquez,1993.0,S500V2201993,51752,sean,vasquez,1993.0,S500V2201993
19243,3163,51752,sean,vasquez,1993.0,S500V2201993,51752,sean,vasquez,1993.0,S500V2201993
19243,19242,51752,sean,vasquez,1993.0,S500V2201993,51752,sean,vasquez,1993.0,S500V2201993
19250,19248,56344,charles,delisi,2064.0,C642D4202064,56344,charles,delisi,2064.0,C642D4202064
19261,13892,54789,telekia,hamilton,1978.0,T420H5431978,54789,telekia,hamilton,1978.0,T420H5431978
19262,13892,54789,telekia,hamilton,1978.0,T420H5431978,54789,telekia,hamilton,1978.0,T420H5431978
19262,19261,54789,telekia,hamilton,1978.0,T420H5431978,54789,telekia,hamilton,1978.0,T420H5431978
19315,19314,56405,esteban,arenas,1991.0,E231A6521991,56405,esteban,arenas,1991.0,E231A6521991
19316,19314,56405,esteban,arenas,1991.0,E231A6521991,56405,esteban,arenas,1991.0,E231A6521991
19316,19315,56405,esteban,arenas,1991.0,E231A6521991,56405,esteban,arenas,1991.0,E231A6521991
19361,19359,56398,augustin,betancourt,1975.0,A223B3521975,56398,augustin,betancourt,1975.0,A223B3521975
19367,19366,56404,thomas,hamilton,2053.0,T520H5432053,56404,thomas,hamilton,2053.0,T520H5432053
19388,19386,56392,alan,gray,1983.0,A450G6001983,56392,alan,gray,1983.0,A450G6001983
19397,17421,55796,oscar,pope,2064.0,O260P1002064,55796,oscar,pope,2064.0,O260P1002064
19397,17423,55796,oscar,pope,2064.0,O260P1002064,55796,oscar,pope,2064.0,O260P1002064
19411,19410,56396,danielle,cyr,2066.0,D540C6002066,56396,danielle,cyr,2066.0,D540C6002066
19412,19410,56396,danielle,cyr,2066.0,D540C6002066,56396,danielle,cyr,2066.0,D540C6002066
19412,19411,56396,danielle,cyr,2066.0,D540C6002066,56396,danielle,cyr,2066.0,D540C6002066
19417,16211,56381,diego,rocha,1990.0,D200R2001990,55421,diego,rocha,1990.0,D200R2001990
19417,17630,56381,diego,rocha,1990.0,D200R2001990,55421,diego,rocha,1990.0,D200R2001990
19418,16211,56381,diego,rocha,1990.0,D200R2001990,55421,diego,rocha,1990.0,D200R2001990
19418,17630,56381,diego,rocha,1990.0,D200R2001990,55421,diego,rocha,1990.0,D200R2001990
19418,19417,56381,diego,rocha,1990.0,D200R2001990,56381,diego,rocha,1990.0,D200R2001990
19424,19422,39869,joshua,gonzalez,1979.0,J200G5241979,39869,joshua,gonzalez,1979.0,J200G5241979
19428,3561,51846,evenson,morency,1993.0,E152M6521993,51846,evenson,morency,1993.0,E152M6521993
19428,3562,51846,evenson,morency,1993.0,E152M6521993,51846,evenson,morency,1993.0,E152M6521993
19428,3563,51846,evenson,morency,1993.0,E152M6521993,51846,evenson,morency,1993.0,E152M6521993
19430,3561,51846,evenson,morency,1993.0,E152M6521993,51846,evenson,morency,1993.0,E152M6521993
19430,3562,51846,evenson,morency,1993.0,E152M6521993,51846,evenson,morency,1993.0,E152M6521993
19430,3563,51846,evenson,morency,1993.0,E152M6521993,51846,evenson,morency,1993.0,E152M6521993
19430,19428,51846,evenson,morency,1993.0,E152M6521993,51846,evenson,morency,1993.0,E152M6521993
19436,19435,56422,richard,musumeci,2061.0,R263M2522061,56422,richard,musumeci,2061.0,R263M2522061
19445,19444,56417,shalaun,dean,1988.0,S450D5001988,56417,shalaun,dean,1988.0,S450D5001988
19454,19453,56431,ryan,sherman,2064.0,R500S6552064,56431,ryan,sherman,2064.0,R500S6552064
19456,19455,56442,gina,proctor,2066.0,G500P6232066,56442,gina,proctor,2066.0,G500P6232066
19468,19467,56418,miguel,hernandez,2047.0,M240H6552047,56418,miguel,hernandez,2047.0,M240H6552047
19472,19470,56438,jose,rodriguez,2074.0,J200R3622074,56438,jose,rodriguez,2074.0,J200R3622074
19474,19473,49671,nicole,howard,1981.0,N240H6301981,49671,nicole,howard,1981.0,N240H6301981
19475,19473,49671,nicole,howard,1981.0,N240H6301981,49671,nicole,howard,1981.0,N240H6301981
19475,19474,49671,nicole,howard,1981.0,N240H6301981,49671,nicole,howard,1981.0,N240H6301981
19510,19509,56441,courtney,hames,1979.0,C635H5201979,56441,courtney,hames,1979.0,C635H5201979
19511,19509,56441,courtney,hames,1979.0,C635H5201979,56441,courtney,hames,1979.0,C635H5201979
19511,19510,56441,courtney,hames,1979.0,C635H5201979,56441,courtney,hames,1979.0,C635H5201979
19514,19512,56424,jacqueline,dowd,1988.0,J245D3001988,56424,jacqueline,dowd,1988.0,J245D3001988
19522,19521,56436,christopher,gotoky,1981.0,C623G3201981,56436,christopher,gatzke,1981.0,C623G3201981
19532,19531,56464,markus,lahteenmaki,1982.0,M622L3521982,56464,markus,lahteenmaki,1982.0,M622L3521982
19535,19533,56477,corey,litolejyex,1992.0,C600L3421992,56477,corey,littlejohn,1992.0,C600L3421992
19553,17466,55823,christina,jackson,1977.0,C623J2501977,55823,christina,jackson,1977.0,C623J2501977
19553,17467,55823,christina,jackson,1977.0,C623J2501977,55823,christina,jackson,1977.0,C623J2501977
19553,17468,55823,christina,jackson,1977.0,C623J2501977,55823,christina,jackson,1977.0,C623J2501977
19627,17080,55693,mark,fletcher,1984.0,M620F4321984,55693,mark,fletcher,1984.0,M620F4321984
19628,17080,55693,mark,fletcher,1984.0,M620F4321984,55693,mark,fletcher,1984.0,M620F4321984
19628,19627,55693,mark,fletcher,1984.0,M620F4321984,55693,mark,fletcher,1984.0,M620F4321984
19634,19632,56443,david,walker,1980.0,D130W4261980,56443,david,walker,1980.0,D130W4261980
19648,19647,56456,eriam,penate,1985.0,E650P5301985,56456,eriam,penate,1985.0,E650P5301985
19663,19662,46534,judy,monestime,1987.0,J300M5231987,46534,judy,monestime,1987.0,J300M5231987
19669,19668,56499,martin,forges,2067.0,M635F6222067,56499,martin,forges,2067.0,M635F6222067
19696,19695,56510,regina,thomas,1990.0,R250T5201990,56510,ryaznw,thomas,1990.0,R250T5201990
19700,19699,56488,bruce,gerson,2049.0,B620G6252049,56488,bruce,gerson,2049.0,B620G6252049
19708,19707,56505,keith,walton,1982.0,K300W4351982,56505,keith,walton,1982.0,K300W4351982
19720,19719,26724,ashley,doran,1988.0,A240D6501988,26724,ashley,doran,1988.0,A240D6501988
19721,19719,26724,ashley,doran,1988.0,A240D6501988,26724,ashley,doran,1988.0,A240D6501988
19721,19720,26724,ashley,doran,1988.0,A240D6501988,26724,ashley,doran,1988.0,A240D6501988
19726,19725,56496,brenda,williams,2051.0,B653W4522051,56496,brenda,williams,2051.0,B653W4522051
19733,309,48501,terry,mccormick,2060.0,T600M2652060,48501,terry,mccormick,2060.0,T600M2652060
19733,310,48501,terry,mccormick,2060.0,T600M2652060,48501,terry,mccormick,2060.0,T600M2652060
19734,15674,55273,careem,watson,1990.0,C650W3251990,55273,careem,watson,1990.0,C650W3251990
19763,19762,56487,nicholas,rosenbrier,1979.0,N242R2511979,56487,nicholas,rosenbrier,1979.0,N242R2511979
19766,19764,56497,michelle,baker,1977.0,M240B2601977,56497,michelle,baker,1977.0,M240B2601977
19802,274,44632,mark,gosnell,2064.0,M620G2542064,49011,mark,gosnell,2064.0,M620G2542064
19805,19804,56518,eugene,hanon,2051.0,E250H5502051,56518,eugene,hanon,2051.0,E250H5502051
19814,19812,56521,taro,beneby,1994.0,T600B5101994,56521,taro,beneby,1994.0,T600B5101994
19822,19821,56524,lorene,dennis,2069.0,L650D5202069,56524,lorene,dennis,2069.0,L650D5202069
19826,19825,56517,clifford,hyman,1980.0,C416H5501980,56517,clifford,hyman,1980.0,C416H5501980
19829,19827,56530,phylicia,littleton,1993.0,P420L3431993,56530,phylicia,littleton,1993.0,P420L3431993
19832,19830,56528,samuel,koury,1975.0,S540K6001975,56528,samuel,koury,1975.0,S540K6001975
19853,19851,56536,lalo,munoz,2038.0,L400M5202038,56536,lalo,munoz,2038.0,L400M5202038
19880,19878,55984,alejandro,remis,1982.0,A425R5201982,55984,alejandro,remis,1982.0,A425R5201982
19888,19887,46212,wilbert,jeanbaptiste,1981.0,W416J5111981,46212,wilbert,jeanbaptiste,1981.0,W416J5111981
19889,19887,46212,wilbert,jeanbaptiste,1981.0,W416J5111981,46212,wilbert,jeanbaptiste,1981.0,W416J5111981
19889,19888,46212,wilbert,jeanbaptiste,1981.0,W416J5111981,46212,wilbert,jeanbaptiste,1981.0,W416J5111981
19892,19891,47935,andson,gilles,1976.0,A532G4201976,47935,andson,gilles,1976.0,A532G4201976
19894,19893,56565,jimmy,aguilar,1982.0,J500A2461982,56565,jimmy,aguilar,1982.0,J500A2461982
19903,19902,56538,terrinna,eubanks,1991.0,T650E1521991,56538,terrinna,eubanks,1991.0,T650E1521991
19909,19908,56563,fatima,pineda,2074.0,F350P5302074,56563,fatima,pineda,2074.0,F350P5302074
19910,19908,56563,fatima,pineda,2074.0,F350P5302074,56563,fatima,pineda,2074.0,F350P5302074
19910,19909,56563,fatima,pineda,2074.0,F350P5302074,56563,fatima,pineda,2074.0,F350P5302074
19918,19917,10467,jason,brantman,1977.0,J250B6531977,10467,jason,brantman,1977.0,J250B6531977
19927,19926,56568,richard,meyer,1991.0,R263M6001991,56568,richard,meyer,1991.0,R263M6001991
19946,19944,47194,darryl,fuentes,1991.0,D640F5321991,47194,darryl,fuentes,1991.0,D640F5321991
19948,19947,56545,jesus,valencia,1986.0,J220V4521986,56545,jesus,valencia,1986.0,J220V4521986
19952,19950,37126,jonathan,fish,1989.0,J535F2001989,37126,jonathan,fish,1989.0,J535F2001989
19984,19983,56541,dagobret,schmalhaus,2049.0,D216S5422049,56541,dagobret,schmalhaus,2049.0,D216S5422049
19994,19993,56567,marlon,escobar deleon,1978.0,M645E2161978,56567,marlon,eswobar udlton,1978.0,M645E2161978
19999,19998,56549,evan,mcgrath,1986.0,E150M2631986,56549,evan,mcgrath,1986.0,E150M2631986
20003,20002,15044,joseph,geiger,2052.0,J210G2602052,15044,joseph,geiger,2052.0,J210G2602052
20033,20032,42131,marconi,raines,2060.0,M625R5202060,42131,marconi,raines,2060.0,M625R5202060
20048,20047,56580,kristi,chudicek,1981.0,K623C3221981,56580,kristi,chudicek,1981.0,K623C3221981
20063,20061,49938,david,seymoure,1991.0,D130S5601991,49938,david,seymoure,1991.0,D130S5601991
20080,20079,56587,gina,espinal,1989.0,G500E2151989,56587,gina,espinal,1989.0,G500E2151989
20085,16462,49346,walter,sluyter,2059.0,W436S4362059,49346,walter,sluyter,2059.0,W436S4362059
20085,16463,49346,walter,sluyter,2059.0,W436S4362059,49346,walter,sluyter,2059.0,W436S4362059
20086,16462,49346,walter,sluyter,2059.0,W436S4362059,49346,walter,sluyter,2059.0,W436S4362059
20086,16463,49346,walter,sluyter,2059.0,W436S4362059,49346,walter,sluyter,2059.0,W436S4362059
20086,20085,49346,walter,sluyter,2059.0,W436S4362059,49346,walter,sluyter,2059.0,W436S4362059
20101,20100,56593,anthony,cirrincione,1980.0,A535C6521980,56593,anthony,cirrincione,1980.0,A535C6521980
20102,20100,56593,anthony,cirrincione,1980.0,A535C6521980,56593,anthony,cirrincione,1980.0,A535C6521980
20102,20101,56593,anthony,cirrincione,1980.0,A535C6521980,56593,anthony,cirrincione,1980.0,A535C6521980
20108,20106,44457,robert,neal,2062.0,R163N4002062,44457,robert,neal,2062.0,R163N4002062
20125,20124,56597,david,pomareda,1984.0,D130P5631984,56597,david,pomareda,1984.0,D130P5631984
20128,20106,44457,robert,neal,2062.0,R163N4002062,44457,robert,neal,2062.0,R163N4002062
20128,20108,44457,robert,neal,2062.0,R163N4002062,44457,robert,neal,2062.0,R163N4002062
20132,20130,56575,tristynn,francis,1991.0,T623F6521991,56575,tristynn,francis,1991.0,T623F6521991
20155,20154,56610,christopher,jones,2061.0,C623J5202061,56610,christopher,jones,2061.0,C623J5202061
20156,20154,56610,christopher,jones,2061.0,C623J5202061,56610,christopher,jones,2061.0,C623J5202061
20156,20155,56610,christopher,jones,2061.0,C623J5202061,56610,christopher,jones,2061.0,C623J5202061
20158,20157,56599,nakeysha,burke,1977.0,N220B6201977,56599,nakeysha,burke,1977.0,N220B6201977
20159,20157,56599,nakeysha,burke,1977.0,N220B6201977,56599,nakeysha,burke,1977.0,N220B6201977
20159,20158,56599,nakeysha,burke,1977.0,N220B6201977,56599,nakeysha,burke,1977.0,N220B6201977
20161,20160,47371,anthony,haynie,1979.0,A535H5001979,47371,anthony,haynie,1979.0,A535H5001979
20239,17040,56649,alberto,solorio,2061.0,A416S4602061,55664,alberto,solorio,2061.0,A416S4602061
20239,17041,56649,alberto,solorio,2061.0,A416S4602061,55664,alberto,solorio,2061.0,A416S4602061
20239,17042,56649,alberto,solorio,2061.0,A416S4602061,55664,alberto,solorio,2061.0,A416S4602061
20299,20298,56615,shaun,shakespeare,1994.0,S500S2211994,56615,shaun,shakespeare,1994.0,S500S2211994
20309,20307,56676,walter,williams,2065.0,W436W4522065,56676,walter,williams,2065.0,W436W4522065
20323,20322,28374,percel,kinder,1976.0,P624K5361976,28374,percel,kinder,1976.0,P624K5361976
20324,20322,28374,percel,kinder,1976.0,P624K5361976,28374,percel,kinder,1976.0,P624K5361976
20324,20323,28374,percel,kinder,1976.0,P624K5361976,28374,percel,kinder,1976.0,P624K5361976
20330,20328,56666,marco,alarcon,2055.0,M620A4622055,56666,marco,alarcon,2055.0,M620A4622055
20331,2932,47327,jeremy,gordon,1990.0,J650G6351990,51679,jeremy,gordon-taylor,1990.0,J650G6351990
20331,2933,47327,jeremy,gordon,1990.0,J650G6351990,51679,jeremy,gordon-taylor,1990.0,J650G6351990
20332,2932,47327,jeremy,gordon,1990.0,J650G6351990,51679,jeremy,gordon-taylor,1990.0,J650G6351990
20332,2933,47327,jeremy,gordon,1990.0,J650G6351990,51679,jeremy,gordon-taylor,1990.0,J650G6351990
20332,20331,47327,jeremy,gordon,1990.0,J650G6351990,47327,jeremy,gordon,1990.0,J650G6351990
20336,20335,8892,dennis,lennon,2057.0,D520L5502057,8892,dennis,lennon,2057.0,D520L5502057
20348,20347,56656,brian,daly,2056.0,B650D4002056,56656,brian,daly,2056.0,B650D4002056
20360,20359,56652,timothy,gordon,1984.0,T530G6351984,56652,timothy,gordon,1984.0,T530G6351984
20362,20361,36939,steven,khan,1993.0,S315K5001993,36939,steven,khan,1993.0,S315K5001993
20381,20380,56678,jamaal,hilton,1991.0,J540H4351991,56678,jamaal,hilton,1991.0,J540H4351991
20384,20382,56683,gilberto,modesto,1986.0,G416M3231986,56683,gilberto,modesto,1986.0,G416M3231986
20389,20388,22577,marcus,harvey,1990.0,M622H6101990,22577,marcus,harvey,1990.0,M622H6101990
20401,20400,2766,donte,dixon,1986.0,D530D2501986,2766,donte,dixon,1986.0,D530D2501986
20417,20415,56655,andres,kroboth,1990.0,A536K6131990,56655,andres,kroboth,1990.0,A536K6131990
20458,20457,56686,tinikka,humphrey,1983.0,T520H5161983,56686,tinikka,humphrey,1983.0,T520H5161983
20476,5257,52384,wilfred,bryan,2060.0,W416B6502060,52384,wilfred,bryan,2060.0,W416B6502060
20489,1634,51301,roberto,farias,2072.0,R163F6202072,51301,roberto,farias,2072.0,R163F6202072
20494,17690,55887,orlanda,blas,1993.0,O645B4201993,55887,orlanda,blas,1993.0,O645B4201993
20495,17690,55887,orlanda,blas,1993.0,O645B4201993,55887,orlanda,blas,1993.0,O645B4201993
20495,20494,55887,orlanda,blas,1993.0,O645B4201993,55887,orlanda,blas,1993.0,O645B4201993
20515,20514,35928,wesley,rubin,1979.0,W240R1501979,35928,wesley,rubin,1979.0,W240R1501979
20521,20520,56710,derec,lamons,1976.0,D620L5521976,56710,derec,lamons,1976.0,D620L5521976
20524,3066,56711,mircea,lazar,1990.0,M620L2601990,51734,mircea,lazar,1990.0,M620L2601990
20533,20532,55964,ronald,mccloud,1989.0,R543M2431989,55964,ronald,mccloud,1989.0,R543M2431989
20579,20578,30915,jose,batista,1981.0,J200B3231981,30915,jose,batista,1981.0,J200B3231981
20587,20586,56688,laque,vallejo,1992.0,L200V4201992,56688,laque,vallejo,1992.0,L200V4201992
20588,20586,56688,laque,vallejo,1992.0,L200V4201992,56688,laque,vallejo,1992.0,L200V4201992
20588,20587,56688,laque,vallejo,1992.0,L200V4201992,56688,laque,vallejo,1992.0,L200V4201992
20603,20602,56716,lavena,mays,1988.0,L150M2001988,56716,lavena,mays,1988.0,L150M2001988
20612,18079,56722,justin,gomez,1994.0,J235G5201994,55267,justin,gsnzko,1994.0,J235G5201994
20615,20613,56724,kandice,metayer,1993.0,K532M3601993,56724,kandice,metayer,1993.0,K532M3601993
20618,20617,56726,robert,rose,1988.0,R163R2001988,56726,robert,rose,1988.0,R163R2001988
20645,20643,56725,riccardo,cesar,1981.0,R263C2601981,56725,riccardo,cesar,1981.0,R263C2601981
20678,20677,26082,anthony,peat,1986.0,A535P3001986,26082,anthony,peat,1986.0,A535P3001986
20689,20688,46784,kareem,gatchair,1985.0,K650G3261985,46784,kareem,gatchair,1985.0,K650G3261985
20690,20688,46784,kareem,gatchair,1985.0,K650G3261985,46784,kareem,gatchair,1985.0,K650G3261985
20690,20689,46784,kareem,gatchair,1985.0,K650G3261985,46784,kareem,gatchair,1985.0,K650G3261985
20704,20703,56745,eric,mckenzie,1990.0,E620M2521990,56745,eric,mckenzie,1990.0,E620M2521990
20705,20703,56745,eric,mckenzie,1990.0,E620M2521990,56745,eric,mckenzie,1990.0,E620M2521990
20705,20704,56745,eric,mckenzie,1990.0,E620M2521990,56745,eric,mckenzie,1990.0,E620M2521990
20707,20706,56754,norlan,carrillo,1994.0,N645C6401994,56754,norlan,carrillo,1994.0,N645C6401994
20708,20706,56754,norlan,carrillo,1994.0,N645C6401994,56754,norlan,carrillo,1994.0,N645C6401994
20708,20707,56754,norlan,carrillo,1994.0,N645C6401994,56754,norlan,carrillo,1994.0,N645C6401994
20714,20712,56768,wayne,zabilski,2059.0,W500Z1422059,56768,wayne,zabilski,2059.0,W500Z1422059
20750,20748,56742,gino,roqyx,2060.0,G500R2202060,56742,gino,rijos,2060.0,G500R2202060
20783,17954,55971,jose,pina,1992.0,J200P5001992,55971,jose,pina,1992.0,J200P5001992
20822,20821,56763,lorena,delevy,2068.0,L650D4102068,56763,lorena,delevy,2068.0,L650D4102068
20823,2819,51675,john,salerno,2060.0,J500S4652060,51675,john,salerno,2060.0,J500S4652060
20846,20844,56792,raymond,rodriguez,2060.0,R553R3622060,56792,raymond,rodriguez,2060.0,R553R3622060
20852,20850,28827,edward,piens,1986.0,E363P5201986,28827,edward,piens,1986.0,E363P5201986
20855,20854,56776,aviles,lizibell,1994.0,A142L2141994,56776,aviles,lizibell,1994.0,A142L2141994
20864,20832,49739,taquan,wallace,1994.0,T250W4201994,49739,taquan,wallace,1994.0,T250W4201994
20878,20877,56774,dalphley,dieujuste,1992.0,D414D2231992,56774,dalphley,dieujuste,1992.0,D414D2231992
20906,20904,56819,roberto,robles,1983.0,R163R1421983,56819,roberto,robles,1983.0,R163R1421983
20914,20913,56800,christoffel,smallbtrmcy,1981.0,C623S5411981,56800,chrwxtoufil,smallberger,1981.0,C623S5411981
20938,20937,56816,ronald,galarza,2070.0,R543G4622070,56816,ronald,galarza,2070.0,R543G4622070
20945,16758,55566,caroline,givens,1988.0,C645G1521988,55566,caroline,givens,1988.0,C645G1521988
20945,16759,55566,caroline,givens,1988.0,C645G1521988,55566,caroline,givens,1988.0,C645G1521988
20962,20961,56814,marcela,hoyos,1979.0,M624H2001979,56814,marcela,hoyos,1979.0,M624H2001979
20963,20961,56814,marcela,hoyos,1979.0,M624H2001979,56814,marcela,hoyos,1979.0,M624H2001979
20963,20962,56814,marcela,hoyos,1979.0,M624H2001979,56814,marcela,hoyos,1979.0,M624H2001979
20981,20980,56779,ruthie,tarver,2064.0,R300T6162064,56779,ruthie,tarver,2064.0,R300T6162064
21014,21013,56841,jeffrey,haynes,1988.0,J160H5201988,56841,jeffrey,haynes,1988.0,J160H5201988
21026,21025,46814,shantrell,owens,1991.0,S536O5201991,46814,shantrell,owens,1991.0,S536O5201991
21029,21027,34902,holli,cahill,2068.0,H400C4002068,34902,holli,cahill,2068.0,H400C4002068
21035,21034,55726,melanie,loy,1985.0,M450L0001985,55726,melanie,loy,1985.0,M450L0001985
21062,21061,49204,tilford,baynham,2046.0,T416B5502046,49204,tilford,baynham,2046.0,T416B5502046
21068,21067,56842,robert,megee,2066.0,R163M2002066,56842,robert,megee,2066.0,R163M2002066
21089,21087,31415,peter,carpio,1975.0,P360C6101975,31415,peter,carpio,1975.0,P360C6101975
21092,21091,56829,ocatvious,gore,1983.0,O231G6001983,56829,ocatvious,gore,1983.0,O231G6001983
21097,21096,56846,emmanual,louth,1982.0,E554L3001982,56846,emmanual,louth,1982.0,E554L3001982
21099,16542,55539,charlie,king,2055.0,C640K5202055,55539,charlie,king,2055.0,C640K5202055
21101,16542,55539,charlie,king,2055.0,C640K5202055,55539,charlie,king,2055.0,C640K5202055
21101,21099,55539,charlie,king,2055.0,C640K5202055,55539,charlie,king,2055.0,C640K5202055
21104,21103,56823,devonte,farley,1993.0,D153F6401993,56823,devonte,farley,1993.0,D153F6401993
21116,21114,51670,fidel,salnave,1978.0,F340S4511978,51670,fidel,salnave,1978.0,F340S4511978
21130,21129,47316,laron,gibson,1976.0,L650G1251976,47316,laron,gibson,1976.0,L650G1251976
21131,21129,47316,laron,gibson,1976.0,L650G1251976,47316,laron,gibson,1976.0,L650G1251976
21131,21130,47316,laron,gibson,1976.0,L650G1251976,47316,laron,gibson,1976.0,L650G1251976
21149,21148,56852,david,brown,1976.0,D130B6501976,56852,david,brown,1976.0,D130B6501976
21160,21159,56881,denisha,owens,1987.0,D520O5201987,56881,denisha,owens,1987.0,D520O5201987
21161,21159,56881,denisha,owens,1987.0,D520O5201987,56881,denisha,owens,1987.0,D520O5201987
21161,21160,56881,denisha,owens,1987.0,D520O5201987,56881,denisha,owens,1987.0,D520O5201987
21168,11030,17505,kevin,soto,1991.0,K150S3001991,17505,kevin,soto,1991.0,K150S3001991
21170,11030,17505,kevin,soto,1991.0,K150S3001991,17505,kevin,soto,1991.0,K150S3001991
21170,21168,17505,kevin,soto,1991.0,K150S3001991,17505,kevin,soto,1991.0,K150S3001991
21172,21171,56857,silvio,paulino,1985.0,S410P4501985,56857,silvio,paulino,1985.0,S410P4501985
21181,21163,51985,george,birkley,1990.0,G620B6241990,51985,george,birkley,1990.0,G620B6241990
21185,21183,56853,joel,stokes,1993.0,J400S3221993,56853,joel,stokes,1993.0,J400S3221993
21196,21195,56863,jordane,kerr,1995.0,J635K6001995,56863,jordane,kerr,1995.0,J635K6001995
21197,21195,56863,jordane,kerr,1995.0,J635K6001995,56863,jordane,kerr,1995.0,J635K6001995
21197,21196,56863,jordane,kerr,1995.0,J635K6001995,56863,jordane,kerr,1995.0,J635K6001995
21218,21217,56866,paul,ross,2071.0,P400R2002071,56866,paul,ross,2071.0,P400R2002071
21244,21243,56877,facundo,pugliese,1995.0,F253P2421995,56877,facundo,pugliese,1995.0,F253P2421995
21250,4426,52153,kenneth,sanchez,1993.0,K530S5221993,52153,kenneth,sanchez,1993.0,K530S5221993
21272,21270,22759,nathan,mosely,1988.0,N350M2401988,22759,nathan,mosely,1988.0,N350M2401988
21281,17245,34398,jamal,riley,1990.0,J540R4001990,34398,jamal,riley,1990.0,J540R4001990
21281,17246,34398,jamal,riley,1990.0,J540R4001990,34398,jamal,riley,1990.0,J540R4001990
21286,21285,56904,cesar,rodriguezvillamil,1978.0,C260R3621978,56904,cesar,rodriguezvillamil,1978.0,C260R3621978
21301,21300,29601,tony,daniels,1985.0,T500D5421985,29601,tony,daniels,1985.0,T500D5421985
21323,21322,56895,jose,reyes,1979.0,J200R2001979,56895,jose,reyes,1979.0,J200R2001979
21331,21330,56890,steven,stewart,2073.0,S315S3632073,56890,steven,stewart,2073.0,S315S3632073
21361,21360,29364,frederick,evans,2061.0,F636E1522061,29364,frederick,evans,2061.0,F636E1522061
21380,21379,56944,natalie,fouche,1981.0,N340F2001981,56944,natalie,fouche,1981.0,N340F2001981
21392,21390,56927,marek,luce,1983.0,M620L2001983,56927,marek,luce,1983.0,M620L2001983
21398,21397,56941,jonathan,gary,2073.0,J535G6002073,56941,jonathan,gary,2073.0,J535G6002073
21410,21409,56942,dane,wells,2068.0,D500W4202068,56942,dane,wells,2068.0,D500W4202068
21416,21414,56928,kadijah,julien,1993.0,K320J4501993,56928,kadijah,julien,1993.0,K320J4501993
21419,21417,56940,kyle,stevens,1991.0,K400S3151991,56940,kyle,stevens,1991.0,K400S3151991
21430,21429,56979,ramon,delacruz,1976.0,R550D4261976,56979,ramon,delacruz,1976.0,R550D4261976
21442,21441,56974,rodolfo,tabares,1979.0,R341T1621979,56974,rodolfo,tabares,1979.0,R341T1621979
21443,21441,56974,rodolfo,tabares,1979.0,R341T1621979,56974,rodolfo,tabares,1979.0,R341T1621979
21443,21442,56974,rodolfo,tabares,1979.0,R341T1621979,56974,rodolfo,tabares,1979.0,R341T1621979
21460,21459,56962,melonie,burns,2057.0,M450B6522057,56962,melonie,burns,2057.0,M450B6522057
21477,21195,56863,jordane,kerr,1995.0,J635K6001995,56863,jordane,kerr,1995.0,J635K6001995
21477,21196,56863,jordane,kerr,1995.0,J635K6001995,56863,jordane,kerr,1995.0,J635K6001995
21477,21197,56863,jordane,kerr,1995.0,J635K6001995,56863,jordane,kerr,1995.0,J635K6001995
21479,21195,56863,jordane,kerr,1995.0,J635K6001995,56863,jordane,kerr,1995.0,J635K6001995
21479,21196,56863,jordane,kerr,1995.0,J635K6001995,56863,jordane,kerr,1995.0,J635K6001995
21479,21197,56863,jordane,kerr,1995.0,J635K6001995,56863,jordane,kerr,1995.0,J635K6001995
21479,21477,56863,jordane,kerr,1995.0,J635K6001995,56863,jordane,kerr,1995.0,J635K6001995
21490,21489,56956,francis,elysee,1979.0,F652E4201979,56956,francis,elysee,1979.0,F652E4201979
21491,21489,56956,francis,elysee,1979.0,F652E4201979,56956,francis,elysee,1979.0,F652E4201979
21491,21490,56956,francis,elysee,1979.0,F652E4201979,56956,francis,elysee,1979.0,F652E4201979
21509,21508,11131,whatley/ ronie,nordelus,1986.0,W346N6341986,11131,whatley/ ronie,nordelus,1986.0,W346N6341986
21526,21525,56960,julissa,licona,1991.0,J420L2501991,56960,julissa,licona,1991.0,J420L2501991
21539,20984,56773,shawanna,blue,1985.0,S500B4001985,56773,shawanna,blue,1985.0,S500B4001985
21545,21543,56971,christopher,sesler,2065.0,C623S2462065,56971,christopher,sesler,2065.0,C623S2462065
21547,21546,56976,steven,woollett,2057.0,S315W4302057,56976,steven,woollett,2057.0,S315W4302057
21553,21552,56993,jelissa,garcia,1989.0,J420G6201989,56993,jelissa,garcia,1989.0,J420G6201989
21573,18630,56181,terrell,dominick,1983.0,T640D5521983,56181,terrell,dominick,1983.0,T640D5521983
21573,18631,56181,terrell,dominick,1983.0,T640D5521983,56181,terrell,dominick,1983.0,T640D5521983
21575,18630,56181,terrell,dominick,1983.0,T640D5521983,56181,terrell,dominick,1983.0,T640D5521983
21575,18631,56181,terrell,dominick,1983.0,T640D5521983,56181,terrell,dominick,1983.0,T640D5521983
21575,21573,56181,terrell,dominick,1983.0,T640D5521983,56181,terrell,dominick,1983.0,T640D5521983
21583,21582,56995,marcus,lane,1995.0,M622L5001995,56995,marcus,lane,1995.0,M622L5001995
21605,21604,56991,karan,raj,1994.0,K650R2001994,56991,karan,raj,1994.0,K650R2001994
21636,5077,57002,breon,brown,1994.0,B650B6501994,52341,breon,brown,1994.0,B650B6501994
21641,21640,32493,robert,sandholzer,1993.0,R163S5341993,32493,robert,sandholzer,1993.0,R163S5341993
21646,21645,49819,charleston,williams,1993.0,C642W4521993,49819,charleston,williams,1993.0,C642W4521993
21647,21645,49819,charleston,williams,1993.0,C642W4521993,49819,charleston,williams,1993.0,C642W4521993
21647,21646,49819,charleston,williams,1993.0,C642W4521993,49819,charleston,williams,1993.0,C642W4521993
21650,21648,56996,michael,mariani,1985.0,M240M6501985,56996,michael,mariani,1985.0,M240M6501985
21674,21673,57054,nesta,elliot,1987.0,N230E4301987,57054,nesta,elliot,1987.0,N230E4301987
21691,21690,57057,gary,daniels,1988.0,G600D5421988,57057,gary,daniels,1988.0,G600D5421988
21694,18953,56268,terrance,mcdougle,1992.0,T652M2321992,56268,terrance,mcdougle,1992.0,T652M2321992
21695,18953,56268,terrance,mcdougle,1992.0,T652M2321992,56268,terrance,mcdougle,1992.0,T652M2321992
21695,21694,56268,terrance,mcdougle,1992.0,T652M2321992,56268,terrance,mcdougle,1992.0,T652M2321992
21714,2918,43541,jaime,forte,1982.0,J500F6301982,43541,jaime,forte,1982.0,J500F6301982
21719,21717,37927,santiago,guaqueta,1979.0,S532G2301979,37927,santiago,guaqueta,1979.0,S532G2301979
21727,21726,57023,joshua,ortiz,1986.0,J200O6321986,57023,joshua,ortiz,1986.0,J200O6321986
21733,21732,57028,jose,louis,1990.0,J200L2001990,57028,jose,louis,1990.0,J200L2001990
21761,21760,43223,kenneth,beasley,1975.0,K530B2401975,43223,kenneth,beasley,1975.0,K530B2401975
21766,21655,16861,elton,jones,1982.0,E435J5201982,16861,elton,jones,1982.0,E435J5201982
21767,21655,16861,elton,jones,1982.0,E435J5201982,16861,elton,jones,1982.0,E435J5201982
21767,21766,16861,elton,jones,1982.0,E435J5201982,16861,elton,jones,1982.0,E435J5201982
21769,21768,57037,nesler,dumera,2069.0,N246D5602069,57037,nesler,dumera,2069.0,N246D5602069
21772,21771,38525,timothy,gubert,1980.0,T530G1631980,38525,timothy,gubert,1980.0,T530G1631980
21784,21783,57042,fabio,santos,2072.0,F100S5322072,57042,fabio,santos,2072.0,F100S5322072
21806,21804,57065,gabriel,cerenzia,2055.0,G164C6522055,57065,gabriel,cerenzia,2055.0,G164C6522055
21812,21810,57062,derek,modrok,2073.0,D620M3622073,57062,derek,modrok,2073.0,D620M3622073
21826,21825,57077,jonathan,fanfan,1988.0,J535F5151988,57077,jonathan,fanfan,1988.0,J535F5151988
21830,21829,57072,jean,beldunord,2061.0,J500B4352061,57072,jean,beldunord,2061.0,J500B4352061
21848,21847,57073,diego,bruna,1994.0,D200B6501994,57073,diego,bruna,1994.0,D200B6501994
21863,9264,37721,broderick,westbrook,1987.0,B636W2311987,37721,broderick,westbrook,1987.0,B636W2311987
21863,9265,37721,broderick,westbrook,1987.0,B636W2311987,37721,broderick,westbrook,1987.0,B636W2311987
21863,9266,37721,broderick,westbrook,1987.0,B636W2311987,37721,broderick,westbrook,1987.0,B636W2311987
21868,21867,57074,haratio,cooke,2074.0,H630C2002074,57074,haratio,cooke,2074.0,H630C2002074
21869,21867,57074,haratio,cooke,2074.0,H630C2002074,57074,haratio,cooke,2074.0,H630C2002074
21869,21868,57074,haratio,cooke,2074.0,H630C2002074,57074,haratio,cooke,2074.0,H630C2002074
21874,21873,33818,alexander,marino,1991.0,A425M6501991,33818,alexander,marino,1991.0,A425M6501991
21893,21892,55766,monyca,fields,1982.0,M520F4321982,55766,monyca,fields,1982.0,M520F4321982
21898,21897,45269,mark,rutledge,1993.0,M620R3431993,45269,mark,rutledge,1993.0,M620R3431993
21902,21900,57097,felipe,pagan,2070.0,F410P2502070,57097,felipe,pagan,2070.0,F410P2502070
21910,21909,57090,darren,bryant,2065.0,D650B6532065,57090,darren,bryant,2065.0,D650B6532065
21970,21969,57112,keith,moore,1982.0,K300M6001982,57112,keith,moore,1982.0,K300M6001982
21988,21987,5911,belinda,poplin,2069.0,B453P1452069,5911,belinda,poplin,2069.0,B453P1452069
21989,21987,5911,belinda,poplin,2069.0,B453P1452069,5911,belinda,poplin,2069.0,B453P1452069
21989,21988,5911,belinda,poplin,2069.0,B453P1452069,5911,belinda,poplin,2069.0,B453P1452069
22004,22002,57099,ornan,antoine,2064.0,O655A5352064,57099,ornan,antoine,2064.0,O655A5352064
22025,22023,57137,antonio,bryant,1981.0,A535B6531981,57137,antonio,bryant,1981.0,A535B6531981
22093,22092,57136,javier,valero,2074.0,J160V4602074,57136,javier,valero,2074.0,J160V4602074
22106,22104,57135,kathy,holmes,1981.0,K300H4521981,57135,kathy,holmes,1981.0,K300H4521981
22120,17068,55700,dylan,erb,1994.0,D450E6101994,55700,dylan,erb,1994.0,D450E6101994
22120,17069,55700,dylan,erb,1994.0,D450E6101994,55700,dylan,erb,1994.0,D450E6101994
22121,17068,55700,dylan,erb,1994.0,D450E6101994,55700,dylan,erb,1994.0,D450E6101994
22121,17069,55700,dylan,erb,1994.0,D450E6101994,55700,dylan,erb,1994.0,D450E6101994
22121,22120,55700,dylan,erb,1994.0,D450E6101994,55700,dylan,erb,1994.0,D450E6101994
22127,22126,57146,viccas,harris,2058.0,V220H6202058,57146,viccas,harris,2058.0,V220H6202058
22165,22164,57148,jon,lamore,1988.0,J500L5601988,57148,jon,lamore,1988.0,J500L5601988
22175,22174,57155,richard,yate,1991.0,R263Y3001991,57155,richard,yate,1991.0,R263Y3001991
22178,22177,6719,traveon,ortiz,1991.0,T615O6321991,6719,traveon,ortiz,1991.0,T615O6321991
22181,22180,58028,larhonda,mcmillian,2064.0,L653M2542064,58028,larhonda,mcmillian,2064.0,L653M2542064
22184,22183,3818,devonn,singletary,1989.0,D150S5241989,3818,devonn,singletary,1989.0,D150S5241989
22198,22197,6999,ira,stroman,2072.0,I600S3652072,6999,ira,stroman,2072.0,I600S3652072
22201,22200,57164,gerald,mackey,1985.0,G643M2001985,57164,gerald,mackey,1985.0,G643M2001985
22208,22206,38809,marcelo,severino,1986.0,M624S1651986,38809,marcelo,severino,1986.0,M624S1651986
22214,22213,57147,steven,wilson,1991.0,S315W4251991,57147,steven,wilson,1991.0,S315W4251991
22221,22210,36834,gerald,dieudonne,1990.0,G643D3501990,36834,gerald,dieudonne,1990.0,G643D3501990
22222,22210,36834,gerald,dieudonne,1990.0,G643D3501990,36834,gerald,dieudonne,1990.0,G643D3501990
22222,22221,36834,gerald,dieudonne,1990.0,G643D3501990,36834,gerald,dieudonne,1990.0,G643D3501990
22264,22263,57186,shantrill,lanier,1990.0,S536L5601990,57186,shantrill,lanier,1990.0,S536L5601990
22274,22273,57194,matt,munoz,1984.0,M300M5201984,57194,matt,munoz,1984.0,M300M5201984
22300,22299,57193,christopher,vanburen,1991.0,C623V5161991,57193,christopher,vanburen,1991.0,C623V5161991
22312,22311,57203,paulo,mota,1978.0,P400M3001978,57203,paulo,mota,1978.0,P400M3001978
22333,22332,57209,laura,falzarro,1981.0,L600F4261981,57209,laura,falzarro,1981.0,L600F4261981
22342,22341,57197,edward,barrios,1976.0,E363B6201976,57197,edward,barrios,1976.0,E363B6201976
22343,22341,57197,edward,barrios,1976.0,E363B6201976,57197,edward,barrios,1976.0,E363B6201976
22343,22342,57197,edward,barrios,1976.0,E363B6201976,57197,edward,barrios,1976.0,E363B6201976
22355,22354,57185,termell,prigeon,1988.0,T654P6251988,57185,termell,prigeon,1988.0,T654P6251988
22370,22369,57231,marcie,denney,1982.0,M620D5001982,57231,marcie,denney,1982.0,M620D5001982
22373,7683,53047,charles,rogers,2054.0,C642R2622054,53047,charles,rogers,2054.0,C642R2622054
22373,7685,53047,charles,rogers,2054.0,C642R2622054,53047,charles,rogers,2054.0,C642R2622054
22396,22395,57256,shaun,mckinley,1979.0,S500M2541979,57256,shaun,mckinley,1979.0,S500M2541979
22397,22395,57256,shaun,mckinley,1979.0,S500M2541979,57256,shaun,mckinley,1979.0,S500M2541979
22397,22396,57256,shaun,mckinley,1979.0,S500M2541979,57256,shaun,mckinley,1979.0,S500M2541979
22423,22422,57241,roody,taerlench,1989.0,R300T6451989,57241,roody,therlonge,1989.0,R300T6451989
22424,22422,57241,roody,therlonge,1989.0,R300T6451989,57241,roody,therlonge,1989.0,R300T6451989
22424,22423,57241,roody,therlonge,1989.0,R300T6451989,57241,roody,taerlench,1989.0,R300T6451989
22430,22428,57232,yahandry,rivero,1993.0,Y536R1601993,57232,yahandry,rivero,1993.0,Y536R1601993
22451,22449,57240,miah,johnson,1987.0,M000J5251987,57240,miah,johnson,1987.0,M000J5251987
22453,22452,57257,corey,watson,1987.0,C600W3251987,57257,corey,watson,1987.0,C600W3251987
22457,22456,57250,jazmin,hinds,1985.0,J255H5321985,57250,jazmin,hinds,1985.0,J255H5321985
22459,22458,57273,dougles,schnoor,2072.0,D242S5602072,57273,dougles,schnoor,2072.0,D242S5602072
22460,22458,57273,dougles,schnoor,2072.0,D242S5602072,57273,dougles,schnoor,2072.0,D242S5602072
22460,22459,57273,dougles,schnoor,2072.0,D242S5602072,57273,dougles,schnoor,2072.0,D242S5602072
22468,10615,53910,brian,wilson,2069.0,B650W4252069,53910,brian,wilson,2069.0,B650W4252069
22486,22485,57271,dane,whyte,1982.0,D500W3001982,57271,dane,whyte,1982.0,D500W3001982
22496,22495,1172,denard,shell,1989.0,D563S4001989,1172,denard,shell,1989.0,D563S4001989
22502,22501,57287,ronelson,stark,2073.0,R542S3622073,57287,ronelson,stark,2073.0,R542S3622073
22517,22516,57288,tereatha,lewis,1983.0,T630L2001983,57288,tereatha,lewis,1983.0,T630L2001983
22532,22531,57291,david,wilkinson,2061.0,D130W4252061,57291,david,wilkinson,2061.0,D130W4252061
22538,22536,57322,dwhnai,chin,1980.0,D500C5001980,57322,dwayne,chin,1980.0,D500C5001980
22568,22566,46711,shannon,morsillo,1980.0,S550M6241980,46711,shannon,morsillo,1980.0,S550M6241980
22603,22602,57311,carlos,posada,2067.0,C642P2302067,57311,carlos,posada,2067.0,C642P2302067
22606,22566,46711,shannon,morsillo,1980.0,S550M6241980,46711,shannon,morsillo,1980.0,S550M6241980
22606,22568,46711,shannon,morsillo,1980.0,S550M6241980,46711,shannon,morsillo,1980.0,S550M6241980
22610,652,29315,terry,smith,1992.0,T600S5301992,29315,terry,smith,1992.0,T600S5301992
22628,22626,57317,laurence,soucy,2055.0,L652S2002055,57317,laurence,soucy,2055.0,L652S2002055
22640,22639,33403,joshua,bayliss,1989.0,J200B4201989,33403,joshua,bayliss,1989.0,J200B4201989
22667,22666,57298,fred,alcius,1992.0,F630A4221992,57298,fred,alcius,1992.0,F630A4221992
22673,22671,57312,kane,crowe,2064.0,K500C6002064,57312,kane,crowe,2064.0,K500C6002064
22676,22674,57339,deandre,arnold,1990.0,D536A6541990,57339,deandre,arnold,1990.0,D536A6541990
22679,22677,57351,julio,rodriguez,1987.0,J400R3621987,57351,julio,rodriguez,1987.0,J400R3621987
22697,16569,55545,robert,williams,2064.0,R163W4522064,55545,robert,williams,2064.0,R163W4522064
22697,16570,55545,robert,williams,2064.0,R163W4522064,55545,robert,williams,2064.0,R163W4522064
22753,22752,57358,bruce,toski,2057.0,B620T2002057,57358,bruce,toski,2057.0,B620T2002057
22768,22767,57344,mack,richardson,2068.0,M200R2632068,57344,mack,richardson,2068.0,M200R2632068
22775,22773,57378,brian,oshea,1983.0,B650O2001983,57378,brian,oshea,1983.0,B650O2001983
22787,22785,50975,kennol,placil,1986.0,K540P4241986,50975,kennol,placil,1986.0,K540P4241986
22835,22833,57367,crystal,rushton,1994.0,C623R2351994,57367,crystal,rushton,1994.0,C623R2351994
22844,2974,51704,elizabeth,wiess,1986.0,E421W2001986,51704,elizabeth,wiess,1986.0,E421W2001986
22848,17175,55732,franquaill,noel,1990.0,F652N4001990,55732,franquaill,noel,1990.0,F652N4001990
22870,22869,7845,jose,jones,1990.0,J200J5201990,7845,jose,jones,1990.0,J200J5201990
22871,22869,7845,jose,jones,1990.0,J200J5201990,7845,jose,jones,1990.0,J200J5201990
22871,22870,7845,jose,jones,1990.0,J200J5201990,7845,jose,jones,1990.0,J200J5201990
22880,22879,49810,nerma-oexf,sills,2048.0,N652S4202048,49810,norma-jean,sills,2048.0,N652S4202048
22889,22887,57400,vinquisha,woodard,1993.0,V522W3631993,57400,vinquisha,woodard,1993.0,V522W3631993
22912,22911,57404,flavio,villarreal,1984.0,F410V4641984,57404,flavio,villarreal,1984.0,F410V4641984
22913,22911,57404,flavio,villarreal,1984.0,F410V4641984,57404,flavio,villarreal,1984.0,F410V4641984
22913,22912,57404,flavio,villarreal,1984.0,F410V4641984,57404,flavio,villarreal,1984.0,F410V4641984
22948,22947,57380,amber,rivero,1993.0,A516R1601993,57380,amber,rivero,1993.0,A516R1601993
22958,22956,57413,jeffrey,joseph,1990.0,J160J2101990,57413,jeffrey,joseph,1990.0,J160J2101990
22960,22959,57383,karam,shehadeh,1988.0,K650S3001988,57383,karam,shehadeh,1988.0,K650S3001988
22961,22959,57383,karam,shehadeh,1988.0,K650S3001988,57383,karam,shehadeh,1988.0,K650S3001988
22961,22960,57383,karam,shehadeh,1988.0,K650S3001988,57383,karam,shehadeh,1988.0,K650S3001988
22982,17320,55792,ambrosia,siaerell,1993.0,A516S6401993,55792,ambrosia,sherrell,1993.0,A516S6401993
22982,17321,55792,ambrosia,siaerell,1993.0,A516S6401993,55792,ambrosia,sherrell,1993.0,A516S6401993
22991,22989,10630,shimeko,johnson,1983.0,S520J5251983,10630,shimeko,johnson,1983.0,S520J5251983
22997,22995,57420,mary,watson,2053.0,M600W3252053,57420,mary,watson,2053.0,M600W3252053
23015,23013,21372,lorenzo,lewis,1988.0,L652L2001988,21372,lorenzo,lewis,1988.0,L652L2001988
23030,23029,57428,lucien,daoust,2067.0,L250D2302067,57428,lucien,daoust,2067.0,L250D2302067
23033,23032,57414,grace,alvarado,1986.0,G620A4161986,57414,grace,alvarado,1986.0,G620A4161986
23054,23053,21599,raymond,siggins,1983.0,R553S2521983,21599,raymond,siggins,1983.0,R553S2521983
23056,23055,57429,cedrick,fludd,1990.0,C362F4301990,57429,cedrick,fludd,1990.0,C362F4301990
23060,23058,57434,jon,cunningham,1977.0,J500C5521977,57434,jon,cunningham,1977.0,J500C5521977
23119,23118,57473,megan,mcnulty,1991.0,M250M2541991,57473,megan,mcnulty,1991.0,M250M2541991
23131,23130,57465,glenn,mckennie,1990.0,G450M2501990,57465,glenn,mckennie,1990.0,G450M2501990
23134,23133,57472,andres,penalopez,1988.0,A536P5411988,57472,andres,penalopez,1988.0,A536P5411988
23136,15519,55217,norberto,nieves,1985.0,N616N1201985,55217,norberto,nieves,1985.0,N616N1201985
23136,15521,55217,norberto,nieves,1985.0,N616N1201985,55217,norberto,nieves,1985.0,N616N1201985
23152,23151,57515,carla,silva,2064.0,C640S4102064,57515,carla,silva,2064.0,C640S4102064
23155,23154,57510,jorge,torres,2061.0,J620T6202061,57510,jorge,torres,2061.0,J620T6202061
23161,23160,31931,williams,randell,1993.0,W452R5341993,31931,williams,randell,1993.0,W452R5341993
23162,23160,31931,williams,randell,1993.0,W452R5341993,31931,williams,randell,1993.0,W452R5341993
23162,23161,31931,williams,randell,1993.0,W452R5341993,31931,williams,randell,1993.0,W452R5341993
23177,23175,57476,roland,voltaire,2067.0,R453V4362067,57476,roland,voltaire,2067.0,R453V4362067
23180,23179,57494,latasha,pharr,1986.0,L320P6001986,57494,latasha,pharr,1986.0,L320P6001986
23197,23196,57503,elisa,lamotta,2061.0,E420L5302061,57503,elisa,lamotta,2061.0,E420L5302061
23207,5637,57483,kimberly,cartright,1988.0,K516C6361988,52479,kimberly,carter,1988.0,K516C6361988
23221,23220,57491,yolanda,williams,2059.0,Y453W4522059,57491,yolanda,williams,2059.0,Y453W4522059
23257,23256,57498,mary,merisier,2071.0,M600M6262071,57498,mary,merisier,2071.0,M600M6262071
23258,23256,57498,mary,merisier,2071.0,M600M6262071,57498,mary,merisier,2071.0,M600M6262071
23258,23257,57498,mary,merisier,2071.0,M600M6262071,57498,mary,merisier,2071.0,M600M6262071
23264,23262,57528,alejandro,cabrera,1990.0,A425C1661990,57528,alejandro,cabrera,1990.0,A425C1661990
23273,23271,37817,navin,singh,1989.0,N150S5201989,37817,navin,singh,1989.0,N150S5201989
23279,23277,57520,jose,de leon jimenez,2073.0,J200D4522073,57520,jose,de leon jimenez,2073.0,J200D4522073
23290,10384,57517,tariq,smith,1994.0,T620S5301994,49164,tariq,smith,1994.0,T620S5301994
23306,23305,57523,william,boyance,2043.0,W450B5202043,57523,william,boyance,2043.0,W450B5202043
23321,23319,57544,jorge,montano,1982.0,J620M5351982,57544,jorge,montano,1982.0,J620M5351982
23348,23346,57552,richard,fiora,2066.0,R263F6002066,57552,richard,fiora,2066.0,R263F6002066
23351,23350,57558,shane,hall,1976.0,S500H4001976,57558,shane,hall,1976.0,S500H4001976
23354,2780,57555,carl,dacersrrok,2058.0,C640D2622058,51624,carlo,dqcrk,2058.0,C640D2622058
23363,23361,57551,oscar,calvino,1981.0,O260C4151981,57551,oscar,calvino,1981.0,O260C4151981
23369,23368,57556,michael,hinsch,2059.0,M240H5202059,57556,michael,hinsch,2059.0,M240H5202059
23374,23373,57537,richard,ortiz,1984.0,R263O6321984,57537,richard,ortiz,1984.0,R263O6321984
23375,23373,57537,richard,ortiz,1984.0,R263O6321984,57537,richard,ortiz,1984.0,R263O6321984
23375,23374,57537,richard,ortiz,1984.0,R263O6321984,57537,richard,ortiz,1984.0,R263O6321984
23380,23379,57547,alan,babitz,2057.0,A450B1322057,57547,alan,babitz,2057.0,A450B1322057
23383,23382,57553,ervin,jones,1993.0,E615J5201993,57553,ervin,jones,1993.0,E615J5201993
23402,23401,57545,pooranchand,ramnauth,2056.0,P652R5302056,57545,pooranchand,ramnauth,2056.0,P652R5302056
23408,23407,2047,victor,brown,1989.0,V236B6501989,2047,victor,brown,1989.0,V236B6501989
23414,23412,57535,nicholas,staggewise,1994.0,N242S3221994,57535,nicholas,staggewise,1994.0,N242S3221994
23443,23442,57562,jassen,lamparter,1980.0,J250L5161980,57562,jassen,lamparter,1980.0,J250L5161980
23459,23458,57564,robert,roser,2072.0,R163R2602072,57564,robert,roser,2072.0,R163R2602072
23488,23487,15379,rasean,collier,1976.0,R250C4601976,15379,rasean,collier,1976.0,R250C4601976
23489,23487,15379,rasean,collier,1976.0,R250C4601976,15379,rasean,collier,1976.0,R250C4601976
23489,23488,15379,rasean,collier,1976.0,R250C4601976,15379,rasean,collier,1976.0,R250C4601976
23510,23509,45343,ezra,ogden,1992.0,E260O2351992,45343,ezra,ogden,1992.0,E260O2351992
23539,23538,57622,angela,fuller,1983.0,A524F4601983,57622,angela,fuller,1983.0,A524F4601983
23558,23557,57619,henry,joseph,1989.0,H560J2101989,57619,henry,joseph,1989.0,H560J2101989
23561,23560,49787,cody,thibault,1993.0,C300T1431993,49787,cody,thibault,1993.0,C300T1431993
23578,23577,1476,audwin,lovinsky,1977.0,A350L1521977,1476,audwin,lovinsky,1977.0,A350L1521977
23579,23577,1476,audwin,lovinsky,1977.0,A350L1521977,1476,audwin,lovinsky,1977.0,A350L1521977
23579,23578,1476,audwin,lovinsky,1977.0,A350L1521977,1476,audwin,lovinsky,1977.0,A350L1521977
23585,23584,45848,mark,mannino,2062.0,M620M5502062,45848,mark,mannino,2062.0,M620M5502062
23588,23586,57579,lindroy,durrant,2073.0,L536D6532073,57579,lindroy,durrant,2073.0,L536D6532073
23633,23631,57611,rafael,martinez reyes,1981.0,R140M6351981,57611,rafael,martinez reyes,1981.0,R140M6351981
23651,23649,57597,matthew,calinao,1983.0,M300C4501983,57597,matthew,calinao,1983.0,M300C4501983
23669,23667,57613,reinhold,kettwig,2070.0,R543K3202070,57613,reinhold,kettwig,2070.0,R543K3202070
23671,23670,29432,jessica,soto,1976.0,J220S3001976,29432,jessica,soto,1976.0,J220S3001976
23681,23680,57649,wilson,ramos,2046.0,W425R5202046,57649,wilson,ramos,2046.0,W425R5202046
23738,23737,57663,brian,hartness,1986.0,B650H6351986,57663,brian,hartness,1986.0,B650H6351986
23755,23754,49306,jamie,cornell,1989.0,J500C6541989,49306,jamie,cornell,1989.0,J500C6541989
23765,23764,57625,jose,benites,2072.0,J200B5322072,57625,jose,benites,2072.0,J200B5322072
23768,23766,57660,jeremiah,darling,1988.0,J650D6451988,57660,jeremiah,darling,1988.0,J650D6451988
23770,23769,27253,john,debevits,2061.0,J500D1132061,27253,john,debevits,2061.0,J500D1132061
23773,23772,57666,mark,depalma,2054.0,M620D1452054,57666,mark,depalma,2054.0,M620D1452054
23801,23800,57673,kelly,abernath,1978.0,K400A1651978,57673,kelly,abernath,1978.0,K400A1651978
23815,23814,57670,russell,norman,1989.0,R240N6551989,57670,russell,norman,1989.0,R240N6551989
23819,21864,42846,velon,owens,1990.0,V450O5201990,42846,velon,owens,1990.0,V450O5201990
23824,23823,18793,jhonny,montanez,2072.0,J500M5352072,18793,jhonny,montanez,2072.0,J500M5352072
23857,23856,39434,clifton,dyer,1989.0,C413D6001989,39434,clifton,dyer,1989.0,C413D6001989
23878,23877,57714,ricardo,tafur,2061.0,R263T1602061,57714,ricardo,tafur,2061.0,R263T1602061
23883,18519,57695,jqnza,jnsnscw,1982.0,J520J5251982,56151,jeniqua,johnson,1982.0,J520J5251982
23890,23889,57721,laute,alexander,1992.0,L300A4251992,57721,laute,alexander,1992.0,L300A4251992
23893,23892,57687,robert,mcpherson,2073.0,R163M2162073,57687,robert,mcpherson,2073.0,R163M2162073
23894,23892,57687,robert,mcpherson,2073.0,R163M2162073,57687,robert,mcpherson,2073.0,R163M2162073
23894,23893,57687,robert,mcpherson,2073.0,R163M2162073,57687,robert,mcpherson,2073.0,R163M2162073
23924,23923,57710,christian,giraldo,1985.0,C623G6431985,57710,christian,giraldo,1985.0,C623G6431985
23926,23925,57726,junior,louissaint,1980.0,J560L2531980,57726,junior,louissaint,1980.0,J560L2531980
23927,23925,57726,junior,louissaint,1980.0,J560L2531980,57726,junior,louissaint,1980.0,J560L2531980
23927,23926,57726,junior,louissaint,1980.0,J560L2531980,57726,junior,louissaint,1980.0,J560L2531980
23933,23931,57688,anpherny,simpson,1994.0,A516S5121994,57688,anpherny,simpson,1994.0,A516S5121994
23951,23949,57694,lina,varela,1979.0,L500V6401979,57694,lina,varela,1979.0,L500V6401979
23970,9786,20922,steven,coney,1989.0,S315C5001989,20922,steven,coney,1989.0,S315C5001989
23970,9788,20922,steven,coney,1989.0,S315C5001989,20922,steven,coney,1989.0,S315C5001989
23971,9786,20922,steven,coney,1989.0,S315C5001989,20922,steven,coney,1989.0,S315C5001989
23971,9788,20922,steven,coney,1989.0,S315C5001989,20922,steven,coney,1989.0,S315C5001989
23971,23970,20922,steven,coney,1989.0,S315C5001989,20922,steven,coney,1989.0,S315C5001989
23972,9786,20922,steven,coney,1989.0,S315C5001989,20922,steven,coney,1989.0,S315C5001989
23972,9788,20922,steven,coney,1989.0,S315C5001989,20922,steven,coney,1989.0,S315C5001989
23972,23970,20922,steven,coney,1989.0,S315C5001989,20922,steven,coney,1989.0,S315C5001989
23972,23971,20922,steven,coney,1989.0,S315C5001989,20922,steven,coney,1989.0,S315C5001989
23974,23973,57702,shakela,smith,1987.0,S240S5301987,57702,shakela,smith,1987.0,S240S5301987
23975,23973,57702,shakela,smith,1987.0,S240S5301987,57702,shakela,smith,1987.0,S240S5301987
23975,23974,57702,shakela,smith,1987.0,S240S5301987,57702,shakela,smith,1987.0,S240S5301987
23999,23997,57719,glen,diefenderfer,2069.0,G450D1532069,57719,glen,diefenderfer,2069.0,G450D1532069
24023,24022,48786,michael,sosa,1987.0,M240S2001987,48786,michael,sosa,1987.0,M240S2001987
24025,24024,57706,therese,patterson,2046.0,T620P3622046,57706,therese,patterson,2046.0,T620P3622046
24032,24031,57749,anthony,fasulo,2062.0,A535F2402062,57749,anthony,fasulo,2062.0,A535F2402062
24035,24033,28538,samuel,crespo,1983.0,S540C6211983,28538,samuel,crespo,1983.0,S540C6211983
24038,1861,9264,adrian,whipple,1985.0,A365W1401985,10944,adrian,whipple,1985.0,A365W1401985
24038,1862,9264,adrian,whipple,1985.0,A365W1401985,10944,adrian,whipple,1985.0,A365W1401985
24043,24042,23661,reben,cotilla,1986.0,R150C3401986,23661,reben,cotilla,1986.0,R150C3401986
24047,24046,57742,everett,corbin,1995.0,E163C6151995,57742,everett,corbin,1995.0,E163C6151995
24090,1861,9264,adrian,whipple,1985.0,A365W1401985,10944,adrian,whipple,1985.0,A365W1401985
24090,1862,9264,adrian,whipple,1985.0,A365W1401985,10944,adrian,whipple,1985.0,A365W1401985
24090,24038,9264,adrian,whipple,1985.0,A365W1401985,9264,adrian,whipple,1985.0,A365W1401985
24091,1861,9264,adrian,whipple,1985.0,A365W1401985,10944,adrian,whipple,1985.0,A365W1401985
24091,1862,9264,adrian,whipple,1985.0,A365W1401985,10944,adrian,whipple,1985.0,A365W1401985
24091,24038,9264,adrian,whipple,1985.0,A365W1401985,9264,adrian,whipple,1985.0,A365W1401985
24091,24090,9264,adrian,whipple,1985.0,A365W1401985,9264,adrian,whipple,1985.0,A365W1401985
24110,24109,57764,fausto,zepeda,2059.0,F230Z1302059,57764,fausto,zepeda,2059.0,F230Z1302059
24118,1644,51273,kalif,fletcher,1994.0,K410F4321994,51273,kalif,fletcher,1994.0,K410F4321994
24148,24060,51620,jennifer,oneal,2074.0,J516O5402074,51620,jennifer,oneal,2074.0,J516O5402074
24149,24060,51620,jennifer,oneal,2074.0,J516O5402074,51620,jennifer,oneal,2074.0,J516O5402074
24149,24148,51620,jennifer,oneal,2074.0,J516O5402074,51620,jennifer,oneal,2074.0,J516O5402074
24161,24160,57773,jamal,jones,1992.0,J540J5201992,57773,jamal,jones,1992.0,J540J5201992
24169,24168,57796,tammy,green,2065.0,T500G6502065,57796,tammy,green,2065.0,T500G6502065
24170,24168,57796,tammy,green,2065.0,T500G6502065,57796,tammy,green,2065.0,T500G6502065
24170,24169,57796,tammy,green,2065.0,T500G6502065,57796,tammy,green,2065.0,T500G6502065
24172,24171,57771,steven,koliske,2068.0,S315K4202068,57771,steven,koliske,2068.0,S315K4202068
24173,24171,57771,steven,koliske,2068.0,S315K4202068,57771,steven,koliske,2068.0,S315K4202068
24173,24172,57771,steven,koliske,2068.0,S315K4202068,57771,steven,koliske,2068.0,S315K4202068
24176,24175,57783,latavyia,tucker,1990.0,L310T2601990,57783,latavyia,tucker,1990.0,L310T2601990
24197,24195,57775,vincenzo,dilullo,2058.0,V525D4402058,57775,vincenzo,dilullo,2058.0,V525D4402058
24200,24198,57786,paulette,clarke,2059.0,P430C4622059,57786,paulette,clarke,2059.0,P430C4622059
24203,24201,57798,cynthia,detres,1995.0,C530D3621995,57798,cynthia,detres,1995.0,C530D3621995
24224,24223,17055,joel,kabistan,1984.0,J400K1231984,17055,joel,kabistan,1984.0,J400K1231984
24227,24226,57791,michael,waddell,1982.0,M240W3401982,57791,michael,waddell,1982.0,M240W3401982
24234,24213,29985,israel,langloire,2074.0,I264L5242074,29985,israel,langloire,2074.0,I264L5242074
24251,24250,57799,terrence,lee,1991.0,T652L0001991,57799,terrence,lee,1991.0,T652L0001991
24268,24267,57823,james,green,2025.0,J520G6502025,57823,james,green,2025.0,J520G6502025
24281,24279,57818,joseph,willie,1978.0,J210W4001978,57818,joseph,willie,1978.0,J210W4001978
24304,16707,11871,courtney,vanhorne,1983.0,C635V5651983,11871,courtney,vanhorne,1983.0,C635V5651983
24304,16708,11871,courtney,vanhorne,1983.0,C635V5651983,11871,courtney,vanhorne,1983.0,C635V5651983
24312,5100,52342,francesca,larosa,2053.0,F652L6202053,52342,francesca,larosa,2053.0,F652L6202053
24312,5102,52342,francesca,larosa,2053.0,F652L6202053,52342,francesca,larosa,2053.0,F652L6202053
24324,16012,27739,craig,parrish,1980.0,C620P6201980,27739,craig,parrish,1980.0,C620P6201980
24326,16012,27739,craig,parrish,1980.0,C620P6201980,27739,craig,parrish,1980.0,C620P6201980
24326,24324,27739,craig,parrish,1980.0,C620P6201980,27739,craig,parrish,1980.0,C620P6201980
24328,24327,57810,theodore,wolfe,1976.0,T360W4101976,57810,theodore,wolfe,1976.0,T360W4101976
24347,24345,57806,juster,philippe,1995.0,J236P4101995,57806,juster,philippe,1995.0,J236P4101995
24359,24358,57827,willie,brown,2053.0,W400B6502053,57827,willie,brown,2053.0,W400B6502053
24370,22818,57370,daniel,durmeus,2052.0,D540D6522052,57370,daniel,durmeus,2052.0,D540D6522052
24371,24369,57370,daniel,durmeus,2057.0,D540D6522057,57370,daniel,durmeus,2057.0,D540D6522057
24377,24375,57815,joseph,accardi,1975.0,J210A2631975,57815,joseph,accardi,1975.0,J210A2631975
24407,24406,57848,tara,bruno,1989.0,T600B6501989,57848,tara,bruno,1989.0,T600B6501989
24410,24409,57857,amber,pasquale,1992.0,A516P2401992,57857,amber,pasquale,1992.0,A516P2401992
24431,696,57869,michael,leigh,2066.0,M240L2002066,51053,michael,lewis,2066.0,M240L2002066
24436,24435,38460,joseph,flynn,1990.0,J210F4501990,38460,joseph,flynn,1990.0,J210F4501990
24439,24438,57840,joshua,flewellyn,1987.0,J200F4451987,57840,joshua,flewellyn,1987.0,J200F4451987
24446,24444,57844,darryl,stringer,2060.0,D640S3652060,57844,darryl,stringer,2060.0,D640S3652060
24452,24451,57876,michael,blum,2070.0,M240B4502070,57876,michael,blum,2070.0,M240B4502070
24460,9400,42277,pedro,previlus,1990.0,P360P6141990,53628,pedro,previlus,1990.0,P360P6141990
24479,24477,57860,michael,rosa,1988.0,M240R2001988,57860,michael,rosa,1988.0,M240R2001988
24485,24484,18290,christopher,lloyd,1990.0,C623L3001990,18290,christopher,lloyd,1990.0,C623L3001990
24488,24486,44967,juan,valderrama,1984.0,J500V4361984,44967,juan,valderrama,1984.0,J500V4361984
24494,24492,57839,fernando,walker,2070.0,F655W4262070,57839,fernando,walker,2070.0,F655W4262070
24511,24510,57883,carl,feest,2059.0,C640F2302059,57883,carl,feest,2059.0,C640F2302059
24512,24510,57883,carl,feest,2059.0,C640F2302059,57883,carl,feest,2059.0,C640F2302059
24512,24511,57883,carl,feest,2059.0,C640F2302059,57883,carl,feest,2059.0,C640F2302059
24526,24525,57880,kenson,jeanpierre,1982.0,K525J5161982,57880,kenson,jeanpierre,1982.0,K525J5161982
24535,24534,57885,noel,medina,2065.0,N400M3502065,57885,noel,medina,2065.0,N400M3502065
24536,24534,57885,noel,medina,2065.0,N400M3502065,57885,noel,medina,2065.0,N400M3502065
24536,24535,57885,noel,medina,2065.0,N400M3502065,57885,noel,medina,2065.0,N400M3502065
24553,24552,57895,joanne,eugene,1990.0,J500E2501990,57895,joanne,eugene,1990.0,J500E2501990
24556,24555,57917,kevin,lewis,1995.0,K150L2001995,57917,kevin,lewis,1995.0,K150L2001995
24565,24564,57933,julio,bethancourt,1981.0,J400B3521981,57933,julio,bethancourt,1981.0,J400B3521981
24572,24571,57898,devonte,hughes,1993.0,D153H2201993,57898,devonte,hughes,1993.0,D153H2201993
24586,24585,57919,jonathan,florez,1993.0,J535F4621993,57919,jonathan,florez,1993.0,J535F4621993
24589,24588,57924,michael,mayweather,1985.0,M240M3601985,57924,michael,mayweather,1985.0,M240M3601985
24590,24588,57924,michael,mayweather,1985.0,M240M3601985,57924,michael,mayweather,1985.0,M240M3601985
24590,24589,57924,michael,mayweather,1985.0,M240M3601985,57924,michael,mayweather,1985.0,M240M3601985
24596,24594,57907,michael,scunziano,2054.0,M240S5252054,57907,michael,scunziano,2054.0,M240S5252054
24611,24610,57901,maura,mitchell,2051.0,M600M3242051,57901,maura,mitchell,2051.0,M600M3242051
24626,24624,57909,alan,wessling,2071.0,A450W2452071,57909,alan,wessling,2071.0,A450W2452071
24642,22153,57939,tyler,bray,1990.0,T460B6001990,57166,tyler,bray,1990.0,T460B6001990
24645,24602,41977,richard,lindo,2069.0,R263L5302069,41977,richard,lindo,2069.0,R263L5302069
24656,24655,57940,barry,sippin,2072.0,B600S1502072,57940,barry,sippin,2072.0,B600S1502072
24680,24679,57915,fredrick,adger,1976.0,F636A3261976,57915,fredrick,adger,1976.0,F636A3261976
24690,24567,19078,eyzzaquirre,walquer,1989.0,E226W4261989,19078,eyzzaquirre,walquer,1989.0,E226W4261989
24694,24693,57906,trevon,madison,1991.0,T615M3251991,57906,trevon,madison,1991.0,T615M3251991
24706,20899,57920,jose,santos,2062.0,J200S5322062,56813,jose,santos,2062.0,J200S5322062
24718,24717,57934,ashley,roman,1993.0,A240R5501993,57934,ashley,roman,1993.0,A240R5501993
24723,7141,52906,jermaine,brown,1995.0,J655B6501995,52906,jermaine,brown,1995.0,J655B6501995
24745,24744,27745,reginald,johnson,2072.0,R254J5252072,27745,reginald,johnson,2072.0,R254J5252072
24761,24759,47178,justin,rai,1993.0,J235R0001993,47178,justin,rai,1993.0,J235R0001993
24763,24762,57968,bob,prophete,1982.0,B100P6131982,57968,bob,prophete,1982.0,B100P6131982
24764,24762,57968,bob,prophete,1982.0,B100P6131982,57968,bob,prophete,1982.0,B100P6131982
24764,24763,57968,bob,prophete,1982.0,B100P6131982,57968,bob,prophete,1982.0,B100P6131982
24765,22012,57095,cameron,brown,1983.0,C565B6501983,57095,cameron,brown,1983.0,C565B6501983
24771,17413,46908,oswald,mcbride,1983.0,O243M2161983,46908,oswald,mcbride,1983.0,O243M2161983
24773,17413,46908,oswald,mcbride,1983.0,O243M2161983,46908,oswald,mcbride,1983.0,O243M2161983
24773,24771,46908,oswald,mcbride,1983.0,O243M2161983,46908,oswald,mcbride,1983.0,O243M2161983
24784,24783,57525,shannon,holloway,2072.0,S550H4002072,57525,shannon,holloway,2072.0,S550H4002072
24797,24796,57957,james,barona,1987.0,J520B6501987,57957,james,barona,1987.0,J520B6501987
24800,24799,57962,latasha,johnson,1988.0,L320J5251988,57962,latasha,johnson,1988.0,L320J5251988
24827,24826,57864,william,raber,1985.0,W450R1601985,57864,william,raber,1985.0,W450R1601985
24842,24841,57981,tara,leconte,1995.0,T600L2531995,57981,tara,leconte,1995.0,T600L2531995
24844,21750,57986,derrick,williamson,1978.0,D620W4521978,41192,derek,williams,1978.0,D620W4521978
24845,21750,57986,derrick,williamson,1978.0,D620W4521978,41192,derek,williams,1978.0,D620W4521978
24845,24844,57986,derrick,williamson,1978.0,D620W4521978,57986,derrick,williamson,1978.0,D620W4521978
24853,24744,57988,reginald,johnson,2072.0,R254J5252072,27745,reginald,johnson,2072.0,R254J5252072
24853,24745,57988,reginald,johnson,2072.0,R254J5252072,27745,reginald,johnson,2072.0,R254J5252072
24854,24744,57988,reginald,johnson,2072.0,R254J5252072,27745,reginald,johnson,2072.0,R254J5252072
24854,24745,57988,reginald,johnson,2072.0,R254J5252072,27745,reginald,johnson,2072.0,R254J5252072
24854,24853,57988,reginald,johnson,2072.0,R254J5252072,57988,reginald,johnson,2072.0,R254J5252072
24908,24906,34113,venessa,howitt,1991.0,V520H3001991,34113,venessa,howitt,1991.0,V520H3001991
24915,6475,57977,danny,alford,1994.0,D500A4161994,52729,danny,alford,1994.0,D500A4161994
24920,24918,57995,jason,herring,1976.0,J250H6521976,57995,jason,herring,1976.0,J250H6521976
24926,24925,58019,javier,rodriguez,1984.0,J160R3621984,58019,javier,rodriguez,1984.0,J160R3621984
24950,24948,50622,stephanie,little,1980.0,S315L3401980,50622,stephanie,little,1980.0,S315L3401980
24983,24982,58001,shawntoria,jefferson,1994.0,S536J1621994,58001,shawntoria,jefferson,1994.0,S536J1621994
24995,24994,58005,francisco,soto,2062.0,F652S3002062,58005,francisco,soto,2062.0,F652S3002062
25004,25003,58015,llewellyn,jones,2064.0,L450J5202064,58015,llewellyn,jones,2064.0,L450J5202064
25042,25041,37115,ronald,drew,2064.0,R543D6002064,37115,ronald,drew,2064.0,R543D6002064
25048,25047,58040,nickia,whitehead,1976.0,N200W3301976,58040,nickia,whitehead,1976.0,N200W3301976
25054,25053,58031,carlos,pierre,1995.0,C642P6001995,58031,carlos,pierre,1995.0,C642P6001995
25058,25056,58045,david,selzer,2074.0,D130S4262074,58045,david,selzer,2074.0,D130S4262074
25081,25080,58043,michael,swift,1980.0,M240S1301980,58043,michael,swift,1980.0,M240S1301980
25105,25104,58051,melvin,thirsty,2054.0,M415T6232054,58051,melvin,thirsty,2054.0,M415T6232054
25126,25125,58056,seyed,banihashemi,2072.0,S300B5252072,58056,seyed,banihasqsmf,2072.0,S300B5252072
25127,25125,58056,seyed,banihashemi,2072.0,S300B5252072,58056,seyed,banihasqsmf,2072.0,S300B5252072
25127,25126,58056,seyed,banihashemi,2072.0,S300B5252072,58056,seyed,banihashemi,2072.0,S300B5252072
25133,25132,58029,sandra,kersey,2057.0,S536K6202057,58029,sandra,kersey,2057.0,S536K6202057
25135,25134,58048,ben,deroseau,1978.0,B500D6201978,58048,ben,deroseau,1978.0,B500D6201978
25138,25137,54122,leroy,cash,1990.0,L600C2001990,54122,leroy,cash,1990.0,L600C2001990
25145,25143,58060,terrance,irvin,1984.0,T652I6151984,58060,terrance,irvin,1984.0,T652I6151984
25147,25146,58065,brian,addeo,1991.0,B650A3001991,58065,brian,addeo,1991.0,B650A3001991
25152,18718,56195,nikenson,nicolas,1985.0,N252N2421985,56195,nikenson,nicolas,1985.0,N252N2421985
25153,18718,56195,nikenson,nicolas,1985.0,N252N2421985,56195,nikenson,nicolas,1985.0,N252N2421985
25153,25152,56195,nikenson,nicolas,1985.0,N252N2421985,56195,nikenson,nicolas,1985.0,N252N2421985
25187,25186,54190,john,seymore,2063.0,J500S5602063,54190,john,seymore,2063.0,J500S5602063
25196,25194,58080,rehan,kazi,2068.0,R500K2002068,58080,rehan,kazi,2068.0,R500K2002068
25229,25228,58114,miguel,palazuelos,1987.0,M240P4241987,58114,miguel,palazuelos,1987.0,M240P4241987
25238,25237,58092,john,cooper,2055.0,J500C1602055,58092,john,cooper,2055.0,J500C1602055
25241,25240,58095,shawn,myers,2074.0,S500M6202074,58095,shawn,myers,2074.0,S500M6202074
25262,25260,38239,lance,stevenson,2056.0,L520S3152056,38239,lance,stevenson,2056.0,L520S3152056
25273,12438,54379,christopher,sohit,1982.0,C623S3001982,54379,christopher,sohit,1982.0,C623S3001982
25276,927,4411,nafisa,picou,1983.0,N120P2001983,4411,nafisa,picou,1983.0,N120P2001983
25277,927,4411,nafisa,picou,1983.0,N120P2001983,4411,nafisa,picou,1983.0,N120P2001983
25277,25276,4411,nafisa,picou,1983.0,N120P2001983,4411,nafisa,picou,1983.0,N120P2001983
25301,25299,40936,roger,sinclair,1991.0,R260S5241991,40936,roger,sinclair,1991.0,R260S5241991
25313,25311,58086,omar,perez,1980.0,O560P6201980,58086,omar,perez,1980.0,O560P6201980
25331,23159,58096,gabriela,ulpiano,1993.0,G164U4151993,57519,gabriella,ulpiano,1993.0,G164U4151993
25360,25359,58124,emily,noronha,1986.0,E540N6501986,58124,emily,noronha,1986.0,E540N6501986
25365,9162,53480,carlos,lopesp,1986.0,C642L1211986,53480,carlos,lopesp,1986.0,C642L1211986
25366,9162,53480,carlos,lopesp,1986.0,C642L1211986,53480,carlos,lopesp,1986.0,C642L1211986
25366,25365,53480,carlos,lopesp,1986.0,C642L1211986,53480,carlos,lopesp,1986.0,C642L1211986
25373,25371,58122,emmanuel,jeanbaptiste,1981.0,E554J5111981,58122,emmanuel,jeanbaptiste,1981.0,E554J5111981
25412,25410,58149,keith,baylor,2071.0,K300B4602071,58149,keith,baylor,2071.0,K300B4602071
25415,25414,8339,morgan,wood,2066.0,M625W3002066,8339,morgan,wood,2066.0,M625W3002066
25433,25432,58140,joseph,massucco,1989.0,J210M2201989,58140,joseph,massucco,1989.0,J210M2201989
25439,25437,58119,patrick,belhomme,1995.0,P362B4501995,58119,patrick,belhomme,1995.0,P362B4501995
25457,25456,58128,green,lateria,1993.0,G650L3601993,58128,green,lateria,1993.0,G650L3601993
25463,25462,58123,mitchell,berlanga,1987.0,M324B6451987,58123,mitchell,berlanga,1987.0,M324B6451987
25466,25465,58125,mitchell,miller,2066.0,M324M4602066,58125,mitchell,miller,2066.0,M324M4602066
25480,17164,55722,johnny,cesar,1987.0,J500C2601987,55722,johnny,cesar,1987.0,J500C2601987
25487,25485,58169,travis,brooks,1984.0,T612B6201984,58169,travis,brooks,1984.0,T612B6201984
25496,25494,57618,jamaree,moreland,1995.0,J560M6451995,57618,jamaree,moreland,1995.0,J560M6451995
25505,25503,26934,stacey,sanchez,2070.0,S320S5222070,26934,stacey,sanchez,2070.0,S320S5222070
25508,25507,58159,jonathan,burch,1991.0,J535B6201991,58159,jonathan,burch,1991.0,J535B6201991
25514,25513,58152,juan,guacaneme,1990.0,J500G2551990,58152,juan,guacaneme,1990.0,J500G2551990
25529,25528,58175,shaun,shirey,1998.0,S500S6001998,58175,shaun,shirey,1998.0,S500S6001998
25543,16780,58164,derik,pollard,2059.0,D620P4632059,55280,derik,pollard,2059.0,D620P4632059
25546,25545,58166,mary,ledbetter,2064.0,M600L3132064,58166,mary,ledbetter,2064.0,M600L3132064
25558,25557,58160,william,mckenzie,1975.0,W450M2521975,58160,william,mckenzie,1975.0,W450M2521975
25608,25586,54427,erica,smith,1980.0,E620S5301980,54427,erica,smith,1980.0,E620S5301980
25615,25614,58196,mario,sacramone,2061.0,M600S2652061,58196,mario,sacramone,2061.0,M600S2652061
25625,25624,47666,veronica,walker,1976.0,V652W4261976,47666,veronica,walker,1976.0,V652W4261976
25640,25639,58191,angeline,labarca,1988.0,A524L1621988,58191,angeline,labarca,1988.0,A524L1621988
25657,9595,53488,ashley,collins,1987.0,A240C4521987,53488,ashley,collins,1987.0,A240C4521987
25657,9596,53488,ashley,collins,1987.0,A240C4521987,53488,ashley,collins,1987.0,A240C4521987
25661,25660,58190,kevin,eutsey,1975.0,K150E3201975,58190,kevin,eutsey,1975.0,K150E3201975
25664,25663,58214,lorenzo,brown,2063.0,L652B6502063,58214,lorenzo,brown,2063.0,L652B6502063
25669,25668,58205,vincent,defazio,2055.0,V525D1202055,58205,vincent,defazio,2055.0,V525D1202055
25679,25677,13010,robert,cortes,1978.0,R163C6321978,13010,robert,cortes,1978.0,R163C6321978
25693,25692,58208,thery,cineus,1988.0,T600C5201988,58208,thery,cineus,1988.0,T600C5201988
25703,25702,58218,michael,alen,1977.0,M240A4501977,58218,michael,alen,1977.0,M240A4501977
25744,25743,58223,rozier,herbert,2074.0,R260H6162074,58223,rozier,herbert,2074.0,R260H6162074
25756,25755,58227,dean,serfis,2059.0,D500S6122059,58227,dean,serfis,2059.0,D500S6122059
25766,25764,58232,anthony,latimore,1988.0,A535L3561988,58232,anthony,latimore,1988.0,A535L3561988
25768,25767,58235,desmond,rolle,1979.0,D255R4001979,58235,desmond,rolle,1979.0,D255R4001979
25777,25776,58249,peter,reilly,1992.0,P360R4001992,58249,peter,reilly,1992.0,P360R4001992
25825,25824,33964,willie,sheely,1981.0,W400S4001981,33964,willie,sheely,1981.0,W400S4001981
25826,25824,33964,willie,sheely,1981.0,W400S4001981,33964,willie,sheely,1981.0,W400S4001981
25826,25825,33964,willie,sheely,1981.0,W400S4001981,33964,willie,sheely,1981.0,W400S4001981
25852,25851,34006,jessica,garciamarino,1992.0,J220G6251992,34006,jessica,garciamarino,1992.0,J220G6251992
25853,25851,34006,jessica,garciamarino,1992.0,J220G6251992,34006,jessica,garciamarino,1992.0,J220G6251992
25853,25852,34006,jessica,garciamarino,1992.0,J220G6251992,34006,jessica,garciamarino,1992.0,J220G6251992
25861,25860,58264,joseph,hepburn,2047.0,J210H1652047,58264,joseph,hepburn,2047.0,J210H1652047
25862,25860,58264,joseph,hepburn,2047.0,J210H1652047,58264,joseph,hepburn,2047.0,J210H1652047
25862,25861,58264,joseph,hepburn,2047.0,J210H1652047,58264,joseph,hepburn,2047.0,J210H1652047
25870,25869,48654,christopher,hamilton,1977.0,C623H5431977,48654,christopher,hamilton,1977.0,C623H5431977
25889,25887,7109,brandon,barther,1982.0,B653B6361982,7109,brandon,barther,1982.0,B653B6361982
25891,25890,58258,laneatra,brown,1992.0,L536B6501992,58258,laneatra,brown,1992.0,L536B6501992
25895,25894,58271,david,rodriguez,1987.0,D130R3621987,58271,david,rodriguez,1987.0,D130R3621987
25910,25908,58268,brendan,brown,1993.0,B653B6501993,58268,brendan,brown,1993.0,B653B6501993
25924,25923,58276,rabia,basri,1986.0,R100B2601986,58276,rabia,basri,1986.0,R100B2601986
25925,25923,58276,rabia,basri,1986.0,R100B2601986,58276,rabia,basri,1986.0,R100B2601986
25925,25924,58276,rabia,basri,1986.0,R100B2601986,58276,rabia,basri,1986.0,R100B2601986
25928,25927,58278,adriel,ovadia,1992.0,A364O1301992,58278,adriel,ovadia,1992.0,A364O1301992
25936,25935,58280,kylee,gault,1994.0,K400G4301994,58280,kylee,gault,1994.0,K400G4301994
25949,25947,58315,lisa,richards,2066.0,L200R2632066,58315,lisa,richards,2066.0,L200R2632066
25959,11451,58313,ronald,johnson,2054.0,R543J5252054,54161,ronald,johnson,2054.0,R543J5252054
25959,11452,58313,ronald,johnson,2054.0,R543J5252054,54161,ronald,johnson,2054.0,R543J5252054
25967,25965,58292,tremaine,mckenzie,1995.0,T655M2521995,58292,tremaine,mckenzie,1995.0,T655M2521995
25973,25972,58311,domimick,sarlo,2052.0,D552S6402052,58311,domimick,sarlo,2052.0,D552S6402052
25976,25975,23392,xavier,copeland,1983.0,X160C1451983,23392,xavier,copeland,1983.0,X160C1451983
25986,19764,56497,michelle,baker,1977.0,M240B2601977,56497,michelle,baker,1977.0,M240B2601977
25986,19766,56497,michelle,baker,1977.0,M240B2601977,56497,michelle,baker,1977.0,M240B2601977
25988,19764,56497,michelle,baker,1977.0,M240B2601977,56497,michelle,baker,1977.0,M240B2601977
25988,19766,56497,michelle,baker,1977.0,M240B2601977,56497,michelle,baker,1977.0,M240B2601977
25988,25986,56497,michelle,baker,1977.0,M240B2601977,56497,michelle,baker,1977.0,M240B2601977
25991,25989,58293,ngoc,thach,1985.0,N220T2001985,58293,ngoc,thach,1985.0,N220T2001985
26032,26031,58310,margaret,idowu,1983.0,M626I3001983,58310,margaret,idowu,1983.0,M626I3001983
26033,26031,58310,margaret,idowu,1983.0,M626I3001983,58310,margaret,idowu,1983.0,M626I3001983
26033,26032,58310,margaret,idowu,1983.0,M626I3001983,58310,margaret,idowu,1983.0,M626I3001983
26051,26050,58325,scott,jimison,1981.0,S300J5251981,58325,scott,jimison,1981.0,S300J5251981
26053,26052,58333,jarrod,indik,1987.0,J630I5321987,58333,jarrod,indik,1987.0,J630I5321987
26090,26088,58330,kevin,carroll,2068.0,K150C6402068,58330,kevin,carroll,2068.0,K150C6402068
26092,26091,40371,bruce,gadson,2055.0,B620G3252055,40371,bruce,gadson,2055.0,B620G3252055
26104,26103,58321,rueben,smith,1979.0,R150S5301979,58321,rueben,smith,1979.0,R150S5301979
26113,26112,58339,alan,bridges,2065.0,A450B6322065,58339,alan,bridges,2065.0,A450B6322065
26123,26121,53411,justin,terri,1985.0,J235T6001985,53411,justin,terri,1985.0,J235T6001985
26134,26133,58331,rufus,jackson,2064.0,R120J2502064,58331,rufus,jackson,2064.0,R120J2502064
26159,26158,58373,isreal,lopez,1989.0,I264L1201989,58373,isreal,lopez,1989.0,I264L1201989
26168,26167,58379,edwin,sanchez,2058.0,E350S5222058,58379,edwin,sanchez,2058.0,E350S5222058
26170,507,50963,keron,edwards,1979.0,K650E3631979,50963,keron,edwards,1979.0,K650E3631979
26180,26178,58350,edwin,oliva,1995.0,E350O4101995,58350,edwin,oliva,1995.0,E350O4101995
26196,17696,58372,charmaine,ramkhelawan,2064.0,C655R5242064,55870,charmaine,ramkhelawan,2064.0,C655R5242064
26210,26208,58365,dennis,cabrera,1975.0,D520C1661975,58365,dennis,cabrera,1975.0,D520C1661975
26214,1879,1307,juan,marroquinpascacio,1984.0,J500M6251984,1307,juan,marroquinpascacio,1984.0,J500M6251984
26215,1879,1307,juan,marroquinpascacio,1984.0,J500M6251984,1307,juan,marroquinpascacio,1984.0,J500M6251984
26215,26214,1307,juan,marroquinpascacio,1984.0,J500M6251984,1307,juan,marroquinpascacio,1984.0,J500M6251984
26246,26245,58370,nicholas,bynum,1986.0,N242B5501986,58370,nicholas,bynum,1986.0,N242B5501986
26257,26256,58378,rafael,diazgonzalez,1984.0,R140D2521984,58378,rafael,diawgonzsvex,1984.0,R140D2521984
26269,26268,58364,kenneth,tommie,2067.0,K530T5002067,58364,kenneth,tommie,2067.0,K530T5002067
26315,21114,51670,fidel,salnave,1978.0,F340S4511978,51670,fidel,salnave,1978.0,F340S4511978
26315,21116,51670,fidel,salnave,1978.0,F340S4511978,51670,fidel,salnave,1978.0,F340S4511978
26317,26316,58389,steve,stanley,2064.0,S310S3542064,58389,steve,stanley,2064.0,S310S3542064
26318,26316,58389,steve,stanley,2064.0,S310S3542064,58389,steve,stanley,2064.0,S310S3542064
26318,26317,58389,steve,stanley,2064.0,S310S3542064,58389,steve,stanley,2064.0,S310S3542064
26354,23695,57659,patrick,doctor,1978.0,P362D2361978,57659,patrick,doctor,1978.0,P362D2361978
26358,18121,20380,joseph,libson,1979.0,J210L1251979,20380,joseph,libson,1979.0,J210L1251979
26360,18121,20380,joseph,libson,1979.0,J210L1251979,20380,joseph,libson,1979.0,J210L1251979
26360,26358,20380,joseph,libson,1979.0,J210L1251979,20380,joseph,libson,1979.0,J210L1251979
26375,26374,58398,shermanda,phillips,1991.0,S655P4121991,58398,shermanda,phillips,1991.0,S655P4121991
26378,26377,58392,lisa,chmielewski,2067.0,L200C5422067,58392,lisa,chmielewski,2067.0,L200C5422067
26402,21655,16861,elton,jones,1982.0,E435J5201982,16861,elton,jones,1982.0,E435J5201982
26402,21766,16861,elton,jones,1982.0,E435J5201982,16861,elton,jones,1982.0,E435J5201982
26402,21767,16861,elton,jones,1982.0,E435J5201982,16861,elton,jones,1982.0,E435J5201982
26428,26427,58419,steven,king,1980.0,S315K5201980,58419,steven,king,1980.0,S315K5201980
26467,26466,42900,akiri,johnson,1978.0,A260J5251978,42900,akiri,johnson,1978.0,A260J5251978
26485,26484,48523,fred,timothee,1993.0,F630T5301993,48523,fred,timothee,1993.0,F630T5301993
26486,26484,48523,fred,timothee,1993.0,F630T5301993,48523,fred,timothee,1993.0,F630T5301993
26486,26485,48523,fred,timothee,1993.0,F630T5301993,48523,fred,timothee,1993.0,F630T5301993
26497,26496,58436,justin,bates,1988.0,J235B3201988,58436,justin,bates,1988.0,J235B3201988
26501,26499,58443,sammie,flanders,2073.0,S500F4532073,58443,sammie,flanders,2073.0,S500F4532073
26515,26514,58456,ingrid,rojas,1983.0,I526R2201983,58456,ingrid,rojas,1983.0,I526R2201983
26519,26518,58440,stephanie,gonzalez,1990.0,S315G5241990,58440,stephanie,gonzalez,1990.0,S315G5241990
26525,26524,58466,john,brown,1977.0,J500B6501977,58466,john,brown,1977.0,J500B6501977
26533,26532,33063,eugene,stlouis,1993.0,E250S3421993,33063,eugene,stlouis,1993.0,E250S3421993
26534,26532,33063,eugene,stlouis,1993.0,E250S3421993,33063,eugene,stlouis,1993.0,E250S3421993
26534,26533,33063,eugene,stlouis,1993.0,E250S3421993,33063,eugene,stlouis,1993.0,E250S3421993
26542,26541,33932,cheryl,young,2073.0,C640Y5202073,33932,cheryl,young,2073.0,C640Y5202073
26549,26548,58496,shanna,gil,1982.0,S500G4001982,58496,shanna,gil,1982.0,S500G4001982
26554,11294,18326,davion,silvera,1992.0,D150S4161992,18326,davion,silvera,1992.0,D150S4161992
26564,26563,58480,gerald,russomano,1979.0,G643R2551979,58480,gerald,russomano,1979.0,G643R2551979
26567,26565,58495,priscilla,pierce,2070.0,P624P6202070,58495,priscilla,pierce,2070.0,P624P6202070
26591,26590,58503,edward,thomas,1980.0,E363T5201980,58503,edward,thomas,1980.0,E363T5201980
26594,26593,58473,margretta,martin,1985.0,M626M6351985,58473,margretta,martin,1985.0,M626M6351985
26603,2576,58501,michael,williams,1993.0,M240W4521993,51593,michael,williams,1993.0,M240W4521993
26603,14940,58501,michael,williams,1993.0,M240W4521993,39772,michael,williams,1993.0,M240W4521993
26604,4089,1810,josue,petithomme,1982.0,J200P3351982,1810,josue,petithomme,1982.0,J200P3351982
26606,4089,1810,josue,petithomme,1982.0,J200P3351982,1810,josue,petithomme,1982.0,J200P3351982
26606,26604,1810,josue,petithomme,1982.0,J200P3351982,1810,josue,petithomme,1982.0,J200P3351982
26609,26607,58493,amy,gildon,1985.0,A500G4351985,58493,amy,gildon,1985.0,A500G4351985
26633,26631,48123,bethany,day,1986.0,B350D0001986,48123,bethany,day,1986.0,B350D0001986
26634,23622,5705,antwaun,irvin,1990.0,A535I6151990,5705,antwaun,irvin,1990.0,A535I6151990
26635,23622,5705,antwaun,irvin,1990.0,A535I6151990,5705,antwaun,irvin,1990.0,A535I6151990
26635,26634,5705,antwaun,irvin,1990.0,A535I6151990,5705,antwaun,irvin,1990.0,A535I6151990
26650,7446,53004,issac,tisdale,1987.0,I220T2341987,53004,issac,tisdale,1987.0,I220T2341987
26650,7448,53004,issac,tisdale,1987.0,I220T2341987,53004,issac,tisdale,1987.0,I220T2341987
26651,7446,53004,issac,tisdale,1987.0,I220T2341987,53004,issac,tisdale,1987.0,I220T2341987
26651,7448,53004,issac,tisdale,1987.0,I220T2341987,53004,issac,tisdale,1987.0,I220T2341987
26651,26650,53004,issac,tisdale,1987.0,I220T2341987,53004,issac,tisdale,1987.0,I220T2341987
26656,5673,52515,austin,hayes,1995.0,A235H2001995,52515,austin,hayes,1995.0,A235H2001995
26656,5675,52515,austin,hayes,1995.0,A235H2001995,52515,austin,hayes,1995.0,A235H2001995
26657,5673,52515,austin,hayes,1995.0,A235H2001995,52515,austin,hayes,1995.0,A235H2001995
26657,5675,52515,austin,hayes,1995.0,A235H2001995,52515,austin,hayes,1995.0,A235H2001995
26657,26656,52515,austin,hayes,1995.0,A235H2001995,52515,austin,hayes,1995.0,A235H2001995
26665,26664,39488,lavon,thompson,1989.0,L150T5121989,39488,lavon,thompson,1989.0,L150T5121989
26696,26694,58565,sony,jean,1979.0,S500J5001979,58565,sony,jean,1979.0,S500J5001979
26737,5072,3600,dvv,williams,1979.0,D100W4521979,52346,dobi,williams,1979.0,D100W4521979
26746,26745,47168,michael,doyle,1986.0,M240D4001986,47168,michael,doyle,1986.0,M240D4001986
26747,26745,47168,michael,doyle,1986.0,M240D4001986,47168,michael,doyle,1986.0,M240D4001986
26747,26746,47168,michael,doyle,1986.0,M240D4001986,47168,michael,doyle,1986.0,M240D4001986
26758,26757,58546,oceal,brown,1978.0,O240B6501978,58546,oceal,brown,1978.0,O240B6501978
26759,26757,58546,oceal,brown,1978.0,O240B6501978,58546,oceal,brown,1978.0,O240B6501978
26759,26758,58546,oceal,brown,1978.0,O240B6501978,58546,oceal,brown,1978.0,O240B6501978
26780,26778,58549,kevin,watrous,2052.0,K150W3622052,58549,kevin,watrous,2052.0,K150W3622052
26789,26787,58538,michael,reed,1980.0,M240R3001980,58538,michael,reed,1980.0,M240R3001980
26800,26799,949,chedline,moise,1987.0,C345M2001987,949,chedline,moise,1987.0,C345M2001987
26840,26839,58600,jorge,gomez,2071.0,J620G5202071,58600,jorge,gomez,2071.0,J620G5202071
26845,26844,58587,matthew,dukes,2065.0,M300D2202065,58587,matthew,dukes,2065.0,M300D2202065
26858,26857,58594,edward,woldman,2057.0,E363W4352057,58594,edward,woldman,2057.0,E363W4352057
26861,26859,58579,marc,raiche,2074.0,M620R2002074,58579,marc,raiche,2074.0,M620R2002074
26875,26874,58599,janet,emrickvalentin,2057.0,J530E5622057,58599,janet,emrickvalentin,2057.0,J530E5622057
26879,26878,58578,clifton,robinson,1989.0,C413R1521989,58578,clifton,robinson,1989.0,C413R1521989
26891,2266,51465,timothy,kemdrecg,1986.0,T530K5361986,51465,timothy,kendrick,1986.0,T530K5361986
26909,26908,58577,marc,fenelon,1987.0,M620F5451987,58577,marc,fenelon,1987.0,M620F5451987
26918,26916,58608,aaron,weaver,1989.0,A650W1601989,58608,aaron,weaver,1989.0,A650W1601989
26943,20457,56686,tinikka,humphrey,1983.0,T520H5161983,56686,tinikka,humphrey,1983.0,T520H5161983
26943,20458,56686,tinikka,humphrey,1983.0,T520H5161983,56686,tinikka,humphrey,1983.0,T520H5161983
26948,26947,58055,calvin,crawford,2051.0,C415C6162051,58055,calvin,crawford,2051.0,C415C6162051
26956,9804,58639,deandre,smith,1994.0,D536S5301994,50698,deandre,smith,1994.0,D536S5301994
26956,10556,58639,deandre,smith,1994.0,D536S5301994,50698,deandre,smith,1994.0,D536S5301994
26957,9804,58639,deandre,smith,1994.0,D536S5301994,50698,deandre,smith,1994.0,D536S5301994
26957,10556,58639,deandre,smith,1994.0,D536S5301994,50698,deandre,smith,1994.0,D536S5301994
26957,26956,58639,deandre,smith,1994.0,D536S5301994,58639,deandre,smith,1994.0,D536S5301994
26962,26961,58612,chevroy,hamil,1984.0,C160H5401984,58612,chevroy,hamil,1984.0,C160H5401984
26963,26961,58612,chevroy,hamil,1984.0,C160H5401984,58612,chevroy,hamil,1984.0,C160H5401984
26963,26962,58612,chevroy,hamil,1984.0,C160H5401984,58612,chevroy,hamil,1984.0,C160H5401984
26966,26964,58617,sean,mathews,1989.0,S500M3201989,58617,sean,mathews,1989.0,S500M3201989
26970,2892,43241,franklin,beckwith,1986.0,F652B2301986,51667,frank,bbcgd,1986.0,F652B2301986
26971,2892,43241,franklin,beckwith,1986.0,F652B2301986,51667,frank,bbcgd,1986.0,F652B2301986
26971,26970,43241,franklin,beckwith,1986.0,F652B2301986,43241,franklin,beckwith,1986.0,F652B2301986
26986,26985,58614,marie,lamusique,2072.0,M600L5222072,58614,marie,lamusique,2072.0,M600L5222072
26987,26985,58614,marie,lamusique,2072.0,M600L5222072,58614,marie,lamusique,2072.0,M600L5222072
26987,26986,58614,marie,lamusique,2072.0,M600L5222072,58614,marie,lamusique,2072.0,M600L5222072
27027,26947,58055,calvin,crawford,2051.0,C415C6162051,58055,calvin,crawford,2051.0,C415C6162051
27027,26948,58055,calvin,crawford,2051.0,C415C6162051,58055,calvin,crawford,2051.0,C415C6162051
27028,26947,58055,calvin,crawford,2051.0,C415C6162051,58055,calvin,crawford,2051.0,C415C6162051
27028,26948,58055,calvin,crawford,2051.0,C415C6162051,58055,calvin,crawford,2051.0,C415C6162051
27028,27027,58055,calvin,crawford,2051.0,C415C6162051,58055,calvin,crawford,2051.0,C415C6162051
27077,27075,58654,shakeirrah,fitpatrick,1988.0,S260F3131988,58654,shakeirrah,fitpatrick,1988.0,S260F3131988
27085,4656,58673,mays,williams,2062.0,M200W4522062,52163,mack,williams,2062.0,M200W4522062
27097,27096,58675,giovanni,potesta,1990.0,G150P3231990,58675,giovanni,potesta,1990.0,G150P3231990
27101,27100,58670,ulises,gonzalezsanchez,1985.0,U422G5241985,58670,ulises,gonzalezsanchez,1985.0,U422G5241985
27115,27114,58668,tracy,primose,2072.0,T620P6522072,58668,tracy,primose,2072.0,T620P6522072
27121,27120,58713,medardo,urbina,1977.0,M363U6151977,58713,medardo,urbina,1977.0,M363U6151977
27146,27145,58682,donald,smith,2068.0,D543S5302068,58682,donald,smith,2068.0,D543S5302068
27161,27159,58717,nicola,spenceburrell,1978.0,N240S1521978,58717,nicola,spenceburrell,1978.0,N240S1521978
27167,27165,58691,harold,correa,2065.0,H643C6002065,58691,harold,correa,2065.0,H643C6002065
27188,27187,58685,perry,lethbridge,1986.0,P600L3161986,58685,perry,lethbridge,1986.0,P600L3161986
27206,27205,58678,aaliyah,lovo,1994.0,A400L1001994,58678,aaliyah,lovo,1994.0,A400L1001994
27242,27240,14660,latrice,baldwin,1981.0,L362B4351981,14660,latrice,baldwin,1981.0,L362B4351981
27269,27268,48176,shivram,halan,2066.0,S165H4502066,48176,shivram,halan,2066.0,S165H4502066
27278,27277,58750,luis,hardcastle,1980.0,L200H6321980,58750,luis,hardcastle,1980.0,L200H6321980
27299,27298,58735,ernesto,bustillo,2054.0,E652B2342054,58735,ernesto,bustillo,2054.0,E652B2342054
27347,27346,58743,theodore,vukelich,1976.0,T360V2421976,58743,theodore,vukelich,1976.0,T360V2421976
27374,25485,58169,travis,brooks,1984.0,T612B6201984,58169,travis,brooks,1984.0,T612B6201984
27374,25487,58169,travis,brooks,1984.0,T612B6201984,58169,travis,brooks,1984.0,T612B6201984
27388,27387,58774,manuela,cardona,1991.0,M540C6351991,58774,manuela,cardona,1991.0,M540C6351991
27392,27390,58780,sem,joseph,2071.0,S500J2102071,58780,sem,joseph,2071.0,S500J2102071
27398,27397,58767,william,white,1977.0,W450W3001977,58767,william,white,1977.0,W450W3001977
27407,27406,58762,robert,rodriguez,1986.0,R163R3621986,58762,robert,rodriguez,1986.0,R163R3621986
27418,27417,58777,rodney,alvarez,2071.0,R350A4162071,58777,rodney,alvarez,2071.0,R350A4162071
27425,27424,58783,rick,guerrier,1983.0,R200G6601983,58783,rick,guerrier,1983.0,R200G6601983
27428,27427,58763,richard,dpugh,1975.0,R263D1201975,58763,richard,dpugh,1975.0,R263D1201975
27455,27453,17178,tracey,givens,2073.0,T620G1522073,17178,tracey,givens,2073.0,T620G1522073
27479,27477,58797,anthony,fhbxe,1978.0,A535F2001978,58797,anthony,fozhh,1978.0,A535F2001978
27482,27480,58808,roberto,diaz,2064.0,R163D2002064,58808,roberto,diaz,2064.0,R163D2002064
27487,27486,58805,mansoor,hussain,1977.0,M526H2501977,58805,mansoor,hussain,1977.0,M526H2501977
27494,27493,29359,melissa,maranon,1985.0,M420M6551985,29359,melissa,maranon,1985.0,M420M6551985
27496,27495,58799,japhus,jackson,1980.0,J120J2501980,58799,japhus,jackson,1980.0,J120J2501980
27497,27495,58799,japhus,jackson,1980.0,J120J2501980,58799,japhus,jackson,1980.0,J120J2501980
27497,27496,58799,japhus,jackson,1980.0,J120J2501980,58799,japhus,jackson,1980.0,J120J2501980
27504,24710,57921,kennard,owens,1983.0,K563O5201983,57921,kennard,owens,1983.0,K563O5201983
27522,8445,53280,mark,montgomery,1985.0,M620M5321985,53280,mark,montgomery,1985.0,M620M5321985
27542,27540,58807,amilcar,santos,1984.0,A542S5321984,58807,amilcar,santos,1984.0,A542S5321984
27593,27591,58841,gino,nicoletti,1983.0,G500N2431983,58841,gino,nicoletti,1983.0,G500N2431983
27596,27594,58829,stephanie,harvey,1978.0,S315H6101978,58829,stephanie,harvey,1978.0,S315H6101978
27602,27600,58845,marlene,russell,2053.0,M645R2402053,58845,marlene,russell,2053.0,M645R2402053
27640,27639,58830,angie,luti,1977.0,A520L3001977,58830,angie,luti,1977.0,A520L3001977
27641,27639,58830,angie,luti,1977.0,A520L3001977,58830,angie,luti,1977.0,A520L3001977
27641,27640,58830,angie,luti,1977.0,A520L3001977,58830,angie,luti,1977.0,A520L3001977
27644,27643,58840,lori,koons,1982.0,L600K5201982,58840,lori,koons,1982.0,L600K5201982
27660,17814,58850,luis,buitrago,2067.0,L200B3622067,55917,luis,buitrago,2067.0,L200B3622067
27660,17816,58850,luis,buitrago,2067.0,L200B3622067,55917,luis,buitrago,2067.0,L200B3622067
27661,17814,58850,luis,buitrago,2067.0,L200B3622067,55917,luis,buitrago,2067.0,L200B3622067
27661,17816,58850,luis,buitrago,2067.0,L200B3622067,55917,luis,buitrago,2067.0,L200B3622067
27661,27660,58850,luis,buitrago,2067.0,L200B3622067,58850,luis,buitrago,2067.0,L200B3622067
27668,27667,58826,crystal,lyerla,1977.0,C623L6401977,58826,crystal,lyerla,1977.0,C623L6401977
27703,27702,58857,david,moise,1991.0,D130M2001991,58857,david,moise,1991.0,D130M2001991
27704,27702,58857,david,moise,1991.0,D130M2001991,58857,david,moise,1991.0,D130M2001991
27704,27703,58857,david,moise,1991.0,D130M2001991,58857,david,moise,1991.0,D130M2001991
27719,27718,32468,rozanna,nicholson,1992.0,R250N2421992,32468,rozanna,nicholson,1992.0,R250N2421992
27740,27739,58858,tarus,geter,1995.0,T620G3601995,58858,tarus,geter,1995.0,T620G3601995
27763,27762,58870,jason,gabriel,1994.0,J250G1641994,58870,jason,gabriel,1994.0,J250G1641994
27782,27780,58882,larry,derose,2058.0,L600D6202058,58882,larry,derose,2058.0,L600D6202058
27785,27784,58879,jennifer,vitulano,1984.0,J516V3451984,58879,jennifer,vitulano,1984.0,J516V3451984
27796,27795,58898,gregory,beder,2057.0,G626B3602057,58898,gregory,beder,2057.0,G626B3602057
27800,27799,58915,oscar,solis rojas,2070.0,O260S4262070,58915,oscar,solis rojas,2070.0,O260S4262070
27833,27831,58901,jean,perez,1975.0,J500P6201975,58901,jean,perez,1975.0,J500P6201975
27848,27847,58911,beverti,garcia-simmisterra,1986.0,B163G6221986,58911,beverti,garcia-simmisterra,1986.0,B163G6221986
27888,8884,3832,joe,wallace,2061.0,J000W4202061,3832,joe,wallace,2061.0,J000W4202061
27889,8884,3832,joe,wallace,2061.0,J000W4202061,3832,joe,wallace,2061.0,J000W4202061
27889,27888,3832,joe,wallace,2061.0,J000W4202061,3832,joe,wallace,2061.0,J000W4202061
27890,8884,3832,joe,wallace,2061.0,J000W4202061,3832,joe,wallace,2061.0,J000W4202061
27890,27888,3832,joe,wallace,2061.0,J000W4202061,3832,joe,wallace,2061.0,J000W4202061
27890,27889,3832,joe,wallace,2061.0,J000W4202061,3832,joe,wallace,2061.0,J000W4202061
27905,27903,58892,sherrod,robinson,1994.0,S630R1521994,58892,sherrod,robinson,1994.0,S630R1521994
27917,27915,58925,kent,rizon,1980.0,K530R2501980,58925,kent,rizon,1980.0,K530R2501980
27938,27937,32907,howard,rolle,1981.0,H630R4001981,32907,howard,rolle,1981.0,H630R4001981
27949,27948,58949,tashia,anosike,1981.0,T200A5221981,58949,tashia,anosike,1981.0,T200A5221981
27955,27954,58933,ezekiel,frsncis,2064.0,E224F6252064,58933,ezekiel,frsncis,2064.0,E224F6252064
27956,27954,58933,ezekiel,frsncis,2064.0,E224F6252064,58933,ezekiel,frsncis,2064.0,E224F6252064
27956,27955,58933,ezekiel,frsncis,2064.0,E224F6252064,58933,ezekiel,frsncis,2064.0,E224F6252064
27968,27966,21743,marlon,dossantos,1982.0,M645D2531982,21743,marlon,dossantos,1982.0,M645D2531982
27970,335,30818,jonathan,mcreed,1992.0,J535M2631992,30818,jonathan,mcreed,1992.0,J535M2631992
27970,11682,30818,jonathan,mcreed,1992.0,J535M2631992,30818,jonathan,mcreed,1992.0,J535M2631992
27974,20536,58923,jessica,garcia,1991.0,J220G6201991,56704,jessica,garcia,1991.0,J220G6201991
27982,27981,58940,william,brown,1989.0,W450B6501989,58940,william,brown,1989.0,W450B6501989
27995,27993,36318,thomas,clark,1979.0,T520C4621979,36318,thomas,clark,1979.0,T520C4621979
27998,27997,58929,breon,perry,1993.0,B650P6001993,58929,breon,perry,1993.0,B650P6001993
28010,28008,58936,omara,mattear,1985.0,O560M3601985,58936,omara,mattear,1985.0,O560M3601985
28015,28014,6505,leroy,anglin,1987.0,L600A5241987,6505,leroy,anglin,1987.0,L600A5241987
28022,28020,58944,john,sindone,2062.0,J500S5352062,58944,john,sindone,2062.0,J500S5352062
28040,28038,17004,andrew,farquharson,2064.0,A536F6262064,17004,andrew,farquharson,2064.0,A536F6262064
28052,28050,58980,amy,bencomo,1982.0,A500B5251982,58980,amy,bencomo,1982.0,A500B5251982
28054,28053,45960,raymond,rodriguez,1991.0,R553R3621991,45960,raymond,rodriguez,1991.0,R553R3621991
28064,28063,58957,deaunta,jackson jr,1993.0,D530J2521993,58957,deaunta,jackson jr,1993.0,D530J2521993
28073,28072,58974,patricia,colditz,2070.0,P362C4332070,58974,patricia,colditz,2070.0,P362C4332070
28082,28080,58987,noah,sutton,1984.0,N000S3501984,58987,noah,sutton,1984.0,N000S3501984
28091,20722,58981,bryan,berry,2074.0,B650B6002074,46271,brian,barry,2074.0,B650B6002074
28123,25896,58285,evan,blake,1995.0,E150B4201995,58285,evan,blake,1995.0,E150B4201995
28126,28125,58979,angelica,benitez-morales,1987.0,A524B5321987,58979,angelica,benitez-morales,1987.0,A524B5321987
28127,28125,58979,angelica,benitez-morales,1987.0,A524B5321987,58979,angelica,benitez-morales,1987.0,A524B5321987
28127,28126,58979,angelica,benitez-morales,1987.0,A524B5321987,58979,angelica,benitez-morales,1987.0,A524B5321987
28142,28141,58984,samantha,canderlario,1994.0,S553C5361994,58984,samantha,canderlario,1994.0,S553C5361994
28157,28156,58960,jasmin,negron,1995.0,J255N2651995,58960,jasmin,negron,1995.0,J255N2651995
28172,28170,58998,dyneisha,smith,1992.0,D520S5301992,58998,dyneisha,smith,1992.0,D520S5301992
28177,28176,59014,donna,klem,2047.0,D500K4502047,59014,donna,klem,2047.0,D500K4502047
28181,28179,5167,allen,payne,1980.0,A450P5001980,5167,allen,payne,1980.0,A450P5001980
28191,9487,58995,christine,golding,1995.0,C623G4351995,15933,caristpphqx,goldenberg,1995.0,C623G4351995
28192,9487,58995,christine,golding,1995.0,C623G4351995,15933,caristpphqx,goldenberg,1995.0,C623G4351995
28192,28191,58995,christine,golding,1995.0,C623G4351995,58995,christine,golding,1995.0,C623G4351995
28210,28209,59018,leonard,ulloa,1977.0,L563U4001977,59018,leonard,ulloa,1977.0,L563U4001977
28227,10248,53802,linette,alonso,1986.0,L530A4521986,53802,linette,alonso,1986.0,L530A4521986
28229,10248,53802,linette,alonso,1986.0,L530A4521986,53802,linette,alonso,1986.0,L530A4521986
28229,28227,53802,linette,alonso,1986.0,L530A4521986,53802,linette,alonso,1986.0,L530A4521986
28240,23997,57719,glen,diefenderfer,2069.0,G450D1532069,57719,glen,diefenderfer,2069.0,G450D1532069
28240,23999,57719,glen,diefenderfer,2069.0,G450D1532069,57719,glen,diefenderfer,2069.0,G450D1532069
28250,28249,59013,ronald,chery,2059.0,R543C6002059,59013,ronald,chery,2059.0,R543C6002059
28262,28261,59001,erin,dunn,1980.0,E650D5001980,59001,erin,dunn,1980.0,E650D5001980
28271,28270,24325,robert,rifkind,1992.0,R163R1251992,24325,robert,rhpsqnd,1992.0,R163R1251992
28276,28275,59031,gerod,adderly,1987.0,G630A3641987,59031,gerod,adderly,1987.0,G630A3641987
28283,28282,59033,robert,lallier,2069.0,R163L4602069,59033,robert,lallier,2069.0,R163L4602069
28289,28288,38194,omar,wilson,1993.0,O560W4251993,38194,omar,wilson,1993.0,O560W4251993
28291,28290,34921,jamil,jasmin,1992.0,J540J2551992,34921,jamil,jasmin,1992.0,J540J2551992
28319,28318,34284,tavarus,graham,1985.0,T162G6501985,34284,tavarus,graham,1985.0,T162G6501985
28326,5104,59040,antwon,jenkins,1987.0,A535J5251987,52338,anthony,jenkins,1987.0,A535J5251987
28328,5104,59040,antwon,jenkins,1987.0,A535J5251987,52338,anthony,jenkins,1987.0,A535J5251987
28328,28326,59040,antwon,jenkins,1987.0,A535J5251987,59040,antwon,jenkins,1987.0,A535J5251987
28331,28330,59044,ernest,davis,1992.0,E652D1201992,59044,ernest,davis,1992.0,E652D1201992
28346,28344,59049,brandi,clay,1975.0,B653C4001975,59049,brandi,clay,1975.0,B653C4001975
28388,28387,59054,cristina,weglarz,2072.0,C623W2462072,59054,crcttdnw,weglarz,2072.0,C623W2462072
28400,28399,45497,maria,garcia,2064.0,M600G6202064,45497,maria,garcia,2064.0,M600G6202064
28422,9077,53442,enrico,cockroft,2070.0,E562C2612070,53442,enrico,cockroft,2070.0,E562C2612070
28427,28425,59061,blair,wright,2058.0,B460W6232058,59061,blair,wright,2058.0,B460W6232058
28435,28434,59066,jillian,slone,1983.0,J450S4501983,59066,jillian,slone,1983.0,J450S4501983
28448,28446,59065,lashanna,scottjohnson,1988.0,L250S3251988,59065,lashanna,scottjohnson,1988.0,L250S3251988
28460,28459,59055,shinell,baxterwkefyrnp,1987.0,S540B2361987,59055,shinell,baxterskeffrey,1987.0,S540B2361987
28468,28467,59086,gregory,calix,1995.0,G626C4201995,59086,gregory,calix,1995.0,G626C4201995
28469,28467,59086,gregory,calix,1995.0,G626C4201995,59086,gregory,calix,1995.0,G626C4201995
28469,28468,59086,gregory,calix,1995.0,G626C4201995,59086,gregory,calix,1995.0,G626C4201995
28486,28485,23292,adam,young,1992.0,A350Y5201992,23292,adam,young,1992.0,A350Y5201992
28498,28497,59089,travon,bentley,1982.0,T615B5341982,59089,travon,bentley,1982.0,T615B5341982
28515,22432,30929,rickie,williams,2068.0,R200W4522068,30929,rickie,williams,2068.0,R200W4522068
28531,28530,59104,louise,montalvo,2059.0,L200M5342059,59104,louise,montalvo,2059.0,L200M5342059
28532,28530,59104,louise,montalvo,2059.0,L200M5342059,59104,louise,montalvo,2059.0,L200M5342059
28532,28531,59104,louise,montalvo,2059.0,L200M5342059,59104,louise,montalvo,2059.0,L200M5342059
28544,28542,47808,aharon,ladin,1988.0,A650L3501988,47808,aharon,ladin,1988.0,A650L3501988
28555,28554,59092,corey,estes,1986.0,C600E2321986,59092,corey,estes,1986.0,C600E2321986
28564,842,51061,michael,marold,1990.0,M240M6431990,51061,michael,marold,1990.0,M240M6431990
28567,28566,59109,calvin,willoughby,1980.0,C415W4211980,59109,calvin,willoughby,1980.0,C415W4211980
28577,28576,17894,andre,farman,2072.0,A536F6552072,17894,andre,farman,2072.0,A536F6552072
28603,28602,59117,cqristoeidr,connelly,1985.0,C623C5401985,59117,christopher,connelly,1985.0,C623C5401985
28613,28611,59112,mario,brown,1979.0,M600B6501979,59112,mario,brown,1979.0,M600B6501979
28626,6384,45465,christopher,augustinparks,1992.0,C623A2231992,45465,christopher,augustinparks,1992.0,C623A2231992
28626,6385,45465,christopher,augustinparks,1992.0,C623A2231992,45465,chrcstopcoc,augustinparks,1992.0,C623A2231992
28626,6386,45465,christopher,augustinparks,1992.0,C623A2231992,45465,christopher,augustinparks,1992.0,C623A2231992
28628,6384,45465,christopher,augustinparks,1992.0,C623A2231992,45465,christopher,augustinparks,1992.0,C623A2231992
28628,6385,45465,christopher,augustinparks,1992.0,C623A2231992,45465,chrcstopcoc,augustinparks,1992.0,C623A2231992
28628,6386,45465,christopher,augustinparks,1992.0,C623A2231992,45465,christopher,augustinparks,1992.0,C623A2231992
28628,28626,45465,christopher,augustinparks,1992.0,C623A2231992,45465,christopher,augustinparks,1992.0,C623A2231992
28643,28642,59107,latara,doe,1981.0,L360D0001981,59107,latara,doe,1981.0,L360D0001981
28661,28660,35807,xavier,martin,1990.0,X160M6351990,35807,xavier,martin,1990.0,X160M6351990
28667,28665,59132,nicholas,persuad,2074.0,N242P6232074,59132,nicholas,persuad,2074.0,N242P6232074
28673,28672,59130,timothy,sedmak,1980.0,T530S3521980,59130,timothy,sedmak,1980.0,T530S3521980
28688,28687,59153,christi,sluder,2055.0,C623S4362055,59153,christi,sluder,2055.0,C623S4362055
28696,28695,58642,saphoria,strayhorn,1993.0,S160S3661993,58642,saphoria,strayhorn,1993.0,S160S3661993
28735,28734,59150,abel,hernandez,1982.0,A140H6551982,59150,abel,hernandez,1982.0,A140H6551982
28741,28740,59159,john,hincapie,2070.0,J500H5212070,59159,john,hincapie,2070.0,J500H5212070
28746,13776,54759,sindy,gourdet,1990.0,S530G6331990,54759,sindy,gourdet,1990.0,S530G6331990
28746,13778,54759,sindy,gourdet,1990.0,S530G6331990,54759,sindy,gourdet,1990.0,S530G6331990
28751,10121,53792,courtney,harbison,1989.0,C635H6121989,53792,courtney,harbison,1989.0,C635H6121989
28757,28715,32776,luis,mercado,1982.0,L200M6231982,32776,luis,mercado,1982.0,L200M6231982
28763,28762,59181,krystal,mjeutchekm,1986.0,K623M2321986,59181,krystal,mccutcheon,1986.0,K623M2321986
28781,28780,59186,tiffany,raymond,1980.0,T150R5531980,59186,tiffany,raymond,1980.0,T150R5531980
28784,28783,59167,joseph,ungerland,1990.0,J210U5261990,59167,joseph,ungerland,1990.0,J210U5261990
28799,28798,59171,keith,sayers,1983.0,K300S6201983,59171,keith,sayers,1983.0,K300S6201983
28807,28806,59163,eduardo,durand,1991.0,E363D6531991,59163,eduardo,durand,1991.0,E363D6531991
28808,28806,59163,eduardo,durand,1991.0,E363D6531991,59163,eduardo,durand,1991.0,E363D6531991
28808,28807,59163,eduardo,durand,1991.0,E363D6531991,59163,eduardo,durand,1991.0,E363D6531991
28820,28818,59180,shannon,vandenbosch,1988.0,S550V5351988,59180,shannon,vandenbosch,1988.0,S550V5351988
28823,28821,59175,pattrzim,swain,2063.0,P362S5002063,59175,patricia,swain,2063.0,P362S5002063
28828,28827,59169,ruth,pichonot,1982.0,R300P2531982,59169,ruth,pichonot,1982.0,R300P2531982
28835,28834,59189,jonathan,cleare,1985.0,J535C4601985,59189,jonathan,cleare,1985.0,J535C4601985
28841,28839,59192,jody,holmes,2070.0,J300H4522070,59192,jody,holmes,2070.0,J300H4522070
28849,28848,59194,troy,fountain,1990.0,T600F5351990,59194,troy,fountain,1990.0,T600F5351990
28856,28855,59190,steven,butler,1992.0,S315B3461992,59190,steven,butler,1992.0,S315B3461992
28880,28878,59191,randall,herbert,2066.0,R534H6162066,59191,randall,herbert,2066.0,R534H6162066
28889,28888,866,lashawn,boles,1980.0,L250B4201980,866,lashawn,boles,1980.0,L250B4201980
28891,28888,866,lashawn,boles,1980.0,L250B4201980,866,lashawn,boles,1980.0,L250B4201980
28891,28889,866,lashawn,boles,1980.0,L250B4201980,866,lashawn,boles,1980.0,L250B4201980
28895,28894,59206,cornelius,toney,2068.0,C654T5002068,59206,cornelius,toney,2068.0,C654T5002068
28910,28908,59209,dennis,williams,2058.0,D520W4522058,59209,dennis,williams,2058.0,D520W4522058
28922,28920,59222,leonard,harrell,2061.0,L563H6402061,59222,leonard,harrell,2061.0,L563H6402061
28936,28935,59215,ladarious,smith,1989.0,L362S5301989,59215,ladarious,smith,1989.0,L362S5301989
28937,28935,59215,ladarious,smith,1989.0,L362S5301989,59215,ladarious,smith,1989.0,L362S5301989
28937,28936,59215,ladarious,smith,1989.0,L362S5301989,59215,ladarious,smith,1989.0,L362S5301989
28944,27474,59223,crystal,coxie,2064.0,C623C2002064,58822,christopher,casey,2064.0,C623C2002064
28945,27474,59223,crystal,coxie,2064.0,C623C2002064,58822,christopher,casey,2064.0,C623C2002064
28945,28944,59223,crystal,coxie,2064.0,C623C2002064,59223,crystal,coxie,2064.0,C623C2002064
28946,27474,59223,crystal,coxie,2064.0,C623C2002064,58822,christopher,casey,2064.0,C623C2002064
28946,28944,59223,crystal,coxie,2064.0,C623C2002064,59223,crystal,coxie,2064.0,C623C2002064
28946,28945,59223,crystal,coxie,2064.0,C623C2002064,59223,crystal,coxie,2064.0,C623C2002064
28955,28954,6210,fritzner,henry,2063.0,F632H5602063,6210,fritzner,henry,2063.0,F632H5602063
28975,28974,59230,mindy,scott,1983.0,M530S3001983,59230,mindy,scott,1983.0,M530S3001983
28976,28974,59230,mindy,scott,1983.0,M530S3001983,59230,mindy,scott,1983.0,M530S3001983
28976,28975,59230,mindy,scott,1983.0,M530S3001983,59230,mindy,scott,1983.0,M530S3001983
28982,28980,59235,jonathan,bernstein,1986.0,J535B6521986,59235,jonathan,bernstein,1986.0,J535B6521986
29026,29025,59265,sandra,avila,1976.0,S536A1401976,59265,sandra,avila,1976.0,S536A1401976
29027,29025,59265,sandra,avila,1976.0,S536A1401976,59265,sandra,avila,1976.0,S536A1401976
29027,29026,59265,sandra,avila,1976.0,S536A1401976,59265,sandra,avila,1976.0,S536A1401976
29048,29046,59262,kenneth,johnson,1978.0,K530J5251978,59262,kenneth,johnson,1978.0,K530J5251978
29057,29055,58708,lisa,kaye,2063.0,L200K0002063,58708,lisa,kaye,2063.0,L200K0002063
29060,29059,59270,john,brown,1979.0,J500B6501979,59270,john,brown,1979.0,J500B6501979
29069,29067,59252,anthony,davis,1976.0,A535D1201976,59252,anthony,davis,1976.0,A535D1201976
29078,29077,59259,sabrina,turner,1984.0,S165T6561984,59259,sabrina,turner,1984.0,S165T6561984
29114,29112,59257,osbin,sebastian,1986.0,O215S1231986,59257,osbin,sebastian,1986.0,O215S1231986
29123,29121,32442,lagary,roberson,1990.0,L260R1621990,32442,lagary,roberson,1990.0,L260R1621990
29144,29142,59287,stephanie,olson,1991.0,S315O4251991,59287,stephanie,olson,1991.0,S315O4251991
29155,29154,59281,yoan,miranda,1981.0,Y500M6531981,59281,yoan,miranda,1981.0,Y500M6531981
29168,29167,47251,chris,gachette,1989.0,C620G2301989,47251,chris,gachette,1989.0,C620G2301989
29171,29170,59273,john,watts,1984.0,J500W3201984,59273,john,watts,1984.0,J500W3201984
29175,11610,54187,brandon,loisy,1992.0,B653L2001992,54187,brandon,loisy,1992.0,B653L2001992
29175,11611,54187,brandon,loisy,1992.0,B653L2001992,54187,brandon,loisy,1992.0,B653L2001992
29176,11610,54187,brandon,loisy,1992.0,B653L2001992,54187,brandon,loisy,1992.0,B653L2001992
29176,11611,54187,brandon,loisy,1992.0,B653L2001992,54187,brandon,loisy,1992.0,B653L2001992
29176,29175,54187,brandon,loisy,1992.0,B653L2001992,54187,brandon,loisy,1992.0,B653L2001992
29192,29191,15247,hughes,geraldine,1986.0,H220G6431986,15247,hughes,geraldine,1986.0,H220G6431986
29195,29193,59282,danielle,hahn,1982.0,D540H5001982,59282,danielle,hahn,1982.0,D540H5001982
29206,29205,59290,jake,frongello,1994.0,J200F6521994,59290,jake,frongello,1994.0,J200F6521994
29218,29217,59293,michael,clarke,1990.0,M240C4621990,59293,michael,clarke,1990.0,M240C4621990
29224,29223,59291,patrick,benn,1994.0,P362B5001994,59291,patrick,benn,1994.0,P362B5001994
29225,29223,59291,patrick,benn,1994.0,P362B5001994,59291,patrick,benn,1994.0,P362B5001994
29225,29224,59291,patrick,benn,1994.0,P362B5001994,59291,patrick,benn,1994.0,P362B5001994
29234,29232,59297,jose,alancastro,1980.0,J200A4521980,59297,jose,alancastro,1980.0,J200A4521980
29239,29238,59301,marsha,miles,2071.0,M620M4202071,59301,marsha,miles,2071.0,M620M4202071
29249,29247,4204,broderick,alston,1977.0,B636A4231977,4204,broderick,alston,1977.0,B636A4231977
29255,29254,2005,byron,r,2066.0,B650R0002066,2005,byron,r,2066.0,B650R0002066
29261,9100,47855,brian,rhoomes,1994.0,B650R5201994,47855,brian,rhoomes,1994.0,B650R5201994
29267,29265,59308,carmelo,aquino,2064.0,C654A2502064,59308,carmelo,aquino,2064.0,C654A2502064
29270,29269,59306,leverdieu,jasmin,1977.0,L163J2551977,59306,leverdieu,jasmin,1977.0,L163J2551977
29294,3669,51888,elijah,garland,1982.0,E420G6451982,51888,elijah,garland,1982.0,E420G6451982
29294,3670,51888,elijah,garland,1982.0,E420G6451982,51888,elijah,garland,1982.0,E420G6451982
29294,3671,51888,elijah,garland,1982.0,E420G6451982,51888,elijah,garland,1982.0,E420G6451982
29305,20993,59324,roberto,teruggi,1990.0,R163T6201990,56799,roberto,teruggi,1990.0,R163T6201990
29306,20993,59324,roberto,teruggi,1990.0,R163T6201990,56799,roberto,teruggi,1990.0,R163T6201990
29306,29305,59324,roberto,teruggi,1990.0,R163T6201990,59324,roberto,teruggi,1990.0,R163T6201990
29311,29310,59332,sando,sampaio,2073.0,S530S5102073,59332,sando,sampaio,2073.0,S530S5102073
29341,29340,59322,abrahiem,darwish,1993.0,A165D6201993,59322,abrahiem,darwish,1993.0,A165D6201993
29343,24286,57813,jose,romeroarroyo,2063.0,J200R5662063,57813,jose,romeroarroyo,2063.0,J200R5662063
29344,24286,57813,jose,romeroarroyo,2063.0,J200R5662063,57813,jose,romeroarroyo,2063.0,J200R5662063
29344,29343,57813,jose,romeroarroyo,2063.0,J200R5662063,57813,jose,romeroarroyo,2063.0,J200R5662063
29354,29352,59317,adriana,jurado,2063.0,A365J6302063,59317,adriana,jurado,2063.0,A365J6302063
29360,29359,53962,johan,wyngaarde,1984.0,J500W5261984,53962,johan,wyngaarde,1984.0,J500W5261984
29369,29367,59316,jose,briones,2059.0,J200B6522059,59316,jose,briones,2059.0,J200B6522059
29381,29380,59330,cory,vega,1991.0,C600V2001991,59330,cory,vega,1991.0,C600V2001991
29408,29406,59358,robert,belnavis,2073.0,R163B4512073,59358,robert,belnavis,2073.0,R163B4512073
29417,29416,59346,brandon,chasteen,1980.0,B653C2351980,59346,brandon,chasteen,1980.0,B653C2351980
29419,10617,59359,ed,philo,1991.0,E300P4001991,38864,ed,philo,1991.0,E300P4001991
29429,29427,39386,robert,armistead,2060.0,R163A6522060,39386,robert,armistead,2060.0,R163A6522060
29456,12666,54453,angel,dejesus,2072.0,A524D2222072,54453,angel,dejesus,2072.0,A524D2222072
29484,29457,59361,william,cloninger,1986.0,W450C4551986,59361,william,cloninger,1986.0,W450C4551986
29485,29457,59361,william,cloninger,1986.0,W450C4551986,59361,william,cloninger,1986.0,W450C4551986
29485,29484,59361,william,cloninger,1986.0,W450C4551986,59361,william,cloninger,1986.0,W450C4551986
29486,29457,59361,william,cloninger,1986.0,W450C4551986,59361,william,cloninger,1986.0,W450C4551986
29486,29484,59361,william,cloninger,1986.0,W450C4551986,59361,william,cloninger,1986.0,W450C4551986
29486,29485,59361,william,cloninger,1986.0,W450C4551986,59361,william,cloninger,1986.0,W450C4551986
29488,29487,59362,kelvin,nguyen,1978.0,K415N2501978,59362,kelvin,nguyen,1978.0,K415N2501978
29508,16665,50569,raul,terrero,2073.0,R400T6602073,50569,raul,terrero,2073.0,R400T6602073
29537,29535,59378,brandon,jenkins,1976.0,B653J5251976,59378,brandon,jenkins,1976.0,B653J5251976
29572,10571,53894,keontrae,clarke,1994.0,K536C4621994,53894,keontrae,clarke,1994.0,K536C4621994
29573,10571,53894,keontrae,clarke,1994.0,K536C4621994,53894,keontrae,clarke,1994.0,K536C4621994
29573,29572,53894,keontrae,clarke,1994.0,K536C4621994,53894,keontrae,clarke,1994.0,K536C4621994
29612,29610,59373,dyontae,ferguson,1990.0,D530F6221990,59373,dyontae,ferguson,1990.0,D530F6221990
29615,29613,30731,kathryn,george,1983.0,K365G6201983,30731,kathryn,george,1983.0,K365G6201983
29618,29617,59376,kenneth,fennell,2069.0,K530F5402069,59376,kenneth,fennell,2069.0,K530F5402069
29626,29625,59417,terance,marino,2063.0,T652M6502063,59417,terance,marino,2063.0,T652M6502063
29629,29628,59428,rebecca,guoras,2051.0,R120G6202051,59428,rebecca,griggs,2051.0,R120G6202051
29644,29643,59411,william,celentano,2071.0,W450C4532071,59411,william,celentano,2071.0,W450C4532071
29647,29646,59435,katherina,matthias,1976.0,K365M3201976,59435,katherina,matthias,1976.0,K365M3201976
29651,29650,59404,taryn,quinterri,1989.0,T650Q5361989,59404,taryn,quinterri,1989.0,T650Q5361989
29690,29688,7942,jason,gomez,1979.0,J250G5201979,7942,jason,gomez,1979.0,J250G5201979
29698,2069,51415,alfonso,hamilton,1989.0,A415H5431989,51415,alfonso,hamilton,1989.0,A415H5431989
29698,5724,51415,alfonso,hamilton,1989.0,A415H5431989,51415,alfonso,hamilton,1989.0,A415H5431989
29698,5725,51415,alfonso,hamilton,1989.0,A415H5431989,51415,alfonso,hamilton,1989.0,A415H5431989
29698,5726,51415,alfonso,hamilton,1989.0,A415H5431989,51415,alfonso,hamilton,1989.0,A415H5431989
29714,29713,59405,raymond,ortiz,2072.0,R553O6322072,59405,raymond,ortiz,2072.0,R553O6322072
29716,29715,59442,aland,calixte,1987.0,A453C4231987,59442,aland,calixte,1987.0,A453C4231987
29717,29715,59442,aland,calixte,1987.0,A453C4231987,59442,aland,calixte,1987.0,A453C4231987
29717,29716,59442,aland,calixte,1987.0,A453C4231987,59442,aland,calixte,1987.0,A453C4231987
29719,25356,59421,alvaro,bellidio-deluna,1988.0,A416B4331988,58130,alvaro,bellidodeluna,1988.0,A416B4331988
29720,25356,59421,alvaro,bealidii-dwluca,1988.0,A416B4331988,58130,alvaro,bellidodeluna,1988.0,A416B4331988
29720,29719,59421,alvaro,bealidii-dwluca,1988.0,A416B4331988,59421,alvaro,bellidio-deluna,1988.0,A416B4331988
29739,26370,58388,martez,cooper,1995.0,M632C1601995,58388,martez,cooper,1995.0,M632C1601995
29741,26370,58388,martez,cooper,1995.0,M632C1601995,58388,martez,cooper,1995.0,M632C1601995
29741,29739,58388,martez,cooper,1995.0,M632C1601995,58388,martez,cooper,1995.0,M632C1601995
29750,29749,59424,kerome,paisley,1995.0,K650P2401995,59424,kerome,paisley,1995.0,K650P2401995
29768,29766,59459,tony,gotiear,2072.0,T500G3602072,59459,tony,gotiear,2072.0,T500G3602072
29789,29787,34487,isaac,johnson,2060.0,I220J5252060,34487,isaac,johnson,2060.0,I220J5252060
29798,29796,59450,matthew,bonner,1995.0,M300B5601995,59450,matthew,bonner,1995.0,M300B5601995
29816,29814,48049,mahmut,ozbeyler,2069.0,M530O2142069,48049,mahmut,ozbeyler,2069.0,M530O2142069
29819,29818,59447,yajaira,sosa,1980.0,Y260S2001980,59447,yajaira,sosa,1980.0,Y260S2001980
29828,29827,59452,christopher,maynard,1977.0,C623M5631977,59452,christopher,maynard,1977.0,C623M5631977
29839,29838,59458,jonathan,acevedo,1985.0,J535A2131985,59458,jonathan,acevedo,1985.0,J535A2131985
29857,10215,48433,christopher,stewart,1989.0,C623S3631989,48433,christopher,stewart,1989.0,C623S3631989
29858,10215,48433,christopher,stewart,1989.0,C623S3631989,48433,christopher,stewart,1989.0,C623S3631989
29858,29857,48433,christopher,stewart,1989.0,C623S3631989,48433,christopher,stewart,1989.0,C623S3631989
29862,4053,52029,albert,baldocchi,1990.0,A416B4321990,52029,albert,baldocchi,1990.0,A416B4321990
29862,4055,52029,albert,baldocchi,1990.0,A416B4321990,52029,albert,baldocchi,1990.0,A416B4321990
29866,29865,59456,harriet,blake,1989.0,H630B4201989,59456,harriet,blake,1989.0,H630B4201989
29872,29871,59468,steven,orton,1984.0,S315O6351984,59468,steven,orton,1984.0,S315O6351984
29876,29874,59478,jose,llerena,1990.0,J200L6501990,59478,jose,llerena,1990.0,J200L6501990
29899,29898,59485,tichina,carr,1995.0,T250C6001995,59485,tichina,carr,1995.0,T250C6001995
29900,29898,59485,tichina,carr,1995.0,T250C6001995,59485,tichina,carr,1995.0,T250C6001995
29900,29899,59485,tichina,carr,1995.0,T250C6001995,59485,tichina,carr,1995.0,T250C6001995
29903,29902,59480,romero,alexander,1992.0,R560A4251992,59480,romero,alexjcqem,1992.0,R560A4251992
29906,29904,59476,cameron,avery,1985.0,C565A1601985,59476,cameron,avery,1985.0,C565A1601985
29918,29916,59484,lawrence,mincey,1994.0,L652M5201994,59484,lawrence,mincey,1994.0,L652M5201994
29923,29922,59479,james,breszyetvi,2068.0,J520B6232068,59479,james,bruschetti,2068.0,J520B6232068
29926,29925,59473,dywanda,george,2072.0,D530G6202072,59473,dywanda,george,2072.0,D530G6202072
29927,29925,59473,dywanda,george,2072.0,D530G6202072,59473,dywanda,george,2072.0,D530G6202072
29927,29926,59473,dywanda,george,2072.0,D530G6202072,59473,dywanda,george,2072.0,D530G6202072
29929,3006,59486,daniel,price,1988.0,D540P6201988,51741,daniel,perez,1988.0,D540P6201988
29935,29934,7342,james,lapaix,1981.0,J520L1201981,7342,james,lapaix,1981.0,J520L1201981
29936,29934,7342,james,lapaix,1981.0,J520L1201981,7342,james,lapaix,1981.0,J520L1201981
29936,29935,7342,james,lapaix,1981.0,J520L1201981,7342,james,lapaix,1981.0,J520L1201981
29939,1370,51225,shavoria,lewis,1988.0,S160L2001988,51225,shavoria,lewis,1988.0,S160L2001988
29941,29940,59487,kelsian,kelly,1985.0,K425K4001985,59487,kelsian,kelly,1985.0,K425K4001985
29976,15558,59509,christopher,tippett,2071.0,C623T1302071,55221,christopher,tippett,2071.0,C623T1302071
29976,15560,59509,christopher,tippett,2071.0,C623T1302071,55221,cxrisdupmer,tippett,2071.0,C623T1302071
29989,2707,51639,levert,herrington,1975.0,L163H6521975,51639,levert,herrington,1975.0,L163H6521975
29989,2708,51639,levert,herrington,1975.0,L163H6521975,51639,levert,herrington,1975.0,L163H6521975
29997,5130,52333,demarquize,dawson,1985.0,D562D2501985,52333,demarquize,dawson,1985.0,D562D2501985
30001,30000,59525,xia,guan,2067.0,X000G5002067,59525,xia,guan,2067.0,X000G5002067
30032,30030,59527,ricardo,sinclair,1979.0,R263S5241979,59527,ricardo,sinclair,1979.0,R263S5241979
30040,30039,59512,kaeron,holness,1983.0,K650H4521983,59512,kaeron,holness,1983.0,K650H4521983
30068,15003,55075,lenaris,pope,1984.0,L562P1001984,55075,lenaris,pope,1984.0,L562P1001984
30068,15005,55075,lenaris,pope,1984.0,L562P1001984,55075,lenaris,pope,1984.0,L562P1001984
30074,30072,29302,joseph,cole,2070.0,J210C4002070,29302,joseph,cole,2070.0,J210C4002070
30095,5890,8687,marshall,higgs,1988.0,M624H2001988,8687,marshall,higgs,1988.0,M624H2001988
30104,30103,59562,tyvon,elisias,1988.0,T150E4221988,59562,tyvon,elisias,1988.0,T150E4221988
30125,30124,20295,jorge,delprado,1982.0,J620D4161982,20295,jorge,delprado,1982.0,J620D4161982
30136,30135,59557,paul,slade,2070.0,P400S4302070,59557,paul,slade,2070.0,P400S4302070
30155,30154,29710,daniel,cortes,1990.0,D540C6321990,29710,dhnlee,cortes,1990.0,D540C6321990
30200,30198,59568,williams,freeze,2059.0,W452F6202059,59568,williams,freeze,2059.0,W452F6202059
30201,14390,36277,courtney,gray,1991.0,C635G6001991,36277,courtney,gray,1991.0,C635G6001991
30215,30214,59566,robert,vigon,2063.0,R163V2502063,59566,robert,vigon,2063.0,R163V2502063
30221,30220,59545,avious,lucas,1985.0,A120L2201985,59545,avious,lucas,1985.0,A120L2201985
30224,30222,39806,diante,williams,1993.0,D530W4521993,39806,diante,williams,1993.0,D530W4521993
30230,30229,59580,priscilla,chaves,1990.0,P624C1201990,59580,priscilla,chaves,1990.0,P624C1201990
30241,26218,58363,dustin,yearby,1987.0,D235Y6101987,58363,dustin,yearby,1987.0,D235Y6101987
30266,30264,59590,jerry,seal,2063.0,J600S4002063,59590,jerry,seal,2063.0,J600S4002063
30273,21919,57083,damani,bankston,1994.0,D550B5231994,57083,damani,bankston,1994.0,D550B5231994
30274,21919,57083,damani,bankston,1994.0,D550B5231994,57083,damani,bankston,1994.0,D550B5231994
30274,30273,57083,damani,bankston,1994.0,D550B5231994,57083,damani,bankston,1994.0,D550B5231994
30275,21919,57083,damani,bankston,1994.0,D550B5231994,57083,damani,bankston,1994.0,D550B5231994
30275,30273,57083,damani,bankston,1994.0,D550B5231994,57083,damani,bankston,1994.0,D550B5231994
30275,30274,57083,damani,bankston,1994.0,D550B5231994,57083,damani,bankston,1994.0,D550B5231994
30296,30295,24047,frank,fasano,1992.0,F652F2501992,24047,frank,fasano,1992.0,F652F2501992
30308,30307,38601,cassandra,williams,2070.0,C253W4522070,38601,cassandra,williams,2070.0,C253W4522070
30320,30319,59601,andre,nyson,1983.0,A536N2501983,59601,andre,nyson,1983.0,A536N2501983
30335,30334,42166,denley,calixte,1991.0,D540C4231991,42166,denley,calixte,1991.0,D540C4231991
30352,30351,8300,brandon,deanda,1982.0,B653D5301982,8300,brandon,deanda,1982.0,B653D5301982
30353,30351,8300,brandon,deanda,1982.0,B653D5301982,8300,brandon,deanda,1982.0,B653D5301982
30353,30352,8300,brandon,deanda,1982.0,B653D5301982,8300,brandon,deanda,1982.0,B653D5301982
30361,30360,59617,robert,zinser,2053.0,R163Z5262053,59617,robert,zinser,2053.0,R163Z5262053
30373,30372,59611,markell,lucas,1995.0,M624L2201995,59611,markell,lucas,1995.0,M624L2201995
30386,30384,59626,ralante,archibald,1991.0,R453A6211991,59626,ralante,archibald,1991.0,R453A6211991
30394,30393,59620,robert,bulnes,1986.0,R163B4521986,59620,robert,bulnes,1986.0,R163B4521986
30395,30393,59620,robert,bulnes,1986.0,R163B4521986,59620,robert,bulnes,1986.0,R163B4521986
30395,30394,59620,robert,bulnes,1986.0,R163B4521986,59620,robert,bulnes,1986.0,R163B4521986
30429,7420,53001,anthony,smith,2064.0,A535S5302064,53001,anthony,smith,2064.0,A535S5302064
30429,7421,53001,anthony,smith,2064.0,A535S5302064,53001,anthony,smith,2064.0,A535S5302064
30434,30433,59649,william,underhill,2066.0,W450U5362066,59649,william,undrrzhul,2066.0,W450U5362066
30461,30459,59653,emilio,colon,1981.0,E540C4501981,59653,emilio,colon,1981.0,E540C4501981
30464,30462,59634,christopher,kasten,1991.0,C623K2351991,59634,christopher,kasten,1991.0,C623K2351991
30475,30474,27054,gordon,vincent,1981.0,G635V5251981,27054,gordon,vincent,1981.0,G635V5251981
30476,30474,27054,gordon,vincent,1981.0,G635V5251981,27054,gordon,vincent,1981.0,G635V5251981
30476,30475,27054,gordon,vincent,1981.0,G635V5251981,27054,gordon,vincent,1981.0,G635V5251981
30497,30496,59643,andy,cruz,1978.0,A530C6201978,59643,andy,cruz,1978.0,A530C6201978
30499,30498,59658,gary,ehrlick,2060.0,G600E6422060,59658,gary,ehrlick,2060.0,G600E6422060
30501,10063,53789,heidi,mione,2072.0,H300M5002072,53789,heidi,mione,2072.0,H300M5002072
30508,30507,31140,eugenio,peschard,2068.0,E250P2632068,31140,eugenio,peschard,2068.0,E250P2632068
30509,30507,31140,eugenio,peschard,2068.0,E250P2632068,31140,eugenio,peschard,2068.0,E250P2632068
30509,30508,31140,eugenio,peschard,2068.0,E250P2632068,31140,eugenio,peschard,2068.0,E250P2632068
30515,30513,59650,lias,corker,1989.0,L200C6261989,59650,lias,corker,1989.0,L200C6261989
30522,24518,34331,robie,brown,1982.0,R100B6501982,34331,robie,brown,1982.0,R100B6501982
30523,24518,34331,robie,brown,1982.0,R100B6501982,34331,robie,brown,1982.0,R100B6501982
30523,30522,34331,robie,brown,1982.0,R100B6501982,34331,robie,brown,1982.0,R100B6501982
30530,30528,59635,michael,dillon,1989.0,M240D4501989,59635,michael,dillon,1989.0,M240D4501989
30538,30537,53312,carlos,gonzalez-estrella,1991.0,C642G5241991,53312,carlos,gonzalez-estrella,1991.0,C642G5241991
30542,30540,59667,daniel,turbay,1993.0,D540T6101993,59667,daniel,turbay,1993.0,D540T6101993
30548,30546,59678,michael,simpson,1985.0,M240S5121985,59678,michael,simpson,1985.0,M240S5121985
30554,30552,59669,christopher,sinclair,1976.0,C623S5241976,59669,christopher,sinclair,1976.0,C623S5241976
30557,30556,59672,carlos,santiago-ortiz,2048.0,C642S5322048,59672,carlos,syntiago-orvar,2048.0,C642S5322048
30569,27235,58054,patrick,foy,1993.0,P362F0001993,58054,patrick,foy,1993.0,P362F0001993
30598,30597,59684,marie,altenor,1975.0,M600A4351975,59684,marie,altenor,1975.0,M600A4351975
30599,30597,59684,marie,altenor,1975.0,M600A4351975,59684,marie,altenor,1975.0,M600A4351975
30599,30598,59684,marie,altenor,1975.0,M600A4351975,59684,marie,altenor,1975.0,M600A4351975
30604,30603,59693,jeremy,miller,1977.0,J650M4601977,59693,jeremy,miller,1977.0,J650M4601977
30620,30619,59706,luis,almendares,1988.0,L200A4551988,59706,luis,almendares,1988.0,L200A4551988
30640,30639,59720,bowen,scott,2062.0,B500S3002062,59720,bowen,scott,2062.0,B500S3002062
30649,30648,32788,kewuana,jones,1992.0,K500J5201992,32788,kewuana,jones,1992.0,K500J5201992
30679,30678,59723,marshall,jackson,2063.0,M624J2502063,59723,marshall,jackson,2063.0,M624J2502063
30692,30691,48793,adam,rivera,1979.0,A350R1601979,48793,adam,rivera,1979.0,A350R1601979
30704,30702,36957,meshack,walker,1993.0,M220W4261993,36957,meshack,walker,1993.0,M220W4261993
30710,30709,59702,kimberly,holness,1985.0,K516H4521985,59702,kimberly,holness,1985.0,K516H4521985
30715,30714,59728,tatyana,golovina,1983.0,T350G4151983,59728,tatyana,golovina,1983.0,T350G4151983
30734,30733,59777,david,michael,1976.0,D130M2401976,59777,david,michael,1976.0,D130M2401976
30796,30795,59781,samantha,brown,1993.0,S553B6501993,59781,samantha,brown,1993.0,S553B6501993
30805,30804,59739,michael,hafford,1985.0,M240H1631985,59739,michael,hafford,1985.0,M240H1631985
30808,30807,23464,phillip,powell,1988.0,P410P4001988,23464,phillip,powell,1988.0,P410P4001988
30835,30834,59771,kenneth,kiester,2065.0,K530K2362065,59771,kenneth,kiester,2065.0,K530K2362065
30839,30838,59738,christopher,hendricks,1991.0,C623H5361991,59738,christopher,hendricks,1991.0,C623H5361991
30858,9341,8012,raynard,kent,1989.0,R563K5301989,8012,raynard,kent,1989.0,R563K5301989
30860,9341,8012,raynard,kent,1989.0,R563K5301989,8012,raynard,kent,1989.0,R563K5301989
30860,30858,8012,raynard,kent,1989.0,R563K5301989,8012,raynard,kent,1989.0,R563K5301989
30891,12828,54469,malcolm,yount,2059.0,M424Y5302059,54469,malcolm,yount,2059.0,M424Y5302059
30891,12829,54469,malcolm,yount,2059.0,M424Y5302059,54469,malcolm,yount,2059.0,M424Y5302059
30904,7728,53081,ruben,soto,1989.0,R150S3001989,53081,ruben,soto,1989.0,R150S3001989
30912,13932,54796,steve,rosewell,2067.0,S310R2402067,54796,steve,rosewell,2067.0,S310R2402067
30912,13934,54796,steve,rosewell,2067.0,S310R2402067,54796,steve,rosewell,2067.0,S310R2402067
30923,30921,59803,anderia,gillis,1985.0,A536G4201985,59803,anderia,gwslqj,1985.0,A536G4201985
30928,30927,59796,louie,dehart,1977.0,L000D6301977,59796,louie,dehart,1977.0,L000D6301977
30933,1676,32702,dekorian,delhomme,1993.0,D265D4501993,32702,dekorian,delhomme,1993.0,D265D4501993
30934,1676,32702,dekorian,delhomme,1993.0,D265D4501993,32702,dekorian,delhomme,1993.0,D265D4501993
30934,30933,32702,dekorian,delhomme,1993.0,D265D4501993,32702,dekorian,delhomme,1993.0,D265D4501993
30941,30940,59810,jonathan,walker,1979.0,J535W4261979,59810,jonathan,walker,1979.0,J535W4261979
30947,30946,59804,samantha,brown,1990.0,S553B6501990,59804,samantha,brown,1990.0,S553B6501990
30953,30951,54022,danny,rowe,1993.0,D500R0001993,54022,danny,rowe,1993.0,D500R0001993
30964,2841,51650,angela,gispert,1978.0,A524G2161978,51650,angela,gispert,1978.0,A524G2161978
30980,30979,42341,cleon,best,1987.0,C450B2301987,42341,cleon,best,1987.0,C450B2301987
30989,30987,59826,danny,toche,2061.0,D500T2002061,59826,danny,toche,2061.0,D500T2002061
30992,30991,6954,ann,thorpe,2071.0,A500T6102071,6954,ann,thorpe,2071.0,A500T6102071
31001,30999,59828,ryan,wert,1991.0,R500W6301991,59828,ryan,wert,1991.0,R500W6301991
31031,31030,59831,michael,emanual,1978.0,M240E5541978,59831,michael,emanual,1978.0,M240E5541978
31066,1754,59852,keandre,owens,1993.0,K536O5201993,51318,keandre,owens,1993.0,K536O5201993
31076,31074,59839,roger,byrum,1982.0,R260B6501982,59839,roger,byrum,1982.0,R260B6501982
31105,31104,59836,edward,romero,2067.0,E363R5602067,59836,edward,romero,2067.0,E363R5602067
31106,31104,59836,edward,romero,2067.0,E363R5602067,59836,edward,romero,2067.0,E363R5602067
31106,31105,59836,edward,romero,2067.0,E363R5602067,59836,edward,romero,2067.0,E363R5602067
31112,31111,9358,romoy,ramdeen,1986.0,R500R5351986,9358,romoy,ramdeen,1986.0,R500R5351986
31115,31113,59883,michael,jarquin-esquivel,1990.0,M240J6251990,59883,mxgguel,jarquin-esquivel,1990.0,M240J6251990
31118,31116,51927,jeffrey,morony,1985.0,J160M6501985,51927,jeffrey,morony,1985.0,J160M6501985
31121,31119,59053,don,mixon,1981.0,D500M2501981,59053,don,mixon,1981.0,D500M2501981
31132,31131,59864,shanairj,mckenziewallace,1990.0,S562M2521990,59864,shanairj,mckenziewallace,1990.0,S562M2521990
31133,31131,59864,shanairj,mckxnziewagnare,1990.0,S562M2521990,59864,shanairj,mckenziewallace,1990.0,S562M2521990
31133,31132,59864,shanairj,mckxnziewagnare,1990.0,S562M2521990,59864,shanairj,mckenziewallace,1990.0,S562M2521990
31138,31137,59868,kristie,sultzer,1993.0,K623S4321993,59868,kristie,sultzer,1993.0,K623S4321993
31153,31152,59882,sastri,abhilash,1991.0,S236A1421991,59882,sastri,abhilash,1991.0,S236A1421991
31154,31152,59882,sastri,abhilash,1991.0,S236A1421991,59882,sastri,abhilash,1991.0,S236A1421991
31154,31153,59882,sastri,abhilash,1991.0,S236A1421991,59882,sastri,abhilash,1991.0,S236A1421991
31159,31158,59872,jeffrey,shar,2055.0,J160S6002055,59872,jeffrey,shar,2055.0,J160S6002055
31174,31173,36972,anthony,atkins,1992.0,A535A3251992,36972,anthony,atkins,1992.0,A535A3251992
31177,31176,59869,brittany,finder,1990.0,B635F5361990,59869,brittany,finder,1990.0,B635F5361990
31181,31180,59886,timothy,hall,1987.0,T530H4001987,59886,timothy,hall,1987.0,T530H4001987
31210,31209,32689,barry,hope,2062.0,B600H1002062,32689,barry,hope,2062.0,B600H1002062
31211,31209,32689,barry,hope,2062.0,B600H1002062,32689,barry,hope,2062.0,B600H1002062
31211,31210,32689,barry,hope,2062.0,B600H1002062,32689,barry,hope,2062.0,B600H1002062
31253,31252,59893,daria,demarinis,2062.0,D600D5652062,59893,daria,demarinis,2062.0,D600D5652062
31292,31291,59914,kevin,skolnick,2068.0,K150S4522068,59914,kevin,skolnick,2068.0,K150S4522068
31307,31306,59934,nadjeda,delva,1993.0,N323D4101993,59934,nadjeda,delva,1993.0,N323D4101993
31327,31326,59928,robert,kulic,1987.0,R163K4201987,59928,robert,kulic,1987.0,R163K4201987
31328,31326,59928,robert,kulic,1987.0,R163K4201987,59928,robert,kulic,1987.0,R163K4201987
31328,31327,59928,robert,kulic,1987.0,R163K4201987,59928,robert,kulic,1987.0,R163K4201987
31340,31338,43114,michael,weller,1981.0,M240W4601981,43114,michael,weller,1981.0,M240W4601981
31360,31359,59937,sheldon,cam,1983.0,S435C5001983,59937,sheldon,cam,1983.0,S435C5001983
31361,31359,59937,sheldon,cam,1983.0,S435C5001983,59937,sheldon,cam,1983.0,S435C5001983
31361,31360,59937,sheldon,cam,1983.0,S435C5001983,59937,sheldon,cam,1983.0,S435C5001983
31382,31380,59947,quavon,woodcock,1994.0,Q150W3221994,59947,quavon,woodcock,1994.0,Q150W3221994
31385,31384,54066,kevin,parker,1979.0,K150P6261979,54066,kevin,parker,1979.0,K150P6261979
31399,31398,59957,jonathan,olazabal,1986.0,J535O4211986,59957,jonathan,olazabal,1986.0,J535O4211986
31444,31443,9299,johell,ullda,1986.0,J400U4301986,9299,johell,ullda,1986.0,J400U4301986
31454,31452,59981,velarry,boyd,2063.0,V460B3002063,59981,velarry,boyd,2063.0,V460B3002063
31463,31461,59977,rod,robinson,2051.0,R300R1522051,59977,rod,robinson,2051.0,R300R1522051
31468,31467,28532,justin,poux,1982.0,J235P2001982,28532,justin,poux,1982.0,J235P2001982
31480,31479,59974,corey,marrero,1995.0,C600M6601995,59974,corey,marrero,1995.0,C600M6601995
31483,7345,45924,avisay,salamanca,2065.0,A120S4552065,45924,avisay,salamanca,2065.0,A120S4552065
31502,30513,59650,lias,corker,1989.0,L200C6261989,59650,lias,corker,1989.0,L200C6261989
31502,30515,59650,lias,corker,1989.0,L200C6261989,59650,lias,corker,1989.0,L200C6261989
31511,31510,59978,daniel,firmin,1988.0,D540F6551988,59978,daniel,firmin,1988.0,D540F6551988
31517,31515,59985,samantha,zachary,1994.0,S553Z2601994,59985,samantha,zachary,1994.0,S553Z2601994
31523,31521,59989,derrick,rowe,1981.0,D620R0001981,59989,derrick,rowe,1981.0,D620R0001981
31529,31528,60000,rafael,magana,2064.0,R140M2502064,60000,rafael,magana,2064.0,R140M2502064
31540,31539,60003,tony,wilson,1985.0,T500W4251985,60003,tony,wilson,1985.0,T500W4251985
31559,31558,59991,rocco,rombardo,1982.0,R200R5161982,59991,rwxhw,rombardo,1982.0,R200R5161982
31564,31563,59990,briana,adhemar,1994.0,B650A3561994,59990,briana,adhemar,1994.0,B650A3561994
31577,31576,60002,lance,prevelhomme,1995.0,L520P6141995,60002,lance,prevelhomme,1995.0,L520P6141995
31578,12900,60008,stevie,johnson,2070.0,S310J5252070,54496,stevie,johnson,2070.0,S310J5252070
31580,12900,60008,stevie,johnson,2070.0,S310J5252070,54496,stevie,johnson,2070.0,S310J5252070
31580,31578,60008,stevie,johnson,2070.0,S310J5252070,60008,stevie,johnson,2070.0,S310J5252070
31600,31599,60017,anthony,jackson,2061.0,A535J2502061,60017,anthony,jackson,2061.0,A535J2502061
31606,31605,12806,george,bocanegra,1987.0,G620B2521987,12806,george,bocanegra,1987.0,G620B2521987
31607,31605,12806,george,bocanegra,1987.0,G620B2521987,12806,george,bocanegra,1987.0,G620B2521987
31607,31606,12806,george,bocanegra,1987.0,G620B2521987,12806,george,bocanegra,1987.0,G620B2521987
31637,31635,57479,irvans,brutus,1988.0,I615B6321988,57479,irvans,brutus,1988.0,I615B6321988
31661,31660,60024,michael,rivera,1988.0,M240R1601988,60024,michael,rivera,1988.0,M240R1601988
31671,27159,60034,nicola,spenceburrell,1978.0,N240S1521978,58717,nicola,spenceburrell,1978.0,N240S1521978
31671,27161,60034,nicola,spenceburrell,1978.0,N240S1521978,58717,nicola,spenceburrell,1978.0,N240S1521978
31688,31687,60030,michael,times,1991.0,M240T5201991,60030,michael,times,1991.0,M240T5201991
31700,31698,60028,lester,baczewski,2062.0,L236B2202062,60028,lester,bsczeisse,2062.0,L236B2202062
31703,31701,60033,davis,jirka,1985.0,D120J6201985,60033,davis,jirka,1985.0,D120J6201985
31705,31704,60039,matthew,haffner,1995.0,M300H1561995,60039,matthew,haffner,1995.0,M300H1561995
31727,31726,60054,anthony,licata,1985.0,A535L2301985,60054,anthony,licata,1985.0,A535L2301985
31742,31740,60044,raymond,meyers,2059.0,R553M6202059,60044,raymond,meyers,2059.0,R553M6202059
31759,31758,60065,genny,robbins,1993.0,G500R1521993,60065,genny,robbins,1993.0,G500R1521993
31778,31777,60062,agli,caca,1993.0,A240C2001993,60062,agli,caca,1993.0,A240C2001993
31781,31779,33217,brandon,hare,1987.0,B653H6001987,33217,brandon,hare,1987.0,B653H6001987
31789,31788,60070,malissa,mitchell,1976.0,M420M3241976,60070,malissa,mitchell,1976.0,M420M3241976
31807,31806,60063,brandon,guerra,1994.0,B653G6001994,60063,brandon,guerra,1994.0,B653G6001994
31808,31806,60063,brandon,guerra,1994.0,B653G6001994,60063,brandon,guerra,1994.0,B653G6001994
31808,31807,60063,brandon,guerra,1994.0,B653G6001994,60063,brandon,guerra,1994.0,B653G6001994
31809,28220,60058,michael,cjdt,1995.0,M240C3001995,58997,mhccgal,cedieu,1995.0,M240C3001995
31817,31815,60080,steven,austin,2064.0,S315A2352064,60080,steven,austin,2064.0,S315A2352064
31832,31830,60078,cassi,schmiedeknecht,1995.0,C200S5321995,60078,cassi,schmiedeknecht,1995.0,C200S5321995
31850,31848,60081,christopher,kirby,1979.0,C623K6101979,60081,christopher,kirby,1979.0,C623K6101979
31861,4509,60090,jonathan,waskiw,1988.0,J535W2001988,30625,jonathan,wkgsy,1988.0,J535W2001988
31871,31869,60102,cordy,richardson,1976.0,C630R2631976,60102,cordy,richardson,1976.0,C630R2631976
31878,26052,58333,jarrod,indik,1987.0,J630I5321987,58333,jarrod,indik,1987.0,J630I5321987
31878,26053,58333,jarrod,indik,1987.0,J630I5321987,58333,jarrod,indik,1987.0,J630I5321987
31879,26052,58333,jarrod,indik,1987.0,J630I5321987,58333,jarrod,indik,1987.0,J630I5321987
31879,26053,58333,jarrod,indik,1987.0,J630I5321987,58333,jarrod,indik,1987.0,J630I5321987
31879,31878,58333,jarrod,indik,1987.0,J630I5321987,58333,jarrod,indik,1987.0,J630I5321987
31880,26052,58333,jarrod,indik,1987.0,J630I5321987,58333,jarrod,indik,1987.0,J630I5321987
31880,26053,58333,jarrod,indik,1987.0,J630I5321987,58333,jarrod,indik,1987.0,J630I5321987
31880,31878,58333,jarrod,indik,1987.0,J630I5321987,58333,jarrod,indik,1987.0,J630I5321987
31880,31879,58333,jarrod,indik,1987.0,J630I5321987,58333,jarrod,indik,1987.0,J630I5321987
31891,31890,13663,max,richards,1983.0,M200R2631983,13663,max,richards,1983.0,M200R2631983
31892,31890,13663,max,richards,1983.0,M200R2631983,13663,max,richards,1983.0,M200R2631983
31892,31891,13663,max,richards,1983.0,M200R2631983,13663,max,richards,1983.0,M200R2631983
31916,31914,60089,jeffrey,anderson,2071.0,J160A5362071,60089,jeffrey,anderson,2071.0,J160A5362071
31940,31938,20238,robert,taylor,2067.0,R163T4602067,20238,robert,taylor,2067.0,R163T4602067
31948,31947,60119,christopher,bowers,1986.0,C623B6201986,60119,cjrhstorhet,bowers,1986.0,C623B6201986
31949,31947,60119,christopher,bowers,1986.0,C623B6201986,60119,cjrhstorhet,bowers,1986.0,C623B6201986
31949,31948,60119,christopher,bowers,1986.0,C623B6201986,60119,christopher,bowers,1986.0,C623B6201986
31955,31954,60129,herman,robinson,1978.0,H655R1521978,60129,herman,robinson,1978.0,H655R1521978
31996,15699,55265,jeffery,fetters,2059.0,J160F3622059,55265,jeffery,fetters,2059.0,J160F3622059
31996,15700,55265,jeffery,fetters,2059.0,J160F3622059,55265,jeffery,fetters,2059.0,J160F3622059
31997,15699,55265,jeffery,fetters,2059.0,J160F3622059,55265,jeffery,fetters,2059.0,J160F3622059
31997,15700,55265,jeffery,fetters,2059.0,J160F3622059,55265,jeffery,fetters,2059.0,J160F3622059
31997,31996,55265,jeffery,fetters,2059.0,J160F3622059,55265,jeffery,fetters,2059.0,J160F3622059
32000,31999,60120,mariorly,leon,1991.0,M664L5001991,60120,mariorly,leon,1991.0,M664L5001991
32027,32025,60134,sharell,heath,1987.0,S640H3001987,60134,sharell,heath,1987.0,S640H3001987
32050,32049,60138,ahmed,deleon,1991.0,A530D4501991,60138,ahmed,deleon,1991.0,A530D4501991
32051,32049,60138,ahmed,deleon,1991.0,A530D4501991,60138,ahmed,deleon,1991.0,A530D4501991
32051,32050,60138,ahmed,deleon,1991.0,A530D4501991,60138,ahmed,deleon,1991.0,A530D4501991
32057,32055,60135,michael,comisky,2074.0,M240C5202074,60135,michael,comisky,2074.0,M240C5202074
32074,32073,60149,cynthia,taylor,2068.0,C530T4602068,60149,cynthia,taylor,2068.0,C530T4602068
32090,32089,60150,jasmine,milan,1981.0,J255M4501981,60150,jasmine,milan,1981.0,J255M4501981
32122,32121,60165,brenzina,jones,1987.0,B652J5201987,60165,brenzina,jones,1987.0,B652J5201987
32129,32127,42796,jose,ortiz,1978.0,J200O6321978,42796,jose,ortiz,1978.0,J200O6321978
32131,32130,60173,angel,morales,1990.0,A524M6421990,60173,angel,morales,1990.0,A524M6421990
32137,26133,60167,rufus,jackson,2064.0,R120J2502064,58331,rufus,jackson,2064.0,R120J2502064
32137,26134,60167,rufus,jackson,2064.0,R120J2502064,58331,rufus,jackson,2064.0,R120J2502064
32156,32154,60158,christoopher,freeman,1976.0,C623F6551976,60158,christoopher,freeman,1976.0,C623F6551976
32158,32157,60186,gisela,maretinez,2071.0,G240M6352071,60186,gisela,maretinez,2071.0,G240M6352071
32159,32157,60186,gisela,maretinez,2071.0,G240M6352071,60186,gisela,maretinez,2071.0,G240M6352071
32159,32158,60186,gisela,maretinez,2071.0,G240M6352071,60186,gisela,maretinez,2071.0,G240M6352071
32165,32164,60191,efrain,morales,1985.0,E165M6421985,60191,efrain,morales,1985.0,E165M6421985
32174,32173,60174,ana,paez,2053.0,A500P2002053,60174,ana,paez,2053.0,A500P2002053
32185,32184,50633,david,matos,1984.0,D130M3201984,50633,david,matos,1984.0,D130M3201984
32186,32184,50633,david,matos,1984.0,D130M3201984,50633,david,matos,1984.0,D130M3201984
32186,32185,50633,david,matos,1984.0,D130M3201984,50633,david,matos,1984.0,D130M3201984
32192,24167,41905,morris,hernandez,2072.0,M620H6552072,57793,mauricio,hernandez,2072.0,M620H6552072
32201,32199,60194,harold,rubin,2064.0,H643R1502064,60194,harold,rubin,2064.0,H643R1502064
32206,10864,53968,vernee,mckenzie,1977.0,V650M2521977,53968,vernee,mckenzie,1977.0,V650M2521977
32213,32211,60161,linda,altman,2050.0,L530A4352050,60161,linda,altman,2050.0,L530A4352050
32221,32220,60185,chantel,thomas,1993.0,C534T5201993,60185,chantel,thomas,1993.0,C534T5201993
32222,32220,60185,chantel,thomas,1993.0,C534T5201993,60185,chantel,thomas,1993.0,C534T5201993
32222,32221,60185,chantel,thomas,1993.0,C534T5201993,60185,chantel,thomas,1993.0,C534T5201993
32264,32262,60223,horace,jones,1982.0,H620J5201982,60223,horace,jones,1982.0,H620J5201982
32275,32274,60227,donette,outar,2073.0,D530O3602073,60227,donette,outar,2073.0,D530O3602073
32302,32301,60233,jessica,harrold,1994.0,J220H6431994,60233,jessica,harrold,1994.0,J220H6431994
32309,32307,60229,nelson,aguilar,2068.0,N425A2462068,60229,nelson,aguilar,2068.0,N425A2462068
32321,13655,54714,williams,onique,1985.0,W452O5201985,54714,williams,onique,1985.0,W452O5201985
32324,32322,60220,irving,sorondotamayo,1976.0,I615S6531976,60220,irving,sorondotamayo,1976.0,I615S6531976
32332,32331,60221,royette,lestrade,2063.0,R300L2362063,60221,royette,lestrade,2063.0,R300L2362063
32378,32376,60258,jason,eker,1976.0,J250E2601976,60258,jason,eker,1976.0,J250E2601976
32393,32392,60265,colette,solz,2063.0,C430S4202063,60265,colette,solz,2063.0,C430S4202063
32418,28821,59175,patricia,swain,2063.0,P362S5002063,59175,patricia,swain,2063.0,P362S5002063
32418,28823,59175,patricia,swain,2063.0,P362S5002063,59175,pattrzim,swain,2063.0,P362S5002063
32428,32427,60251,esther,pierre,2072.0,E236P6002072,60251,esther,pierre,2072.0,E236P6002072
32429,32427,60251,esther,pierre,2072.0,E236P6002072,60251,esther,pierre,2072.0,E236P6002072
32429,32428,60251,esther,pierre,2072.0,E236P6002072,60251,esther,pierre,2072.0,E236P6002072
32432,32431,15603,doreen,dorso,2069.0,D650D6202069,15603,doreen,dorso,2069.0,D650D6202069
32444,32443,60264,amon,brasher,1977.0,A550B6261977,60264,amon,brasher,1977.0,A550B6261977
32458,32457,55300,roosevelt,standifer,2058.0,R214S3532058,55300,roosevelt,standifer,2058.0,R214S3532058
32459,32457,55300,roosevelt,standifer,2058.0,R214S3532058,55300,roosevelt,standifer,2058.0,R214S3532058
32459,32458,55300,roosevelt,standifer,2058.0,R214S3532058,55300,roosevelt,standifer,2058.0,R214S3532058
32462,32461,32924,gilbert,cruz,1990.0,G416C6201990,32924,gilbert,cruz,1990.0,G416C6201990
32467,32466,60272,johnny,hodges,2072.0,J500H3222072,60272,johnny,hodges,2072.0,J500H3222072
32480,32478,60282,portia,white,2063.0,P630W3002063,60282,portia,white,2063.0,P630W3002063
32489,16470,55505,javier,schoolfield,1990.0,J160S4141990,55505,javier,schoolfield,1990.0,J160S4141990
32489,16472,55505,javier,schoolfield,1990.0,J160S4141990,55505,javier,schoolfield,1990.0,J160S4141990
32496,14832,55030,christopher,habe,2068.0,C623H1002068,55030,christopher,habe,2068.0,C623H1002068
32503,13830,34642,joey,willingham,1988.0,J000W4521988,34642,joey,willingham,1988.0,J000W4521988
32503,13832,34642,joey,willingham,1988.0,J000W4521988,34642,joey,willingham,1988.0,J000W4521988
32507,32505,60288,jartell,smith,1992.0,J634S5301992,60288,jartell,smith,1992.0,J634S5301992
32510,32509,60280,sylvain,eudes,2074.0,S415E3202074,60280,sylvain,eudes,2074.0,S415E3202074
32512,32511,6136,daniel,baptiste,1989.0,D540B1321989,6136,daniel,baptiste,1989.0,D540B1321989
32525,32523,60278,james,dinucci,2056.0,J520D5202056,60278,james,dinucci,2056.0,J520D5202056
32526,9190,48677,shanekra,kims,1986.0,S526K5201986,48677,shanekra,kims,1986.0,S526K5201986
32535,12987,54532,trevor,parker,1986.0,T616P6261986,54532,trevor,parker,1986.0,T616P6261986
32536,12987,54532,trevor,parker,1986.0,T616P6261986,54532,trevor,parker,1986.0,T616P6261986
32536,32535,54532,trevor,parker,1986.0,T616P6261986,54532,trevor,parker,1986.0,T616P6261986
32576,32575,60281,brad,griffith,2070.0,B630G6132070,60281,brad,griffith,2070.0,B630G6132070
32579,32578,60271,latonya,ray,1979.0,L350R0001979,60271,latonya,ray,1979.0,L350R0001979
32581,32580,53255,walson,prophilis,1984.0,W425P6141984,53255,walson,prophilis,1984.0,W425P6141984
32602,32601,60317,jose,gonzalez,1985.0,J200G5241985,60317,jose,gonouqel,1985.0,J200G5241985
32603,32601,60317,jose,gonzalez,1985.0,J200G5241985,60317,jose,gonouqel,1985.0,J200G5241985
32603,32602,60317,jose,gonzalez,1985.0,J200G5241985,60317,jose,gonzalez,1985.0,J200G5241985
32620,32619,60315,lashonda,decrumpe,1988.0,L253D2651988,60315,lashonda,decrumpe,1988.0,L253D2651988
32623,32622,60322,eric,martinez,1990.0,E620M6351990,60322,eric,martinez,1990.0,E620M6351990
32626,30317,59596,sebastian,valcy,1994.0,S123V4201994,59596,sebastian,valcy,1994.0,S123V4201994
32657,32655,60021,genevieve,savage,1977.0,G511S1201977,60021,genevieve,savage,1977.0,G511S1201977
32662,32661,60312,nicholas,drummond,1987.0,N242D6551987,60312,nicholas,drummond,1987.0,N242D6551987
32665,32664,50252,nxcyenzxn,metelus,1987.0,N252M3421987,50252,nickenson,metelus,1987.0,N252M3421987
32711,32710,55105,adam,obrien,1994.0,A350O1651994,55105,adam,obrien,1994.0,A350O1651994
32739,18832,49241,claudia,arbelaez,1977.0,C430A6141977,49241,claudia,arbelaez,1977.0,C430A6141977
32744,32742,60343,larry,jones,2068.0,L600J5202068,60343,larry,jones,2068.0,L600J5202068
32746,32745,60344,tyara,thomas,1986.0,T600T5201986,60344,tyara,thomas,1986.0,T600T5201986
32749,32748,60339,kenneth,hammond,1984.0,K530H5531984,60339,kenneth,hammond,1984.0,K530H5531984
32757,1116,46011,anthony,bones,1993.0,A535B5201993,46011,anthony,bones,1993.0,A535B5201993
32757,1117,46011,anthony,bones,1993.0,A535B5201993,46011,anthony,bones,1993.0,A535B5201993
32757,6004,46011,anthony,bones,1993.0,A535B5201993,46011,anthony,bones,1993.0,A535B5201993
32757,6005,46011,anthony,bones,1993.0,A535B5201993,46011,anthony,bones,1993.0,A535B5201993
32786,32784,60366,marquis,rodriguez,1994.0,M622R3621994,60366,marquis,rodriguez,1994.0,M622R3621994
32801,32799,25559,brittany,simpson,1988.0,B635S5121988,25559,brittany,simpson,1988.0,B635S5121988
32803,32802,60380,lisa,orange,2063.0,L200O6522063,60380,lisa,orange,2063.0,L200O6522063
32828,32827,60382,joseph,olmino,1981.0,J210O4551981,60382,joseph,olmino,1981.0,J210O4551981
32845,32844,60350,anthony,wells,2066.0,A535W4202066,60350,anthony,wells,2066.0,A535W4202066
32867,32866,60358,kenneth,figueroa,1981.0,K530F2601981,60358,kenneth,figueroa,1981.0,K530F2601981
32882,32881,60364,mark,allen,2055.0,M620A4502055,60364,mark,allen,2055.0,M620A4502055
32884,32883,46544,kim,mcconn,2067.0,K500M2502067,46544,kim,mcconn,2067.0,K500M2502067
32887,28251,59019,reginald,davis,2072.0,R254D1202072,59019,reginald,davis,2072.0,R254D1202072
32890,32889,60353,matthew,martin,1995.0,M300M6351995,60353,matthew,martin,1995.0,M300M6351995
32893,32892,60361,scott,rosenkranz,1983.0,S300R2521983,60361,scott,rosenkranz,1983.0,S300R2521983
32894,32892,60361,scott,rosenkranz,1983.0,S300R2521983,60361,scott,rosenkranz,1983.0,S300R2521983
32894,32893,60361,scott,rosenkranz,1983.0,S300R2521983,60361,scott,rosenkranz,1983.0,S300R2521983
32896,32895,60383,joshua,stein,1976.0,J200S3501976,60383,joshua,stein,1976.0,J200S3501976
32897,32895,60383,joshua,stein,1976.0,J200S3501976,60383,joshua,stein,1976.0,J200S3501976
32897,32896,60383,joshua,stein,1976.0,J200S3501976,60383,joshua,stein,1976.0,J200S3501976
32924,32922,60418,van,ly,2074.0,V500L0002074,60418,van,ly,2074.0,V500L0002074
32936,32934,60393,shourav,rahman,1992.0,S610R5501992,60393,shourav,rahman,1992.0,S610R5501992
32939,32938,60402,rashaad,willford,1993.0,R230W4161993,60402,rashaad,willford,1993.0,R230W4161993
32942,32940,60407,priscila,rego,1992.0,P624R2001992,60407,priscila,rego,1992.0,P624R2001992
32945,32944,60415,jasmine,boone,1991.0,J255B5001991,60415,jasmine,boone,1991.0,J255B5001991
32992,6390,52673,michael,mora,1988.0,M240M6001988,52673,michael,mora,1988.0,M240M6001988
32993,6390,52673,michael,mora,1988.0,M240M6001988,52673,michael,mora,1988.0,M240M6001988
32993,32992,52673,michael,mora,1988.0,M240M6001988,52673,michael,mora,1988.0,M240M6001988
33011,33009,25425,lawrence,spurgeon,1983.0,L652S1621983,25425,lawrence,spurgeon,1983.0,L652S1621983
33025,33024,60405,marvin,mcclam,1981.0,M615M2451981,60405,marvin,mcclam,1981.0,M615M2451981
33028,33027,60420,roger,lutar,1976.0,R260L3601976,60420,roger,lutar,1976.0,R260L3601976
33029,33027,60420,roger,lutar,1976.0,R260L3601976,60420,roger,lutar,1976.0,R260L3601976
33029,33028,60420,roger,lutar,1976.0,R260L3601976,60420,roger,lutar,1976.0,R260L3601976
33046,33045,60433,jessy,pierre,1988.0,J200P6001988,60433,jessy,pierre,1988.0,J200P6001988
33064,33063,60438,reynold,abel,1979.0,R543A1401979,60438,reynold,abel,1979.0,R543A1401979
33083,22516,57288,tereatha,lewis,1983.0,T630L2001983,57288,tereatha,lewis,1983.0,T630L2001983
33083,22517,57288,tereatha,lewis,1983.0,T630L2001983,57288,tereatha,lewis,1983.0,T630L2001983
33091,33090,60428,kenttrell,sibblis,1994.0,K536S1421994,60428,kenttrell,sibblis,1994.0,K536S1421994
33095,33093,60431,joseoh,hoff,1985.0,J200H1001985,60431,joseoh,hoff,1985.0,J200H1001985
33107,33106,60436,raymond,joseph,1986.0,R553J2101986,60436,raymond,joseph,1986.0,R553J2101986
33127,14108,54856,milagros,maldonado,2070.0,M426M4352070,54856,milagros,maldonado,2070.0,M426M4352070
33140,33138,50103,shanequa,gardner,1991.0,S520G6351991,50103,shanequa,gardner,1991.0,S520G6351991
33176,33175,60477,rene,chaparteguy,2059.0,R500C1632059,60477,rene,chbpartemjb,2059.0,R500C1632059
33188,33186,60457,jaret,santa,1990.0,J630S5301990,60457,jaret,santa,1990.0,J630S5301990
33190,33189,60472,jerry,mareus,1992.0,J600M6201992,60472,jerry,mareus,1992.0,J600M6201992
33191,33189,60472,jerry,mareus,1992.0,J600M6201992,60472,jerry,mareus,1992.0,J600M6201992
33191,33190,60472,jerry,mareus,1992.0,J600M6201992,60472,jerry,mareus,1992.0,J600M6201992
33209,33207,6113,latoya,little,1985.0,L300L3401985,6113,latoya,little,1985.0,L300L3401985
33215,33213,60467,ryan,bassaragh,1992.0,R500B2621992,60467,ryan,bassaragh,1992.0,R500B2621992
33255,14746,55018,tammy,perez,2068.0,T500P6202068,55018,tammy,perez,2068.0,T500P6202068
33272,33270,60515,kenneth,rodriguez,1982.0,K530R3621982,60515,kenneth,rodriguez,1982.0,K530R3621982
33298,33297,60511,sheena,phillips,1992.0,S500P4121992,60511,sheena,phillips,1992.0,S500P4121992
33299,33297,60511,sheena,phillips,1992.0,S500P4121992,60511,sheena,phillips,1992.0,S500P4121992
33299,33298,60511,sheena,phillips,1992.0,S500P4121992,60511,sheena,phillips,1992.0,S500P4121992
33317,33316,60506,morris,corbitt,2057.0,M620C6132057,60506,morris,corbitt,2057.0,M620C6132057
33327,9687,53669,allatia,hogan,2063.0,A430H2502063,53669,allatia,hogan,2063.0,A430H2502063
33341,6581,39432,martavis,harvard,1993.0,M631H6161993,39432,martavis,harvard,1993.0,M631H6161993
33343,4152,33064,adeler,filossaint,1992.0,A346F4251992,33064,adeler,filossaint,1992.0,A346F4251992
33344,4152,33064,adeler,filossaint,1992.0,A346F4251992,33064,adeler,filossaint,1992.0,A346F4251992
33344,33343,33064,adeler,filossaint,1992.0,A346F4251992,33064,adeler,filossaint,1992.0,A346F4251992
33359,11309,54097,jason,may,1985.0,J250M0001985,54097,jason,may,1985.0,J250M0001985
33362,33360,1320,brian,kelly,1982.0,B650K4001982,1320,brian,kelly,1982.0,B650K4001982
33374,33372,60533,vanessa,gonzalez,1990.0,V520G5241990,60533,vanessa,gonzalez,1990.0,V520G5241990
33383,33382,48595,brittany,brantley,1995.0,B635B6531995,48595,brittany,brantley,1995.0,B635B6531995
33409,12243,60540,dale,quimby,1982.0,D400Q5101982,54353,dale,quimby,1982.0,D400Q5101982
33409,12245,60540,dale,quimby,1982.0,D400Q5101982,54353,dale,quimby,1982.0,D400Q5101982
33412,33411,60543,learby,labath,1984.0,L610L1301984,60543,learby,labath,1984.0,L610L1301984
33445,33444,60557,rouseau,durocher,1990.0,R200D6261990,60557,rouseau,durocher,1990.0,R200D6261990
33485,33483,60568,meshach,ferguson,1995.0,M220F6221995,60568,meshach,ferguson,1995.0,M220F6221995
33490,30993,59855,ivan,peev,1985.0,I150P1001985,59855,ivan,peev,1985.0,I150P1001985
33494,33493,60564,joseph,sefer,2073.0,J210S1602073,60564,joseph,sefer,2073.0,J210S1602073
33497,33495,60554,venumadhav,kalagara,1982.0,V553K4261982,60554,venumadhav,kalagara,1982.0,V553K4261982
33518,33516,60579,elizabeth,edrich,2074.0,E421E3622074,60579,elizabeth,edrich,2074.0,E421E3622074
33521,33519,60581,miesha,jones,1989.0,M200J5201989,60581,miesha,jones,1989.0,M200J5201989
33530,11862,54246,brandon,thomas,1986.0,B653T5201986,54246,brandon,thomas,1986.0,B653T5201986
33532,33531,60594,jarod,singh,1984.0,J630S5201984,60594,jarod,singh,1984.0,J630S5201984
33533,33531,60594,jarod,singh,1984.0,J630S5201984,60594,jarod,singh,1984.0,J630S5201984
33533,33532,60594,jarod,singh,1984.0,J630S5201984,60594,jarod,singh,1984.0,J630S5201984
33554,33552,60595,cktrrikk,mcgirt,1990.0,C362M2631990,60595,ceddrick,mcgirt,1990.0,C362M2631990
33557,33555,60584,carlos,rugel,1980.0,C642R2401980,60584,carlos,rugel,1980.0,C642R2401980
33560,33558,60598,daniel,torres,1994.0,D540T6201994,60598,daniel,torres,1994.0,D540T6201994
33578,33577,60592,alexander,pierre,1995.0,A425P6001995,60592,alexander,pierre,1995.0,A425P6001995
33589,33588,60585,lauren,speake,1990.0,L650S1201990,60585,lauren,speake,1990.0,L650S1201990
33605,33512,7630,maurice,major,2074.0,M620M2602074,7630,maurice,major,2074.0,M620M2602074
33614,33612,60583,damion,clark,1993.0,D550C4621993,60583,damion,clark,1993.0,D550C4621993
33635,33633,53945,beatriz,manjarrezgutierrez,1983.0,B362M5261983,53945,beatriz,manjarrezgutierrez,1983.0,B362M5261983
33643,33642,60642,austin,dampier,1993.0,A235D5161993,60642,austin,dampier,1993.0,A235D5161993
33646,30388,60618,sergio,vyaqmhz,1995.0,S620V2521995,59608,sergio,vsjzumz,1995.0,S620V2521995
33712,33711,60648,nickson,marcellus,1996.0,N250M6241996,60648,nickson,marcellus,1996.0,N250M6241996
33737,12951,54511,donald,downing,2062.0,D543D5522062,54511,donald,downing,2062.0,D543D5522062
33743,33741,60643,andino,cruz,1986.0,A535C6201986,60643,andino,cruz,1986.0,A535C6201986
33764,33763,60609,lina,scalisi,1977.0,L500S4201977,60609,lina,scalisi,1977.0,L500S4201977
33772,33771,60647,deondra,porter,1988.0,D536P6361988,60647,deondra,porter,1988.0,D536P6361988
33779,33777,60667,casto,murillo,2071.0,C230M6402071,60667,casto,murillo,2071.0,C230M6402071
33791,33789,47770,andre,barrington,1989.0,A536B6521989,47770,andre,barrington,1989.0,A536B6521989
33805,33804,60670,renzo,torres,1981.0,R520T6201981,60670,renzo,torres,1981.0,R520T6201981
33808,33807,60664,barney,arnold,2058.0,B650A6542058,60664,barney,arnold,2058.0,B650A6542058
33815,33813,60685,rose,vilma,1991.0,R200V4501991,60685,rose,vilma,1991.0,R200V4501991
33827,33825,60687,dorothy,evans,2054.0,D630E1522054,60687,dorothy,evans,2054.0,D630E1522054
33857,33855,60660,denny,rivera,2068.0,D500R1602068,60660,denny,rivera,2068.0,D500R1602068
33866,33865,49112,dave,dulcio,2073.0,D100D4202073,49112,dave,dulcio,2073.0,D100D4202073
33871,33870,60684,angel,moran,1980.0,A524M6501980,60684,angel,moran,1980.0,A524M6501980
33874,33873,60686,anthony,deary,1978.0,A535D6001978,60686,anthony,deary,1978.0,A535D6001978
33881,33880,60665,william,gray,1982.0,W450G6001982,60665,william,gray,1982.0,W450G6001982
33886,33885,60675,madeline,mejia,2067.0,M345M2002067,60675,madeline,mejia,2067.0,M345M2002067
33887,33885,60675,madeline,mejia,2067.0,M345M2002067,60675,madeline,mejia,2067.0,M345M2002067
33887,33886,60675,madeline,mejia,2067.0,M345M2002067,60675,madeline,mejia,2067.0,M345M2002067
33892,1141,35453,robert,grace,1976.0,R163G6201976,35453,robert,grace,1976.0,R163G6201976
33898,33897,60695,bryan,scott,1983.0,B650S3001983,60695,bryan,scott,1983.0,B650S3001983
33899,33897,60695,bryan,scott,1983.0,B650S3001983,60695,bryan,scott,1983.0,B650S3001983
33899,33898,60695,bryan,scott,1983.0,B650S3001983,60695,bryan,scott,1983.0,B650S3001983
33914,33913,60700,fabrice,alexandre,1988.0,F162A4251988,60700,fabrice,alexandre,1988.0,F162A4251988
33925,33924,60702,laurence,stevens,1981.0,L652S3151981,60702,laurence,stevens,1981.0,L652S3151981
33929,33928,60709,brian,mayors,1984.0,B650M6201984,60709,brian,mayors,1984.0,B650M6201984
33947,33945,60704,brandy,dodson,1984.0,B653D3251984,60704,brandy,dodson,1984.0,B653D3251984
33956,33954,60744,edel,avril,2054.0,E340A1642054,60744,edel,avril,2054.0,E340A1642054
33961,33960,60717,erik,kadler,2071.0,E620K3462071,60717,erik,kadler,2071.0,E620K3462071
33973,33972,60729,matthew,bonilla,1988.0,M300B5401988,60729,matthew,bonilla,1988.0,M300B5401988
33986,33984,60734,andro,muniz,1986.0,A536M5201986,60734,andro,muniz,1986.0,A536M5201986
34006,34005,60741,marcus,newman,1995.0,M622N5501995,60741,marcus,newman,1995.0,M622N5501995
34016,34014,42782,kianna,myers,1993.0,K500M6201993,42782,kianna,myers,1993.0,K500M6201993
34019,34018,11316,alford,igles,2055.0,A416I2422055,11316,alford,igles,2055.0,A416I2422055
34034,34032,60735,bradley,davis,2070.0,B634D1202070,60735,bradley,davis,2070.0,B634D1202070
34037,34036,60733,lucas,george,1995.0,L220G6201995,60733,lucas,george,1995.0,L220G6201995
34043,34042,7564,juan,gispert,1990.0,J500G2161990,7564,juan,gispert,1990.0,J500G2161990
34048,34047,60722,christina,ramage,1996.0,C623R5201996,60722,christina,ramage,1996.0,C623R5201996
34057,34056,60751,andrew,robinson,1982.0,A536R1521982,60751,andrew,robinson,1982.0,A536R1521982
34066,34065,60728,michael,keenan,1987.0,M240K5501987,60728,michael,keenan,1987.0,M240K5501987
34094,34093,60720,daniel,malgaard,1989.0,D540M4261989,60720,daniel,malgaard,1989.0,D540M4261989
34101,30765,17688,michael,pavone,2070.0,M240P1502070,17688,michael,pavone,2070.0,M240P1502070
34103,30765,17688,michael,pavone,2070.0,M240P1502070,17688,michael,pavone,2070.0,M240P1502070
34103,34101,17688,michael,pavone,2070.0,M240P1502070,17688,michael,pavone,2070.0,M240P1502070
34106,5973,60760,michelle,latortue,1989.0,M240L3631989,52548,michele,latortue,1989.0,M240L3631989
34106,5974,60760,michelle,latortue,1989.0,M240L3631989,52548,michele,latortue,1989.0,M240L3631989
34156,34155,60782,richard,diaz,2074.0,R263D2002074,60782,richard,diaz,2074.0,R263D2002074
34202,34201,60772,james,mitchell,1986.0,J520M3241986,60772,james,mitchell,1986.0,J520M3241986
34219,34218,60769,baldeo,peararay,1977.0,B430P6601977,60769,baldeo,peararay,1977.0,B430P6601977
34228,34227,30899,shaquetta,cunningham,1990.0,S230C5521990,30899,shaquetta,cunningham,1990.0,S230C5521990
34241,34240,60808,jose,moranherrera,1981.0,J200M6561981,60808,jose,moranherrera,1981.0,J200M6561981
34249,30232,60796,justin,jones,1994.0,J235J5201994,59594,justin,jones,1994.0,J235J5201994
34268,34266,60794,stephanie,underwood,1990.0,S315U5361990,60794,stephanie,underwood,1990.0,S315U5361990
34273,34272,60791,jasen,lucas,1987.0,J250L2201987,60791,jasen,lucas,1987.0,J250L2201987
34274,34272,60791,jasen,lucas,1987.0,J250L2201987,60791,jasen,lucas,1987.0,J250L2201987
34274,34273,60791,jasen,lucas,1987.0,J250L2201987,60791,jasen,lucas,1987.0,J250L2201987
34283,13885,54775,leslie,rex,2058.0,L240R2002058,54775,leslie,rex,2058.0,L240R2002058
34283,13886,54775,leslie,rex,2058.0,L240R2002058,54775,leslie,rex,2058.0,L240R2002058
34311,32036,60143,hassheim,white,1995.0,H250W3001995,60143,hassheim,white,1995.0,H250W3001995
34313,32036,60143,hassheim,white,1995.0,H250W3001995,60143,hassheim,white,1995.0,H250W3001995
34313,34311,60143,hassheim,white,1995.0,H250W3001995,60143,hassheim,white,1995.0,H250W3001995
34321,34320,60826,marvin,ross,2065.0,M615R2002065,60826,marvin,ross,2065.0,M615R2002065
34325,34324,60812,jones,constant,1987.0,J520C5231987,60812,jones,constant,1987.0,J520C5231987
34334,34332,60799,roshane,burton,1992.0,R250B6351992,60799,roshane,burton,1992.0,R250B6351992
34369,34368,60838,dominick,dinitto,2071.0,D552D5302071,60838,dominick,dinitto,2071.0,D552D5302071
34373,34371,60844,edsonne,joachin,1994.0,E325J2501994,60844,edsonne,joachin,1994.0,E325J2501994
34376,34374,60828,ira,tommer,2070.0,I600T5602070,60828,ira,tommer,2070.0,I600T5602070
34400,34399,60846,roderico,vazquez,1981.0,R362V2201981,60846,roderico,vazquez,1981.0,R362V2201981
34405,13506,54674,deborah,spoth,2061.0,D160S1302061,54674,deborah,spoth,2061.0,D160S1302061
34425,17524,13790,jose,bruno,1988.0,J200B6501988,13790,jose,bruno,1988.0,J200B6501988
34426,17524,13790,jose,bruno,1988.0,J200B6501988,13790,jose,bruno,1988.0,J200B6501988
34426,34425,13790,jose,bruno,1988.0,J200B6501988,13790,jose,bruno,1988.0,J200B6501988
34427,17524,13790,jose,bruno,1988.0,J200B6501988,13790,jose,bruno,1988.0,J200B6501988
34427,34425,13790,jose,bruno,1988.0,J200B6501988,13790,jose,bruno,1988.0,J200B6501988
34427,34426,13790,jose,bruno,1988.0,J200B6501988,13790,jose,bruno,1988.0,J200B6501988
34430,34429,60849,daniel,martino,1977.0,D540M6351977,60849,daniel,martino,1977.0,D540M6351977
34439,34437,60837,gabriella,francisco,1992.0,G164F6521992,60837,gabriella,francisco,1992.0,G164F6521992
34448,34447,17529,cory,jones,1990.0,C600J5201990,17529,cory,jones,1990.0,C600J5201990
34455,9464,53623,boyd,duguay,2069.0,B300D2002069,53623,boyd,duguay,2069.0,B300D2002069
34456,9464,53623,boyd,duguay,2069.0,B300D2002069,53623,boyd,duguay,2069.0,B300D2002069
34456,34455,53623,boyd,duguay,2069.0,B300D2002069,53623,boyd,duguay,2069.0,B300D2002069
34457,9464,53623,boyd,duguay,2069.0,B300D2002069,53623,boyd,duguay,2069.0,B300D2002069
34457,34455,53623,boyd,duguay,2069.0,B300D2002069,53623,boyd,duguay,2069.0,B300D2002069
34457,34456,53623,boyd,duguay,2069.0,B300D2002069,53623,boyd,duguay,2069.0,B300D2002069
34469,34468,60866,albalidia,torres,1984.0,A414T6201984,60866,albalidia,torres,1984.0,A414T6201984
34477,34476,60871,nikko,bethel,1989.0,N200B3401989,60871,nikko,bethel,1989.0,N200B3401989
34478,34476,60871,nikko,bethel,1989.0,N200B3401989,60871,nikko,bethel,1989.0,N200B3401989
34478,34477,60871,nikko,bethel,1989.0,N200B3401989,60871,nikko,bethel,1989.0,N200B3401989
34489,34488,60864,quon,gwynn,1992.0,Q500G5001992,60864,quon,gwynn,1992.0,Q500G5001992
34496,34495,60858,fanny,pena,1975.0,F500P5001975,60858,fanny,pena,1975.0,F500P5001975
34502,34501,60877,keith,antolick,2052.0,K300A5342052,60877,keith,antolick,2052.0,K300A5342052
34504,34503,60876,christopher,mayer,1983.0,C623M6001983,60876,christopher,mayer,1983.0,C623M6001983
34531,34530,42888,stephanie,dorceus,1987.0,S315D6221987,42888,stephanie,dorceus,1987.0,S315D6221987
34552,34551,51697,timothy,koze,2070.0,T530K2002070,51697,timothy,koze,2070.0,T530K2002070
34553,34551,51697,timothy,koze,2070.0,T530K2002070,51697,timothy,koze,2070.0,T530K2002070
34553,34552,51697,timothy,koze,2070.0,T530K2002070,51697,timothy,koze,2070.0,T530K2002070
34568,34567,60880,vanston,ward,2065.0,V523W6302065,60880,vanston,ward,2065.0,V523W6302065
34573,34572,60882,angel,bravo,1988.0,A524B6101988,60882,angel,bravo,1988.0,A524B6101988
34574,34572,60882,angel,bravo,1988.0,A524B6101988,60882,angel,bravo,1988.0,A524B6101988
34574,34573,60882,angel,bravo,1988.0,A524B6101988,60882,angel,bravo,1988.0,A524B6101988
34583,1182,51151,pedro,rodriguez,2070.0,P360R3622070,51151,pedro,rodriguez,2070.0,P360R3622070
34583,1183,51151,pedro,rodriguez,2070.0,P360R3622070,51151,pedro,rodriguez,2070.0,P360R3622070
34583,1184,51151,pedro,rodriguez,2070.0,P360R3622070,51151,pedro,rodriguez,2070.0,P360R3622070
34592,34591,60899,daniel,martins,1994.0,D540M6351994,60899,daniel,martins,1994.0,D540M6351994
34613,34612,60898,linsey,calliste,1995.0,L520C4231995,60898,linsey,calliste,1995.0,L520C4231995
34634,34633,60925,laura,scharf,1976.0,L600S6101976,60925,laura,scharf,1976.0,L600S6101976
34636,34635,60908,william,wells,1995.0,W450W4201995,60908,william,wells,1995.0,W450W4201995
34640,34639,60937,alejandro,crespi,1976.0,A425C6211976,60937,alejandro,crespi,1976.0,A425C6211976
34643,34641,60906,marcel,noel,1994.0,M624N4001994,60906,marcel,noel,1994.0,M624N4001994
34646,34645,60917,christine,cazacu,1987.0,C623C2201987,60917,christine,cazacu,1987.0,C623C2201987
34654,34653,60940,ivan,enriquez,1981.0,I150E5621981,60940,ivan,enriquez,1981.0,I150E5621981
34676,13069,54524,kia,rodriquez,1979.0,K000R3621979,54524,kia,rodriquez,1979.0,K000R3621979
34691,34690,60924,johnny,gomez,1978.0,J500G5201978,60924,johnny,gomez,1978.0,J500G5201978
34699,26799,949,chedline,moise,1987.0,C345M2001987,949,chedline,moise,1987.0,C345M2001987
34699,26800,949,chedline,moise,1987.0,C345M2001987,949,chedline,moise,1987.0,C345M2001987
34706,34704,60944,alexandria,geiger,1989.0,A425G2601989,60944,alexandria,geiger,1989.0,A425G2601989
34715,34713,60938,alejandro,castano,1993.0,A425C2351993,60938,alejandro,castano,1993.0,A425C2351993
34736,33520,20342,muqc,jones,1988.0,M200J5201988,60581,miesha,jones,1988.0,M200J5201988
34798,34797,60956,howard,keroes,2074.0,H630K6202074,60956,howard,keroes,2074.0,H630K6202074
34813,34812,60967,carson,hettinger,2062.0,C625H3522062,60967,carson,hettinger,2062.0,C625H3522062
34835,34833,60953,sheldon,panton,1989.0,S435P5351989,60953,sheldon,panton,1989.0,S435P5351989
34841,34840,60970,anhnhi,tran,1989.0,A500T6501989,60970,anhnhi,tran,1989.0,A500T6501989
34856,34854,60961,mark,girlie,1996.0,M620G6401996,60961,mark,girlie,1996.0,M620G6401996
34862,34860,60947,robert,dukes,2064.0,R163D2202064,60947,robert,dukes,2064.0,R163D2202064
34889,34854,60961,mark,girlie,1996.0,M620G6401996,60961,mark,girlie,1996.0,M620G6401996
34889,34856,60961,mark,girlie,1996.0,M620G6401996,60961,mark,girlie,1996.0,M620G6401996
34931,34930,60995,joseph,mingoia,2066.0,J210M5202066,60995,joseph,mingoia,2066.0,J210M5202066
34961,34960,61010,jose,gomez,1977.0,J200G5201977,61010,jose,gomez,1977.0,J200G5201977
34970,34968,60994,carlos,lacayo,2053.0,C642L2002053,60994,carlos,lcgyye,2053.0,C642L2002053
34979,34978,61001,jamaar,harris,1983.0,J560H6201983,61001,jamaar,harris,1983.0,J560H6201983
34999,34998,61035,chantel,fleurima,1993.0,C534F4651993,61035,chantel,fleurima,1993.0,C534F4651993
35024,35022,61036,alfonso,glenn,1983.0,A415G4501983,61036,alfonso,glenn,1983.0,A415G4501983
35045,10617,59359,ed,philo,1991.0,E300P4001991,38864,ed,philo,1991.0,E300P4001991
35045,29419,59359,ed,philo,1991.0,E300P4001991,59359,ed,philo,1991.0,E300P4001991
35060,35059,61040,andrew,bruce,1979.0,A536B6201979,61040,andrew,bruce,1979.0,A536B6201979
35065,35064,50565,steven,ramirez,2054.0,S315R5622054,50565,steven,ramirez,2054.0,S315R5622054
35069,35067,61037,larry,hampton,1980.0,L600H5131980,61037,larry,hampton,1980.0,L600H5131980
35075,35073,61043,vince,miller,2063.0,V520M4602063,61043,vince,miller,2063.0,V520M4602063
35099,35098,61069,quinten,singleton,1979.0,Q535S5241979,61069,quinten,singleton,1979.0,Q535S5241979
35107,32237,60196,danielle,lynch,1989.0,D540L5201989,60196,danielle,lynch,1989.0,D540L5201989
35117,35115,61060,allen,vlado,1979.0,A450V4301979,61060,allen,vlado,1979.0,A450V4301979
35119,35118,33228,jevon,douglas,1992.0,J150D2421992,33228,jevon,douglas,1992.0,J150D2421992
35120,35118,33228,jevon,douglas,1992.0,J150D2421992,33228,jevon,douglas,1992.0,J150D2421992
35120,35119,33228,jevon,douglas,1992.0,J150D2421992,33228,jevon,douglas,1992.0,J150D2421992
35128,35127,49440,lao,fitzgerald,2067.0,L000F3262067,49440,lee,fitzgerald,2067.0,L000F3262067
35147,35145,61062,tania,lacombe,1989.0,T500L2511989,61062,tania,lacombe,1989.0,T500L2511989
35155,35154,61039,jerome,green,1977.0,J650G6501977,61039,jerome,green,1977.0,J650G6501977
35160,32157,61094,gisela,martinez-feliciano,2071.0,G240M6352071,60186,gisela,maretinez,2071.0,G240M6352071
35160,32158,61094,gisela,martinez-feliciano,2071.0,G240M6352071,60186,gisela,maretinez,2071.0,G240M6352071
35160,32159,61094,gisela,martinez-feliciano,2071.0,G240M6352071,60186,gisela,maretinez,2071.0,G240M6352071
35179,9914,35171,jack,brown,2064.0,J200B6502064,35171,jack,brown,2064.0,J200B6502064
35182,35181,61091,david,depietri,1986.0,D130D1361986,61091,david,depietri,1986.0,D130D1361986
35183,35181,61091,david,depietri,1986.0,D130D1361986,61091,david,depietri,1986.0,D130D1361986
35183,35182,61091,david,depietri,1986.0,D130D1361986,61091,david,depietri,1986.0,D130D1361986
35194,35193,61089,gusdino,zaren,2071.0,G235Z6502071,61089,gusdino,zaren,2071.0,G235Z6502071
35201,35200,61075,robert,yaggle,1981.0,R163Y2401981,61075,robert,yaggle,1981.0,R163Y2401981
35210,35209,61073,ricardo,arrieta,2061.0,R263A6302061,61073,ricardo,arrieta,2061.0,R263A6302061
35213,35212,61080,raymond,wallace,1981.0,R553W4201981,61080,raymond,wallace,1981.0,R553W4201981
35242,35241,59475,bruce,brundage,1986.0,B620B6531986,59475,bruce,brundage,1986.0,B620B6531986
35243,35241,59475,bruce,brundage,1986.0,B620B6531986,59475,bruce,brundage,1986.0,B620B6531986
35243,35242,59475,bruce,brundage,1986.0,B620B6531986,59475,bruce,brundage,1986.0,B620B6531986
35245,35244,61098,christopher,myers,1987.0,C623M6201987,61098,christopher,myers,1987.0,C623M6201987
35254,35253,61097,thomas,powell,1990.0,T520P4001990,61097,thomas,powell,1990.0,T520P4001990
35279,35277,61107,ronald,sales,2052.0,R543S4202052,61107,ronald,sales,2052.0,R543S4202052
35282,35280,61104,jonathan,cruz,1986.0,J535C6201986,61104,jonathan,cruz,1986.0,J535C6201986
35297,35296,48466,jerome,sims,2063.0,J650S5202063,48466,jerome,sims,2063.0,J650S5202063
35303,5900,61142,rodrick,phillips,2053.0,R362P4122053,52586,rodrick,phillips,2053.0,R362P4122053
35308,35307,41815,john,wilson,1981.0,J500W4251981,41815,john,wilson,1981.0,J500W4251981
35359,35358,61129,jays,batchanoo,2071.0,J200B3252071,61129,jays,batchanoo,2071.0,J200B3252071
35360,35358,61129,jays,batchanoo,2071.0,J200B3252071,61129,jays,batchanoo,2071.0,J200B3252071
35360,35359,61129,jays,batchanoo,2071.0,J200B3252071,61129,jays,batchanoo,2071.0,J200B3252071
35393,35392,61144,camilo,ordonez,1982.0,C540O6351982,61144,camilo,ordonez,1982.0,C540O6351982
35411,35409,61134,anthony,thomas,1990.0,A535T5201990,61134,anthony,thomas,1990.0,A535T5201990
35423,35422,57459,david,toledo,1978.0,D130T4301978,57459,david,toledo,1978.0,D130T4301978
35438,35436,61170,lorenzo,rodriguez,1989.0,L652R3621989,61170,lorenzo,rodriguez,1989.0,L652R3621989
35461,13251,54616,mauricio,alvarez,2069.0,M620A4162069,54616,mauricio,alvarez,2069.0,M620A4162069
35461,13253,54616,mauricio,alvarez,2069.0,M620A4162069,54616,mauricio,alvarez,2069.0,M620A4162069
35471,35469,61173,paul,laiknickas,2065.0,P400L2522065,61173,paul,leiknsckqk,2065.0,P400L2522065
35492,35490,44874,nicholas,thompson,1986.0,N242T5121986,44874,nicholas,thompson,1986.0,N242T5121986
35501,35500,39395,byron,calhoun,2040.0,B650C4502040,39395,byron,calhoun,2040.0,B650C4502040
35509,35508,50544,jason,desmangles,1982.0,J250D2551982,50544,jason,desmangles,1982.0,J250D2551982
35554,35553,16322,jamaal,cherry,1979.0,J540C6001979,16322,jamaal,cherry,1979.0,J540C6001979
35555,35553,16322,jamaal,cherry,1979.0,J540C6001979,16322,jamaal,cherry,1979.0,J540C6001979
35555,35554,16322,jamaal,cherry,1979.0,J540C6001979,16322,jamaal,cherry,1979.0,J540C6001979
35573,35571,24077,james,joseph,1982.0,J520J2101982,24077,james,joseph,1982.0,J520J2101982
35584,35583,61197,lesley,ferguson,2071.0,L240F6222071,61197,lesley,ferguson,2071.0,L240F6222071
35590,35589,61188,rich,omoruyi,1979.0,R200O5601979,61188,rich,omoruyi,1979.0,R200O5601979
35597,35595,61195,charles,dean,1977.0,C642D5001977,61195,charles,dean,1977.0,C642D5001977
35605,35604,61183,juan,conde,2066.0,J500C5302066,61183,juan,conde,2066.0,J500C5302066
35606,35604,61183,juan,conde,2066.0,J500C5302066,61183,juan,conde,2066.0,J500C5302066
35606,35605,61183,juan,conde,2066.0,J500C5302066,61183,juan,conde,2066.0,J500C5302066
35612,35610,61198,ryan,nicosia,1983.0,R500N2201983,61198,ryan,nicosia,1983.0,R500N2201983
35614,35613,61208,barbara,crowe,2051.0,B616C6002051,61208,barbara,crowe,2051.0,B616C6002051
35615,35613,61208,barbara,crowe,2051.0,B616C6002051,61208,barbara,crowe,2051.0,B616C6002051
35615,35614,61208,barbara,crowe,2051.0,B616C6002051,61208,barbara,crowe,2051.0,B616C6002051
35618,35616,61192,eric,dominguez,2064.0,E620D5522064,61192,eric,dominguez,2064.0,E620D5522064
35623,35622,61189,mazen,caceres,1989.0,M250C2621989,61189,mazen,caceres,1989.0,M250C2621989
35624,35622,61189,mazen,caceres,1989.0,M250C2621989,61189,mazen,caceres,1989.0,M250C2621989
35624,35623,61189,mazen,caceres,1989.0,M250C2621989,61189,mazen,caceres,1989.0,M250C2621989
35626,35625,61205,montoya,brown,2073.0,M530B6502073,61205,montoya,brown,2073.0,M530B6502073
35635,22764,50660,bernard,sharpe,1994.0,B656S6101994,50660,bernard,sharpe,1994.0,B656S6101994
35639,35637,61199,jordan,green,1978.0,J635G6501978,61199,jordan,green,1978.0,J635G6501978
35650,35649,61202,gabriella,perez,1984.0,G164P6201984,61202,gabriella,perez,1984.0,G164P6201984
35654,35652,61190,michael,esposito,2046.0,M240E2122046,61190,michael,esposito,2046.0,M240E2122046
35669,35667,7552,bradey,birdsong,1986.0,B630B6321986,7552,bradey,birdsong,1986.0,B630B6321986
35678,35676,28378,joseph,svogoamholo,1987.0,J210S1251987,28378,joseph,scpgntvigmo,1987.0,J210S1251987
35729,34533,60571,alana,broadhead,1979.0,A450B6331979,60571,alana,broadhead,1979.0,A450B6331979
35730,7256,48900,anthony,fields,2059.0,A535F4322059,48900,anthony,fields,2059.0,A535F4322059
35731,7256,48900,anthony,fields,2059.0,A535F4322059,48900,anthony,fields,2059.0,A535F4322059
35731,35730,48900,anthony,fields,2059.0,A535F4322059,48900,anthony,fields,2059.0,A535F4322059
35732,7256,48900,anthony,fields,2059.0,A535F4322059,48900,anthony,fields,2059.0,A535F4322059
35732,35730,48900,anthony,fields,2059.0,A535F4322059,48900,anthony,fields,2059.0,A535F4322059
35732,35731,48900,anthony,fields,2059.0,A535F4322059,48900,anthony,fields,2059.0,A535F4322059
35737,35736,61231,yanick,swackard,1981.0,Y520S2631981,61231,yanick,swackard,1981.0,Y520S2631981
35740,35739,61236,sandeep,askaran,2073.0,S531A2652073,61236,sandeep,askaran,2073.0,S531A2652073
35742,29086,50236,myrticea,gilbert,1994.0,M632G4161994,50236,myrticea,gilbert,1994.0,M632G4161994
35744,29086,50236,myrticea,gilbert,1994.0,M632G4161994,50236,myrticea,gilbert,1994.0,M632G4161994
35744,35742,50236,myrticea,gilbert,1994.0,M632G4161994,50236,myrticea,gilbert,1994.0,M632G4161994
35753,35751,61218,nikki,howard,1986.0,N200H6301986,61218,nikki,howard,1986.0,N200H6301986
35783,17485,61252,krystal,davis,1981.0,K623D1201981,55814,krystal,davis,1981.0,K623D1201981
35783,17486,61252,krystal,davis,1981.0,K623D1201981,55814,krystal,davis,1981.0,K623D1201981
35791,35790,28182,breyon,oatts,1991.0,B650O3201991,28182,breyon,oatts,1991.0,B650O3201991
35792,35790,28182,breyon,oatts,1991.0,B650O3201991,28182,breyon,oatts,1991.0,B650O3201991
35792,35791,28182,breyon,oatts,1991.0,B650O3201991,28182,breyon,oatts,1991.0,B650O3201991
35797,35796,61258,mark,gundin,1986.0,M620G5351986,61258,mark,gundin,1986.0,M620G5351986
35801,35799,15292,david,goodwin,1981.0,D130G3501981,15292,david,goodwin,1981.0,D130G3501981
35816,35814,22722,brian,wood,1981.0,B650W3001981,22722,brian,wood,1981.0,B650W3001981
35818,2183,51429,courtland,rich,1992.0,C634R2001992,51429,courtland,rich,1992.0,C634R2001992
35828,35827,61250,natasha,maros,1986.0,N320M6201986,61250,natasha,maros,1986.0,N320M6201986
35834,35833,61248,steven,strobridge,1992.0,S315S3611992,61248,steven,strobridge,1992.0,S315S3611992
35839,35838,61243,brittany,shenett,1991.0,B635S5301991,61243,brittany,shenett,1991.0,B635S5301991
35846,1983,32421,daniel,diaz,2066.0,D540D2002066,32421,daniel,diaz,2066.0,D540D2002066
35848,35847,61268,jason,grillo,1981.0,J250G6401981,61268,jason,grillo,1981.0,J250G6401981
35858,35857,61270,terrill,morley,2072.0,T640M6402072,61270,terrill,morley,2072.0,T640M6402072
35867,35865,61267,wyche,cardal,2060.0,W200C6342060,61267,wyche,cardal,2060.0,W200C6342060
35875,35874,61273,arthicha,carter,1984.0,A632C6361984,61273,arthicha,carter,1984.0,A632C6361984
35876,35874,61273,arthicha,carter,1984.0,A632C6361984,61273,arthicha,carter,1984.0,A632C6361984
35876,35875,61273,arthicha,carter,1984.0,A632C6361984,61273,arthicha,carter,1984.0,A632C6361984
35885,35883,2920,emmanuel,treveus,1987.0,E554T6121987,2920,emmanuel,treveus,1987.0,E554T6121987
35887,35886,61274,rosetta,francis,1992.0,R230F6521992,61274,rosetta,francis,1992.0,R230F6521992
35888,35886,61274,rosetta,francis,1992.0,R230F6521992,61274,rosetta,francis,1992.0,R230F6521992
35888,35887,61274,rosetta,francis,1992.0,R230F6521992,61274,rosetta,francis,1992.0,R230F6521992
35890,35889,61276,lanique,lee,1989.0,L520L0001989,61276,lanique,lee,1989.0,L520L0001989
35891,35889,61276,lanique,lee,1989.0,L520L0001989,61276,lanique,lee,1989.0,L520L0001989
35891,35890,61276,lanique,lee,1989.0,L520L0001989,61276,lanique,lee,1989.0,L520L0001989
35897,35895,30176,richard,dowlatram,1990.0,R263D4361990,30176,richard,dowlatram,1990.0,R263D4361990
35910,31379,59949,miesha,daniel,1993.0,M200D5401993,59949,miesha,daniel,1993.0,M200D5401993
35911,31379,59949,miesha,daniel,1993.0,M200D5401993,59949,miesha,daniel,1993.0,M200D5401993
35911,35910,59949,miesha,daniel,1993.0,M200D5401993,59949,miesha,daniel,1993.0,M200D5401993
35930,35929,61283,leanord,anderson,1988.0,L563A5361988,61283,leanord,anderson,1988.0,L563A5361988
35941,35940,61279,wesley,smith,1994.0,W240S5301994,61279,wesley,smith,1994.0,W240S5301994
35944,35943,61285,laterria,lafond,1988.0,L360L1531988,61285,laterria,lafond,1988.0,L360L1531988
35957,35956,61280,jarrell,groover-wright,1992.0,J640G6161992,61280,jarrell,groover-wright,1992.0,J640G6161992
35964,9658,53675,maximo,castro,2068.0,M250C2362068,53675,maximo,castro,2068.0,M250C2362068
35984,3934,51975,tony,mcneil,1985.0,T500M2541985,51975,tony,mcneil,1985.0,T500M2541985
35984,3935,51975,tony,mcneil,1985.0,T500M2541985,51975,tony,mcneil,1985.0,T500M2541985
35997,26085,61309,cesar,romero,1985.0,C260R5601985,58329,cesar,romero,1985.0,C260R5601985
35998,26085,61309,cesar,romero,1985.0,C260R5601985,58329,cesar,romero,1985.0,C260R5601985
35998,35997,61309,cesar,romero,1985.0,C260R5601985,61309,cesar,romero,1985.0,C260R5601985
36016,36015,61296,joseph,ricciardelli,2061.0,J210R2632061,61296,joseph,ricciardelli,2061.0,J210R2632061
36022,36021,59028,jeremy,thompson,1994.0,J650T5121994,59028,jeremy,thompson,1994.0,J650T5121994
36053,36052,61306,robert,feinstein,2066.0,R163F5232066,61306,robert,feinstein,2066.0,R163F5232066
36068,36067,61321,alberto,prcjg,2064.0,A416P6202064,61321,alberto,perez,2064.0,A416P6202064
36092,36091,12411,kenneth,everett,1983.0,K530E1631983,12411,kenneth,everett,1983.0,K530E1631983
36098,36096,61343,kenneth,walker,2066.0,K530W4262066,61343,kenneth,walker,2066.0,K530W4262066
36107,36105,61336,dominick,akinpello,1995.0,D552A2511995,61336,dominick,akinpello,1995.0,D552A2511995
36121,36120,61333,scott,watson,2066.0,S300W3252066,61333,scott,watson,2066.0,S300W3252066
36122,36120,61333,scott,watson,2066.0,S300W3252066,61333,scott,watson,2066.0,S300W3252066
36122,36121,61333,scott,watson,2066.0,S300W3252066,61333,scott,watson,2066.0,S300W3252066
36155,36153,61345,richard,sarafian,1988.0,R263S6151988,61345,richard,sarafian,1988.0,R263S6151988
36161,36159,61340,marko,marcetic,1981.0,M620M6231981,61340,marko,marcetic,1981.0,M620M6231981
36163,36162,20466,demario,dixon,1989.0,D560D2501989,20466,demario,dixon,1989.0,D560D2501989
36173,36172,61332,keith,irvin,1992.0,K300I6151992,61332,keith,irvin,1992.0,K300I6151992
36179,36178,60827,travon,burton,1995.0,T615B6351995,60827,travon,burton,1995.0,T615B6351995
36187,1794,51335,jason,vanderwynkle,1982.0,J250V5361982,51335,jason,vanderwynkle,1982.0,J250V5361982
36187,1796,51335,jason,vanderwynkle,1982.0,J250V5361982,51335,jason,vanderwynkle,1982.0,J250V5361982
36214,36213,61341,darrick,brown,1976.0,D620B6501976,61341,darrick,brown,1976.0,D620B6501976
36215,36213,61341,darrick,brown,1976.0,D620B6501976,61341,darrick,brown,1976.0,D620B6501976
36215,36214,61341,darrick,brown,1976.0,D620B6501976,61341,darrick,brown,1976.0,D620B6501976
36227,36225,61357,alexander,atiles,1982.0,A425A3421982,61357,alexander,atiles,1982.0,A425A3421982
36229,36087,9694,alreegus,holmes,2072.0,A462H4522072,9694,alreegus,holmes,2072.0,A462H4522072
36233,36231,61372,omar,mattis,1982.0,O560M3201982,61372,omar,mattis,1982.0,O560M3201982
36252,5523,61396,jazzie,johnson,1992.0,J200J5251992,43864,jazzy,johnson,1992.0,J200J5251992
36274,27649,58848,latosha,williams,1987.0,L320W4521987,58848,latosha,williams,1987.0,L320W4521987
36287,15378,55175,brantil,williams,1989.0,B653W4521989,55175,brantil,williams,1989.0,B653W4521989
36287,15379,55175,brantil,williams,1989.0,B653W4521989,55175,brantil,williams,1989.0,B653W4521989
36293,36292,61377,adlai,goulbourne,2059.0,A340G4162059,61377,adlai,goulbourne,2059.0,A340G4162059
36314,36313,61395,litanis,alcira,1979.0,L352A4261979,61395,litanis,alcira,1979.0,L352A4261979
36317,36316,61375,leonard,joyner,2071.0,L563J5602071,61375,leonard,joyner,2071.0,L563J5602071
36356,36354,11754,charles,hall,2043.0,C642H4002043,11754,charles,hall,2043.0,C642H4002043
36365,36363,61426,jamell,daher,1985.0,J540D6001985,61426,jamell,daher,1985.0,J540D6001985
36371,36369,61421,vincent,bowe,2066.0,V525B0002066,61421,vincent,bowe,2066.0,V525B0002066
36383,36381,61413,byron,allen,2061.0,B650A4502061,61413,byron,allen,2061.0,B650A4502061
36398,9357,52886,joao,jussim,1989.0,J000J2501989,52886,joao,jussim,1989.0,J000J2501989
36407,36405,61419,christopher,thurlow,1985.0,C623T6401985,61419,christopher,thurlow,1985.0,C623T6401985
36421,36420,61416,alisa,caperton,2064.0,A420C1632064,61416,alisa,caperton,2064.0,A420C1632064
36440,36439,61431,christopher,harris,1984.0,C623H6201984,61431,christopher,harris,1984.0,C623H6201984
36447,3853,28302,latavia,bertrane,1988.0,L310B6361988,29528,latavia,bertrand,1988.0,L310B6361988
36449,3853,28302,latavia,bertrane,1988.0,L310B6361988,29528,latavia,bertrand,1988.0,L310B6361988
36449,36447,28302,latavia,bertrane,1988.0,L310B6361988,28302,latavia,bertrane,1988.0,L310B6361988
36455,36454,61432,frederick,newbold,1988.0,F636N1431988,61432,frederick,newbold,1988.0,F636N1431988
36460,36459,27863,shandedra,hardy,1989.0,S533H6301989,27863,shandedra,hardy,1989.0,S533H6301989
36464,36462,61433,alexander,jolly,2055.0,A425J4002055,61433,alexander,jolly,2055.0,A425J4002055
36492,32169,15663,charlie,reyes,1992.0,C640R2001992,15663,charlie,reyes,1992.0,C640R2001992
36500,36498,61459,roswell,bridger,2052.0,R240B6322052,61459,roycslo,bridger,2052.0,R240B6322052
36527,36525,61454,rheinna,mcleod,1982.0,R500M2431982,61454,rheinna,mcleod,1982.0,R500M2431982
36538,36537,61465,jessica,sharpstein,1982.0,J220S6121982,61465,jessica,sharpstein,1982.0,J220S6121982
36555,24897,41469,josue,carazsxlf,1975.0,J200C6241975,57263,jhcoxhy,cirigliano,1975.0,J200C6241975
36572,36571,61461,ian,wilhelm,1981.0,I500W4451981,61461,ian,wilhelm,1981.0,I500W4451981
36574,36573,61446,valentina,parrish,1992.0,V453P6201992,61446,valentina,parrish,1992.0,V453P6201992
36606,15076,61474,calvin,brown,2060.0,C415B6502060,55100,calvin,brown,2060.0,C415B6502060
36610,36609,61507,christopher,akel,1994.0,C623A2401994,61507,christopher,akel,1994.0,C623A2401994
36619,36618,61480,scott,kaplan,2064.0,S300K1452064,61480,scott,kaplan,2064.0,S300K1452064
36620,36618,61480,scott,kaplan,2064.0,S300K1452064,61480,scott,kaplan,2064.0,S300K1452064
36620,36619,61480,scott,kaplan,2064.0,S300K1452064,61480,scott,kaplan,2064.0,S300K1452064
36644,10927,54010,elridge,thomas,1976.0,E463T5201976,54010,elridge,thomas,1976.0,E463T5201976
36650,36648,61495,william,deangelis,1988.0,W450D5241988,61495,william,deangelis,1988.0,W450D5241988
36652,36651,61504,andy,plancher,1990.0,A530P4521990,61504,andy,plancher,1990.0,A530P4521990
36673,36672,61485,daniel,gonzalez,1985.0,D540G5241985,61485,daniel,gonzalez,1985.0,D540G5241985
36692,36691,40074,larry,mitchell,2055.0,L600M3242055,40074,larry,mitchell,2055.0,L600M3242055
36701,36700,61501,alfonso,mendoza,2069.0,A415M5322069,61501,alfonso,mendoza,2069.0,A415M5322069
36704,36702,61492,michael,morse,1992.0,M240M6201992,61492,michael,morse,1992.0,M240M6201992
36710,36708,61486,ramon,abreu,2067.0,R550A1602067,61486,ramon,abreu,2067.0,R550A1602067
36722,36721,1132,kiser,young,1985.0,K260Y5201985,1132,kiser,young,1985.0,K260Y5201985
36724,36723,61541,charlene,cousino,1979.0,C645C2501979,61541,charlene,cousino,1979.0,C645C2501979
36725,36723,61541,charlene,cousino,1979.0,C645C2501979,61541,charlene,cousino,1979.0,C645C2501979
36725,36724,61541,charlene,cousino,1979.0,C645C2501979,61541,charlene,cousino,1979.0,C645C2501979
36731,36729,61538,lynn,love,2044.0,L500L1002044,61538,lynn,love,2044.0,L500L1002044
36740,36739,61534,efrain,tavalera,2068.0,E165T1462068,61534,efrain,tavalera,2068.0,E165T1462068
36747,9155,36886,lennox,cameron,1979.0,L520C5651979,36886,lennox,cameron,1979.0,L520C5651979
36775,36774,61528,mercedes,johnson,1989.0,M623J5251989,61528,mercedes,johnson,1989.0,M623J5251989
36785,36784,61527,ariel,rodriguez,1984.0,A640R3621984,61527,ariel,rodriguez,1984.0,A640R3621984
36796,36795,61515,rayan,pinnock,2072.0,R500P5202072,61515,rayan,pinnock,2072.0,R500P5202072
36818,36816,15679,rafael,martinezhernadnez,1976.0,R140M6351976,15679,rafael,martinezhernadnez,1976.0,R140M6351976
36821,36819,54310,tazomi,natta,1990.0,T250N3001990,54310,tazomi,natta,1990.0,T250N3001990
36843,4451,61542,mickelia,mckenzie,1993.0,M240M2521993,52146,michael,mgnoso,1993.0,M240M2521993
36848,36847,61545,wailim,ng,1991.0,W450N2001991,61545,wailim,ng,1991.0,W450N2001991
36869,36867,61554,elvin,roman,2067.0,E415R5502067,61554,elvin,roman,2067.0,E415R5502067
36884,34014,42782,kianna,myers,1993.0,K500M6201993,42782,kianna,myers,1993.0,K500M6201993
36884,34016,42782,kianna,myers,1993.0,K500M6201993,42782,kianna,myers,1993.0,K500M6201993
36887,36886,61555,daniel,stamper,2063.0,D540S3512063,61555,daniel,stamper,2063.0,D540S3512063
36892,36891,61562,robert,williams,2061.0,R163W4522061,61562,robert,williams,2061.0,R163W4522061
36893,36891,61562,robert,williams,2061.0,R163W4522061,61562,robert,williams,2061.0,R163W4522061
36893,36892,61562,robert,williams,2061.0,R163W4522061,61562,robert,williams,2061.0,R163W4522061
36898,36897,61551,eriach,afterman,2074.0,E620A1362074,61551,eriach,afterman,2074.0,E620A1362074
36913,36912,61548,stephen,hotary,2065.0,S315H3602065,61548,stephen,hotary,2065.0,S315H3602065
36936,14114,47480,patrick,morzmpoa,1985.0,P362M6251985,47480,patrick,morrison,1985.0,P362M6251985
36938,14114,47480,patrick,morrison,1985.0,P362M6251985,47480,patrick,morrison,1985.0,P362M6251985
36938,36936,47480,patrick,morrison,1985.0,P362M6251985,47480,patrick,morzmpoa,1985.0,P362M6251985
36941,36939,61553,alex,garay,1992.0,A420G6001992,61553,alex,guoir,1992.0,A420G6001992
36979,36978,61600,michael,hannmann,2065.0,M240H5502065,61600,michael,hannmann,2065.0,M240H5502065
36991,36990,61599,lisa,fogarty,2066.0,L200F2632066,61599,lisa,fogarty,2066.0,L200F2632066
36997,36996,61585,jennifer,jarocki,1977.0,J516J6201977,61585,jennifer,jarocki,1977.0,J516J6201977
37010,37009,24390,shawn,morgan,2070.0,S500M6252070,24390,shawn,morgan,2070.0,S500M6252070
37021,11306,54111,shaka,ruddock,1994.0,S200R3201994,54111,shaka,ruddock,1994.0,S200R3201994
37055,37054,21475,patricia,gibson,2065.0,P362G1252065,21475,patricia,gibson,2065.0,P362G1252065
37087,37086,61626,jarvon,leath,1983.0,J615L3001983,61626,jarvon,leath,1983.0,J615L3001983
37088,37086,61626,jarvon,leath,1983.0,J615L3001983,61626,jarvon,leath,1983.0,J615L3001983
37088,37087,61626,jarvon,leath,1983.0,J615L3001983,61626,jarvon,leath,1983.0,J615L3001983
37105,37104,61629,phat,huynh,1982.0,P300H5001982,61629,phat,huynh,1982.0,P300H5001982
37108,37107,61622,darrell,walker,2072.0,D640W4262072,61622,darrell,walker,2072.0,D640W4262072
37139,37138,61639,hector,contrczqs,1989.0,H236C5361989,61639,hector,cqntretji,1989.0,H236C5361989
37186,37185,61635,keith,dillman,2055.0,K300D4552055,61635,keith,dillman,2055.0,K300D4552055
37187,37185,61635,keith,dillman,2055.0,K300D4552055,61635,keith,dillman,2055.0,K300D4552055
37187,37186,61635,keith,dillman,2055.0,K300D4552055,61635,keith,dillman,2055.0,K300D4552055
37204,37203,61666,christopher,santiago,1986.0,C623S5321986,61666,christopher,santiago,1986.0,C623S5321986
37205,37203,61666,christopher,santiago,1986.0,C623S5321986,61666,christopher,santiago,1986.0,C623S5321986
37205,37204,61666,christopher,santiago,1986.0,C623S5321986,61666,christopher,santiago,1986.0,C623S5321986
37241,37240,61654,scott,campbell,1981.0,S300C5141981,61654,scott,campbell,1981.0,S300C5141981
37255,37254,61643,malik,hopson,1995.0,M420H1251995,61643,malik,hopson,1995.0,M420H1251995
37259,7630,53076,mark,davey,2060.0,M620D1002060,53076,mark,davey,2060.0,M620D1002060
37264,37263,48973,matthew,harmon,1981.0,M300H6551981,48973,matthew,harmon,1981.0,M300H6551981
37265,37263,48973,matthew,harmon,1981.0,M300H6551981,48973,matthew,harmon,1981.0,M300H6551981
37265,37264,48973,matthew,harmon,1981.0,M300H6551981,48973,matthew,harmon,1981.0,M300H6551981
37271,37269,61706,bobby,gilliam,2073.0,B100G4502073,61706,bobby,gilliam,2073.0,B100G4502073
37276,37275,61702,eric,calveiro,1989.0,E620C4161989,61702,eric,calveiro,1989.0,E620C4161989
37291,37290,61684,leon,wilson,2046.0,L500W4252046,61684,leon,wilson,2046.0,L500W4252046
37294,34032,60735,bradley,davis,2070.0,B634D1202070,60735,bradley,davis,2070.0,B634D1202070
37294,34034,60735,bradley,davis,2070.0,B634D1202070,60735,bradley,davis,2070.0,B634D1202070
37319,37318,61705,michael,hotte,1987.0,M240H3001987,61705,michael,hotte,1987.0,M240H3001987
37325,37324,61687,robertson,mondestin,1991.0,R163M5321991,61687,robertson,mondestin,1991.0,R163M5321991
37340,37338,61689,cian,campbell,1985.0,C500C5141985,61689,cian,campbell,1985.0,C500C5141985
37348,37347,61182,christopher,cordell,1990.0,C623C6341990,61182,chrosthphzn,cordell,1990.0,C623C6341990
37361,37359,48334,cameron,spencer,1993.0,C565S1521993,48334,cameron,spencer,1993.0,C565S1521993
37366,37365,61691,christina,krizanic,1981.0,C623K6251981,61691,christina,krizanic,1981.0,C623K6251981
37367,37365,61691,christina,krizanic,1981.0,C623K6251981,61691,christina,krizanic,1981.0,C623K6251981
37367,37366,61691,christina,krizanic,1981.0,C623K6251981,61691,christina,krizanic,1981.0,C623K6251981
37395,20947,61741,danielle,ervin,1988.0,D540E6151988,56789,danielle,ervin,1988.0,D540E6151988
37400,37399,61732,tommy,moore,1990.0,T500M6001990,61732,tommy,moore,1990.0,T500M6001990
37418,37417,44717,andrew,thomas,1982.0,A536T5201982,44717,andrew,thomas,1982.0,A536T5201982
37421,37419,61723,kole,roundtree,1994.0,K400R5361994,61723,kole,roundtree,1994.0,K400R5361994
37430,37429,61729,ronald,pergolini,2067.0,R543P6242067,61729,ronald,pergolini,2067.0,R543P6242067
37447,24567,19078,eyzzaquirre,walquer,1989.0,E226W4261989,19078,eyzzaquirre,walquer,1989.0,E226W4261989
37447,24690,19078,eyzzaquirre,walquer,1989.0,E226W4261989,19078,eyzzaquirre,walquer,1989.0,E226W4261989
37459,37458,61733,kaitlyn,barclay,1992.0,K345B6241992,61733,kaitlyn,barclay,1992.0,K345B6241992
37463,37462,61734,johnnie,randell,2065.0,J500R5342065,61734,johnnie,randell,2065.0,J500R5342065
37465,37464,54118,vincent,carvallo,1989.0,V525C6141989,54118,vincent,carvallo,1989.0,V525C6141989
37468,37467,61747,andrew,ivy,1985.0,A536I1001985,61747,andrew,ivy,1985.0,A536I1001985
37475,37474,10772,sunil,mooken,1985.0,S540M2501985,10772,sunil,mooken,1985.0,S540M2501985
37480,37479,61743,travis,renaud,1988.0,T612R5301988,61743,travis,renaud,1988.0,T612R5301988
37518,18029,22264,diana,rouss,1983.0,D500R2001983,56011,deanna,rjh,1983.0,D500R2001983
37520,18029,22264,diana,rouss,1983.0,D500R2001983,56011,deanna,rjh,1983.0,D500R2001983
37520,37518,22264,diana,rouss,1983.0,D500R2001983,22264,diana,rouss,1983.0,D500R2001983
37529,37528,61770,tasha,morrison,1993.0,T200M6251993,61770,ttxzk,morrison,1993.0,T200M6251993
37540,37539,61773,dwayne,flowers,1987.0,D500F4621987,61773,dwayne,flowers,1987.0,D500F4621987
37544,37543,56756,mohamad,abdtl-rrhsjn,1990.0,M530A1341990,56756,mohamad,abdyljvamman,1990.0,M530A1341990
37549,37548,61759,russell,stettner,2058.0,R240S3352058,61759,russell,stettner,2058.0,R240S3352058
37552,20508,60803,roynesto,glover,1994.0,R523G4161994,56695,roynesto,glover,1994.0,R523G4161994
37585,37584,61768,robert,tutoni,1988.0,R163T3501988,61768,robert,tutoni,1988.0,R163T3501988
37596,33558,60598,daniel,torres,1994.0,D540T6201994,60598,daniel,torres,1994.0,D540T6201994
37596,33560,60598,daniel,torres,1994.0,D540T6201994,60598,daniel,torres,1994.0,D540T6201994
37622,37621,61922,kenneth,devito,1992.0,K530D1301992,61922,kenneth,devito,1992.0,K530D1301992
37636,37635,61796,sebastian,pineda,1987.0,S123P5301987,61796,sebastian,pineda,1987.0,S123P5301987
37639,37638,61785,carlos,verne,2063.0,C642V6502063,61785,carlos,verne,2063.0,C642V6502063
37640,37638,61785,carlos,verne,2063.0,C642V6502063,61785,carlos,verne,2063.0,C642V6502063
37640,37639,61785,carlos,verne,2063.0,C642V6502063,61785,carlos,verne,2063.0,C642V6502063
37654,2412,51528,daniel,merico,2067.0,D540M6202067,51528,daniel,merico,2067.0,D540M6202067
37679,37677,61797,sonia,moreno,1978.0,S500M6501978,61797,sonia,moreno,1978.0,S500M6501978
37703,37701,61819,kenneth,edelen,1980.0,K530E3451980,61819,kenneth,edelen,1980.0,K530E3451980
37706,37704,61812,albeiro,munoz,1988.0,A416M5201988,61812,albeiro,munoz,1988.0,A416M5201988
37712,37710,61808,joel,dunkley,1990.0,J400D5241990,61808,joel,dunkley,1990.0,J400D5241990
37715,37713,61810,daniel,buchner,2058.0,D540B2562058,61810,daniel,buchner,2058.0,D540B2562058
37727,27677,58837,wilson,jean,1983.0,W425J5001983,58837,wilson,jean,1983.0,W425J5001983
37733,37732,61813,vantonio,wilson,1985.0,V535W4251985,61813,vantonio,wilson,1985.0,V535W4251985
37735,37734,61809,edna,lewis,2067.0,E350L2002067,61809,edna,lewis,2067.0,E350L2002067
37760,37758,61839,rogelio,fleites,1985.0,R240F4321985,61839,rogelio,fleites,1985.0,R240F4321985
37793,37792,61838,gary,dyer,1985.0,G600D6001985,61838,gary,dyer,1985.0,G600D6001985
37796,37794,61846,delvin,aparicio,1986.0,D415A1621986,61846,delvin,aparicio,1986.0,D415A1621986
37814,37812,45915,marques,brinson,1986.0,M622B6521986,45915,marques,brinson,1986.0,M622B6521986
37821,35339,61127,danny,martinez,1983.0,D500M6351983,61127,danny,martinez,1983.0,D500M6351983
37828,37827,50746,argenis,marinez,1992.0,A625M6521992,50746,argenis,marinez,1992.0,A625M6521992
37838,37837,40411,tavetric,eubanks,1985.0,T136E1521985,40411,tavetric,eubanks,1985.0,T136E1521985
37874,37872,61833,tulio,diaz figueroa,1980.0,T400D2121980,61833,tulio,diaz figueroa,1980.0,T400D2121980
37882,14908,43281,bradford,crayton,1988.0,B631C6351988,43281,bradford,crayton,1988.0,B631C6351988
37882,14909,43281,bradford,crayton,1988.0,B631C6351988,43281,bradford,crayton,1988.0,B631C6351988
37883,14908,43281,bradford,crayton,1988.0,B631C6351988,43281,bradford,crayton,1988.0,B631C6351988
37883,14909,43281,bradford,crayton,1988.0,B631C6351988,43281,bradford,crayton,1988.0,B631C6351988
37883,37882,43281,bradford,crayton,1988.0,B631C6351988,43281,bradford,crayton,1988.0,B631C6351988
37892,37890,12459,elijah,baptiste,1986.0,E420B1321986,12459,elijah,baptiste,1986.0,E420B1321986
37900,9479,61872,soyeka,williams,1980.0,S200W4521980,53554,syawc,williams,1980.0,S200W4521980
37910,37908,61864,jamie,winkeblech,1985.0,J500W5211985,61864,jamie,winkeblech,1985.0,J500W5211985
37940,37939,61890,jeffery,wright,1985.0,J160W6231985,61890,jeffery,wright,1985.0,J160W6231985
37961,37959,61868,doll,pierre louis,1991.0,D400P6421991,61868,doll,pierre louis,1991.0,D400P6421991
37964,37963,56107,leny,lopez,1990.0,L500L1201990,56107,leny,lopez,1990.0,L500L1201990
37970,37968,61889,mark,werdin,2063.0,M620W6352063,61889,mark,werdin,2063.0,M620W6352063
37973,37972,61891,jesus,chavez,2069.0,J220C1202069,61891,jesus,chavez,2069.0,J220C1202069
37979,37978,61885,christin,butler,2072.0,C623B3462072,61885,christin,butler,2072.0,C623B3462072
38000,37998,50453,george,hatsfield,2066.0,G620H3212066,50453,george,hatsfield,2066.0,G620H3212066
38008,38007,61873,donald,brundidge,1976.0,D543B6531976,61873,donald,brundidge,1976.0,D543B6531976
38015,38014,61899,stanley,ulysse,1984.0,S354U4201984,61899,stanley,ulysse,1984.0,S354U4201984
38024,38023,61908,daniel,roessler,1990.0,D540R2461990,61908,daniel,roessler,1990.0,D540R2461990
38027,38025,61926,shem,mitchell,1978.0,S500M3241978,61926,shem,mitchell,1978.0,S500M3241978
38045,38044,61905,brandon,guerrero,1994.0,B653G6601994,61905,brandon,guerrero,1994.0,B653G6601994
38048,38046,44229,ahmad,james,1987.0,A530J5201987,44229,ahmad,james,1987.0,A530J5201987
38051,38049,61909,kimberly,escobedo,2062.0,K516E2132062,61909,kimberly,escobedo,2062.0,K516E2132062
38057,38055,61902,sam,wu,2070.0,S500W0002070,61902,sam,wu,2070.0,S500W0002070
38086,38085,51785,edwin,rivera-garcia,2074.0,E350R1622074,51785,edwin,rivera-garcia,2074.0,E350R1622074
38096,38095,61911,andrew,thornton,1996.0,A536T6531996,61911,andrew,thornton,1996.0,A536T6531996
38098,38097,61903,gabriel,soto,1994.0,G164S3001994,61903,gabriel,soto,1994.0,G164S3001994
38114,38113,61901,mitton,dolcine,2070.0,M350D4252070,61901,mitton,dolcine,2070.0,M350D4252070
38123,38121,61930,alfred,bailey,1986.0,A416B4001986,61930,alfred,bailey,1986.0,A416B4001986
38135,38134,61941,britney,edwards,1988.0,B635E3631988,61941,britney,edwards,1988.0,B635E3631988
38137,38136,61953,anastasiya,mushlin,1983.0,A523M2451983,61953,anastasiya,mushlin,1983.0,A523M2451983
38150,38149,61937,robert,wade,1993.0,R163W3001993,61937,robert,wade,1993.0,R163W3001993
38153,38152,61943,efrain,garcia,2074.0,E165G6202074,61943,efrain,garcia,2074.0,E165G6202074
38156,38154,61964,keith,brickel,2039.0,K300B6242039,61964,keith,brickel,2039.0,K300B6242039
38212,38211,61936,kevin,sanchez,1995.0,K150S5221995,61936,kevin,sanchez,1995.0,K150S5221995
38213,38211,61936,kevin,sanchez,1995.0,K150S5221995,61936,kevin,sanchez,1995.0,K150S5221995
38213,38212,61936,kevin,sanchez,1995.0,K150S5221995,61936,kevin,sanchez,1995.0,K150S5221995
38227,38226,61983,michael,nole,1978.0,M240N4001978,61983,michael,nole,1978.0,M240N4001978
38261,38259,61966,krystal,green,1986.0,K623G6501986,61966,krystal,green,1986.0,K623G6501986
38271,4465,52136,johnnie,blade,1979.0,J500B4301979,52136,johnnie,blade,1979.0,J500B4301979
38273,4465,52136,johnnie,blade,1979.0,J500B4301979,52136,johnnie,blade,1979.0,J500B4301979
38273,38271,52136,johnnie,blade,1979.0,J500B4301979,52136,johnnie,blade,1979.0,J500B4301979
38277,21648,56996,michael,mariani,1985.0,M240M6501985,56996,michael,mariani,1985.0,M240M6501985
38277,21650,56996,michael,mariani,1985.0,M240M6501985,56996,michael,mariani,1985.0,M240M6501985
38278,21648,56996,michael,mariani,1985.0,M240M6501985,56996,michael,mariani,1985.0,M240M6501985
38278,21650,56996,michael,mariani,1985.0,M240M6501985,56996,michael,mariani,1985.0,M240M6501985
38278,38277,56996,michael,mariani,1985.0,M240M6501985,56996,michael,mariani,1985.0,M240M6501985
38296,38295,61979,rudney,pelicieux,1988.0,R350P4221988,61979,rudney,pelicieux,1988.0,R350P4221988
38314,38313,61990,andre,archat,1977.0,A536A6231977,61990,andre,archat,1977.0,A536A6231977
38345,38343,61996,elizabeth,thieme,1976.0,E421T5001976,61996,elizabeth,thieme,1976.0,E421T5001976
38350,38349,62003,christina,parker,2073.0,C623P6262073,62003,chrcsdona,parker,2073.0,C623P6262073
38351,38349,62003,christina,parker,2073.0,C623P6262073,62003,chrcsdona,parker,2073.0,C623P6262073
38351,38350,62003,christina,parker,2073.0,C623P6262073,62003,christina,parker,2073.0,C623P6262073
38359,38358,62006,rhys,swan,1989.0,R200S5001989,62006,rhys,swan,1989.0,R200S5001989
38384,38382,30649,robert,hawkins,1975.0,R163H2521975,30649,robert,hawkins,1975.0,R163H2521975
38386,38385,41813,melinda,cruzbrooks,1978.0,M453C6211978,41813,melinda,cruzbrooks,1978.0,M453C6211978
38387,38385,41813,melinda,cruzbrooks,1978.0,M453C6211978,41813,melinda,cruzbrooks,1978.0,M453C6211978
38387,38386,41813,melinda,cruzbrooks,1978.0,M453C6211978,41813,melinda,cruzbrooks,1978.0,M453C6211978
38391,13465,54656,ryan,reyes,1985.0,R500R2001985,54656,ryan,reyes,1985.0,R500R2001985
38393,13465,54656,ryan,reyes,1985.0,R500R2001985,54656,ryan,reyes,1985.0,R500R2001985
38393,38391,54656,ryan,reyes,1985.0,R500R2001985,54656,ryan,reyes,1985.0,R500R2001985
38438,38437,22079,nancy,mundth,2067.0,N520M5302067,22079,nancy,mundth,2067.0,N520M5302067
38482,4987,52321,sandy,cole,1976.0,S530C4001976,52321,sandy,cole,1976.0,S530C4001976
38486,38485,62008,lamar,bernard,1987.0,L560B6561987,62008,lamar,bernard,1987.0,L560B6561987
38567,38565,62061,roberto,sevilla,1979.0,R163S1401979,62061,roberto,sevilla,1979.0,R163S1401979
38599,16269,55433,donald,michelin,1991.0,D543M2451991,55433,donald,michelin,1991.0,D543M2451991
38615,38613,30211,jamie,rodriguez,1990.0,J500R3621990,30211,jamie,rodriguez,1990.0,J500R3621990
38617,38616,62072,oscar,moreno,1985.0,O260M6501985,62072,oscar,moreno,1985.0,O260M6501985
38618,38616,62072,oscar,moreno,1985.0,O260M6501985,62072,oscar,moreno,1985.0,O260M6501985
38618,38617,62072,oscar,moreno,1985.0,O260M6501985,62072,oscar,moreno,1985.0,O260M6501985
38631,19830,56528,samuel,koury,1975.0,S540K6001975,56528,samuel,koury,1975.0,S540K6001975
38631,19832,56528,samuel,koury,1975.0,S540K6001975,56528,samuel,koury,1975.0,S540K6001975
38632,19830,56528,samuel,koury,1975.0,S540K6001975,56528,samuel,koury,1975.0,S540K6001975
38632,19832,56528,samuel,koury,1975.0,S540K6001975,56528,samuel,koury,1975.0,S540K6001975
38632,38631,56528,samuel,koury,1975.0,S540K6001975,56528,samuel,koury,1975.0,S540K6001975
38635,38634,44511,tony,tagariello,1984.0,T500T2641984,44511,tony,takorielpg,1984.0,T500T2641984
38681,38679,62109,liliana,villalobos,1977.0,L450V4411977,62109,liliana,villalobos,1977.0,L450V4411977
38684,38683,62100,tanya,gordon,2066.0,T500G6352066,62100,tanya,gordon,2066.0,T500G6352066
38687,38685,62111,barry,upbin,1983.0,B600U1501983,62111,barry,upbin,1983.0,B600U1501983
38709,20617,56726,robert,rose,1988.0,R163R2001988,56726,robert,rose,1988.0,R163R2001988
38709,20618,56726,robert,rose,1988.0,R163R2001988,56726,robert,rose,1988.0,R163R2001988
38711,20617,56726,robert,rose,1988.0,R163R2001988,56726,robert,rose,1988.0,R163R2001988
38711,20618,56726,robert,rose,1988.0,R163R2001988,56726,robert,rose,1988.0,R163R2001988
38711,38709,56726,robert,rose,1988.0,R163R2001988,56726,robert,rose,1988.0,R163R2001988
38732,38731,62086,piterson,belancourt,1994.0,P362B4521994,62086,piterson,belancourt,1994.0,P362B4521994
38741,38739,62142,roger,sada,1984.0,R260S3001984,62142,roger,sada,1984.0,R260S3001984
38785,31987,14476,jeremy,wiggins,1977.0,J650W2521977,14476,jeremy,wiggins,1977.0,J650W2521977
38792,38791,19384,nicole,lewis,1989.0,N240L2001989,19384,nicole,lewis,1989.0,N240L2001989
38801,38799,62117,sussan,cabrera,1980.0,S250C1661980,62117,sussan,cabrera,1980.0,S250C1661980
38824,38823,62121,samantha,duvignaud,1991.0,S553D1251991,62121,samantha,duvignaud,1991.0,S553D1251991
38837,38836,62136,michael,walker,2059.0,M240W4262059,62136,michael,walker,2059.0,M240W4262059
38842,38841,62118,tanika,brownlee,1982.0,T520B6541982,62118,tanika,brownlee,1982.0,T520B6541982
38854,38853,62157,gordon,shiloh,2054.0,G635S4002054,62157,gordon,shiloh,2054.0,G635S4002054
38858,26298,62115,jason,hhjeqa,2074.0,J250H2202074,58400,jason,huzeqy,2074.0,J250H2202074
38871,19433,56433,william,shaw,2068.0,W450S0002068,56433,william,shaw,2068.0,W450S0002068
38876,38875,62158,rodney,monroe,2068.0,R350M5602068,62158,rodney,monroe,2068.0,R350M5602068
38888,38887,62179,lester,murrilloperalta,1983.0,L236M6411983,62179,lester,murrilloperalta,1983.0,L236M6411983
38897,38895,62181,shivaughn,campbell,1993.0,S125C5141993,62181,shivaughn,campbell,1993.0,S125C5141993
38903,38902,62163,michael,karamolengos,1980.0,M240K6541980,62163,michael,karamolengos,1980.0,M240K6541980
38906,30109,59552,eugenio,perez-cuyuch,1986.0,E250P6221986,59552,eugenio,perez-cuyuch,1986.0,E250P6221986
38960,38958,62172,jaime,osceola,1983.0,J500O2401983,62172,jaime,osceola,1983.0,J500O2401983
38962,38961,62170,daniel,martinsdasilva,1980.0,D540M6351980,62170,daniel,martinsdasilva,1980.0,D540M6351980
38975,38974,62193,antione,henderson,1979.0,A535H5361979,62193,antione,henderson,1979.0,A535H5361979
38981,38979,62198,ann-marie,cassagnol,2064.0,A560C2252064,62198,ann-marie,cassagnol,2064.0,A560C2252064
38987,25359,58124,emily,noronha,1986.0,E540N6501986,58124,emily,noronha,1986.0,E540N6501986
38987,25360,58124,emily,noronha,1986.0,E540N6501986,58124,emily,noronha,1986.0,E540N6501986
38993,38992,62184,joshua,barrett,1987.0,J200B6301987,62184,joshua,barrett,1987.0,J200B6301987
39013,39012,29843,james,burns,1981.0,J520B6521981,29843,james,burns,1981.0,J520B6521981
39014,39012,29843,james,burns,1981.0,J520B6521981,29843,james,burns,1981.0,J520B6521981
39014,39013,29843,james,burns,1981.0,J520B6521981,29843,james,burns,1981.0,J520B6521981
39040,39039,62203,mohammed,sufiyan,1988.0,M530S1501988,62203,mohammed,sufiyan,1988.0,M530S1501988
39041,39039,62203,mohammed,sufiyan,1988.0,M530S1501988,62203,mohammed,sufiyan,1988.0,M530S1501988
39041,39040,62203,mohammed,sufiyan,1988.0,M530S1501988,62203,mohammed,sufiyan,1988.0,M530S1501988
39046,39045,62199,dexter,wilcox,1977.0,D236W4221977,62199,dexter,wilcox,1977.0,D236W4221977
39047,39045,62199,dexter,wilcox,1977.0,D236W4221977,62199,dexter,wilcox,1977.0,D236W4221977
39047,39046,62199,dexter,wilcox,1977.0,D236W4221977,62199,dexter,wilcox,1977.0,D236W4221977
39049,39048,62201,cmimkllv,prcvpeca,1983.0,C552P6211983,62201,cnymhgle,prospere,1983.0,C552P6211983
39053,39052,62205,robert,armstrong,1982.0,R163A6521982,62205,robert,armstrong,1982.0,R163A6521982
39061,39060,62237,rocael,lopez,1991.0,R240L1201991,62237,rocael,lopez,1991.0,R240L1201991
39062,39060,62237,rocael,lopez,1991.0,R240L1201991,62237,rocael,lopez,1991.0,R240L1201991
39062,39061,62237,rocael,lopez,1991.0,R240L1201991,62237,rocael,lopez,1991.0,R240L1201991
39076,39075,62219,lashayla,derico,1987.0,L240D6201987,62219,lashayla,derico,1987.0,L240D6201987
39079,39078,40011,amy,gallahan,1978.0,A500G4501978,40011,amy,gallahan,1978.0,A500G4501978
39097,39096,26870,arthur,marshall,2064.0,A636M6242064,26870,arthur,marshall,2064.0,A636M6242064
39116,39115,3214,james,stearns,2068.0,J520S3652068,3214,james,stearns,2068.0,J520S3652068
39122,39120,57559,andrew,ellis,1979.0,A536E4201979,57559,andrew,ellis,1979.0,A536E4201979
39132,12078,27066,sylvester,hicks,2061.0,S412H2002061,27066,sylvester,hicks,2061.0,S412H2002061
39133,12078,27066,sylvester,hicks,2061.0,S412H2002061,27066,sylvester,hicks,2061.0,S412H2002061
39133,39132,27066,sylvester,hicks,2061.0,S412H2002061,27066,sylvester,hicks,2061.0,S412H2002061
39157,39156,24228,william,mulkey,1986.0,W450M4201986,24228,william,mulkey,1986.0,W450M4201986
39164,39162,62212,alex,olivo,1987.0,A420O4101987,62212,alex,olivo,1987.0,A420O4101987
39167,39166,52814,marc,massaro,1976.0,M620M2601976,52814,marc,massaro,1976.0,M620M2601976
39173,39172,62244,malcolm,mckenzie,1995.0,M424M2521995,62244,malcolm,mckenzie,1995.0,M424M2521995
39185,39183,62251,brandt,stein,2073.0,B653S3502073,62251,brandt,stein,2073.0,B653S3502073
39186,16584,55546,jeffrey,shaw,2061.0,J160S0002061,55546,jeffrey,shaw,2061.0,J160S0002061
39186,16586,55546,jeffrey,shaw,2061.0,J160S0002061,55546,jeffrey,shaw,2061.0,J160S0002061
39187,16584,55546,jeffrey,shaw,2061.0,J160S0002061,55546,jeffrey,shaw,2061.0,J160S0002061
39187,16586,55546,jeffrey,shaw,2061.0,J160S0002061,55546,jeffrey,shaw,2061.0,J160S0002061
39187,39186,55546,jeffrey,shaw,2061.0,J160S0002061,55546,jeffrey,shaw,2061.0,J160S0002061
39191,39190,62253,derek,bell,1978.0,D620B4001978,62253,derek,bell,1978.0,D620B4001978
39206,39204,62263,aubree,magnuson,1991.0,A160M2521991,62263,aubree,magnuson,1991.0,A160M2521991
39214,12206,54328,carleb,charles,1993.0,C641C6421993,54328,carleb,charles,1993.0,C641C6421993
39215,12206,54328,carleb,charles,1993.0,C641C6421993,54328,carleb,charles,1993.0,C641C6421993
39215,39214,54328,carleb,charles,1993.0,C641C6421993,54328,carleb,charles,1993.0,C641C6421993
39227,39226,36257,kimberly,davis,2070.0,K516D1202070,36257,kimberly,davis,2070.0,K516D1202070
39245,39244,62257,nathan,strickland,1975.0,N350S3621975,62257,nathan,strickland,1975.0,N350S3621975
39251,39250,62279,ronald,lake,2045.0,R543L2002045,62279,ronald,lake,2045.0,R543L2002045
39259,39258,62272,savannah,bridges,1994.0,S150B6321994,62272,savannah,bridges,1994.0,S150B6321994
39262,36765,61536,george,joseph,1979.0,G620J2101979,61536,george,joseph,1979.0,G620J2101979
39269,39268,1597,larry,owens,2068.0,L600O5202068,1597,larry,owens,2068.0,L600O5202068
39281,39279,62286,marie,panebianco,1984.0,M600P5151984,62286,marie,pwpnbiancj,1984.0,M600P5151984
39293,39291,10226,antwan,mcnair,1988.0,A535M2561988,10226,antwan,mcnair,1988.0,A535M2561988
39296,39294,62289,jose,ramos-otero,2060.0,J200R5232060,62289,jose,ramos-otero,2060.0,J200R5232060
39319,36648,61495,william,deangelis,1988.0,W450D5241988,61495,william,deangelis,1988.0,W450D5241988
39319,36650,61495,william,deangelis,1988.0,W450D5241988,61495,william,deangelis,1988.0,W450D5241988
39326,39324,62271,chloe,bridges,1995.0,C400B6321995,62271,chloe,bridges,1995.0,C400B6321995
39328,39327,62283,arielle,welcher,1993.0,A640W4261993,62283,arielle,welcher,1993.0,A640W4261993
39338,39337,62285,raymond,ondic,1986.0,R553O5321986,62285,raymond,ondic,1986.0,R553O5321986
39350,39349,62275,david,bell,2073.0,D130B4002073,62275,david,bell,2073.0,D130B4002073
39358,28251,62320,reginald,davis,2072.0,R254D1202072,59019,reginald,davis,2072.0,R254D1202072
39358,32887,62320,reginald,davis,2072.0,R254D1202072,59019,reginald,davis,2072.0,R254D1202072
39367,39366,62315,damon,nicholas,2073.0,D550N2422073,62315,damon,nicholas,2073.0,D550N2422073
39377,39376,62318,lori,cochran,2074.0,L600C2652074,62318,lori,cochran,2074.0,L600C2652074
39383,39381,62293,richard,kirk,2043.0,R263K6202043,62293,richard,kirk,2043.0,R263K6202043
39385,39384,62303,javaris,mosley,1995.0,J162M2401995,62303,javaris,mosley,1995.0,J162M2401995
39390,24762,62319,bob,prophete,1982.0,B100P6131982,57968,bob,prophete,1982.0,B100P6131982
39390,24763,62319,bob,prophete,1982.0,B100P6131982,57968,bob,prophete,1982.0,B100P6131982
39390,24764,62319,bob,prophete,1982.0,B100P6131982,57968,bob,prophete,1982.0,B100P6131982
39400,18472,45590,alan,messina,1992.0,A450M2501992,45590,alan,messina,1992.0,A450M2501992
39406,31225,62300,rajiv,beckford,1992.0,R210B2161992,37171,rajiv,beckford,1992.0,R210B2161992
39407,31225,62300,rajiv,beckford,1992.0,R210B2161992,37171,rajiv,beckford,1992.0,R210B2161992
39407,39406,62300,rajiv,beckford,1992.0,R210B2161992,62300,rajiv,beckford,1992.0,R210B2161992
39434,39432,62296,mark,harden,2072.0,M620H6352072,62296,mark,harden,2072.0,M620H6352072
39440,39438,1105,william,plant,1987.0,W450P4531987,1105,william,plant,1987.0,W450P4531987
39443,39441,62294,alijon,akbar,1976.0,A425A2161976,62294,alijon,akbar,1976.0,A425A2161976
39446,39444,62312,phillip,valcin,1994.0,P410V4251994,62312,phillip,valcin,1994.0,P410V4251994
39452,39451,38057,anthony,roberts,1993.0,A535R1631993,38057,anthony,roberts,1993.0,A535R1631993
39458,39456,62331,glenn,barrett,2062.0,G450B6302062,62331,glenn,barrett,2062.0,G450B6302062
39464,1851,62334,jenna,stt,1975.0,J500S3001975,51320,johhnie,scott,1975.0,J500S3001975
39470,39469,62327,ashley,garris,1988.0,A240G6201988,62327,ashley,garris,1988.0,A240G6201988
39497,39495,53037,trena,collier,1988.0,T650C4601988,53037,trena,collier,1988.0,T650C4601988
39520,39519,62344,wallace,glenn,2059.0,W420G4502059,62344,wallace,glenn,2059.0,W420G4502059
39529,39528,62336,camill,anthony,1984.0,C540A5351984,62336,camill,anthony,1984.0,C540A5351984
39566,39565,62360,adam,rosario,1993.0,A350R2601993,62360,adam,rosario,1993.0,A350R2601993
39583,39582,62369,kenneth,ray,1975.0,K530R0001975,62369,kenneth,ray,1975.0,K530R0001975
39584,39582,62369,kenneth,ray,1975.0,K530R0001975,62369,kenneth,ray,1975.0,K530R0001975
39584,39583,62369,kenneth,ray,1975.0,K530R0001975,62369,kenneth,ray,1975.0,K530R0001975
39590,39589,62365,marilyn,menendez,2071.0,M645M5532071,62365,marilyn,menendez,2071.0,M645M5532071
39591,26640,58536,gervaise,hylton,2066.0,G612H4352066,58536,gqrvazha,hylton,2066.0,G612H4352066
39604,39603,62366,anthony,angotti,2066.0,A535A5232066,62366,anthony,angotti,2066.0,A535A5232066
39608,39606,62363,alexander,drzewucki,2068.0,A425D6222068,62363,alexander,drzewucki,2068.0,A425D6222068
39620,39618,48323,evins,fredricks,1985.0,E152F6361985,48323,evins,fredricks,1985.0,E152F6361985
39626,39625,62405,reymundo,flores,2064.0,R553F4622064,62405,reymundo,flores,2064.0,R553F4622064
39638,39637,62396,tamara,davis,2066.0,T560D1202066,62396,tamara,davis,2066.0,T560D1202066
39641,39640,62407,christopher,tate,1990.0,C623T3001990,62407,christopher,tate,1990.0,C623T3001990
39659,39657,62380,jorge,castaneda,2069.0,J620C2352069,62380,jorge,castaneda,2069.0,J620C2352069
39664,39663,62376,keenan,tisdale,1991.0,K550T2341991,62376,keenan,tisdale,1991.0,K550T2341991
39665,39663,62376,keenan,tisdale,1991.0,K550T2341991,62376,keenan,tisdale,1991.0,K550T2341991
39665,39664,62376,keenan,tisdale,1991.0,K550T2341991,62376,keenan,tisdale,1991.0,K550T2341991
39669,26787,58538,michael,reed,1980.0,M240R3001980,58538,michael,reed,1980.0,M240R3001980
39669,26789,58538,michael,reed,1980.0,M240R3001980,58538,michael,reed,1980.0,M240R3001980
39676,8760,52867,kyle,kane,1989.0,K400K5001989,52867,kyle,kane,1989.0,K400K5001989
39676,8761,52867,kyle,kane,1989.0,K400K5001989,52867,kyle,kane,1989.0,K400K5001989
39676,8762,52867,kyle,kane,1989.0,K400K5001989,52867,kyle,kane,1989.0,K400K5001989
39693,24702,62403,peter,keegan,2063.0,P360K2502063,57927,peter,keegan,2063.0,P360K2502063
39708,27586,58831,roberto,rodriguez,1981.0,R163R3621981,58831,roberto,rodriguez,1981.0,R163R3621981
39709,27586,58831,roberto,rodriguez,1981.0,R163R3621981,58831,roberto,rodriguez,1981.0,R163R3621981
39709,39708,58831,roberto,rodriguez,1981.0,R163R3621981,58831,roberto,rodriguez,1981.0,R163R3621981
39718,39717,62391,jerico,bryant,2071.0,J620B6532071,62391,jerico,bryant,2071.0,J620B6532071
39731,39730,62402,aleksandr,fadevkin,1987.0,A425F3121987,62402,aleksandr,fadevkin,1987.0,A425F3121987
39768,16107,55404,rodney,lewis,2060.0,R350L2002060,55404,rodney,lewis,2060.0,R350L2002060
39768,16108,55404,rodney,lewis,2060.0,R350L2002060,55404,rodney,lewis,2060.0,R350L2002060
39769,16107,55404,rodney,lewis,2060.0,R350L2002060,55404,rodney,lewis,2060.0,R350L2002060
39769,16108,55404,rodney,lewis,2060.0,R350L2002060,55404,rodney,lewis,2060.0,R350L2002060
39769,39768,55404,rodney,lewis,2060.0,R350L2002060,55404,rodney,lewis,2060.0,R350L2002060
39770,16107,55404,rodney,lewis,2060.0,R350L2002060,55404,rodney,lewis,2060.0,R350L2002060
39770,16108,55404,rodney,lewis,2060.0,R350L2002060,55404,rodney,lewis,2060.0,R350L2002060
39770,39768,55404,rodney,lewis,2060.0,R350L2002060,55404,rodney,lewis,2060.0,R350L2002060
39770,39769,55404,rodney,lewis,2060.0,R350L2002060,55404,rodney,lewis,2060.0,R350L2002060
39796,39795,62415,deon,warren,1977.0,D500W6501977,62415,deon,warren,1977.0,D500W6501977
39806,39804,15910,joshua,perez,1992.0,J200P6201992,15910,joshua,perez,1992.0,J200P6201992
39817,39816,39325,jamal,whitsett,1993.0,J540W3231993,39325,jamal,whitsett,1993.0,J540W3231993
39818,39816,39325,jamal,whitsett,1993.0,J540W3231993,39325,jamal,whitsett,1993.0,J540W3231993
39818,39817,39325,jamal,whitsett,1993.0,J540W3231993,39325,jamal,whitsett,1993.0,J540W3231993
39841,39840,62446,mariana,arroyave,1995.0,M650A6101995,62446,mariana,arroyave,1995.0,M650A6101995
39859,10424,62452,"anthony, jr",carroll,1986.0,A535C6401986,53862,anthony,carroll,1986.0,A535C6401986
39860,10424,62452,"anthony, jr",carroll,1986.0,A535C6401986,53862,anthony,carroll,1986.0,A535C6401986
39860,39859,62452,"anthony, jr",carroll,1986.0,A535C6401986,62452,"anthony, jr",carroll,1986.0,A535C6401986
39866,39865,62431,michael,marshall,1983.0,M240M6241983,62431,michael,marshall,1983.0,M240M6241983
39872,39871,62447,jacqueline,gonzalez,2055.0,J245G5242055,62447,jacqueline,gonzalez,2055.0,J245G5242055
39875,39874,62439,jael,luzon-santana,1988.0,J400L2521988,62439,jael,luzon-santana,1988.0,J400L2521988
39925,39924,62472,jose,sotomayor,2060.0,J200S3562060,62472,jose,sotomayor,2060.0,J200S3562060
39940,39939,62250,alberto,delgado,1991.0,A416D4231991,62250,alberto,delgado,1991.0,A416D4231991
39949,19850,56531,wesley,rembert,1987.0,W240R5161987,56531,wesley,rembert,1987.0,W240R5161987
39950,19850,56531,wesley,rembert,1987.0,W240R5161987,56531,wesley,rembert,1987.0,W240R5161987
39950,39949,56531,wesley,rembert,1987.0,W240R5161987,56531,wesley,rembert,1987.0,W240R5161987
39953,39951,58343,ira,butler,2052.0,I600B3462052,58343,ira,butler,2052.0,I600B3462052
39969,32162,62463,dustin,bouchard,1988.0,D235B2631988,60182,dustin,bouchard,1988.0,D235B2631988
39977,39975,62461,damion,juman,2074.0,D550J5502074,62461,damion,juman,2074.0,D550J5502074
39998,39996,32280,suzanne,caplan,2059.0,S250C1452059,32280,suzanne,caplan,2059.0,S250C1452059
40000,39999,62493,vonda,rivers,1996.0,V530R1621996,62493,vonda,rivers,1996.0,V530R1621996
40009,40008,53493,glenn,nieves,1981.0,G450N1201981,53493,glenn,nieves,1981.0,G450N1201981
40021,40020,62480,rasheed,magloire,1995.0,R230M2461995,62480,rasheed,magloire,1995.0,R230M2461995
40036,13743,54750,robson,de souza,1982.0,R125D2201982,54750,robson,de souza,1982.0,R125D2201982
40036,13745,54750,robson,de souza,1982.0,R125D2201982,54750,robson,de souza,1982.0,R125D2201982
40039,40038,62495,joan,slocomb,2059.0,J500S4252059,62495,joan,slocomb,2059.0,J500S4252059
40061,40060,62486,jason,mcanally,1983.0,J250M2541983,62486,jason,mcanally,1983.0,J250M2541983
40076,40075,62498,denariuius,shelton,1994.0,D562S4351994,62498,denariuius,shelton,1994.0,D562S4351994
40081,40080,62497,nicole,jeanbaptiste,1992.0,N240J5111992,62497,nicole,jeanbaptiste,1992.0,N240J5111992
40082,40080,62497,nicole,jeanbaptiste,1992.0,N240J5111992,62497,nicole,jeanbaptiste,1992.0,N240J5111992
40082,40081,62497,nicole,jeanbaptiste,1992.0,N240J5111992,62497,nicole,jeanbaptiste,1992.0,N240J5111992
40084,15292,52643,jeronald,fiddeman,1977.0,J654F3551977,55159,jeronald,fiddemon,1977.0,J654F3551977
40085,15292,52643,jeronald,fiddeman,1977.0,J654F3551977,55159,jeronald,fiddemon,1977.0,J654F3551977
40085,40084,52643,jeronald,fiddeman,1977.0,J654F3551977,52643,jeronald,fiddeman,1977.0,J654F3551977
40087,27843,58905,sung,park,1992.0,S520P6201992,58905,sung,park,1992.0,S520P6201992
40093,40092,62500,ronnie,berg,2056.0,R500B6202056,62500,ronnie,berg,2056.0,R500B6202056
40103,40101,62502,boris,vaysbeg,2073.0,B620V2122073,62502,boris,vaysbeg,2073.0,B620V2122073
40105,40104,59701,raquel,stewart,1980.0,R240S3631980,59701,raquel,stewart,1980.0,R240S3631980
40114,40113,21395,moises,miranda,1986.0,M220M6531986,21395,moises,miranda,1986.0,M220M6531986
40129,39384,62303,javaris,mosley,1995.0,J162M2401995,62303,javaris,mosley,1995.0,J162M2401995
40129,39385,62303,javaris,mosley,1995.0,J162M2401995,62303,javaris,mosley,1995.0,J162M2401995
40141,40140,62516,patrick,mundee,2064.0,P362M5302064,62516,patrick,mundee,2064.0,P362M5302064
40142,40140,62516,patrick,mundee,2064.0,P362M5302064,62516,patrick,mundee,2064.0,P362M5302064
40142,40141,62516,patrick,mundee,2064.0,P362M5302064,62516,patrick,mundee,2064.0,P362M5302064
40147,40146,35905,steven,johnson,2063.0,S315J5252063,35905,steven,johnson,2063.0,S315J5252063
40150,40149,60219,justinas,vaitoska,1977.0,J235V3201977,60219,justinas,vaitoska,1977.0,J235V3201977
40171,40170,62541,dvonte,stewart,1992.0,D153S3631992,62541,dvonte,stewart,1992.0,D153S3631992
40172,40170,62541,dvonte,stewart,1992.0,D153S3631992,62541,dvonte,stewart,1992.0,D153S3631992
40172,40171,62541,dvonte,stewart,1992.0,D153S3631992,62541,dvonte,stewart,1992.0,D153S3631992
40193,40191,62530,tamesiha,knight,1984.0,T520K5231984,62530,tamesiha,knight,1984.0,T520K5231984
40195,40194,62517,nigel,bradshaw,1994.0,N240B6321994,62517,nigel,bradshaw,1994.0,N240B6321994
40234,40233,62524,darrell,hodge,2067.0,D640H3202067,62524,darrell,hodge,2067.0,D640H3202067
40239,3108,51713,barry,rabinowitz,2046.0,B600R1532046,51713,barry,rabinowitz,2046.0,B600R1532046
40239,3110,51713,barry,rabinowitz,2046.0,B600R1532046,51713,barry,rabinowitz,2046.0,B600R1532046
40240,3108,51713,barry,rabinowitz,2046.0,B600R1532046,51713,barry,rabinowitz,2046.0,B600R1532046
40240,3110,51713,barry,rabinowitz,2046.0,B600R1532046,51713,barry,rabinowitz,2046.0,B600R1532046
40240,40239,51713,barry,rabinowitz,2046.0,B600R1532046,51713,barry,rabinowitz,2046.0,B600R1532046
40250,40249,35753,pablo,huezo,1978.0,P140H2001978,35753,pablo,huezo,1978.0,P140H2001978
40271,40270,53446,caesar,silva,1982.0,C260S4101982,53446,caesar,silva,1982.0,C260S4101982
40283,15048,55090,gian,cardona,1995.0,G500C6351995,55090,gian,cardona,1995.0,G500C6351995
40283,15050,55090,gian,cardona,1995.0,G500C6351995,55090,gian,cardona,1995.0,G500C6351995
40319,40317,62562,dwight,grinion,1994.0,D230G6551994,62562,dwight,grinion,1994.0,D230G6551994
40330,40329,62563,giuseppe,dalessandro,2062.0,G210D4252062,62563,giuseppe,dalessandro,2062.0,G210D4252062
40331,40329,62563,giuseppe,dalessandro,2062.0,G210D4252062,62563,giuseppe,dalessandro,2062.0,G210D4252062
40331,40330,62563,giuseppe,dalessandro,2062.0,G210D4252062,62563,giuseppe,dalessandro,2062.0,G210D4252062
40349,40347,62553,charese,mcnair,1989.0,C620M2561989,62553,charese,mcnair,1989.0,C620M2561989
40360,40359,62565,tasheika,sparks,1980.0,T220S1621980,62565,tasheika,sparks,1980.0,T220S1621980
40378,27830,58887,fabio,hernani,1995.0,F100H6551995,58887,fabio,hernani,1995.0,F100H6551995
40402,40401,62580,bertha,klepach,2056.0,B630K4122056,62580,bertha,klepach,2056.0,B630K4122056
40405,226,32426,robert,ahearn,1979.0,R163A6501979,32426,robert,ahearn,1979.0,R163A6501979
40409,13248,53929,estella,belmont,2054.0,E234B4552054,53929,estella,belmont,2054.0,E234B4552054
40409,13250,53929,estella,belmont,2054.0,E234B4552054,53929,ejtwlqu,belmont,2054.0,E234B4552054
40410,37851,47352,bruce,dorman,2049.0,B620D6552049,47352,bruce,dorman,2049.0,B620D6552049
40412,37851,47352,bruce,dorman,2049.0,B620D6552049,47352,bruce,dorman,2049.0,B620D6552049
40412,40410,47352,bruce,dorman,2049.0,B620D6552049,47352,bruce,dorman,2049.0,B620D6552049
40434,129,50874,veronica,talavera,2067.0,V652T4162067,50874,veronica,talavera,2067.0,V652T4162067
40434,131,50874,veronica,talavera,2067.0,V652T4162067,50874,veronica,talavera,2067.0,V652T4162067
40436,129,50874,veronica,talavera,2067.0,V652T4162067,50874,veronica,talavera,2067.0,V652T4162067
40436,131,50874,veronica,talavera,2067.0,V652T4162067,50874,veronica,talavera,2067.0,V652T4162067
40436,40434,50874,veronica,talavera,2067.0,V652T4162067,50874,veronica,talavera,2067.0,V652T4162067
40465,40464,62608,natasia,williams,1978.0,N320W4521978,62608,natasia,williams,1978.0,N320W4521978
40466,40464,62608,natasia,williams,1978.0,N320W4521978,62608,natasia,williams,1978.0,N320W4521978
40466,40465,62608,natasia,williams,1978.0,N320W4521978,62608,natasia,williams,1978.0,N320W4521978
40468,40467,62591,benny,garcia,1985.0,B500G6201985,62591,benny,garcia,1985.0,B500G6201985
40469,40467,62591,benny,garcia,1985.0,B500G6201985,62591,benny,garcia,1985.0,B500G6201985
40469,40468,62591,benny,garcia,1985.0,B500G6201985,62591,benny,garcia,1985.0,B500G6201985
40475,40474,62586,marco,mesa,1991.0,M620M2001991,62586,marco,mesa,1991.0,M620M2001991
40505,40504,41924,valdon,thomas,2057.0,V435T5202057,41924,valdon,thomas,2057.0,V435T5202057
40511,40509,62606,jermaine,campbell,1990.0,J655C5141990,62606,jermaine,campbell,1990.0,J655C5141990
40514,40512,59434,bruce,harper,1986.0,B620H6161986,59434,bruce,harper,1986.0,B620H6161986
40543,40542,62620,edwin,martinez,2056.0,E350M6352056,62620,edwin,martinez,2056.0,E350M6352056
40544,40542,62620,edwin,martinez,2056.0,E350M6352056,62620,edwin,martinez,2056.0,E350M6352056
40544,40543,62620,edwin,martinez,2056.0,E350M6352056,62620,edwin,martinez,2056.0,E350M6352056
40553,40552,62631,darwin,briceno,1975.0,D650B6251975,62631,darwin,briceno,1975.0,D650B6251975
40556,40555,62621,andres,taborda,1983.0,A536T1631983,62621,andres,taborda,1983.0,A536T1631983
40583,40582,62616,beaulah,brown,2064.0,B400B6502064,62616,beaulah,brown,2064.0,B400B6502064
40594,40593,62623,alicia,gonzalez,1981.0,A420G5241981,62623,alicia,gonzalez,1981.0,A420G5241981
40595,40593,62623,alicia,gonzalez,1981.0,A420G5241981,62623,alicia,gonzalez,1981.0,A420G5241981
40595,40594,62623,alicia,gonzalez,1981.0,A420G5241981,62623,alicia,gonzalez,1981.0,A420G5241981
40603,40602,62634,michael,baskin,2065.0,M240B2502065,62634,michael,baskin,2065.0,M240B2502065
40618,40617,62637,willie,norris,2059.0,W400N6202059,62637,willie,norris,2059.0,W400N6202059
40619,40617,62637,willie,norris,2059.0,W400N6202059,62637,willie,norris,2059.0,W400N6202059
40619,40618,62637,willie,norris,2059.0,W400N6202059,62637,willie,norris,2059.0,W400N6202059
40621,40620,57056,patrick,santiago,1990.0,P362S5321990,57056,patrick,santiago,1990.0,P362S5321990
40629,37530,61762,abraham,ballestas,2063.0,A165B4232063,61762,abraham,ballestas,2063.0,A165B4232063
40634,22799,57159,tabria,butler,1981.0,T160B3461981,57159,tabria,butler,1981.0,T160B3461981
40649,40648,62617,neiko,ealey,1992.0,N200E4001992,62617,neiko,ealey,1992.0,N200E4001992
40652,40650,62640,geraldine,hughes,1986.0,G643H2201986,62640,geraldine,hughes,1986.0,G643H2201986
40661,40659,62667,nichol,raybon,1976.0,N240R1501976,62667,nichol,raybon,1976.0,N240R1501976
40667,23188,62649,john,brown,2050.0,J500B6502050,57527,john,brown,2050.0,J500B6502050
40670,40668,62660,daison,osbourne,1989.0,D250O2161989,62660,daison,osbourne,1989.0,D250O2161989
40674,1767,51360,monica,churchill,2064.0,M520C6242064,51360,monica,churchill,2064.0,M520C6242064
40674,1769,51360,monica,churchill,2064.0,M520C6242064,51360,monica,churchill,2064.0,M520C6242064
40681,40680,62651,johnny,morell,2067.0,J500M6402067,62651,johnny,morell,2067.0,J500M6402067
40687,40686,62645,joey,verhagen,1996.0,J000V6251996,62645,joey,verhagen,1996.0,J000V6251996
40704,20511,12368,terron,simmon,1986.0,T650S5501986,12368,terron,simmon,1986.0,T650S5501986
40707,40317,62657,dwight,grinion,1994.0,D230G6551994,62562,dwight,grinion,1994.0,D230G6551994
40707,40319,62657,dwight,grinion,1994.0,D230G6551994,62562,dwight,grinion,1994.0,D230G6551994
40709,40317,62657,dwight,grinion,1994.0,D230G6551994,62562,dwight,grinion,1994.0,D230G6551994
40709,40319,62657,dwight,grinion,1994.0,D230G6551994,62562,dwight,grinion,1994.0,D230G6551994
40709,40707,62657,dwight,grinion,1994.0,D230G6551994,62657,dwight,grinion,1994.0,D230G6551994
40713,11086,54021,vandivuiet,williams,1994.0,V531W4521994,54021,vandivuiet,williams,1994.0,V531W4521994
40720,40719,62654,kendall,skeete,1979.0,K534S3001979,62654,kendall,skeete,1979.0,K534S3001979
40726,30844,25542,richard,brenneman,1984.0,R263B6551984,25542,richard,brenneman,1984.0,R263B6551984
40746,22899,57384,kendy,alcy,1984.0,K530A4201984,57384,kendy,alcy,1984.0,K530A4201984
40751,40749,62669,gasner,ripert,2069.0,G256R1632069,62669,gasner,ripert,2069.0,G256R1632069
40756,2261,62670,merlene,reid,1994.0,M645R3001994,51497,merlene,reid,1994.0,M645R3001994
40762,40761,62672,roberto,lagrunybuj,1996.0,R163L2651996,62672,roberto,lagrandeur,1996.0,R163L2651996
40768,40767,62668,kelly,menkes,1989.0,K400M5221989,62668,kelly,menkes,1989.0,K400M5221989
40802,40801,62681,geoffrey,pastor,2074.0,G160P2362074,62681,geoffrey,pastor,2074.0,G160P2362074
40816,20674,56729,michael,creightney,1992.0,M240C6231992,56729,michael,creightney,1992.0,M240C6231992
40828,40827,62708,yolanda,douglas,1982.0,Y453D2421982,62708,yolanda,douglas,1982.0,Y453D2421982
40835,40834,62722,trent,osborne,1984.0,T653O2161984,62722,trent,osborne,1984.0,T653O2161984
40888,40887,62707,isaiah,underwood,1996.0,I200U5361996,62707,isaiah,underwood,1996.0,I200U5361996
40924,24762,57968,bob,prophete,1982.0,B100P6131982,57968,bob,prophete,1982.0,B100P6131982
40924,24763,57968,bob,prophete,1982.0,B100P6131982,57968,bob,prophete,1982.0,B100P6131982
40924,24764,57968,bob,prophete,1982.0,B100P6131982,57968,bob,prophete,1982.0,B100P6131982
40924,39390,57968,bob,prophete,1982.0,B100P6131982,62319,bob,prophete,1982.0,B100P6131982
40933,40932,62729,hoang,van,2068.0,H520V5002068,62729,hoang,van,2068.0,H520V5002068
40934,40932,62729,hoang,van,2068.0,H520V5002068,62729,hoang,van,2068.0,H520V5002068
40934,40933,62729,hoang,van,2068.0,H520V5002068,62729,hoang,van,2068.0,H520V5002068
40963,40962,62749,sheldrick,pitchford,1977.0,S436P3211977,62749,sheldrick,pitchford,1977.0,S436P3211977
40999,12965,54515,donald,constant,1987.0,D543C5231987,54515,donald,constant,1987.0,D543C5231987
41000,12965,54515,donald,constant,1987.0,D543C5231987,54515,donald,constant,1987.0,D543C5231987
41000,40999,54515,donald,constant,1987.0,D543C5231987,54515,donald,constant,1987.0,D543C5231987
41008,24762,57968,bob,prophete,1982.0,B100P6131982,57968,bob,prophete,1982.0,B100P6131982
41008,24763,57968,bob,prophete,1982.0,B100P6131982,57968,bob,prophete,1982.0,B100P6131982
41008,24764,57968,bob,prophete,1982.0,B100P6131982,57968,bob,prophete,1982.0,B100P6131982
41008,39390,57968,bob,prophete,1982.0,B100P6131982,62319,bob,prophete,1982.0,B100P6131982
41008,40924,57968,bob,prophete,1982.0,B100P6131982,57968,bob,prophete,1982.0,B100P6131982
41018,41017,62748,michael,hake,2071.0,M240H2002071,62748,michael,hake,2071.0,M240H2002071
41023,41022,62767,cheryl,looper,2069.0,C640L1602069,62767,cheryl,looper,2069.0,C640L1602069
41033,41031,62754,antonio,freeman,1981.0,A535F6551981,62754,antonio,freeman,1981.0,A535F6551981
41039,41037,62753,jason,john,1983.0,J250J5001983,62753,jason,john,1983.0,J250J5001983
41050,41049,62772,nicholas,druzbik,1987.0,N242D6211987,62772,nicholas,druzbik,1987.0,N242D6211987
41053,41052,16362,christopher,cave,1991.0,C623C1001991,16362,christopher,cave,1991.0,C623C1001991
41060,41058,62769,brian,ramdhanie,1986.0,B650R5351986,62769,brian,ramdhanie,1986.0,B650R5351986
41077,41076,62774,brian,poole,1989.0,B650P4001989,62774,brian,poole,1989.0,B650P4001989
41102,41100,62756,janessa,bell,1991.0,J520B4001991,62756,janessa,bell,1991.0,J520B4001991
41122,41048,48188,ronnie,benyard,1991.0,R500B5631991,48188,ronnie,benyard,1991.0,R500B5631991
41139,28251,62782,reginald,davis,2072.0,R254D1202072,59019,reginald,davis,2072.0,R254D1202072
41139,32887,62782,reginald,davis,2072.0,R254D1202072,59019,reginald,davis,2072.0,R254D1202072
41139,39358,62782,reginald,davis,2072.0,R254D1202072,62320,reginald,davis,2072.0,R254D1202072
41141,28251,62782,reginald,davis,2072.0,R254D1202072,59019,reginald,davis,2072.0,R254D1202072
41141,32887,62782,reginald,davis,2072.0,R254D1202072,59019,reginald,davis,2072.0,R254D1202072
41141,39358,62782,reginald,davis,2072.0,R254D1202072,62320,reginald,davis,2072.0,R254D1202072
41141,41139,62782,reginald,davis,2072.0,R254D1202072,62782,reginald,davis,2072.0,R254D1202072
41143,41142,62804,oniel,perezabreu,2070.0,O540P6212070,62804,oniel,perezabreu,2070.0,O540P6212070
41144,41142,62804,oniel,perezabreu,2070.0,O540P6212070,62804,oniel,perezabreu,2070.0,O540P6212070
41144,41143,62804,oniel,perezabreu,2070.0,O540P6212070,62804,oniel,perezabreu,2070.0,O540P6212070
41174,41173,62812,lovell,mckail,1982.0,L140M2401982,62812,lovell,mckail,1982.0,L140M2401982
41195,25359,58124,emily,noronha,1986.0,E540N6501986,58124,emily,noronha,1986.0,E540N6501986
41195,25360,58124,emily,noronha,1986.0,E540N6501986,58124,emily,noronha,1986.0,E540N6501986
41195,38987,58124,emily,noronha,1986.0,E540N6501986,58124,emily,noronha,1986.0,E540N6501986
41198,41197,62786,freddie,thompson,2063.0,F630T5122063,62786,freddie,thompson,2063.0,F630T5122063
41211,38011,61896,alton,gurney,1977.0,A435G6501977,61896,alton,gurney,1977.0,A435G6501977
41213,38011,61896,alton,gurney,1977.0,A435G6501977,61896,alton,gurney,1977.0,A435G6501977
41213,41211,61896,alton,gurney,1977.0,A435G6501977,61896,alton,gurney,1977.0,A435G6501977
41227,41226,20781,terrace,rogers,1991.0,T620R2621991,20781,terrace,rogers,1991.0,T620R2621991
41234,41233,62785,bryan,madison,1993.0,B650M3251993,62785,bryan,madison,1993.0,B650M3251993
41243,41241,62788,charmon,cooley,1977.0,C655C4001977,62788,charmon,cooley,1977.0,C655C4001977
41267,41265,62830,michael,noriega,2066.0,M240N6202066,62830,michael,noriega,2066.0,M240N6202066
41278,41277,62826,donald,george,1987.0,D543G6201987,62826,donald,george,1987.0,D543G6201987
41291,41289,62833,kurt,brown,1980.0,K630B6501980,62833,kurt,brown,1980.0,K630B6501980
41293,41292,62829,ladoria,glover,1985.0,L360G4161985,62829,ladoria,glover,1985.0,L360G4161985
41296,41295,23197,vanessa,andy,1980.0,V520A5301980,23197,vanessa,andy,1980.0,V520A5301980
41297,41295,23197,vanessa,andy,1980.0,V520A5301980,23197,vanessa,andy,1980.0,V520A5301980
41297,41296,23197,vanessa,andy,1980.0,V520A5301980,23197,vanessa,andy,1980.0,V520A5301980
41310,35947,62832,mary,davis,1984.0,M600D1201984,61287,mary,davis,1984.0,M600D1201984
41311,35947,62832,mary,davis,1984.0,M600D1201984,61287,mary,davis,1984.0,M600D1201984
41311,41310,62832,mary,davis,1984.0,M600D1201984,62832,mary,davis,1984.0,M600D1201984
41351,41349,62851,monica,marquez,2071.0,M520M6222071,62851,monica,marquez,2071.0,M520M6222071
41359,41358,62845,hector,amaya,1987.0,H236A5001987,62845,hector,amaya,1987.0,H236A5001987
41366,41364,62847,bezony,jeanbaptiste,1989.0,B250J5111989,62847,bezony,jeanbaptiste,1989.0,B250J5111989
41368,13840,62862,antrell,thiena,1993.0,A536T5001993,41482,antrell,thiena,1993.0,A536T5001993
41377,41376,26662,patrick,blake,1990.0,P362B4201990,26662,patrick,blake,1990.0,P362B4201990
41379,3599,4694,perle,roques,1987.0,P640R2201987,4694,perle,roques,1987.0,P640R2201987
41380,3599,4694,perle,rzeujs,1987.0,P640R2201987,4694,perle,roques,1987.0,P640R2201987
41380,41379,4694,perle,rzeujs,1987.0,P640R2201987,4694,perle,roques,1987.0,P640R2201987
41389,41388,62878,wiggins,dustin,1994.0,W252D2351994,62878,wiggins,dustin,1994.0,W252D2351994
41397,38603,42300,itzamna,jimenez,1992.0,I325J5521992,42300,itzamna,jimenez,1992.0,I325J5521992
41399,38603,42300,itzamna,jimenez,1992.0,I325J5521992,42300,itzamna,jimenez,1992.0,I325J5521992
41399,41397,42300,itzamna,jimenez,1992.0,I325J5521992,42300,itzamna,jimenez,1992.0,I325J5521992
41435,41433,62875,jarrett,meeks,1996.0,J630M2001996,62875,jarrett,meeks,1996.0,J630M2001996
41440,41439,62854,lori,bermudez,1985.0,L600B6531985,62854,lori,bermudez,1985.0,L600B6531985
41450,41448,62873,leah,sparkman,2070.0,L000S1622070,62873,leah,sparkman,2070.0,L000S1622070
41462,41461,17053,trodrick,holland,1992.0,T636H4531992,17053,trodrick,holland,1992.0,T636H4531992
41492,41490,62892,jermaine,thomas,1983.0,J655T5201983,62892,jermaine,thomas,1983.0,J655T5201983
41504,41502,62905,gladys,diaz,1978.0,G432D2001978,62905,gladys,diaz,1978.0,G432D2001978
41518,41517,62889,anthony,avello,1985.0,A535A1401985,62889,anthony,avello,1985.0,A535A1401985
41527,41526,62885,karita,mccrea,2072.0,K630M2602072,62885,karita,mccrea,2072.0,K630M2602072
41537,41536,62902,diana,zelster,1990.0,D500Z4231990,62902,diana,zelster,1990.0,D500Z4231990
41542,41541,62907,herbert,mccloud,1991.0,H616M2431991,62907,herbert,mccloud,1991.0,H616M2431991
41554,41553,62877,kimanie,king,1996.0,K550K5201996,62877,kimanie,king,1996.0,K550K5201996
41555,41553,62877,kimanie,king,1996.0,K550K5201996,62877,kimanie,king,1996.0,K550K5201996
41555,41554,62877,kimanie,king,1996.0,K550K5201996,62877,kimanie,king,1996.0,K550K5201996
41581,41580,62916,david,santana,2067.0,D130S5352067,62916,david,santana,2067.0,D130S5352067
41594,41592,57746,morgan,murphy,2068.0,M625M6102068,57746,morgan,murphy,2068.0,M625M6102068
41603,41602,62921,latanya,brown,1978.0,L350B6501978,62921,latanya,brown,1978.0,L350B6501978
41606,41605,62928,michael,campbell,2070.0,M240C5142070,62928,michael,campbell,2070.0,M240C5142070
41633,41631,62927,gregg,dawson,2073.0,G620D2502073,62927,gregg,dawson,2073.0,G620D2502073
41638,41637,17667,sonja,king,2069.0,S520K5202069,17667,sonja,king,2069.0,S520K5202069
41645,41643,62929,michael,nelfrard,1984.0,M240N4161984,62929,michael,nelfrard,1984.0,M240N4161984
41648,41646,62913,tiffany,parkinson,1989.0,T150P6251989,62913,tiffany,parkinson,1989.0,T150P6251989
41651,41649,62923,jovan,gjnzxlez-gomnv,1995.0,J150G5241995,62923,jovan,gonzalez-gomez,1995.0,J150G5241995
41654,41652,62918,tiffany,glover,1993.0,T150G4161993,62918,tiffany,glover,1993.0,T150G4161993
41656,41655,62909,jeff,raymond,1993.0,J100R5531993,62909,jeff,raymond,1993.0,J100R5531993
41668,41667,62963,allen,roundtree,1994.0,A450R5361994,62963,allen,roundtree,1994.0,A450R5361994
41680,41679,62960,keith,krause,1977.0,K300K6201977,62960,keith,krause,1977.0,K300K6201977
41690,41689,2462,victorino,perrone,2059.0,V236P6502059,2462,victorino,perrone,2059.0,V236P6502059
41696,41695,62948,sebastian,moldonlwa,1983.0,S123M4351983,62948,sebastian,maldonado,1983.0,S123M4351983
41699,41697,62934,joshua,spivey,1995.0,J200S1101995,62934,joshua,spivey,1995.0,J200S1101995
41702,41700,62947,cesar,solano,1980.0,C260S4501980,62947,cesar,solano,1980.0,C260S4501980
41720,41718,62935,alain,williams,1986.0,A450W4521986,62935,alain,williams,1986.0,A450W4521986
41729,41728,62745,robert,miller,2056.0,R163M4602056,62745,robert,miller,2056.0,R163M4602056
41732,41731,62951,rafael,mezquia,2074.0,R140M2002074,62951,rafael,mezquia,2074.0,R140M2002074
41743,41742,62956,buffie,ford,1980.0,B100F6301980,62956,buffie,ford,1980.0,B100F6301980
41744,41742,62956,buffie,ford,1980.0,B100F6301980,62956,buffie,ford,1980.0,B100F6301980
41744,41743,62956,buffie,ford,1980.0,B100F6301980,62956,buffie,ford,1980.0,B100F6301980
41771,41770,62932,justin,prophete,1989.0,J235P6131989,62932,justin,prophete,1989.0,J235P6131989
41785,41784,62968,adriana,orozco,1976.0,A365O6201976,62968,adriana,orozco,1976.0,A365O6201976
41786,41784,62968,adriana,orozco,1976.0,A365O6201976,62968,adriana,orozco,1976.0,A365O6201976
41786,41785,62968,adriana,orozco,1976.0,A365O6201976,62968,adriana,orozco,1976.0,A365O6201976
41789,41787,62989,varon,reckley,2067.0,V650R2402067,62989,varon,reckley,2067.0,V650R2402067
41800,41799,62976,delmer,reyes,2073.0,D456R2002073,62976,delmer,reyes,2073.0,D456R2002073
41810,41809,62966,ariel,bruington,1995.0,A640B6521995,62966,ariel,bruington,1995.0,A640B6521995
41817,12222,54346,brad,clark,1979.0,B630C4621979,54346,brad,clark,1979.0,B630C4621979
41846,41844,62985,nicole,vargasmoreno,1991.0,N240V6221991,62985,nicole,vargasmoreno,1991.0,N240V6221991
41857,41856,62990,stephanie,george,2054.0,S315G6202054,62990,stephanie,george,2054.0,S315G6202054
41900,41899,34539,kazembe,logan,1977.0,K251L2501977,34539,kazembe,logan,1977.0,K251L2501977
41912,41910,62999,acie,canteen,1989.0,A200C5351989,62999,acie,canteen,1989.0,A200C5351989
41941,41940,45115,jacoriea,mays-burton,1993.0,J260M2161993,45115,jacoriea,mays-burton,1993.0,J260M2161993
41942,41940,45115,jacoriea,mays-burton,1993.0,J260M2161993,45115,jacoriea,mays-burton,1993.0,J260M2161993
41942,41941,45115,jacoriea,mays-burton,1993.0,J260M2161993,45115,jacoriea,mays-burton,1993.0,J260M2161993
41962,41961,44921,travis,whitehead,1986.0,T612W3301986,44921,travis,whitehead,1986.0,T612W3301986
41963,41961,44921,travis,whitehead,1986.0,T612W3301986,44921,travis,whitehead,1986.0,T612W3301986
41963,41962,44921,travis,whitehead,1986.0,T612W3301986,44921,travis,whitehead,1986.0,T612W3301986
41982,22442,57267,fred,woodward,2073.0,F630W3632073,57267,fred,woodward,2073.0,F630W3632073
41993,41991,63019,joshua,diaz,1993.0,J200D2001993,63019,joshua,diaz,1993.0,J200D2001993
42008,42007,63020,alexander,razumovskiy,1976.0,A425R2511976,63020,alexander,razumovskiy,1976.0,A425R2511976
42013,42012,63030,alex,lopez,1985.0,A420L1201985,63030,alex,lopez,1985.0,A420L1201985
42031,42030,32696,duane,cunningham,2074.0,D500C5522074,32696,duane,cunningham,2074.0,D500C5522074
42044,8334,53241,rodney,mccray,2067.0,R350M2602067,53241,rodney,mccray,2067.0,R350M2602067
42044,8335,53241,rodney,mccray,2067.0,R350M2602067,53241,rodney,mccray,2067.0,R350M2602067
42050,42049,63026,simon,diaz,2046.0,S550D2002046,63026,simon,diaz,2046.0,S550D2002046
42055,9052,23508,mark,simon,1991.0,M620S5501991,23508,mark,simon,1991.0,M620S5501991
42057,10316,53821,bret,talley,1981.0,B630T4001981,53821,bret,talley,1981.0,B630T4001981
42062,42060,63051,robert,penton,1980.0,R163P5351980,63051,robert,penton,1980.0,R163P5351980
42083,42082,63076,jorge,borrelli,2063.0,J620B6402063,63076,jorge,borrelli,2063.0,J620B6402063
42098,42096,63061,kendra,eubanks,2071.0,K536E1522071,63061,kendra,eubanks,2071.0,K536E1522071
42101,42099,63071,peter,nichplsnx,2058.0,P360N2142058,63071,peter,nichbldbx,2058.0,P360N2142058
42124,42123,63066,kevin,mozjrqhgos,1989.0,K150M2621989,63066,kevin,mazariegos,1989.0,K150M2621989
42131,42130,62560,edward,bartholomew,2062.0,E363B6342062,62560,edward,bartholomew,2062.0,E363B6342062
42137,42135,63050,troy,mccrea,1981.0,T600M2601981,63050,troy,mccrea,1981.0,T600M2601981
42141,4789,63052,nicholas,pena,1994.0,N242P5001994,52233,nzxalq,pena,1994.0,N242P5001994
42143,4789,63052,nicholas,pena,1994.0,N242P5001994,52233,nzxalq,pena,1994.0,N242P5001994
42143,42141,63052,nicholas,pena,1994.0,N242P5001994,63052,nicholas,pena,1994.0,N242P5001994
42152,42151,63075,simion,ene,2070.0,S550E5002070,63075,simion,ene,2070.0,S550E5002070
42155,42154,63057,william,malo,2070.0,W450M4002070,63057,william,malo,2070.0,W450M4002070
42163,42162,63085,tisa,spears,1979.0,T200S1621979,63085,tisa,spears,1979.0,T200S1621979
42164,42162,63085,tisa,spears,1979.0,T200S1621979,63085,tisa,spears,1979.0,T200S1621979
42164,42163,63085,tisa,spears,1979.0,T200S1621979,63085,tisa,spears,1979.0,T200S1621979
42167,42165,63096,jaclyn,ksiazek,1990.0,J245K2201990,63096,jaclyn,ksiazek,1990.0,J245K2201990
42203,42202,63109,bernard,etienne,1988.0,B656E3501988,63109,bernard,etienne,1988.0,B656E3501988
42235,3141,51707,jhonatan,franco,1992.0,J535F6521992,51707,jhonatan,franco,1992.0,J535F6521992
42235,3143,51707,jhonatan,franco,1992.0,J535F6521992,51707,jhonatan,franco,1992.0,J535F6521992
42235,11703,51707,jhonatan,franco,1992.0,J535F6521992,51707,jhonatan,franco,1992.0,J535F6521992
42239,42238,63106,patricia,pavkovich,2057.0,P362P1212057,63106,patricia,pavkovich,2057.0,P362P1212057
42259,15073,55084,lee,wright,2063.0,L000W6232063,55084,lee,wright,2063.0,L000W6232063
42277,42276,63105,giovonni,lloyd,1993.0,G150L3001993,63105,giovonni,lloyd,1993.0,G150L3001993
42289,42288,63100,natasha,sajous,1993.0,N320S2201993,63100,natasha,sajous,1993.0,N320S2201993
42290,42288,63100,natasha,sajous,1993.0,N320S2201993,63100,natasha,sajous,1993.0,N320S2201993
42290,42289,63100,natasha,sajous,1993.0,N320S2201993,63100,natasha,sajous,1993.0,N320S2201993
42294,28998,63118,joshua,dqgey,1990.0,J200D2001990,59238,jose,dyeco,1990.0,J200D2001990
42312,3978,52013,wilfredo,alejo-dominguez,1984.0,W416A4231984,52013,wilfredo,alejo-dominguez,1984.0,W416A4231984
42313,3978,52013,wilfredo,alejo-dominguez,1984.0,W416A4231984,52013,wilfredo,alejo-dominguez,1984.0,W416A4231984
42313,42312,52013,wilfredo,alejo-dominguez,1984.0,W416A4231984,52013,wilfredo,alejo-dominguez,1984.0,W416A4231984
42314,3978,52013,wilfredo,alujo-domichued,1984.0,W416A4231984,52013,wilfredo,alejo-dominguez,1984.0,W416A4231984
42314,42312,52013,wilfredo,alujo-domichued,1984.0,W416A4231984,52013,wilfredo,alejo-dominguez,1984.0,W416A4231984
42314,42313,52013,wilfredo,alujo-domichued,1984.0,W416A4231984,52013,wilfredo,alejo-dominguez,1984.0,W416A4231984
42323,42321,54086,stacy,uragacastillo,1976.0,S320U6221976,54086,stacy,uragacastillo,1976.0,S320U6221976
42337,42336,63128,david,roberts,1980.0,D130R1631980,63128,david,roberts,1980.0,D130R1631980
42338,42336,63128,david,roberts,1980.0,D130R1631980,63128,david,roberts,1980.0,D130R1631980
42338,42337,63128,david,roberts,1980.0,D130R1631980,63128,david,roberts,1980.0,D130R1631980
42342,7548,63138,karim,comesana,2073.0,K650C5252073,53025,korim,comesana,2073.0,K650C5252073
42342,7549,63138,karim,comesana,2073.0,K650C5252073,53025,korim,comesana,2073.0,K650C5252073
42359,42358,63122,louis,paolino,1980.0,L200P4501980,63122,louis,paolino,1980.0,L200P4501980
42365,42364,32831,stephanie,kennedy,1982.0,S315K5301982,32831,stephanie,kennedy,1982.0,S315K5301982
42368,42366,38355,mccarlos,caesar,2068.0,M264C2602068,38355,mccarlos,caesar,2068.0,M264C2602068
42377,42375,18809,chinwe,onyiuke,1978.0,C500O5201978,18809,chinwe,onyiuke,1978.0,C500O5201978
42385,11943,46587,amanda,diaz,1993.0,A553D2001993,46587,amanda,diaz,1993.0,A553D2001993
42386,11943,46587,amanda,diaz,1993.0,A553D2001993,46587,amanda,diaz,1993.0,A553D2001993
42386,42385,46587,amanda,diaz,1993.0,A553D2001993,46587,amanda,diaz,1993.0,A553D2001993
42389,42387,63114,chadwick,baker,1994.0,C320B2601994,63114,chadwick,baker,1994.0,C320B2601994
42392,42391,63135,olivier,woodson,1997.0,O416W3251997,63135,olivier,woodson,1997.0,O416W3251997
42397,42396,63117,felix,lemuz-morales,1990.0,F420L5251990,63117,felix,lemuz-morales,1990.0,F420L5251990
42408,28511,21777,joseph,santiagogrier,2061.0,J210S5322061,21777,joseph,santigeoguimr,2061.0,J210S5322061
42410,28511,21777,joseph,santiagogrier,2061.0,J210S5322061,21777,joseph,santigeoguimr,2061.0,J210S5322061
42410,42408,21777,joseph,santiagogrier,2061.0,J210S5322061,21777,joseph,santiagogrier,2061.0,J210S5322061
42424,17028,40230,dwayne,singh,1983.0,D500S5201983,40230,dwayne,singh,1983.0,D500S5201983
42424,17030,40230,dwayne,singh,1983.0,D500S5201983,40230,dwayne,singh,1983.0,D500S5201983
42430,35857,61270,terrill,morley,2072.0,T640M6402072,61270,terrill,morley,2072.0,T640M6402072
42430,35858,61270,terrill,morley,2072.0,T640M6402072,61270,terrill,morley,2072.0,T640M6402072
42437,42436,63156,cora,huth,1980.0,C600H3001980,63156,cora,huth,1980.0,C600H3001980
42449,42447,63169,victor,hidalgo,1981.0,V236H3421981,63169,victor,hidalgo,1981.0,V236H3421981
42470,42468,63160,jennifer,caccamo,1977.0,J516C2501977,63160,jennifer,caccamo,1977.0,J516C2501977
42482,42480,47893,moses,taulbert,1984.0,M220T4161984,47893,moses,taulbert,1984.0,M220T4161984
42496,42495,63159,luis,rodriguez,1996.0,L200R3621996,63159,luis,rodriguez,1996.0,L200R3621996
42497,42495,63159,luis,rodriguez,1996.0,L200R3621996,63159,luis,rodriguez,1996.0,L200R3621996
42497,42496,63159,luis,rodriguez,1996.0,L200R3621996,63159,luis,rodriguez,1996.0,L200R3621996
42506,42505,63144,carly,nager,1993.0,C640N2601993,63144,carly,nager,1993.0,C640N2601993
42513,17291,55767,cristian,altamiranozarate,1981.0,C623A4351981,55767,cristian,altamiranozarate,1981.0,C623A4351981
42515,17291,55767,cristian,altamiranozarate,1981.0,C623A4351981,55767,cristian,altamiranozarate,1981.0,C623A4351981
42515,42513,55767,cristian,altamiranozarate,1981.0,C623A4351981,55767,cristian,altamiranozarate,1981.0,C623A4351981
42524,42522,63168,john,deharde,1980.0,J500D6301980,63168,john,deharde,1980.0,J500D6301980
42533,42531,63179,andrew,hall,1989.0,A536H4001989,63179,andrew,hall,1989.0,A536H4001989
42539,42537,63153,ebony,ivery,1992.0,E150I1601992,63153,ebony,ivery,1992.0,E150I1601992
42543,32360,63186,john,sias,1975.0,J500S2001975,60241,jgsmny,sessa,1975.0,J500S2001975
42545,32360,63186,john,sias,1975.0,J500S2001975,60241,jgsmny,sessa,1975.0,J500S2001975
42545,42543,63186,john,sias,1975.0,J500S2001975,63186,john,sias,1975.0,J500S2001975
42570,37238,61660,derrick,mims,1987.0,D620M5201987,61660,derrick,mims,1987.0,D620M5201987
42571,37238,61660,derrick,mims,1987.0,D620M5201987,61660,derrick,mims,1987.0,D620M5201987
42571,42570,61660,derrick,mims,1987.0,D620M5201987,61660,derrick,mims,1987.0,D620M5201987
42578,42577,63190,jacob,chismar,1987.0,J210C2561987,63190,jacob,chismar,1987.0,J210C2561987
42604,42603,63231,cassandra,hatcher,1992.0,C253H3261992,63231,cassandra,hatcher,1992.0,C253H3261992
42605,42603,63231,cassandra,hatcher,1992.0,C253H3261992,63231,cassandra,hatcher,1992.0,C253H3261992
42605,42604,63231,cassandra,hatcher,1992.0,C253H3261992,63231,cassandra,hatcher,1992.0,C253H3261992
42614,42612,63224,kevin,sisson,1994.0,K150S2501994,63224,kevin,sisson,1994.0,K150S2501994
42629,42628,30482,jonatin,palncher,1989.0,J535P4521989,30482,jonatin,palncher,1989.0,J535P4521989
42644,42643,63201,basil,mendez,2068.0,B240M5322068,63201,basil,mendez,2068.0,B240M5322068
42647,42645,63233,scot,allen,2066.0,S300A4502066,63233,scot,allen,2066.0,S300A4502066
42650,42648,63206,samantha,harris,1990.0,S553H6201990,63206,samantha,harris,1990.0,S553H6201990
42679,42678,63194,stephon,lewis,2073.0,S315L2002073,63194,stephon,lewis,2073.0,S315L2002073
42680,42678,63194,stephon,lewis,2073.0,S315L2002073,63194,stephon,lewis,2073.0,S315L2002073
42680,42679,63194,stephon,lewis,2073.0,S315L2002073,63194,stephon,lewis,2073.0,S315L2002073
42694,42693,63230,carismilis,dejesus,1983.0,C625D2221983,63230,carismilis,dejesus,1983.0,C625D2221983
42716,42715,63254,deandre,davis,1991.0,D536D1201991,63254,deandre,davis,1991.0,D536D1201991
42745,42744,63239,fitzroy,barnes,2053.0,F326B6522053,63239,fitzroy,barnes,2053.0,F326B6522053
42756,465,37680,jean,guerrier,2070.0,J500G6602070,37680,jean,guerrier,2070.0,J500G6602070
42758,465,37680,jean,guerrier,2070.0,J500G6602070,37680,jean,guerrier,2070.0,J500G6602070
42758,42756,37680,jean,guerrier,2070.0,J500G6602070,37680,jean,guerrier,2070.0,J500G6602070
42767,42766,63241,jason,llewelyn-miller,1982.0,J250L4541982,63241,jason,llewelyn-miller,1982.0,J250L4541982
42773,42771,63250,toby,cherisma,1983.0,T100C6251983,63250,toby,cherisma,1983.0,T100C6251983
42793,42792,21857,eric,allen,1984.0,E620A4501984,21857,eric,allen,1984.0,E620A4501984
42809,42807,63265,tashia,booth,1975.0,T200B3001975,63265,tashia,booth,1975.0,T200B3001975
42826,42825,63279,carl,holthe,2061.0,C640H4302061,63279,carl,holthe,2061.0,C640H4302061
42835,42834,63274,chalanta,dixon,1986.0,C453D2501986,63274,chalanta,dixon,1986.0,C453D2501986
42836,42834,63274,chalanta,dixon,1986.0,C453D2501986,63274,chalanta,dixon,1986.0,C453D2501986
42836,42835,63274,chalanta,dixon,1986.0,C453D2501986,63274,chalanta,dixon,1986.0,C453D2501986
42880,40233,62524,darrell,hodge,2067.0,D640H3202067,62524,darrell,hodge,2067.0,D640H3202067
42880,40234,62524,darrell,hodge,2067.0,D640H3202067,62524,darrell,hodge,2067.0,D640H3202067
42881,40233,62524,darrell,hodge,2067.0,D640H3202067,62524,darrell,hodge,2067.0,D640H3202067
42881,40234,62524,darrell,hodge,2067.0,D640H3202067,62524,darrell,hodge,2067.0,D640H3202067
42881,42880,62524,darrell,hodge,2067.0,D640H3202067,62524,darrell,hodge,2067.0,D640H3202067
42884,42882,57268,charles,cocuzza,1995.0,C642C2201995,57268,charles,cocuzza,1995.0,C642C2201995
42899,42897,63259,maxwell,sykes,1995.0,M240S2201995,63259,maxwell,sykes,1995.0,M240S2201995
42902,42901,27955,stephanie,harrison,1983.0,S315H6251983,27955,stephanie,harrison,1983.0,S315H6251983
42917,42915,63261,brandon,scott,1984.0,B653S3001984,63261,brandon,scott,1984.0,B653S3001984
42922,42878,25552,quasaun,turner,1991.0,Q250T6561991,25552,quasaun,turner,1991.0,Q250T6561991
42925,42924,63303,guy,falcone,2068.0,G000F4252068,63303,guy,falcone,2068.0,G000F4252068
42929,42928,63293,howard,glantz,2070.0,H630G4532070,63293,howard,glantz,2070.0,H630G4532070
42941,42939,63300,sara,moise,1992.0,S600M2001992,63300,sara,moise,1992.0,S600M2001992
42976,42975,63291,christopher,ketchum,1982.0,C623K3251982,63291,christopher,ketchum,1982.0,C623K3251982
42977,42975,63291,christopher,ketchum,1982.0,C623K3251982,63291,christopher,ketchum,1982.0,C623K3251982
42977,42976,63291,christopher,ketchum,1982.0,C623K3251982,63291,christopher,ketchum,1982.0,C623K3251982
42988,42987,63289,joel,valli,2069.0,J400V4002069,63289,joel,valli,2069.0,J400V4002069
43047,13111,54581,maria,sherman,2050.0,M600S6552050,54581,maria,sherman,2050.0,M600S6552050
43105,43104,63347,stephen,bjiaetw,2063.0,S315B2302063,63347,stephen,bassett,2063.0,S315B2302063
43111,43110,63353,joseph,kippenberger,2063.0,J210K1512063,63353,joseph,kippenberger,2063.0,J210K1512063
43120,43119,63351,mostafa,merei,1978.0,M231M6001978,63351,mostafa,merei,1978.0,M231M6001978
43121,43119,63351,mostafa,merei,1978.0,M231M6001978,63351,mostafa,merei,1978.0,M231M6001978
43121,43120,63351,mostafa,merei,1978.0,M231M6001978,63351,mostafa,merei,1978.0,M231M6001978
43133,43132,36615,james,francois,1986.0,J520F6521986,36615,james,francois,1986.0,J520F6521986
43165,43164,63368,jose,castro,2072.0,J200C2362072,63368,jose,castro,2072.0,J200C2362072
43181,15830,63390,melvin,peralta,1984.0,M415P6431984,55320,melvin,peralta,1984.0,M415P6431984
43193,43191,36878,ethen,rodriguez,1990.0,E350R3621990,36878,ethen,rudrigasf,1990.0,E350R3621990
43205,43203,50787,jaymd,sanabria,1982.0,J530S5161982,50787,janet,sanabria,1982.0,J530S5161982
43211,10548,53896,darron,wilson,2066.0,D650W4252066,53896,darron,wilson,2066.0,D650W4252066
43211,10549,53896,darron,wilson,2066.0,D650W4252066,53896,darron,wilson,2066.0,D650W4252066
43213,43212,63369,quinten,putnam,2058.0,Q535P3552058,63369,qxyntni,putnam,2058.0,Q535P3552058
43220,43219,63394,jennifer,gutierrez,1985.0,J516G3621985,63394,jennifer,gutierrez,1985.0,J516G3621985
43226,43224,22910,kayla,saunders,1988.0,K400S5361988,22910,kayla,saunders,1988.0,K400S5361988
43240,43239,63397,georgio,schmidt,1988.0,G620S5301988,63397,georgio,schmidt,1988.0,G620S5301988
43252,43251,63402,craig,whitmour,1988.0,C620W3561988,63402,craig,whitmour,1988.0,C620W3561988
43280,43279,63425,anthony,cavallo,1979.0,A535C1401979,63425,anthony,cavallo,1979.0,A535C1401979
43315,43314,63415,hugh,isaacs,1976.0,H200I2201976,63415,hugh,isaacs,1976.0,H200I2201976
43316,43314,63415,hugh,isaacs,1976.0,H200I2201976,63415,hugh,isaacs,1976.0,H200I2201976
43316,43315,63415,hugh,isaacs,1976.0,H200I2201976,63415,hugh,isaacs,1976.0,H200I2201976
43333,43332,30419,lakevis,walker,1987.0,L212W4261987,30419,lahkvbj,walker,1987.0,L212W4261987
43348,43347,45605,lawrence,hodge,1983.0,L652H3201983,45605,lawrence,hodge,1983.0,L652H3201983
43361,43359,63407,barry,harden,2064.0,B600H6352064,63407,barry,harden,2064.0,B600H6352064
43379,43378,42760,robert,hopkins,2070.0,R163H1252070,42760,robert,hopkins,2070.0,R163H1252070
43409,43407,51413,joel,felder,1986.0,J400F4361986,51413,joel,felder,1986.0,J400F4361986
43438,43437,63448,isabelle,anestal,1987.0,I214A5231987,63448,isabelle,anestal,1987.0,I214A5231987
43439,43437,63448,isabelle,anestal,1987.0,I214A5231987,63448,isabelle,anestal,1987.0,I214A5231987
43439,43438,63448,isabelle,anestal,1987.0,I214A5231987,63448,isabelle,anestal,1987.0,I214A5231987
43447,43446,63461,james,hewitt,1993.0,J520H3001993,63461,james,hewitt,1993.0,J520H3001993
43456,43455,63462,cheyenne,shivers,1980.0,C500S1621980,63462,cheyenne,shivers,1980.0,C500S1621980
43475,43474,63433,howard,newman,2060.0,H630N5502060,63433,howard,newman,2060.0,H630N5502060
43476,4917,52282,caswell,goffee,1977.0,C240G1001977,52282,caswell,goffee,1977.0,C240G1001977
43477,4917,52282,caswell,goffee,1977.0,C240G1001977,52282,caswell,goffee,1977.0,C240G1001977
43477,43476,52282,caswell,goffee,1977.0,C240G1001977,52282,caswell,goffee,1977.0,C240G1001977
43482,25056,58045,david,selzer,2074.0,D130S4262074,58045,david,selzer,2074.0,D130S4262074
43482,25058,58045,david,selzer,2074.0,D130S4262074,58045,david,selzer,2074.0,D130S4262074
43490,43488,63482,shadae,johnson,1986.0,S300J5251986,63482,shadae,johnson,1986.0,S300J5251986
43497,13852,54763,ivan,peralta,1977.0,I150P6431977,54763,ivan,peralta,1977.0,I150P6431977
43497,13853,54763,ivan,peralta,1977.0,I150P6431977,54763,ivan,peralta,1977.0,I150P6431977
43511,43510,63488,renee,wyatts,1991.0,R500W3201991,63488,renee,wyatts,1991.0,R500W3201991
43522,43521,63475,sonya,nicholas,2062.0,S500N2422062,63475,sonya,nicholas,2062.0,S500N2422062
43525,43524,43269,gerardo,guillen,1989.0,G663G4501989,43269,gerardo,guillen,1989.0,G663G4501989
43527,31461,63489,rod,robionson,2051.0,R300R1522051,59977,rod,robinson,2051.0,R300R1522051
43527,31463,63489,rod,robionson,2051.0,R300R1522051,59977,rod,robinson,2051.0,R300R1522051
43528,31461,63489,rod,robionson,2051.0,R300R1522051,59977,rod,robinson,2051.0,R300R1522051
43528,31463,63489,rod,robionson,2051.0,R300R1522051,59977,rod,robinson,2051.0,R300R1522051
43528,43527,63489,rod,robionson,2051.0,R300R1522051,63489,rod,robionson,2051.0,R300R1522051
43559,43558,29239,sabrina,roux,2071.0,S165R2002071,29239,sabrina,roux,2071.0,S165R2002071
43565,43563,63478,winfi,lantiguavargas,1984.0,W510L5321984,63478,winfi,lantiguavargas,1984.0,W510L5321984
43573,43572,63470,heather,friedman,1985.0,H360F6351985,63470,heather,friedman,1985.0,H360F6351985
43576,35799,15292,david,goodwin,1981.0,D130G3501981,15292,david,goodwin,1981.0,D130G3501981
43576,35801,15292,david,goodwin,1981.0,D130G3501981,15292,david,goodwin,1981.0,D130G3501981
43577,35799,15292,david,goodwin,1981.0,D130G3501981,15292,david,goodwin,1981.0,D130G3501981
43577,35801,15292,david,goodwin,1981.0,D130G3501981,15292,david,goodwin,1981.0,D130G3501981
43577,43576,15292,david,goodwin,1981.0,D130G3501981,15292,david,goodwin,1981.0,D130G3501981
43589,43588,63486,andre,mcgriff,1982.0,A536M2611982,63486,andre,mcgriff,1982.0,A536M2611982
43592,43590,63520,stuvenhpe,mersan,2074.0,S315M6252074,63520,stevenson,mersan,2074.0,S315M6252074
43619,43617,63506,victor,vasquez,1978.0,V236V2201978,63506,victor,vasquez,1978.0,V236V2201978
43622,43620,63516,dennis,dillon,2050.0,D520D4502050,63516,dennis,dillon,2050.0,D520D4502050
43625,31521,59989,derrick,rowe,1981.0,D620R0001981,59989,derrick,rowe,1981.0,D620R0001981
43625,31523,59989,derrick,rowe,1981.0,D620R0001981,59989,derrick,rowe,1981.0,D620R0001981
43667,43665,27871,jean,vanderkuyp,1989.0,J500V5361989,27871,jean,vanderkuyp,1989.0,J500V5361989
43678,43677,63527,amanda,patrick,1991.0,A553P3621991,63527,amanda,patrick,1991.0,A553P3621991
43679,43677,63527,amanda,patrick,1991.0,A553P3621991,63527,amanda,patrick,1991.0,A553P3621991
43679,43678,63527,amanda,patrick,1991.0,A553P3621991,63527,amanda,patrick,1991.0,A553P3621991
43701,32708,60329,michel,dorsainville,2067.0,M240D6252067,60329,michel,dorsainville,2067.0,M240D6252067
43715,43713,5642,michael,johnson,2061.0,M240J5252061,5642,michael,johnson,2061.0,M240J5252061
43719,33980,60713,david,lawrence,1986.0,D130L6521986,60713,david,lawrence,1986.0,D130L6521986
43726,22110,49884,eliezer,rosario,1992.0,E426R2601992,49884,eliezer,rosario,1992.0,E426R2601992
43727,22110,49884,eliezer,rosario,1992.0,E426R2601992,49884,eliezer,rosario,1992.0,E426R2601992
43727,43726,49884,eliezer,rosario,1992.0,E426R2601992,49884,eliezer,rosario,1992.0,E426R2601992
43751,43750,63552,sofya,shmandura,1991.0,S100S5531991,63552,sofya,shmandura,1991.0,S100S5531991
43757,43756,63551,mariusz,kisielinski,2062.0,M620K2452062,63551,mariusz,kisielinski,2062.0,M620K2452062
43759,43758,63561,rachel,giguere,1983.0,R240G2601983,63561,rachel,giguere,1983.0,R240G2601983
43760,43758,63561,rachel,giguere,1983.0,R240G2601983,63561,rachel,giguere,1983.0,R240G2601983
43760,43759,63561,rachel,giguere,1983.0,R240G2601983,63561,rachel,giguere,1983.0,R240G2601983
43765,25807,8371,ccristkxhrr,patterson,1983.0,C623P3621983,8371,christopher,patterson,1983.0,C623P3621983
43768,23319,63556,jorge,montano,1982.0,J620M5351982,57544,jorge,montano,1982.0,J620M5351982
43768,23321,63556,jorge,montano,1982.0,J620M5351982,57544,jorge,montano,1982.0,J620M5351982
43777,43776,27532,daniel,grinos,1983.0,D540G6521983,27532,daniel,grinos,1983.0,D540G6521983
43778,43776,27532,daniel,grinos,1983.0,D540G6521983,27532,daniel,grinos,1983.0,D540G6521983
43778,43777,27532,daniel,grinos,1983.0,D540G6521983,27532,daniel,grinos,1983.0,D540G6521983
43781,43779,63541,eddie,jones,1981.0,E300J5201981,63541,eddie,jones,1981.0,E300J5201981
43807,43806,63553,hutyyn,roberts,1991.0,H350R1631991,63553,hayden,roberts,1991.0,H350R1631991
43819,43818,63555,larry,wilkins,1983.0,L600W4251983,63555,larry,wilkins,1983.0,L600W4251983
43840,43839,53449,romario,james,1995.0,R560J5201995,53449,romario,james,1995.0,R560J5201995
43856,43854,63574,donovan,mott,1989.0,D515M3001989,63574,donovan,mott,1989.0,D515M3001989
43858,21735,63579,jenny,gomezdibenedetto,1987.0,J500G5231987,57041,jenny,gomezdibenedetto,1987.0,J500G5231987
43882,43881,63565,larry,everett,1982.0,L600E1631982,63565,larry,everett,1982.0,L600E1631982
43887,43829,63573,clarence,king,1985.0,C465K5201985,63573,clarence,king,1985.0,C465K5201985
43894,43893,63570,augusto,bautista,1989.0,A223B3231989,63570,augusto,bautista,1989.0,A223B3231989
43914,21834,57070,philip,dubicki,2070.0,P410D1202070,57070,philip,dubicki,2070.0,P410D1202070
43916,21834,57070,philip,dubicki,2070.0,P410D1202070,57070,philip,dubicki,2070.0,P410D1202070
43916,43914,57070,philip,dubicki,2070.0,P410D1202070,57070,philip,dubicki,2070.0,P410D1202070
43925,43923,63604,amanda,micco,1994.0,A553M2001994,63604,amanda,micco,1994.0,A553M2001994
43928,43926,63605,clifton,rafford,1987.0,C413R1631987,63605,clifton,rafford,1987.0,C413R1631987
43936,43935,63601,debra,jalinas,2071.0,D160J4522071,63601,debra,jalinas,2071.0,D160J4522071
43939,43938,63591,yul,johnson,1985.0,Y400J5251985,63591,yul,johnson,1985.0,Y400J5251985
43948,43947,63594,andrew,welch,1987.0,A536W4201987,63594,andrew,welch,1987.0,A536W4201987
43950,24140,57768,grace,margri,2067.0,G620M6262067,57768,grace,margri,2067.0,G620M6262067
43954,43953,45637,hector,ramos,1979.0,H236R5201979,45637,hector,ramos,1979.0,H236R5201979
43966,43965,57985,jaron,thomas,1991.0,J650T5201991,57985,jaron,thomas,1991.0,J650T5201991
43967,43965,57985,jaron,thomas,1991.0,J650T5201991,57985,jaron,thomas,1991.0,J650T5201991
43967,43966,57985,jaron,thomas,1991.0,J650T5201991,57985,jaron,thomas,1991.0,J650T5201991
44036,44034,63619,william,reynolds,2041.0,W450R5432041,63619,william,reynolds,2041.0,W450R5432041
44057,44056,63624,renee,mendoza,1991.0,R500M5321991,63624,renee,mendoza,1991.0,R500M5321991
44078,44077,63607,gregory,phanard,2071.0,G626P5632071,63607,gregory,phanard,2071.0,G626P5632071
44087,44086,56256,brian,spurgin,1987.0,B650S1621987,56256,brian,spurgin,1987.0,B650S1621987
44093,44092,63612,ariel,stubbs,1991.0,A640S3121991,63612,ariel,stubbs,1991.0,A640S3121991
44094,8631,53339,adrean,reid,1988.0,A365R3001988,53339,adrean,reid,1988.0,A365R3001988
44098,44097,63617,kenneth,smith,1988.0,K530S5301988,63617,kenneth,smith,1988.0,K530S5301988
44103,44070,63609,victoria,lopez-bumgartner,1988.0,V236L1211988,63609,victoria,lopez-bumgartner,1988.0,V236L1211988
44152,44151,63640,ashiq,ali,2050.0,A220A4002050,63640,ashiq,ali,2050.0,A220A4002050
44159,44157,63632,jordan,monagas,1993.0,J635M5221993,63632,jordan,monagas,1993.0,J635M5221993
44164,41614,8950,zachary,williams,1991.0,Z260W4521991,8950,zachary,williams,1991.0,Z260W4521991
44174,44173,18316,christopher,colon,1986.0,C623C4501986,18316,christopher,colon,1986.0,C623C4501986
44195,1836,51351,horace,taffe,2071.0,H620T1002071,51351,horace,taffe,2071.0,H620T1002071
44195,1837,51351,horace,taffe,2071.0,H620T1002071,51351,horace,taffe,2071.0,H620T1002071
44254,44253,63670,lawrence,andrews,1989.0,L652A5361989,63670,lawrence,andrews,1989.0,L652A5361989
44255,44253,63670,lawrence,andrews,1989.0,L652A5361989,63670,lawrence,andrews,1989.0,L652A5361989
44255,44254,63670,lawrence,andrews,1989.0,L652A5361989,63670,lawrence,andrews,1989.0,L652A5361989
44261,44260,63668,ajai,ortiz,1996.0,A200O6321996,63668,ajai,ortiz,1996.0,A200O6321996
44272,44271,63672,federick,miller,2074.0,F362M4602074,63672,federick,miller,2074.0,F362M4602074
44273,44271,63672,federick,miller,2074.0,F362M4602074,63672,federick,miller,2074.0,F362M4602074
44273,44272,63672,federick,miller,2074.0,F362M4602074,63672,federick,miller,2074.0,F362M4602074
44287,44286,21237,jermiah,boykins,1990.0,J650B2521990,21237,jermiah,boykins,1990.0,J650B2521990
44288,44286,21237,jermiah,boykins,1990.0,J650B2521990,21237,jermiah,boykins,1990.0,J650B2521990
44288,44287,21237,jermiah,boykins,1990.0,J650B2521990,21237,jermiah,boykins,1990.0,J650B2521990
44304,38221,44416,michael,francisco,1980.0,M240F6521980,44416,michael,francisco,1980.0,M240F6521980
44319,26370,58388,martez,cooper,1995.0,M632C1601995,58388,martez,cooper,1995.0,M632C1601995
44319,29739,58388,martez,cooper,1995.0,M632C1601995,58388,martez,cooper,1995.0,M632C1601995
44319,29741,58388,martez,cooper,1995.0,M632C1601995,58388,martez,cooper,1995.0,M632C1601995
44321,26370,58388,martez,cooper,1995.0,M632C1601995,58388,martez,cooper,1995.0,M632C1601995
44321,29739,58388,martez,cooper,1995.0,M632C1601995,58388,martez,cooper,1995.0,M632C1601995
44321,29741,58388,martez,cooper,1995.0,M632C1601995,58388,martez,cooper,1995.0,M632C1601995
44321,44319,58388,martez,cooper,1995.0,M632C1601995,58388,martez,cooper,1995.0,M632C1601995
44342,44341,63681,david,heller,2074.0,D130H4602074,63681,david,heller,2074.0,D130H4602074
44352,42464,63679,andres,ussa,1993.0,A536U2001993,55053,andres,ussa,1993.0,A536U2001993
44368,44367,63682,narendra,sirjoo,1986.0,N653S6201986,63682,narendra,sirjoo,1986.0,N653S6201986
44371,42040,25315,niesha,blue,1992.0,N200B4001992,25315,niesha,blue,1992.0,N200B4001992
44374,143,50892,omar,yunis,1992.0,O560Y5201992,50892,omar,yunis,1992.0,O560Y5201992
44374,5063,50892,omar,yunis,1992.0,O560Y5201992,50892,omar,yunis,1992.0,O560Y5201992
44375,143,50892,omar,yunis,1992.0,O560Y5201992,50892,omar,yunis,1992.0,O560Y5201992
44375,5063,50892,omar,yunis,1992.0,O560Y5201992,50892,omar,yunis,1992.0,O560Y5201992
44375,44374,50892,omar,yunis,1992.0,O560Y5201992,50892,omar,yunis,1992.0,O560Y5201992
44384,44383,63712,michael,kilheeney,2064.0,M240K4502064,63712,michael,kilheeney,2064.0,M240K4502064
44390,44389,63684,john,giorlando,2063.0,J500G6452063,63684,john,giorlando,2063.0,J500G6452063
44399,44397,63692,eric,pabon,2068.0,E620P1502068,63692,eric,pabon,2068.0,E620P1502068
44416,44415,63747,brian,blanchette,2063.0,B650B4522063,63747,brian,blanchette,2063.0,B650B4522063
44460,24226,57791,michael,waddell,1982.0,M240W3401982,57791,michael,waddell,1982.0,M240W3401982
44460,24227,57791,michael,waddell,1982.0,M240W3401982,57791,michael,waddell,1982.0,M240W3401982
44472,18296,56099,stephanie,sawyer,1983.0,S315S6001983,56099,stephanie,sawyer,1983.0,S315S6001983
44480,44479,9996,liana,principe,2069.0,L500P6522069,9996,liana,principe,2069.0,L500P6522069
44488,44487,63736,erlan,viscarra,1976.0,E645V2601976,63736,erlan,viscarra,1976.0,E645V2601976
44503,44502,63715,ralph,augustin,1984.0,R410A2231984,63715,ralph,augustin,1984.0,R410A2231984
44505,25502,58155,sergio,garcia,2074.0,S620G6202074,58155,sergio,garcia,2074.0,S620G6202074
44528,44527,63761,czsaok,ramos,1985.0,C200R5201985,63761,cyouhs,ramos,1985.0,C200R5201985
44540,44538,59663,alona,schwartzbach,2066.0,A450S6322066,59663,alona,schwartzbach,2066.0,A450S6322066
44570,44569,63782,coby,joseph,2063.0,C100J2102063,63782,coby,joseph,2063.0,C100J2102063
44591,36162,63759,demario,dixon,1989.0,D560D2501989,20466,demario,dixon,1989.0,D560D2501989
44591,36163,63759,demario,dixon,1989.0,D560D2501989,20466,demario,dixon,1989.0,D560D2501989
44614,44613,63788,angela,iacobelli,1989.0,A524I2141989,63788,angela,iacobelli,1989.0,A524I2141989
44619,17591,55839,david,cadet,1993.0,D130C3301993,55839,david,cadet,1993.0,D130C3301993
44641,44640,63814,lorenzo,carbajal,1980.0,L652C6121980,63814,lorenzo,carbajal,1980.0,L652C6121980
44648,44646,21667,josue,pierre,1985.0,J200P6001985,21667,josue,pierre,1985.0,J200P6001985
44683,44682,63801,terris,kintchen,1978.0,T620K5321978,63801,terris,kintchen,1978.0,T620K5321978
44684,44682,63801,terris,kintchen,1978.0,T620K5321978,63801,terris,kintchen,1978.0,T620K5321978
44684,44683,63801,terris,kintchen,1978.0,T620K5321978,63801,terris,kintchen,1978.0,T620K5321978
44695,44694,63811,geovanni,moreira,1988.0,G150M6601988,63811,geovanni,moreira,1988.0,G150M6601988
44696,44694,63811,geovanni,moreira,1988.0,G150M6601988,63811,geovanni,moreira,1988.0,G150M6601988
44696,44695,63811,geovanni,moreira,1988.0,G150M6601988,63811,geovanni,moreira,1988.0,G150M6601988
44698,44697,63791,jonathan,toussaint,1995.0,J535T2531995,63791,jonathan,toussaint,1995.0,J535T2531995
44714,44713,33275,ryanne,dunford,1991.0,R500D5161991,33275,ryanne,dunford,1991.0,R500D5161991
44717,44715,27072,jeffrey,hunt,1977.0,J160H5301977,27072,jeffrey,hunt,1977.0,J160H5301977
44728,848,1499,steve,sevil,1987.0,S310S1401987,1499,steve,sevil,1987.0,S310S1401987
44741,44740,63821,carlo,lopez,1989.0,C640L1201989,63821,carlo,lopez,1989.0,C640L1201989
44742,34201,63815,james,mitchell,1986.0,J520M3241986,60772,james,mitchell,1986.0,J520M3241986
44742,34202,63815,james,mitchell,1986.0,J520M3241986,60772,james,mitchell,1986.0,J520M3241986
44746,44745,63824,milton,franklin,1984.0,M435F6521984,63824,milton,franklin,1984.0,M435F6521984
44756,44754,10335,john,hughes,2072.0,J500H2202072,10335,john,hughes,2072.0,J500H2202072
44767,44766,63823,george,bedward,1981.0,G620B3631981,63823,george,bedward,1981.0,G620B3631981
44785,44784,63830,jean,jeanbaptiste,1983.0,J500J5111983,63830,jean,jeanbaptiste,1983.0,J500J5111983
44792,44790,63837,melinda,vanier,2065.0,M453V5602065,63837,melinda,vanier,2065.0,M453V5602065
44825,44823,63828,coletter,jenkins,1979.0,C436J5251979,63828,coletter,jenkins,1979.0,C436J5251979
44840,44838,63862,clairemise,toussaint,2072.0,C465T2532072,63862,clairemise,toussaint,2072.0,C465T2532072
44866,44865,63875,bryan,jordan,1996.0,B650J6351996,63875,bryan,jordan,1996.0,B650J6351996
44873,44872,63851,quinton,taylor,1991.0,Q535T4601991,63851,quinton,taylor,1991.0,Q535T4601991
44875,44874,63863,frederick,taylor,2057.0,F636T4602057,63863,frederick,taylor,2057.0,F636T4602057
44951,44950,63881,james,major,1983.0,J520M2601983,63881,james,major,1983.0,J520M2601983
44988,29007,59217,jose,pantaleon,1983.0,J200P5341983,59217,jose,pantaleon,1983.0,J200P5341983
44990,29007,59217,jose,pantaleon,1983.0,J200P5341983,59217,jose,pantaleon,1983.0,J200P5341983
44990,44988,59217,jose,pantaleon,1983.0,J200P5341983,59217,jose,pantaleon,1983.0,J200P5341983
44998,44997,33877,delton,hollis,1986.0,D435H4201986,33877,delton,hollis,1986.0,D435H4201986
45016,45015,63923,omar,hughes,1978.0,O560H2201978,63923,omar,hughes,1978.0,O560H2201978
45056,45054,63905,aaron,white,2070.0,A650W3002070,63905,aaron,white,2070.0,A650W3002070
45061,45060,63902,yvette,paret,2071.0,Y130P6302071,63902,yvette,paret,2071.0,Y130P6302071
45062,45060,63902,yvette,paret,2071.0,Y130P6302071,63902,yvette,paret,2071.0,Y130P6302071
45062,45061,63902,yvette,paret,2071.0,Y130P6302071,63902,yvette,paret,2071.0,Y130P6302071
45065,45064,63908,lori,henrickson,2074.0,L600H5622074,63908,lori,henrickson,2074.0,L600H5622074
45070,45069,63911,dwonul,nardo,1990.0,D540N6301990,63911,daniel,nardo,1990.0,D540N6301990
45098,45097,63934,bryant,rogers,1992.0,B653R2621992,63934,bryant,rogers,1992.0,B653R2621992
45100,3687,18100,freddy,crespo,1984.0,F630C6211984,18100,freddy,crespo,1984.0,F630C6211984
45100,10632,18100,freddy,crespo,1984.0,F630C6211984,18100,freddy,crespo,1984.0,F630C6211984
45100,10634,18100,freddy,crespo,1984.0,F630C6211984,18100,freddy,crespo,1984.0,F630C6211984
45102,20674,56729,michael,creightney,1992.0,M240C6231992,56729,michael,creightney,1992.0,M240C6231992
45102,40816,56729,michael,creightney,1992.0,M240C6231992,56729,michael,creightney,1992.0,M240C6231992
45107,45106,63942,osiel,valdes-perez,1993.0,O240V4321993,63942,osiel,valdezscprez,1993.0,O240V4321993
45109,45108,63946,julio,allende,1994.0,J400A4531994,63946,julio,allende,1994.0,J400A4531994
45110,45108,63946,julio,allende,1994.0,J400A4531994,63946,julio,allende,1994.0,J400A4531994
45110,45109,63946,julio,allende,1994.0,J400A4531994,63946,julio,allende,1994.0,J400A4531994
45127,38193,61944,ricky,bynum,1985.0,R200B5501985,61944,ricky,bynum,1985.0,R200B5501985
45131,35586,63939,joseph,young,2060.0,J210Y5202060,61207,joseph,young,2060.0,J210Y5202060
45188,45186,63932,frank,flaiani,2067.0,F652F4502067,63932,frank,flaiani,2067.0,F652F4502067
45196,39836,63947,robert,brantley,1989.0,R163B6531989,62438,robert,brandt,1989.0,R163B6531989
45218,45216,63969,manuel,perez,1987.0,M540P6201987,63969,manuel,perez,1987.0,M540P6201987
45221,45220,63962,magdiel,pena,1988.0,M234P5001988,63962,magdiel,pena,1988.0,M234P5001988
45250,45249,63975,michael,ecchio,2062.0,M240E2002062,63975,michael,ecchio,2062.0,M240E2002062
45269,45268,63960,jean,piyrrelxfic,1983.0,J500P6421983,63960,jean,pierrelouis,1983.0,J500P6421983
45281,11841,45154,david,darman,2070.0,D130D6552070,45154,david,darman,2070.0,D130D6552070
45295,45294,63997,magali,docio,1990.0,M240D2001990,63997,magali,docio,1990.0,M240D2001990
45323,45322,63993,anthony,alaniz,2072.0,A535A4522072,63993,anthony,alaniz,2072.0,A535A4522072
45325,45324,6394,richard,raspberry,2069.0,R263R2162069,6394,richard,raspberry,2069.0,R263R2162069
45335,45334,20243,zachary,levy,1991.0,Z260L1001991,20243,zachary,levy,1991.0,Z260L1001991
45362,45360,7953,daniel,rodriuez,2047.0,D540R3622047,7953,daniel,rodriuez,2047.0,D540R3622047
45367,26778,58549,kevin,watrous,2052.0,K150W3622052,58549,kevin,watrous,2052.0,K150W3622052
45367,26780,58549,kevin,watrous,2052.0,K150W3622052,58549,kevin,watrous,2052.0,K150W3622052
45383,45381,64012,tyler,conrad,1984.0,T460C5631984,64012,tyler,conrad,1984.0,T460C5631984
45385,45384,64016,shayne,sieber,1994.0,S500S1601994,64016,shayne,sieber,1994.0,S500S1601994
45413,45411,44206,robert,singh,1994.0,R163S5201994,44206,robert,singh,1994.0,R163S5201994
45422,45421,64023,tiffany,taylor,1984.0,T150T4601984,64023,tiffany,taylor,1984.0,T150T4601984
45427,45426,64022,manuel,font,2060.0,M540F5302060,64022,manuel,font,2060.0,M540F5302060
45431,45430,5155,eric,toledo,1987.0,E620T4301987,5155,eric,toledo,1987.0,E620T4301987
45450,17743,64026,karla,rosales,1979.0,K640R2421979,55894,karla,rosales-tobias,1979.0,K640R2421979
45450,17744,64026,karla,rosales,1979.0,K640R2421979,55894,karla,rosales-tobias,1979.0,K640R2421979
45455,45454,64033,jeremy,hinkley,1976.0,J650H5241976,64033,jeremy,hinkley,1976.0,J650H5241976
45466,45465,64027,vickki,vazquez,1986.0,V200V2201986,64027,vickki,vazquez,1986.0,V200V2201986
45468,11649,54213,adam,mccarthy,2066.0,A350M2632066,54213,adam,mccarthy,2066.0,A350M2632066
45480,24024,57706,therese,patterson,2046.0,T620P3622046,57706,therese,patterson,2046.0,T620P3622046
45480,24025,57706,therese,patterson,2046.0,T620P3622046,57706,therese,patterson,2046.0,T620P3622046
45481,24024,57706,therese,patterson,2046.0,T620P3622046,57706,therese,patterson,2046.0,T620P3622046
45481,24025,57706,therese,patterson,2046.0,T620P3622046,57706,therese,patterson,2046.0,T620P3622046
45481,45480,57706,therese,patterson,2046.0,T620P3622046,57706,therese,patterson,2046.0,T620P3622046
45488,45486,64024,anselo,calix,2059.0,A524C4202059,64024,anselo,calix,2059.0,A524C4202059
45497,45496,64036,bettinya,petithomme,1979.0,B350P3351979,64036,bettinya,petithomme,1979.0,B350P3351979
45526,45525,64048,adrian,espinoza,1976.0,A365E2151976,64048,adrian,espinoza,1976.0,A365E2151976
45532,45531,29113,wichi,ferbil,1992.0,W200F6141992,29113,wichi,ferbil,1992.0,W200F6141992
45550,45549,64059,rodinelli,dossantos,1982.0,R354D2531982,64059,rodinelli,dossantos,1982.0,R354D2531982
45563,45561,64043,lawrence,mingo,2060.0,L652M5202060,64043,lawrence,mingo,2060.0,L652M5202060
45569,45567,64055,carlos,arcinigdqkutieyrez,2062.0,C642A6252062,64055,carlos,arcinigeagutierrez,2062.0,C642A6252062
45572,45571,15369,darance,glass,1985.0,D652G4201985,15369,darance,glass,1985.0,D652G4201985
45575,45574,64046,jared,moussa,1981.0,J630M2001981,64046,jared,moussa,1981.0,J630M2001981
45577,34201,63815,james,mydchxkl,1986.0,J520M3241986,60772,james,mitchell,1986.0,J520M3241986
45577,34202,63815,james,mydchxkl,1986.0,J520M3241986,60772,james,mitchell,1986.0,J520M3241986
45577,44742,63815,james,mydchxkl,1986.0,J520M3241986,63815,james,mitchell,1986.0,J520M3241986
45597,29475,35016,jehhj,taylor,1993.0,J200T4601993,59365,joshua,tlyyr,1993.0,J200T4601993
45608,45607,64077,michael,savio,1979.0,M240S1001979,64077,michael,savio,1979.0,M240S1001979
45618,42391,63135,olivier,woodson,1997.0,O416W3251997,63135,olivier,woodson,1997.0,O416W3251997
45618,42392,63135,olivier,woodson,1997.0,O416W3251997,63135,olivier,woodson,1997.0,O416W3251997
45628,45627,64076,tyrus,hicks,1990.0,T620H2001990,64076,tyrus,hicks,1990.0,T620H2001990
45643,6250,2577,joseph,shears,1980.0,J210S6201980,16099,joseph,sraks,1980.0,J210S6201980
45646,666,50997,raphale,demeritte,1994.0,R140D5631994,50997,raphale,demeritte,1994.0,R140D5631994
45646,668,50997,raphale,demeritte,1994.0,R140D5631994,50997,raphale,demeritte,1994.0,R140D5631994
45646,1639,50997,raphale,demeritte,1994.0,R140D5631994,50997,raphale,demeritte,1994.0,R140D5631994
45648,23847,23992,eddie,foster,2066.0,E300F2362066,23992,eddie,foster,2066.0,E300F2362066
45653,45651,64078,debrah,pollard,2066.0,D160P4632066,64078,debrah,pollard,2066.0,D160P4632066
45659,45658,64075,cindy,guerrier,1978.0,C530G6601978,64075,cindy,guerrier,1978.0,C530G6601978
45661,45660,64072,damion,mckinney,1978.0,D550M2501978,64072,damion,mckinney,1978.0,D550M2501978
45680,40079,6242,kelly,darryl,1985.0,K400D6401985,6242,kelly,darryl,1985.0,K400D6401985
45682,28611,59112,mario,brown,1979.0,M600B6501979,59112,mario,brown,1979.0,M600B6501979
45682,28613,59112,mario,brown,1979.0,M600B6501979,59112,mario,brown,1979.0,M600B6501979
45683,28611,59112,mario,brown,1979.0,M600B6501979,59112,mario,brown,1979.0,M600B6501979
45683,28613,59112,mario,brown,1979.0,M600B6501979,59112,mario,brown,1979.0,M600B6501979
45683,45682,59112,mario,brown,1979.0,M600B6501979,59112,mario,brown,1979.0,M600B6501979
45688,45687,27589,danette,torres,2058.0,D530T6202058,27589,danette,torres,2058.0,D530T6202058
45694,45693,64088,lawrence,metzger,2061.0,L652M3262061,64088,lawrence,metzger,2061.0,L652M3262061
45698,45697,64093,cheryl,faison,2067.0,C640F2502067,64093,cheryl,faison,2067.0,C640F2502067
45710,1335,30243,aquaria,mitchell,1993.0,A260M3241993,30243,aquaria,mitchell,1993.0,A260M3241993
45712,15203,55116,asher,roberti,1985.0,A260R1631985,55116,asher,roberti,1985.0,A260R1631985
45716,45714,64085,brandon,inzinna,1995.0,B653I5251995,64085,brandon,inzinna,1995.0,B653I5251995
45738,10501,64112,catie,boyer,1992.0,C300B6001992,53874,catie,boyer,1992.0,C300B6001992
45738,10502,64112,catie,boyer,1992.0,C300B6001992,53874,catie,boyer,1992.0,C300B6001992
45739,10501,64112,catie,boyer,1992.0,C300B6001992,53874,catie,boyer,1992.0,C300B6001992
45739,10502,64112,catie,boyer,1992.0,C300B6001992,53874,catie,boyer,1992.0,C300B6001992
45739,45738,64112,catie,boyer,1992.0,C300B6001992,64112,catie,boyer,1992.0,C300B6001992
45746,45745,64101,david,penso,1995.0,D130P5201995,64101,david,penso,1995.0,D130P5201995
45760,45759,64119,daniel,john,1982.0,D540J5001982,64119,daniel,john,1982.0,D540J5001982
45773,45772,42172,donovan,sheffield,1990.0,D515S1431990,42172,donovan,sheffield,1990.0,D515S1431990
45781,45780,48914,dexton,lobban,1976.0,D235L1501976,48914,dexton,lobban,1976.0,D235L1501976
45787,45786,61744,jeffery,jacques,2065.0,J160J2202065,61744,jeffery,jacques,2065.0,J160J2202065
45806,22642,48727,romina,rosen,1976.0,R550R2501976,48727,romina,rosen,1976.0,R550R2501976
45825,40617,62637,willie,norris,2059.0,W400N6202059,62637,willie,norris,2059.0,W400N6202059
45825,40618,62637,willie,norris,2059.0,W400N6202059,62637,willie,norris,2059.0,W400N6202059
45825,40619,62637,willie,norris,2059.0,W400N6202059,62637,willie,norris,2059.0,W400N6202059
45837,25325,47311,ralph,davila,2071.0,R410D1402071,47311,ralph,davila,2071.0,R410D1402071
45838,25325,47311,ralph,davila,2071.0,R410D1402071,47311,ralph,davila,2071.0,R410D1402071
45838,45837,47311,ralph,davila,2071.0,R410D1402071,47311,ralph,davila,2071.0,R410D1402071
45841,45840,64132,carlos,fiallos,2065.0,C642F4202065,64132,carlos,fiallos,2065.0,C642F4202065
45844,45843,64127,christopher,tribie,1991.0,C623T6101991,64127,chrystrohjr,tribie,1991.0,C623T6101991
45851,45849,14740,dillon,duston,1991.0,D450D2351991,14740,dillon,duston,1991.0,D450D2351991
45866,45865,64135,sebastian,rodriguez,1988.0,S123R3621988,64135,sebastian,rodriguez,1988.0,S123R3621988
45867,10132,64137,angel,grieco,1991.0,A524G6201991,53788,angelica,garcia,1991.0,A524G6201991
45868,10132,64137,angel,grieco,1991.0,A524G6201991,53788,angelica,garcia,1991.0,A524G6201991
45868,45867,64137,angel,grieco,1991.0,A524G6201991,64137,angel,grieco,1991.0,A524G6201991
45878,45877,64131,aline,campos,1991.0,A450C5121991,64131,aline,campos,1991.0,A450C5121991
45910,45909,40138,starlin,caraballo,1985.0,S364C6141985,40138,starlin,caraballo,1985.0,S364C6141985
45911,45909,40138,starlin,caraballo,1985.0,S364C6141985,40138,starlin,caraballo,1985.0,S364C6141985
45911,45910,40138,starlin,caraballo,1985.0,S364C6141985,40138,starlin,caraballo,1985.0,S364C6141985
45929,45927,64160,carlamendra,dass,2065.0,C645D2002065,64160,carlamendra,dass,2065.0,C645D2002065
45934,45933,64171,david,comfort,1985.0,D130C5161985,64171,david,comfort,1985.0,D130C5161985
45937,45936,64161,kristen,green,1976.0,K623G6501976,64161,kristen,green,1976.0,K623G6501976
45947,45945,5005,rony,nordelus,1986.0,R500N6341986,5005,rony,nordelus,1986.0,R500N6341986
45979,45978,64151,michael,waddick,1988.0,M240W3201988,64151,michael,waddick,1988.0,M240W3201988
45982,45981,64165,charles,phwtdnno,2042.0,C642P3502042,64165,charles,pettineo,2042.0,C642P3502042
45995,45993,64179,allen,onarjai,1993.0,A450O5621993,64179,allen,onarjai,1993.0,A450O5621993
45999,1004,64158,jodie,sena,1991.0,J300S5001991,51110,jodie,sena,1991.0,J300S5001991
46004,46003,64174,nasser,ayestastoledo,1985.0,N260A2321985,64174,nasser,ayestastoledo,1985.0,N260A2321985
46006,29196,59295,thomas,fairbrother,1985.0,T520F6161985,59295,thomas,fairbrother,1985.0,T520F6161985
46019,46018,64183,frankie,alexander,1984.0,F652A4251984,64183,frankie,alexander,1984.0,F652A4251984
46025,46023,64181,clifford,walker,2072.0,C416W4262072,64181,clifford,walker,2072.0,C416W4262072
46042,46041,64185,sean,sultan,2070.0,S500S4352070,64185,sean,sultan,2070.0,S500S4352070
46051,46050,64199,almenie,santksgaulufo,1986.0,A455S5321986,64199,almenie,santospaulino,1986.0,A455S5321986
46054,46053,64201,robert,sansone,2060.0,R163S5252060,64201,robert,sansone,2060.0,R163S5252060
46061,46060,55918,giovanni,de paola,2069.0,G150D1402069,55918,giovanni,de paola,2069.0,G150D1402069
46063,6676,49848,neville,henry,1992.0,N140H5601992,49848,neville,henry,1992.0,N140H5601992
46063,6677,49848,neville,henry,1992.0,N140H5601992,49848,neville,henry,1992.0,N140H5601992
46063,14020,49848,neville,henry,1992.0,N140H5601992,49848,neville,henry,1992.0,N140H5601992
46067,46066,64200,ainoa,langarica,1988.0,A500L5261988,64200,ainoa,langarica,1988.0,A500L5261988
46075,46074,64193,llotoya,robinson,1984.0,L300R1521984,64193,llotoya,robinson,1984.0,L300R1521984
46090,46089,64206,david,henao,1989.0,D130H5001989,64206,david,henao,1989.0,D130H5001989
46091,46089,64206,david,henao,1989.0,D130H5001989,64206,david,henao,1989.0,D130H5001989
46091,46090,64206,david,henao,1989.0,D130H5001989,64206,david,henao,1989.0,D130H5001989
46097,46096,64180,robert,jackson,1984.0,R163J2501984,64180,robert,jackson,1984.0,R163J2501984
46102,46101,64202,torrey,phbtdrsov,1981.0,T600P3621981,64202,torrey,patterson,1981.0,T600P3621981
46121,46119,64225,tiara,martin,1990.0,T600M6351990,64225,tiara,martin,1990.0,T600M6351990
46132,19083,56330,donald,hitjhinspu,1995.0,D543H3251995,56330,donald,hutchinson,1995.0,D543H3251995
46151,46150,21025,ciristophwe,digraziano,1980.0,C623D2621980,21025,christopher,digraziano,1980.0,C623D2621980
46165,46164,50117,yauricasa,tineo,1987.0,Y622T5001987,50117,yauricasa,tineo,1987.0,Y622T5001987
46168,27780,58882,larry,derose,2058.0,L600D6202058,58882,larry,derose,2058.0,L600D6202058
46168,27782,58882,larry,derose,2058.0,L600D6202058,58882,larry,derose,2058.0,L600D6202058
46169,27780,58882,larry,derose,2058.0,L600D6202058,58882,larry,derose,2058.0,L600D6202058
46169,27782,58882,larry,derose,2058.0,L600D6202058,58882,larry,derose,2058.0,L600D6202058
46169,46168,58882,larry,derose,2058.0,L600D6202058,58882,larry,derose,2058.0,L600D6202058
46174,46172,44174,joshua,newkirk,1992.0,J200N2621992,44174,joshua,newkirk,1992.0,J200N2621992
46175,46172,44174,joshua,nkaeurk,1992.0,J200N2621992,44174,joshua,newkirk,1992.0,J200N2621992
46175,46174,44174,joshua,nkaeurk,1992.0,J200N2621992,44174,joshua,newkirk,1992.0,J200N2621992
46180,46179,64215,ricky,bridgelal,1991.0,R200B6321991,64215,ricky,bridgelal,1991.0,R200B6321991
46190,46189,64231,jacqueline,houtmann-vacca,2064.0,J245H3552064,64231,jacqueline,houtmann-vacca,2064.0,J245H3552064
46207,46206,64237,jean,jeangilles,1986.0,J500J5241986,64237,jean,jeangilles,1986.0,J500J5241986
46240,46239,64256,john,schupbach,1975.0,J500S1201975,64256,john,schupbach,1975.0,J500S1201975
46252,46251,49717,wayne,nelson,2060.0,W500N4252060,49717,wayne,nelson,2060.0,W500N4252060
46263,36159,25871,marko,marcetic,1981.0,M620M6231981,61340,marko,marcetic,1981.0,M620M6231981
46263,36161,25871,marko,marcetic,1981.0,M620M6231981,61340,marko,marcetic,1981.0,M620M6231981
46265,36159,25871,marko,marcetic,1981.0,M620M6231981,61340,marko,marcetic,1981.0,M620M6231981
46265,36161,25871,marko,marcetic,1981.0,M620M6231981,61340,marko,marcetic,1981.0,M620M6231981
46265,46263,25871,marko,marcetic,1981.0,M620M6231981,25871,marko,marcetic,1981.0,M620M6231981
46289,46288,41636,garold,jackson,2063.0,G643J2502063,41636,garold,jackson,2063.0,G643J2502063
46298,35174,61079,mark,alamo,1995.0,M620A4501995,61079,mark,alamo,1995.0,M620A4501995
46315,18071,55996,sergio,busto,1994.0,S620B2301994,55996,sergio,busto,1994.0,S620B2301994
46325,46324,64278,andrew,woodard,1986.0,A536W3631986,64278,andrew,woodard,1986.0,A536W3631986
46327,46326,57162,michael,denonno,2070.0,M240D5502070,57162,michael,denonno,2070.0,M240D5502070
46332,46330,62780,immanuel,crafton,1987.0,I554C6131987,62780,immanuel,crafton,1987.0,I554C6131987
46334,46330,62780,immanuel,crafton,1987.0,I554C6131987,62780,immanuel,crafton,1987.0,I554C6131987
46334,46332,62780,immanuel,crafton,1987.0,I554C6131987,62780,immanuel,crafton,1987.0,I554C6131987
46349,46348,64262,jacklyn,shannon,2074.0,J245S5502074,64262,jacklyn,shannon,2074.0,J245S5502074
46367,46366,64284,justin,mcclure,1984.0,J235M2461984,64284,justin,mcclure,1984.0,J235M2461984
46371,40596,62628,nykia,thompson,1993.0,N200T5121993,62628,nykia,thompson,1993.0,N200T5121993
46386,25129,58037,john,mtchell,2049.0,J500M3242049,58037,john,mtchell,2049.0,J500M3242049
46388,25129,58037,john,mtchell,2049.0,J500M3242049,58037,john,mtchell,2049.0,J500M3242049
46388,46386,58037,john,mtchell,2049.0,J500M3242049,58037,john,mtchell,2049.0,J500M3242049
46403,12678,54443,monique,young,2061.0,M520Y5202061,54443,monique,young,2061.0,M520Y5202061
46403,12680,54443,monique,young,2061.0,M520Y5202061,54443,monique,young,2061.0,M520Y5202061
46407,25629,64290,devaughn,edwards,1994.0,D125E3631994,50493,dpsmra,edwards,1994.0,D125E3631994
46409,25629,64290,devaughn,edwards,1994.0,D125E3631994,50493,dpsmra,edwards,1994.0,D125E3631994
46409,46407,64290,devaughn,edwards,1994.0,D125E3631994,64290,devaughn,edwards,1994.0,D125E3631994
46411,46410,64288,thomas,hickman,2071.0,T520H2552071,64288,thomas,hickman,2071.0,T520H2552071
46414,33066,60425,dewayne,lee,1995.0,D500L0001995,60425,dewayne,lee,1995.0,D500L0001995
46432,46431,64285,edvaldo,depaiva,1983.0,E314D1101983,64285,edvaldo,depaiva,1983.0,E314D1101983
46448,46446,27809,dorothy,andrews,1979.0,D630A5361979,27809,dorothy,andrews,1979.0,D630A5361979
46469,46467,64305,louinel,simon,1975.0,L540S5501975,64305,louinel,simon,1975.0,L540S5501975
46472,46471,64301,luis,moya,1990.0,L200M0001990,64301,luis,moya,1990.0,L200M0001990
46475,46474,64302,james,wheeler,1986.0,J520W4601986,64302,james,wheeler,1986.0,J520W4601986
46478,46474,64302,james,wheeler,1986.0,J520W4601986,64302,james,wheeler,1986.0,J520W4601986
46478,46475,64302,james,wheeler,1986.0,J520W4601986,64302,james,wheeler,1986.0,J520W4601986
46489,43393,36680,robert,jones,1986.0,R163J5201986,36680,robert,jones,1986.0,R163J5201986
46510,9682,53661,jessica,soto,1988.0,J220S3001988,53661,jessica,soto,1988.0,J220S3001988
46525,46524,64357,eddie,rosazza,1980.0,E300R2201980,64357,eddie,rosazza,1980.0,E300R2201980
46528,28783,59165,joseph,ungerland,1990.0,J210U5261990,59167,joseph,ungerland,1990.0,J210U5261990
46528,28784,59165,joseph,ungerland,1990.0,J210U5261990,59167,joseph,ungerland,1990.0,J210U5261990
46529,28783,59165,joseph,ungerland,1990.0,J210U5261990,59167,joseph,ungerland,1990.0,J210U5261990
46529,28784,59165,joseph,ungerland,1990.0,J210U5261990,59167,joseph,ungerland,1990.0,J210U5261990
46529,46528,59165,joseph,ungerland,1990.0,J210U5261990,59165,joseph,ungerland,1990.0,J210U5261990
46556,46555,64317,olivia,benitez,1990.0,O410B5321990,64317,olivia,benitez,1990.0,O410B5321990
46558,22841,57372,derrick,pitter,2067.0,D620P3602067,57372,derrick,pitter,2067.0,D620P3602067
46559,22841,57372,derrick,pitter,2067.0,D620P3602067,57372,derrick,pitter,2067.0,D620P3602067
46559,46558,57372,derrick,pitter,2067.0,D620P3602067,57372,derrick,pitter,2067.0,D620P3602067
46571,22191,57167,lester,lucas,2065.0,L236L2202065,57167,lester,lucas,2065.0,L236L2202065
46574,46572,64338,sue,dooley,2066.0,S000D4002066,64338,sue,dooley,2066.0,S000D4002066
46577,46575,64328,german,villabolos,2064.0,G655V4142064,64328,german,villabolos,2064.0,G655V4142064
46583,46581,64318,sheara,bryant,2068.0,S600B6532068,64318,sheara,bryant,2068.0,S600B6532068
46598,46596,64336,benny,robinson,2050.0,B500R1522050,64336,benny,robinson,2050.0,B500R1522050
46613,46612,64374,raul,umana,2053.0,R400U5502053,64374,raul,umana,2053.0,R400U5502053
46616,46615,64381,muller,vedrine,1990.0,M460V3651990,64381,muller,vedrine,1990.0,M460V3651990
46631,34501,60877,keith,antolick,2052.0,K300A5342052,60877,keith,antolick,2052.0,K300A5342052
46631,34502,60877,keith,antolick,2052.0,K300A5342052,60877,keith,antolick,2052.0,K300A5342052
46639,46638,64371,anthony,andrews,1988.0,A535A5361988,64371,anthony,andrews,1988.0,A535A5361988
46674,9325,53547,jay,shore,2057.0,J000S6002057,53547,jay,shore,2057.0,J000S6002057
46681,46680,64366,manal,omar,2071.0,M540O5602071,64366,manal,omar,2071.0,M540O5602071
46698,25952,58289,leroy,bailey,2061.0,L600B4002061,58289,leroy,bailey,2061.0,L600B4002061
46699,25952,58289,leroy,bailey,2061.0,L600B4002061,58289,leroy,bailey,2061.0,L600B4002061
46699,46698,58289,leroy,bailey,2061.0,L600B4002061,58289,leroy,bailey,2061.0,L600B4002061
46712,46711,64367,carlos,tinoco,1992.0,C642T5201992,64367,carlos,tinoco,1992.0,C642T5201992
46723,46722,64397,paulo,galarce,1994.0,P400G4621994,64397,paulo,galarce,1994.0,P400G4621994
46724,46722,64397,paulo,galarce,1994.0,P400G4621994,64397,paulo,galarce,1994.0,P400G4621994
46724,46723,64397,paulo,galarce,1994.0,P400G4621994,64397,paulo,galarce,1994.0,P400G4621994
46747,20810,49911,mike,delgado,1986.0,M200D4231986,49911,mike,delgado,1986.0,M200D4231986
46748,29494,49911,ucxo,doxvadt,1986.0,U200D2131986,59343,uoseei,dsfta,1986.0,U200D2131986
46750,46749,64401,nervis,saravia,1987.0,N612S6101987,64401,nervis,saravia,1987.0,N612S6101987
46751,46749,64401,nervis,saravia,1987.0,N612S6101987,64401,nervis,saravia,1987.0,N612S6101987
46751,46750,64401,nervis,saravia,1987.0,N612S6101987,64401,nervis,saravia,1987.0,N612S6101987
46753,46752,63858,lori,lester,2073.0,L600L2362073,63858,lori,lester,2073.0,L600L2362073
46765,46764,64389,jonathan,reyes,1986.0,J535R2001986,64389,jonathan,reyes,1986.0,J535R2001986
46766,46764,64389,jonathan,reyes,1986.0,J535R2001986,64389,jonathan,reyes,1986.0,J535R2001986
46766,46765,64389,jonathan,reyes,1986.0,J535R2001986,64389,jonathan,reyes,1986.0,J535R2001986
46784,46752,63858,lori,lester,2073.0,L600L2362073,63858,lori,lester,2073.0,L600L2362073
46784,46753,63858,lori,lester,2073.0,L600L2362073,63858,lori,lester,2073.0,L600L2362073
46790,46789,64391,christopher,collins,1995.0,C623C4521995,64391,christopher,collins,1995.0,C623C4521995
46813,40317,62562,dwight,grinion,1994.0,D230G6551994,62562,dwight,grinion,1994.0,D230G6551994
46813,40319,62562,dwight,grinion,1994.0,D230G6551994,62562,dwight,grinion,1994.0,D230G6551994
46813,40707,62562,dwight,grinion,1994.0,D230G6551994,62657,dwight,grinion,1994.0,D230G6551994
46813,40709,62562,dwight,grinion,1994.0,D230G6551994,62657,dwight,grinion,1994.0,D230G6551994
46817,46816,64420,leopoldo,infante,2062.0,L143I5152062,64420,leopoldo,infante,2062.0,L143I5152062
46823,46821,64431,thomas,hansen,1991.0,T520H5251991,64431,thomas,hansen,1991.0,T520H5251991
46835,46834,64416,daniela,ramirezcampo,1992.0,D540R5621992,64416,daniela,ramirezcampo,1992.0,D540R5621992
46867,46866,33001,norman,cox,1986.0,N655C2001986,33001,norman,cox,1986.0,N655C2001986
46874,46873,55127,nicole,lindo,1984.0,N240L5301984,55127,nicole,lindo,1984.0,N240L5301984
46877,46876,39930,lanard,phillips,1979.0,L563P4121979,39930,lanard,phillips,1979.0,L563P4121979
46886,46884,64412,alberto,garayoa,1981.0,A416G6001981,64412,alberto,garayoa,1981.0,A416G6001981
46889,46887,64418,jacob,samp,1988.0,J210S5101988,64418,jacob,samp,1988.0,J210S5101988
46899,22057,57133,bruna,motta,1989.0,B650M3001989,57133,bruna,motta,1989.0,B650M3001989
46910,46908,64417,allison,ford,1991.0,A425F6301991,64417,allison,ford,1991.0,A425F6301991
46916,42473,63164,manuel,benitezhernandez,1995.0,M540B5321995,63164,manuel,benitezhernandez,1995.0,M540B5321995
46925,46924,64456,chandra,ford,1982.0,C536F6301982,64456,chandra,ford,1982.0,C536F6301982
46949,46947,64446,cooper,dsckeancn,1985.0,C160D2521985,64446,cooper,dickenson,1985.0,C160D2521985
46952,46951,64455,nathan,brown,1984.0,N350B6501984,64455,nathan,brown,1984.0,N350B6501984
46962,5705,52510,maria,martinez,1985.0,M600M6351985,52510,maria,martinez,1985.0,M600M6351985
46963,5705,52510,maria,martinez,1985.0,M600M6351985,52510,maria,martinez,1985.0,M600M6351985
46963,46962,52510,maria,martinez,1985.0,M600M6351985,52510,maria,martinez,1985.0,M600M6351985
46966,46965,64442,joshua,otero-andrews,1994.0,J200O3651994,64442,joshua,otero-andrews,1994.0,J200O3651994
46967,46965,64442,joshua,otero-andrews,1994.0,J200O3651994,64442,joshua,otero-andrews,1994.0,J200O3651994
46967,46966,64442,joshua,otero-andrews,1994.0,J200O3651994,64442,joshua,otero-andrews,1994.0,J200O3651994
46973,46971,64448,rodrigo,campos,1980.0,R362C5121980,64448,rodrigo,campos,1980.0,R362C5121980
46979,46977,64464,john,bennett,1995.0,J500B5301995,64464,john,bennett,1995.0,J500B5301995
46985,46984,64467,jason,harris,1990.0,J250H6201990,64467,jason,harris,1990.0,J250H6201990
46987,46986,64468,clarence,pethers,2054.0,C465P3622054,64468,clarence,pethers,2054.0,C465P3622054
46988,46986,64468,clarence,pethers,2054.0,C465P3622054,64468,clarence,pethers,2054.0,C465P3622054
46988,46987,64468,clarence,pethers,2054.0,C465P3622054,64468,clarence,pethers,2054.0,C465P3622054
47016,13596,54705,gerard,mariney,2060.0,G663M6502060,54705,gerard,mariney,2060.0,G663M6502060
47016,13597,54705,gerard,mariney,2060.0,G663M6502060,54705,gerard,mariney,2060.0,G663M6502060
47017,13596,54705,gerard,mariney,2060.0,G663M6502060,54705,gerard,mariney,2060.0,G663M6502060
47017,13597,54705,gerard,mariney,2060.0,G663M6502060,54705,gerard,mariney,2060.0,G663M6502060
47017,47016,54705,gerard,mariney,2060.0,G663M6502060,54705,gerard,mariney,2060.0,G663M6502060
47029,47028,54819,cambrell,smart,1993.0,C516S5631993,54819,cambrell,smart,1993.0,C516S5631993
47035,47034,64504,frans,barens,1982.0,F652B6521982,64504,frans,barens,1982.0,F652B6521982
47038,47037,64492,addrine,keith,2070.0,A365K3002070,64492,addrine,keith,2070.0,A365K3002070
47056,47055,49684,lataurus,fort,1977.0,L362F6301977,49684,lataurus,fort,1977.0,L362F6301977
47060,47059,27431,justin,hairston,1980.0,J235H6231980,27431,justin,hairston,1980.0,J235H6231980
47072,47071,64474,airven,francois,1989.0,A615F6521989,64474,airven,francois,1989.0,A615F6521989
47078,47077,5946,cristhian,ramosmurillo,1987.0,C623R5251987,5946,cristhian,ramosmurillo,1987.0,C623R5251987
47080,21315,56896,alan,harrold,1975.0,A450H6431975,56896,alan,harrold,1975.0,A450H6431975
47081,21315,56896,alan,harrold,1975.0,A450H6431975,56896,alan,harrold,1975.0,A450H6431975
47081,47080,56896,alan,harrold,1975.0,A450H6431975,56896,alan,harrold,1975.0,A450H6431975
47096,47094,64479,tamirah,raji,1983.0,T560R2001983,64479,tamirah,raji,1983.0,T560R2001983
47123,47122,64508,brittany,glass,1987.0,B635G4201987,64508,brittany,glass,1987.0,B635G4201987
47135,47134,64501,shawn,brown,1993.0,S500B6501993,64501,shawn,brown,1993.0,S500B6501993
47150,27308,58729,shnttriak,stfort,1995.0,S536S3161995,58729,shzntrfrp,stfort,1995.0,S536S3161995
47155,47154,64516,anthony,nicholasi,1993.0,A535N2421993,64516,anthony,nicholasi,1993.0,A535N2421993
47179,47178,64522,brian,johnson,2074.0,B650J5252074,64522,brian,johnson,2074.0,B650J5252074
47180,47178,64522,brian,johnson,2074.0,B650J5252074,64522,brian,johnson,2074.0,B650J5252074
47180,47179,64522,brian,johnson,2074.0,B650J5252074,64522,brian,johnson,2074.0,B650J5252074
47208,17434,55819,mark,keaty,2068.0,M620K3002068,55819,mark,keaty,2068.0,M620K3002068
47212,47211,57451,sean,samuels,1992.0,S500S5421992,57451,sean,samuels,1992.0,S500S5421992
47213,47211,57451,sean,samuels,1992.0,S500S5421992,57451,sean,samuels,1992.0,S500S5421992
47213,47212,57451,sean,samuels,1992.0,S500S5421992,57451,sean,samuels,1992.0,S500S5421992
47321,47319,64585,marcelo,da silva,2069.0,M624D2412069,64585,marcelo,da silva,2069.0,M624D2412069
47331,28660,35807,xavier,martin,1990.0,X160M6351990,35807,xavier,martin,1990.0,X160M6351990
47331,28661,35807,xavier,martin,1990.0,X160M6351990,35807,xavier,martin,1990.0,X160M6351990
47338,8290,53239,joel,romero,1983.0,J400R5601983,53239,joel,romero,1983.0,J400R5601983
47339,8290,53239,joel,romero,1983.0,J400R5601983,53239,joel,romero,1983.0,J400R5601983
47339,47338,53239,joel,romero,1983.0,J400R5601983,53239,joel,romero,1983.0,J400R5601983
47341,21745,57039,jessica,andujar,1985.0,J220A5321985,57039,jessica,andujar,1985.0,J220A5321985
47354,28740,59159,john,hincapie,2070.0,J500H5212070,59159,john,hincapie,2070.0,J500H5212070
47354,28741,59159,john,hincapie,2070.0,J500H5212070,59159,john,hincapie,2070.0,J500H5212070
47356,47355,64577,timothy,slasinsky,2069.0,T530S4252069,64577,timothy,slasinsky,2069.0,T530S4252069
47357,47355,64577,timothy,slasinsky,2069.0,T530S4252069,64577,timothy,slasinsky,2069.0,T530S4252069
47357,47356,64577,timothy,slasinsky,2069.0,T530S4252069,64577,timothy,slasinsky,2069.0,T530S4252069
47372,23361,57551,oscar,calvino,1981.0,O260C4151981,57551,oscar,calvino,1981.0,O260C4151981
47372,23363,57551,oscar,calvino,1981.0,O260C4151981,57551,oscar,calvino,1981.0,O260C4151981
47378,47377,28844,danielle,bartz,1992.0,D540B6321992,28844,danielle,bartz,1992.0,D540B6321992
47386,47385,64570,christopher,morris,1988.0,C623M6201988,64570,christopher,morris,1988.0,C623M6201988
47387,47385,64570,christopher,morris,1988.0,C623M6201988,64570,christopher,morris,1988.0,C623M6201988
47387,47386,64570,christopher,morris,1988.0,C623M6201988,64570,christopher,morris,1988.0,C623M6201988
47421,26368,58385,justin,burgess,1990.0,J235B6221990,58385,justin,burgess,1990.0,J235B6221990
47429,47428,64596,osevelt,coley,1976.0,O214C4001976,64596,osevelt,coley,1976.0,O214C4001976
47438,47436,58386,shamar,owen,1990.0,S560O5001990,58386,shamar,owen,1990.0,S560O5001990
47461,47460,64598,ariel,fallacaro,1996.0,A640F4261996,64598,ariel,fallacaro,1996.0,A640F4261996
47462,47460,64598,ariel,fallacaro,1996.0,A640F4261996,64598,ariel,fallacaro,1996.0,A640F4261996
47462,47461,64598,ariel,fallacaro,1996.0,A640F4261996,64598,ariel,fallacaro,1996.0,A640F4261996
47477,47476,64612,glenn,mercado,2062.0,G450M6232062,64612,glenn,mercado,2062.0,G450M6232062
47482,47481,64610,erik,jarovits,1980.0,E620J6131980,64610,erik,jarovits,1980.0,E620J6131980
47488,47487,64613,jennifer,belter,1988.0,J516B4361988,64613,jennifer,belter,1988.0,J516B4361988
47489,47487,64613,jennifer,belter,1988.0,J516B4361988,64613,jennifer,belter,1988.0,J516B4361988
47489,47488,64613,jennifer,belter,1988.0,J516B4361988,64613,jennifer,belter,1988.0,J516B4361988
47498,47497,64609,andre,veira,1987.0,A536V6001987,64609,andre,veira,1987.0,A536V6001987
47504,47503,64616,les,jeanbaptiste,1988.0,L200J5111988,64616,les,jeanbaptiste,1988.0,L200J5111988
47524,47523,64619,angel,ghent,1989.0,A524G5301989,64619,angel,ghent,1989.0,A524G5301989
47539,47538,64626,jerrod,griffin,1985.0,J630G6151985,64626,jerrod,griffin,1985.0,J630G6151985
47540,47538,64626,jerrod,griffin,1985.0,J630G6151985,64626,jerrod,griffin,1985.0,J630G6151985
47540,47539,64626,jerrod,griffin,1985.0,J630G6151985,64626,jerrod,griffin,1985.0,J630G6151985
47548,47547,64620,delia,smith,2059.0,D400S5302059,64620,delia,smith,2059.0,D400S5302059
47549,47547,64620,delia,smith,2059.0,D400S5302059,64620,delia,smith,2059.0,D400S5302059
47549,47548,64620,delia,smith,2059.0,D400S5302059,64620,delia,smith,2059.0,D400S5302059
47551,37275,64631,eric,colbert,1989.0,E620C4161989,61702,eric,calveiro,1989.0,E620C4161989
47551,37276,64631,eric,colbert,1989.0,E620C4161989,61702,eric,calveiro,1989.0,E620C4161989
47552,37275,64631,eric,colbert,1989.0,E620C4161989,61702,eric,calveiro,1989.0,E620C4161989
47552,37276,64631,eric,colbert,1989.0,E620C4161989,61702,eric,calveiro,1989.0,E620C4161989
47552,47551,64631,eric,colbert,1989.0,E620C4161989,64631,eric,colbert,1989.0,E620C4161989
47554,47553,10621,miguel,leon,2073.0,M240L5002073,10621,miguel,leon,2073.0,M240L5002073
47567,47565,64628,christopher,martinez,1986.0,C623M6351986,64628,christopher,martinez,1986.0,C623M6351986
47587,47586,64639,raven,harrison,1996.0,R150H6251996,64639,raven,harrison,1996.0,R150H6251996
47620,47619,64637,jay fernandeo,arellano,1985.0,J165A6451985,64637,jay fernandeo,arellano,1985.0,J165A6451985
47621,47619,64637,jay fernandeo,arellano,1985.0,J165A6451985,64637,jay fernandeo,arellano,1985.0,J165A6451985
47621,47620,64637,jay fernandeo,arellano,1985.0,J165A6451985,64637,jay fernandeo,arellano,1985.0,J165A6451985
47635,47634,35842,pablo,cabrera,1980.0,P140C1661980,35842,pablo,cabrera,1980.0,P140C1661980
47644,47643,64645,jorge,santiago,1983.0,J620S5321983,64645,jorge,santiago,1983.0,J620S5321983
47659,47658,49338,mary,mclaughlin,2048.0,M600M2422048,49338,mary,mclazdhlty,2048.0,M600M2422048
47660,47658,49338,mary,mclaughlin,2048.0,M600M2422048,49338,mary,mclazdhlty,2048.0,M600M2422048
47660,47659,49338,mary,mclaughlin,2048.0,M600M2422048,49338,mary,mclaughlin,2048.0,M600M2422048
47666,47665,50955,bruce,burdin,2070.0,B620B6352070,50955,bruce,burdin,2070.0,B620B6352070
47668,47667,64341,brian,marcantel,1978.0,B650M6251978,64341,brian,marcantel,1978.0,B650M6251978
47677,47676,64669,eddrick,butler,1993.0,E362B3461993,64669,edrxiqp,butler,1993.0,E362B3461993
47690,47689,64659,shantel,smith,1988.0,S534S5301988,64659,shantel,smith,1988.0,S534S5301988
47716,47715,64660,edgardo,ofarrill,1987.0,E326O1641987,64660,edgardo,ofarrill,1987.0,E326O1641987
47728,47727,64672,rohan,fletcher,1988.0,R500F4321988,64672,rohan,fletcher,1988.0,R500F4321988
47734,40388,62567,antoinette,minuto,1978.0,A535M5301978,62567,antoinette,minuto,1978.0,A535M5301978
47735,40388,62567,antoinette,minuto,1978.0,A535M5301978,62567,antoinette,minuto,1978.0,A535M5301978
47735,47734,62567,antoinette,minuto,1978.0,A535M5301978,62567,antoinette,minuto,1978.0,A535M5301978
47744,47742,64675,michel,torres,1979.0,M240T6201979,64675,michel,torres,1979.0,M240T6201979
47747,47745,64694,howard,fabian,1982.0,H630F1501982,64694,howard,fabian,1982.0,H630F1501982
47753,47752,64686,antonio,cooper,1989.0,A535C1601989,64686,antonio,cooper,1989.0,A535C1601989
47767,19351,23734,christoper,diaz,1992.0,C623D2001992,23734,christoper,diaz,1992.0,C623D2001992
47768,19351,23734,christoper,diaz,1992.0,C623D2001992,23734,christoper,diaz,1992.0,C623D2001992
47768,47767,23734,christoper,diaz,1992.0,C623D2001992,23734,christoper,diaz,1992.0,C623D2001992
47770,47769,64670,kadarell,collins,1996.0,K364C4521996,64670,kadarell,collins,1996.0,K364C4521996
47794,47793,56119,roland,rodriguez,1981.0,R453R3621981,56119,roland,rodriguez,1981.0,R453R3621981
47795,47793,56119,roland,rodriguez,1981.0,R453R3621981,56119,roland,rodriguez,1981.0,R453R3621981
47795,47794,56119,roland,rodriguez,1981.0,R453R3621981,56119,roland,rodriguez,1981.0,R453R3621981
47801,47800,64701,jose,irizarry,1983.0,J200I6261983,64701,jose,irizarry,1983.0,J200I6261983
47818,47817,64714,gerardo,ortega,2069.0,G663O6322069,64714,gerardo,ortega,2069.0,G663O6322069
47828,47827,64711,nicola,frmnco-vbufatuas,1992.0,N240F6521992,64711,nicola,franco-abugattas,1992.0,N240F6521992
47839,47838,64715,ashkan,harzand,1993.0,A250H6251993,64715,ashkan,harzand,1993.0,A250H6251993
47870,1008,51099,eric,sparks,1991.0,E620S1621991,51099,eric,sparks,1991.0,E620S1621991
47870,1009,51099,eric,sparks,1991.0,E620S1621991,51099,eric,sparks,1991.0,E620S1621991
47878,47877,8441,deon,louistal,1981.0,D500L2341981,8441,deon,louistal,1981.0,D500L2341981
47888,47886,64722,pamela,dudley,2070.0,P540D3402070,64722,pamela,dudley,2070.0,P540D3402070
47902,47901,64724,joseph,champagne,1987.0,J210C5121987,64724,joseph,champagne,1987.0,J210C5121987
47924,47922,64719,joseph,prestino,2065.0,J210P6232065,64719,joseph,prestino,2065.0,J210P6232065
47975,47974,64761,robert,burns,1977.0,R163B6521977,64761,robert,burns,1977.0,R163B6521977
47980,47979,34467,mike,douze,1989.0,M200D2001989,34467,mike,douze,1989.0,M200D2001989
47981,47979,34467,mike,douze,1989.0,M200D2001989,34467,mike,douze,1989.0,M200D2001989
47981,47980,34467,mike,douze,1989.0,M200D2001989,34467,mike,douze,1989.0,M200D2001989
48008,48007,64762,max,fields,1987.0,M200F4321987,64762,max,fields,1987.0,M200F4321987
48030,29430,59357,marco,ibanez,1979.0,M620I1521979,59357,marco,ibanez,1979.0,M620I1521979
48032,29430,59357,marco,ibanez,1979.0,M620I1521979,59357,marco,ibanez,1979.0,M620I1521979
48032,48030,59357,marco,ibanez,1979.0,M620I1521979,59357,marco,ibanez,1979.0,M620I1521979
48062,48061,64790,dieter,aranda,2069.0,D360A6532069,64790,dieter,aranda,2069.0,D360A6532069
48079,48078,64769,daniel,gonzalezduran,1992.0,D540G5241992,64769,daniel,gonzalezduran,1992.0,D540G5241992
48080,48078,64769,daniel,gonzalezduran,1992.0,D540G5241992,64769,daniel,gonzalezduran,1992.0,D540G5241992
48080,48079,64769,daniel,gonzalezduran,1992.0,D540G5241992,64769,daniel,gonzalezduran,1992.0,D540G5241992
48103,48102,64786,michael,naimoli,1983.0,M240N5401983,64786,mhwhusl,naimoli,1983.0,M240N5401983
48112,13361,64787,christopher,mejia,1991.0,C623M2001991,8641,christopher,mejia,1991.0,C623M2001991
48137,48136,64802,ashraff,mohammed,1984.0,A261M5301984,64802,ashraff,mohammed,1984.0,A261M5301984
48147,5478,64735,shalika,scott,1994.0,S420S3001994,52450,shalika,scott,1994.0,S420S3001994
48149,5478,64735,shalika,scott,1994.0,S420S3001994,52450,shalika,scott,1994.0,S420S3001994
48149,48147,64735,shalika,scott,1994.0,S420S3001994,64735,shalika,scott,1994.0,S420S3001994
48172,48171,33076,thomas,fanuelsem,1988.0,T520F5421988,33076,thomas,fanuelsem,1988.0,T520F5421988
48182,48181,64818,michael,nieves,1980.0,M240N1201980,64818,michael,nieves,1980.0,M240N1201980
48189,20047,56580,kristi,chudicek,1981.0,K623C3221981,56580,kristi,chudicek,1981.0,K623C3221981
48189,20048,56580,kristi,chudicek,1981.0,K623C3221981,56580,kristi,chudicek,1981.0,K623C3221981
48193,48192,64814,mario,agudelo,2068.0,M600A2342068,64814,mario,agudelo,2068.0,M600A2342068
48213,48171,33076,thomas,fanuelsem,1988.0,T520F5421988,33076,thomas,fanuelsem,1988.0,T520F5421988
48213,48172,33076,thomas,fanuelsem,1988.0,T520F5421988,33076,thomas,fanuelsem,1988.0,T520F5421988
48215,48171,33076,thomas,fanuelsem,1988.0,T520F5421988,33076,thomas,fanuelsem,1988.0,T520F5421988
48215,48172,33076,thomas,fanuelsem,1988.0,T520F5421988,33076,thomas,fanuelsem,1988.0,T520F5421988
48215,48213,33076,thomas,fanuelsem,1988.0,T520F5421988,33076,thomas,fanuelsem,1988.0,T520F5421988
48220,5478,64735,shalika,scott,1994.0,S420S3001994,52450,shalika,scott,1994.0,S420S3001994
48220,48147,64735,shalika,scott,1994.0,S420S3001994,64735,shalika,scott,1994.0,S420S3001994
48220,48149,64735,shalika,scott,1994.0,S420S3001994,64735,shalika,scott,1994.0,S420S3001994
48239,48238,64821,alejandro,arellano,1995.0,A425A6451995,64821,alejandro,arellano,1995.0,A425A6451995
48245,48244,64825,ana,perezhernandez,1977.0,A500P6261977,64825,ana,perezhernandez,1977.0,A500P6261977
48256,27765,58876,eldred,dowlings,1977.0,E436D4521977,58876,eldred,dowlings,1977.0,E436D4521977
48260,48259,2447,stanley,rich,1988.0,S354R2001988,2447,stanley,rich,1988.0,S354R2001988
48263,48262,64836,jesus,maldonado,1990.0,J220M4351990,64836,jesus,maldonado,1990.0,J220M4351990
48272,48270,64838,lance,brooks,1989.0,L520B6201989,64838,lance,brooks,1989.0,L520B6201989
48280,48279,64845,paul,miglio,1983.0,P400M2401983,64845,paul,miglio,1983.0,P400M2401983
48281,48279,64845,paul,miglio,1983.0,P400M2401983,64845,paul,miglio,1983.0,P400M2401983
48281,48280,64845,paul,miglio,1983.0,P400M2401983,64845,paul,miglio,1983.0,P400M2401983
48325,48324,64857,henri,pyram,1982.0,H560P6501982,64857,henri,pyram,1982.0,H560P6501982
48326,48324,64857,henri,pyram,1982.0,H560P6501982,64857,henri,pyram,1982.0,H560P6501982
48326,48325,64857,henri,pyram,1982.0,H560P6501982,64857,henri,pyram,1982.0,H560P6501982
48334,48333,51615,alan-michael,caldwell,1991.0,A452C4341991,51615,alan-michael,caldwell,1991.0,A452C4341991
48335,48333,51615,alan-michael,caldwell,1991.0,A452C4341991,51615,alan-michael,caldwell,1991.0,A452C4341991
48335,48334,51615,alan-michael,caldwell,1991.0,A452C4341991,51615,alan-michael,caldwell,1991.0,A452C4341991
48336,15958,55340,rhonda,clements,1988.0,R530C4551988,55340,rhonda,clements,1988.0,R530C4551988
48336,15959,55340,rhonda,clements,1988.0,R530C4551988,55340,rhonda,clements,1988.0,R530C4551988
48338,15958,55340,rhonda,clements,1988.0,R530C4551988,55340,rhonda,clements,1988.0,R530C4551988
48338,15959,55340,rhonda,clements,1988.0,R530C4551988,55340,rhonda,clements,1988.0,R530C4551988
48338,48336,55340,rhonda,clements,1988.0,R530C4551988,55340,rhonda,clements,1988.0,R530C4551988
48349,48348,15096,marleny,fernandez,1981.0,M645F6551981,15096,marleny,fernandez,1981.0,M645F6551981
48385,48384,64855,derek,matherly,1988.0,D620M3641988,64855,derek,matherly,1988.0,D620M3641988
48392,48390,64872,sandro,sarmiento,1988.0,S536S6551988,64872,sandro,sarmiento,1988.0,S536S6551988
48409,48408,64854,melissa,adams,1978.0,M420A3521978,64854,melissa,adams,1978.0,M420A3521978
48416,48414,64851,larry,jackson,2047.0,L600J2502047,64851,larry,jackson,2047.0,L600J2502047
48418,1946,51381,nelson,osceloa,1990.0,N425O2401990,51381,nelson,osceloa,1990.0,N425O2401990
48467,48465,64910,courtney,hutchinson,2067.0,C635H3252067,64910,courtney,hutchinson,2067.0,C635H3252067
48500,639,34334,demetris,adams,1977.0,D536A3521977,51010,demetrius,adams,1977.0,D536A3521977
48506,48505,64916,laina,lamb,1992.0,L500L5101992,64916,laina,lamb,1992.0,L500L5101992
48524,48523,64903,kenneth,calabria,2073.0,K530C4162073,64903,kjnnett,calabria,2073.0,K530C4162073
48535,28935,59215,ladarious,smith,1989.0,L362S5301989,59215,ladarious,smith,1989.0,L362S5301989
48535,28936,59215,ladarious,smith,1989.0,L362S5301989,59215,ladarious,smith,1989.0,L362S5301989
48535,28937,59215,ladarious,smith,1989.0,L362S5301989,59215,ladarious,smith,1989.0,L362S5301989
48536,28935,59215,ladarious,smith,1989.0,L362S5301989,59215,ladarious,smith,1989.0,L362S5301989
48536,28936,59215,ladarious,smith,1989.0,L362S5301989,59215,ladarious,smith,1989.0,L362S5301989
48536,28937,59215,ladarious,smith,1989.0,L362S5301989,59215,ladarious,smith,1989.0,L362S5301989
48536,48535,59215,ladarious,smith,1989.0,L362S5301989,59215,ladarious,smith,1989.0,L362S5301989
48539,18305,56089,tiffany,daniels,1984.0,T150D5421984,56089,tiffany,daniels,1984.0,T150D5421984
48542,48540,64919,junio,sainvil,1995.0,J500S5141995,64919,junio,sainvil,1995.0,J500S5141995
48572,48571,52668,courtney,louis,1985.0,C635L2001985,52668,courtney,louis,1985.0,C635L2001985
48593,48592,64921,adonica,mclemore,1986.0,A352M2451986,64921,adonica,mclemore,1986.0,A352M2451986
48615,26913,26329,chad,xavier,1992.0,C300X1601992,26329,chad,xavier,1992.0,C300X1601992
48616,26913,26329,chad,xavier,1992.0,C300X1601992,26329,chad,xavier,1992.0,C300X1601992
48616,48615,26329,chad,xavier,1992.0,C300X1601992,26329,chad,xavier,1992.0,C300X1601992
48620,21382,56934,legitime,raymond,2056.0,L235R5532056,56934,legitime,raymond,2056.0,L235R5532056
48623,48621,8591,felix,rodriguez,2061.0,F420R3622061,8591,felix,rodriguez,2061.0,F420R3622061
48646,48645,64959,sophie,matera,1986.0,S100M3601986,64959,sophie,matera,1986.0,S100M3601986
48647,48645,64959,sophie,matera,1986.0,S100M3601986,64959,sophie,matera,1986.0,S100M3601986
48647,48646,64959,sophie,matera,1986.0,S100M3601986,64959,sophie,matera,1986.0,S100M3601986
48654,33501,60547,kelvin,jones,2064.0,K415J5202064,60547,kelvin,jones,2064.0,K415J5202064
48661,48660,64941,raul,garcia,2062.0,R400G6202062,64941,raul,garcia,2062.0,R400G6202062
48662,48660,64941,raul,garcia,2062.0,R400G6202062,64941,raul,garcia,2062.0,R400G6202062
48662,48661,64941,raul,garcia,2062.0,R400G6202062,64941,raul,garcia,2062.0,R400G6202062
48692,48690,15244,bernie,jean,1984.0,B650J5001984,15244,bernie,jean,1984.0,B650J5001984
48716,48715,64954,dionne,hurtado,1984.0,D500H6331984,64954,dionne,hurtado,1984.0,D500H6331984
48723,18256,43171,jonathan,bizcaino,1994.0,J535B2501994,41390,jonathan,bcksnnya,1994.0,J535B2501994
48724,18256,43171,jonathan,bizcaino,1994.0,J535B2501994,41390,jonathan,bcksnnya,1994.0,J535B2501994
48724,48723,43171,jonathan,bizcaino,1994.0,J535B2501994,43171,jonathan,bizcaino,1994.0,J535B2501994
48730,48729,29388,ernest,deconti,2057.0,E652D2532057,29388,ernest,deconti,2057.0,E652D2532057
48740,48738,64973,waleed,albfalneg,1991.0,W430A4141991,64973,waleed,albualyan,1991.0,W430A4141991
48751,48750,64987,alicia,johnson,1983.0,A420J5251983,64987,alicia,johnson,1983.0,A420J5251983
48758,48757,64982,christopher,boyle,1978.0,C623B4001978,64982,christopher,boyle,1978.0,C623B4001978
48765,13697,64976,brian,downer,1988.0,B650D5601988,34179,brian,demore,1988.0,B650D5601988
48784,48783,58883,michael,senior,1995.0,M240S5601995,58883,michael,senior,1995.0,M240S5601995
48794,48792,64962,mario,donawa,1983.0,M600D5001983,64962,mario,donawa,1983.0,M600D5001983
48799,48798,64991,gerry,west,1993.0,G600W2301993,64991,gerry,west,1993.0,G600W2301993
48805,48804,64963,luis,rodriguez,1990.0,L200R3621990,64963,luis,rodriguez,1990.0,L200R3621990
48815,48813,36960,joseph,thomas,1981.0,J210T5201981,36960,joseph,thomas,1981.0,J210T5201981
48817,48816,64966,demetius,jones,1990.0,D532J5201990,64966,demetius,jones,1990.0,D532J5201990
48820,48819,64998,tyler,orenbuch,1994.0,T460O6511994,64998,tyler,orenbuch,1994.0,T460O6511994
48829,48828,65002,ralph,knepper,1984.0,R410K5161984,65002,ralph,knepper,1984.0,R410K5161984
48830,48828,65002,ralph,knepper,1984.0,R410K5161984,65002,ralph,knepper,1984.0,R410K5161984
48830,48829,65002,ralph,knepper,1984.0,R410K5161984,65002,ralph,knepper,1984.0,R410K5161984
48838,48837,65009,mary,howard,1975.0,M600H6301975,65009,mary,howard,1975.0,M600H6301975
48842,48841,65005,tommy,gigger,2068.0,T500G2602068,65005,tommy,gigger,2068.0,T500G2602068
48848,48846,65006,acela,basto,2062.0,A240B2302062,65006,acela,basto,2062.0,A240B2302062
48872,48871,64999,jarvis,mcfadden,1975.0,J612M2131975,64999,jarvis,mcfadden,1975.0,J612M2131975
48885,26000,58286,tarell,rolle,1995.0,T640R4001995,58286,tarell,rolle,1995.0,T640R4001995
48902,48901,64993,mosley,saintfleur,1992.0,M240S5311992,64993,mosley,sgintblvur,1992.0,M240S5311992
48903,5900,65008,rodrick,phillips,2053.0,R362P4122053,52586,rodrick,phillips,2053.0,R362P4122053
48903,35303,65008,rodrick,phillips,2053.0,R362P4122053,61142,rodrick,phillips,2053.0,R362P4122053
48911,48910,65036,juan,aguirre-loummto,1984.0,J500A2641984,65036,juan,aguirre-londono,1984.0,J500A2641984
48923,48922,65047,kyle,foster,1989.0,K400F2361989,65047,kyle,foster,1989.0,K400F2361989
48928,48927,65033,johanson,casasus,1994.0,J525C2221994,65033,johanson,casasus,1994.0,J525C2221994
48955,48954,65024,david,olaya,1995.0,D130O4001995,65024,david,olaya,1995.0,D130O4001995
48984,25978,58303,mfyumgd,kamoo,2064.0,M152K5002064,58303,mvhwmge,kamoo,2064.0,M152K5002064
48995,48994,65054,james,acosta-hidalgo,1989.0,J520A2231989,65054,james,acosta-hidalgo,1989.0,J520A2231989
48998,48997,65073,christian,brassens,2070.0,C623B6252070,65073,christian,brassens,2070.0,C623B6252070
49007,49005,64685,katie,campbell,1980.0,K300C5141980,64685,katie,campbell,1980.0,K300C5141980
49010,49008,18851,john,warren,2066.0,J500W6502066,18851,john,warren,2066.0,J500W6502066
49011,2405,51501,johnny,jones,1983.0,J500J5201983,51501,johnny,jones,1983.0,J500J5201983
49012,2405,51501,johnny,jones,1983.0,J500J5201983,51501,johnny,jones,1983.0,J500J5201983
49012,49011,51501,johnny,jones,1983.0,J500J5201983,51501,johnny,jones,1983.0,J500J5201983
49013,2405,51501,johnny,jones,1983.0,J500J5201983,51501,johnny,jones,1983.0,J500J5201983
49013,49011,51501,johnny,jones,1983.0,J500J5201983,51501,johnny,jones,1983.0,J500J5201983
49013,49012,51501,johnny,jones,1983.0,J500J5201983,51501,johnny,jones,1983.0,J500J5201983
49039,49038,65049,atlantis,wenkartsteenson,1994.0,A345W5261994,65049,atlantis,wenkartsteenson,1994.0,A345W5261994
49049,19835,56532,trevor,russell,2074.0,T616R2402074,56532,trevor,russell,2074.0,T616R2402074
49078,49077,65072,jared,robinson,2072.0,J630R1522072,65072,jared,robinson,2072.0,J630R1522072
49079,49077,65072,jared,robinson,2072.0,J630R1522072,65072,jared,robinson,2072.0,J630R1522072
49079,49078,65072,jared,robinson,2072.0,J630R1522072,65072,jared,robinson,2072.0,J630R1522072
49081,49080,65083,robert,moulton,2071.0,R163M4352071,65083,robert,moulton,2071.0,R163M4352071
49103,12651,54433,barrington,christie,1985.0,B652C6231985,54433,barrington,christie,1985.0,B652C6231985
49103,12652,54433,barrington,christie,1985.0,B652C6231985,54433,barrington,christie,1985.0,B652C6231985
49103,12653,54433,barrington,christie,1985.0,B652C6231985,54433,barrington,christie,1985.0,B652C6231985
49105,49104,65078,walter,holt,2063.0,W436H4302063,65078,walter,holt,2063.0,W436H4302063
49112,49110,65086,larry,bostick,2061.0,L600B2322061,65086,larry,bostick,2061.0,L600B2322061
49120,49119,65090,charles,irving,2050.0,C642I6152050,65090,charles,irving,2050.0,C642I6152050
49146,4128,52044,lizzette,graf,1977.0,L230G6101977,52044,lizzette,graf,1977.0,L230G6101977
49151,49150,65091,donald,hampshire,2054.0,D543H5122054,65091,donald,hampshire,2054.0,D543H5122054
49157,49155,65093,michael,woods,2067.0,M240W3202067,65093,michael,woods,2067.0,M240W3202067
49166,49164,65118,darlene,kilensky,2063.0,D645K4522063,65118,darlene,kilensky,2063.0,D645K4522063
49187,49185,65120,kenwyn,benson,1980.0,K550B5251980,65120,kenwyn,benson,1980.0,K550B5251980
49196,49195,65113,kabrecia,mansfield,1979.0,K162M5211979,65113,kabrecia,mansfield,1979.0,K162M5211979
49216,40197,62532,ball,shawn,1994.0,B400S5001994,62532,ball,shawn,1994.0,B400S5001994
49221,35771,61242,alvin,farquharson,2059.0,A415F6262059,61242,alvin,farquharson,2059.0,A415F6262059
49223,35771,61242,alvin,farquharson,2059.0,A415F6262059,61242,alvin,farquharson,2059.0,A415F6262059
49223,49221,61242,alvin,farquharson,2059.0,A415F6262059,61242,alvin,farquharson,2059.0,A415F6262059
49229,49228,65099,shelder,prosper,1992.0,S436P6211992,65099,shelder,prosper,1992.0,S436P6211992
49247,49245,26214,dana,moore,2067.0,D500M6002067,26214,dana,moore,2067.0,D500M6002067
49252,49251,65128,marlon,hyde,2074.0,M645H3002074,65128,marlon,hyde,2074.0,M645H3002074
49255,49254,65117,mayelin,diaz,1980.0,M450D2001980,65117,mayelin,diaz,1980.0,M450D2001980
49258,49257,65130,anthony,smith,2068.0,A535S5302068,65130,anthony,smith,2068.0,A535S5302068
49259,49257,65130,anthony,smith,2068.0,A535S5302068,65130,anthony,smith,2068.0,A535S5302068
49259,49258,65130,anthony,smith,2068.0,A535S5302068,65130,anthony,smith,2068.0,A535S5302068
49272,8416,45761,rojas-soto,juan,1980.0,R223J5001980,45761,rojas-soto,juan,1980.0,R223J5001980
49288,49287,65184,bruce,sutherland,2061.0,B620S3642061,65184,bruce,sutherland,2061.0,B620S3642061
49292,49290,65153,frank,roberts,1977.0,F652R1631977,65153,frank,roberts,1977.0,F652R1631977
49298,49297,65145,jalicia,brooks,1990.0,J420B6201990,65145,jalicia,brooks,1990.0,J420B6201990
49321,49320,65148,mark,gaskins,2067.0,M620G2522067,65148,mark,gaskins,2067.0,M620G2522067
49328,49326,65181,johnathan,earle,1995.0,J535E6401995,65181,johnathan,earle,1995.0,J535E6401995
49354,49353,60778,robert,hellmuth,1978.0,R163H4531978,60778,robert,hellmuth,1978.0,R163H4531978
49358,49357,65146,jaryam,luzxq,1990.0,J650L2001990,65146,jaryam,louis,1990.0,J650L2001990
49365,1761,51323,luke,brooks,1991.0,L200B6201991,51323,luke,brooks,1991.0,L200B6201991
49365,1763,51323,luke,brooks,1991.0,L200B6201991,51323,luke,brooks,1991.0,L200B6201991
49366,1761,51323,luke,brooks,1991.0,L200B6201991,51323,luke,brooks,1991.0,L200B6201991
49366,1763,51323,luke,brooks,1991.0,L200B6201991,51323,luke,brooks,1991.0,L200B6201991
49366,49365,51323,luke,brooks,1991.0,L200B6201991,51323,luke,brooks,1991.0,L200B6201991
49376,49374,65204,linda,lebron,1982.0,L530L1651982,65204,linda,lebron,1982.0,L530L1651982
49405,49404,65195,ketteline,bonbon,1987.0,K345B5151987,65195,ketteline,bonbon,1987.0,K345B5151987
49412,49410,65192,storm,tillman,1989.0,S365T4551989,65192,storm,tillman,1989.0,S365T4551989
49418,49417,65226,eric,smith,1975.0,E620S5301975,65226,eric,smith,1975.0,E620S5301975
49430,49428,64915,lucreta,hector,2067.0,L263H2362067,64915,lucreta,hector,2067.0,L263H2362067
49456,49455,65219,esperant,simeon,2063.0,E216S5502063,65219,esperant,simeon,2063.0,E216S5502063
49460,49458,65191,josie,dames,2072.0,J200D5202072,65191,josie,dames,2072.0,J200D5202072
49461,33186,60457,jaret,santa,1990.0,J630S5301990,60457,jaret,santa,1990.0,J630S5301990
49461,33188,60457,jaret,santa,1990.0,J630S5301990,60457,jaret,santa,1990.0,J630S5301990
49481,27951,18604,tawfiq,hamin,1987.0,T120H5501987,18604,tawfiq,hamin,1987.0,T120H5501987
49484,49483,65267,richard,copeland,2061.0,R263C1452061,65267,richard,copeland,2061.0,R263C1452061
49487,49485,65268,jony,saravia,1987.0,J500S6101987,65268,jony,saravia,1987.0,J500S6101987
49507,49506,65255,olmando,joseph,1987.0,O455J2101987,65255,olmando,joseph,1987.0,O455J2101987
49508,49506,65255,olmando,joseph,1987.0,O455J2101987,65255,olmando,joseph,1987.0,O455J2101987
49508,49507,65255,olmando,joseph,1987.0,O455J2101987,65255,olmando,joseph,1987.0,O455J2101987
49510,49509,65271,vivian,flores,1983.0,V150F4621983,65271,vivian,flores,1983.0,V150F4621983
49511,49509,65271,vivian,flores,1983.0,V150F4621983,65271,vivian,flores,1983.0,V150F4621983
49511,49510,65271,vivian,flores,1983.0,V150F4621983,65271,vivian,flores,1983.0,V150F4621983
49516,30882,33232,sandy,francois,1983.0,S530F6521983,33232,sandy,francois,1983.0,S530F6521983
49517,30882,33232,sandy,francois,1983.0,S530F6521983,33232,sandy,francois,1983.0,S530F6521983
49517,49516,33232,sandy,francois,1983.0,S530F6521983,33232,sandy,francois,1983.0,S530F6521983
49532,49530,64575,elio,baptiste,1988.0,E400B1321988,64575,elio,baptiste,1988.0,E400B1321988
49536,49433,65221,jeremiah,graham,1998.0,J650G6501998,65221,jeremiah,graham,1998.0,J650G6501998
49540,49539,65257,joseph,harrison,1981.0,J210H6251981,65257,joseph,harrison,1981.0,J210H6251981
49567,48690,15244,bernie,jean,1984.0,B650J5001984,15244,bernie,jean,1984.0,B650J5001984
49567,48692,15244,bernie,jean,1984.0,B650J5001984,15244,bernie,jean,1984.0,B650J5001984
49583,49582,65234,alexandria,greene,1993.0,A425G6501993,65234,alexandria,greene,1993.0,A425G6501993
49606,49605,65269,luis,reig,1978.0,L200R2001978,65269,luis,reig,1978.0,L200R2001978
49607,49605,65269,luis,reig,1978.0,L200R2001978,65269,luis,reig,1978.0,L200R2001978
49607,49606,65269,luis,reig,1978.0,L200R2001978,65269,luis,reig,1978.0,L200R2001978
49610,49608,65253,daniel,steggerda,1990.0,D540S3261990,65253,daniel,steggerda,1990.0,D540S3261990
49631,49630,65272,rick,dor,1991.0,R200D6001991,65272,rick,dor,1991.0,R200D6001991
49657,49656,65273,richard,reeve,2053.0,R263R1002053,65273,richard,reeve,2053.0,R263R1002053
49660,49659,65290,michael,guarneiri,1990.0,M240G6561990,65290,michael,guarneiri,1990.0,M240G6561990
49672,49671,65282,qutell,berthel,1995.0,Q340B6341995,65282,qutell,berthel,1995.0,Q340B6341995
49681,49675,60147,dylan,williamson,1994.0,D450W4521994,60147,dylan,williamson,1994.0,D450W4521994
49685,49684,65300,victor,jones,1984.0,V236J5201984,65300,victor,jones,1984.0,V236J5201984
49690,49689,18161,ricardo,aponte,1988.0,R263A1531988,18161,ricardo,aponte,1988.0,R263A1531988
49693,49692,65296,raunie,hart,2052.0,R500H6302052,65296,raunie,hart,2052.0,R500H6302052
49694,49692,65296,raunie,hart,2052.0,R500H6302052,65296,raunie,hart,2052.0,R500H6302052
49694,49693,65296,raunie,hart,2052.0,R500H6302052,65296,raunie,hart,2052.0,R500H6302052
49706,49705,65299,daritte,bonner,1993.0,D630B5601993,65299,daritte,bonner,1993.0,D630B5601993
49744,49743,65306,dayner,rodriguez,1979.0,D560R3621979,65306,dayner,rodriguez,1979.0,D560R3621979
49748,49747,65304,kristy,amodei,1987.0,K623A5301987,65304,kristy,amodei,1987.0,K623A5301987
49755,48259,2447,stanley,rich,1988.0,S354R2001988,2447,stanley,rich,1988.0,S354R2001988
49755,48260,2447,stanley,rich,1988.0,S354R2001988,2447,stanley,rich,1988.0,S354R2001988
49763,49762,19339,zoilo,mata,1984.0,Z400M3001984,19339,zoilo,mata,1984.0,Z400M3001984
49766,49765,7300,kibwe,lewis,1982.0,K100L2001982,7300,kibwe,lewis,1982.0,K100L2001982
49775,17400,55795,caritasse,roche,1988.0,C632R2001988,55795,caritasse,roche,1988.0,C632R2001988
49801,49800,65310,courtney,pendergrass,2072.0,C635P5362072,65310,courtney,pendergrass,2072.0,C635P5362072
49802,49800,65310,courtney,pendergrass,2072.0,C635P5362072,65310,courtney,pendergrass,2072.0,C635P5362072
49802,49801,65310,courtney,pendergrass,2072.0,C635P5362072,65310,courtney,pendergrass,2072.0,C635P5362072
49808,49806,65309,breon,clark,1994.0,B650C4621994,65309,breon,clark,1994.0,B650C4621994
49814,49812,8550,leon,jackson,2061.0,L500J2502061,8550,leon,jackson,2061.0,L500J2502061
49838,49837,65324,sonny,campoi,1989.0,S500C5101989,65324,sonny,campoi,1989.0,S500C5101989
49848,45566,64049,rodney,davis,1996.0,R350D1201996,64049,rodney,davis,1996.0,R350D1201996
49861,49860,65328,joe,mori,1986.0,J000M6001986,65328,joe,mori,1986.0,J000M6001986
49863,49825,65327,joseph,o'neill,1981.0,J210O5401981,65327,joseph,o'neill,1981.0,J210O5401981
49865,49825,65327,joseph,o'neill,1981.0,J210O5401981,65327,joseph,o'neill,1981.0,J210O5401981
49865,49863,65327,joseph,o'neill,1981.0,J210O5401981,65327,joseph,o'neill,1981.0,J210O5401981
49874,49872,52354,jason,bak,1976.0,J250B2001976,52354,jason,bak,1976.0,J250B2001976
49889,49888,65332,miles,malone,2072.0,M420M4502072,65332,miles,malone,2072.0,M420M4502072
49898,49897,65365,john,mcgee,2067.0,J500M2002067,65365,john,mcgee,2067.0,J500M2002067
49910,49908,47269,mary,villinis,1988.0,M600V4521988,47269,mary,villinis,1988.0,M600V4521988
49915,49890,51073,jayson,cordero,1978.0,J250C6361978,51073,jayson,cordero,1978.0,J250C6361978
49916,49890,51073,jayson,cordero,1978.0,J250C6361978,51073,jayson,cordero,1978.0,J250C6361978
49916,49915,51073,jayson,cordero,1978.0,J250C6361978,51073,jayson,cordero,1978.0,J250C6361978
49921,49920,8410,sidney,altidor,1986.0,S350A4331986,8410,sidney,altidor,1986.0,S350A4331986
49922,49920,8410,sidney,altidor,1986.0,S350A4331986,8410,sidney,altidor,1986.0,S350A4331986
49922,49921,8410,sidney,altidor,1986.0,S350A4331986,8410,sidney,altidor,1986.0,S350A4331986
49940,49939,65342,nicholas,walker,1994.0,N242W4261994,65342,nicholas,walker,1994.0,N242W4261994
49943,49941,65348,donald,jones,1992.0,D543J5201992,65348,donald,jones,1992.0,D543J5201992
49960,49959,65338,jay,sykes,1982.0,J000S2201982,65338,jay,sykes,1982.0,J000S2201982
49975,49974,65343,james,walton,1977.0,J520W4351977,65343,james,walton,1977.0,J520W4351977
49976,49974,65343,james,walton,1977.0,J520W4351977,65343,james,walton,1977.0,J520W4351977
49976,49975,65343,james,walton,1977.0,J520W4351977,65343,james,walton,1977.0,J520W4351977
49978,49977,65369,jamesha,starks,1988.0,J520S3621988,65369,jamesha,starks,1988.0,J520S3621988
49979,49977,65369,jamesha,starks,1988.0,J520S3621988,65369,jamesha,starks,1988.0,J520S3621988
49979,49978,65369,jamesha,starks,1988.0,J520S3621988,65369,jamesha,starks,1988.0,J520S3621988
49993,49992,65388,antuan,burgess,2071.0,A535B6222071,65388,antuan,burgess,2071.0,A535B6222071
50001,20468,56551,christopher,baptista,1980.0,C623B1321980,56551,christopher,baptista,1980.0,C623B1321980
50003,20468,56551,christopher,baptista,1980.0,C623B1321980,56551,christopher,baptista,1980.0,C623B1321980
50003,50001,56551,christopher,baptista,1980.0,C623B1321980,56551,christopher,baptista,1980.0,C623B1321980
50021,50019,65390,michael,salisbury,1978.0,M240S4211978,65390,michael,salisbury,1978.0,M240S4211978
50032,50031,9285,edward,benway,2072.0,E363B5002072,9285,edward,benway,2072.0,E363B5002072
50058,15961,55336,rondha,paul,1994.0,R530P4001994,55336,rondha,paul,1994.0,R530P4001994
50065,50064,62795,shannon,forhan,2065.0,S550F6502065,62795,shannon,forhan,2065.0,S550F6502065
50066,50064,62795,shannon,forhan,2065.0,S550F6502065,62795,shannon,forhan,2065.0,S550F6502065
50066,50065,62795,shannon,forhan,2065.0,S550F6502065,62795,shannon,forhan,2065.0,S550F6502065
50068,24189,23381,daniel,colas,1988.0,D540C4201988,23381,daniel,clqwx,1988.0,D540C4201988
50075,50073,65379,ned,james,2063.0,N300J5202063,65379,ned,james,2063.0,N300J5202063
50080,14570,54998,james,koscak,1982.0,J520K2201982,54998,james,koscak,1982.0,J520K2201982
50090,50089,65405,inakesha,armour,1980.0,I522A6561980,65405,inakesha,armour,1980.0,I522A6561980
50092,50091,65400,kayron,adams,1992.0,K650A3521992,65400,kayron,adams,1992.0,K650A3521992
50093,50091,65400,kayron,adams,1992.0,K650A3521992,65400,kayron,adams,1992.0,K650A3521992
50093,50092,65400,kayron,adams,1992.0,K650A3521992,65400,kayron,adams,1992.0,K650A3521992
50101,50100,65403,christian,garcia ochoa,1980.0,C623G6221980,65403,christian,garjiaozcaoa,1980.0,C623G6221980
50102,50100,65403,christian,garcia ochoa,1980.0,C623G6221980,65403,christian,garjiaozcaoa,1980.0,C623G6221980
50102,50101,65403,christian,garcia ochoa,1980.0,C623G6221980,65403,christian,garcia ochoa,1980.0,C623G6221980
50116,50115,65407,vincent,mayers,1981.0,V525M6201981,65407,vincent,mayers,1981.0,V525M6201981
50134,50133,65406,christopher,montgomery,1993.0,C623M5321993,65406,christopher,montgomery,1993.0,C623M5321993
50155,50154,65417,daniel,ritz,2066.0,D540R3202066,65417,daniel,ritz,2066.0,D540R3202066
50164,50163,65422,johnna,jones,1991.0,J500J5201991,65422,johnna,jones,1991.0,J500J5201991
50171,50170,65420,herbert,conley,2073.0,H616C5402073,65420,herbert,conley,2073.0,H616C5402073
50222,50221,65432,lorraine,coleman,2058.0,L650C4552058,65432,lorraine,coleman,2058.0,L650C4552058
50228,50227,6831,walter,davies,2059.0,W436D1202059,6831,walter,davies,2059.0,W436D1202059
50246,50245,6418,vincent,ware,1988.0,V525W6001988,6418,vincent,ware,1988.0,V525W6001988
50249,50247,65452,james,erickson,2048.0,J520E6252048,65452,james,erickson,2048.0,J520E6252048
50254,50253,65437,khadijah,dixon,1996.0,K320D2501996,65437,khadijah,dixon,1996.0,K320D2501996
50258,50256,41218,miguel,cruz,1981.0,M240C6201981,41218,miguel,cruz,1981.0,M240C6201981
50285,50284,65470,brandon,holloman,1985.0,B653H4551985,65470,brandon,holloman,1985.0,B653H4551985
50309,50308,65477,olga,flamenco,2071.0,O420F4552071,65477,olga,flamenco,2071.0,O420F4552071
50329,50328,65461,melissa,bucholtz,1981.0,M420B2431981,65461,melissa,bucholtz,1981.0,M420B2431981
50345,50343,65469,herman,ramoaktkyb,2069.0,H655R5232069,65469,herman,ramosotoya,2069.0,H655R5232069
50374,50373,65489,ivan,lubin,1979.0,I150L1501979,65489,ivan,lubin,1979.0,I150L1501979
50375,50373,65489,ivan,lubin,1979.0,I150L1501979,65489,ivan,lubin,1979.0,I150L1501979
50375,50374,65489,ivan,lubin,1979.0,I150L1501979,65489,ivan,lubin,1979.0,I150L1501979
50378,50377,65483,keith,mccray,2066.0,K300M2602066,65483,keith,mccray,2066.0,K300M2602066
50379,47907,64737,tyler,flowers,1996.0,T460F4621996,64737,tyler,flowers,1996.0,T460F4621996
50383,50382,65511,april,dinunno,1982.0,A164D5501982,65511,april,dinunno,1982.0,A164D5501982
50394,31938,65491,robert,taylor,2067.0,R163T4602067,20238,robert,taylor,2067.0,R163T4602067
50394,31940,65491,robert,taylor,2067.0,R163T4602067,20238,robert,taylor,2067.0,R163T4602067
50401,14798,29781,jean,elma,1992.0,J500E4501992,29781,jean,elma,1992.0,J500E4501992
50405,50403,51726,test,test,2058.0,T230T2302058,51726,test,test,2058.0,T230T2302058
50411,50409,65500,jodie,betancourt,2070.0,J300B3522070,65500,jodie,betancourt,2070.0,J300B3522070
50417,50415,45617,cleophas,hall,1988.0,C412H4001988,45617,cleophas,hall,1988.0,C412H4001988
50420,50418,65481,mary,grey,2051.0,M600G6002051,65481,mary,grey,2051.0,M600G6002051
50422,50421,65485,jose,morales,2074.0,J200M6422074,65485,jose,morales,2074.0,J200M6422074
50425,50424,65487,tashoni,mills,1991.0,T250M4201991,65487,thshzsm,mills,1991.0,T250M4201991
50426,50424,65487,tashoni,mills,1991.0,T250M4201991,65487,thshzsm,mills,1991.0,T250M4201991
50426,50425,65487,tashoni,mills,1991.0,T250M4201991,65487,tashoni,mills,1991.0,T250M4201991
50434,50433,65486,kervens,francois,1991.0,K615F6521991,65486,kervens,frensbir,1991.0,K615F6521991
50459,50458,65510,james,matuska,1994.0,J520M3201994,65510,james,matuska,1994.0,J520M3201994
50465,32556,65495,christopher,lopez,1995.0,C623L1201995,60270,christopher,lopez,1995.0,C623L1201995
50477,50475,54431,ivory,miller,1985.0,I160M4601985,54431,ivory,miller,1985.0,I160M4601985
50490,48571,52668,courtney,louis,1985.0,C635L2001985,52668,courtney,louis,1985.0,C635L2001985
50490,48572,52668,courtney,louis,1985.0,C635L2001985,52668,courtney,louis,1985.0,C635L2001985
50510,50064,62795,shannon,forhan,2065.0,S550F6502065,62795,shannon,forhan,2065.0,S550F6502065
50510,50065,62795,shannon,forhan,2065.0,S550F6502065,62795,shannon,forhan,2065.0,S550F6502065
50510,50066,62795,shannon,forhan,2065.0,S550F6502065,62795,shannon,forhan,2065.0,S550F6502065
50534,50532,58896,malik,mccrea,1997.0,M420M2601997,58896,malik,mccrea,1997.0,M420M2601997
50535,25073,58058,deborah,zachary,2059.0,D160Z2602059,58058,deborah,zachary,2059.0,D160Z2602059
50556,50262,65410,sedainel,allen,1975.0,S354A4501975,65410,sedainel,allen,1975.0,S354A4501975
50564,50562,65516,glenn,daniels,1984.0,G450D5421984,65516,glenn,daniels,1984.0,G450D5421984
50565,28549,59095,kyle,hoyt,1985.0,K400H3001985,59095,kyle,hoyt,1985.0,K400H3001985
50566,28549,59095,kyle,hoyt,1985.0,K400H3001985,59095,kyle,hoyt,1985.0,K400H3001985
50566,50565,59095,kyle,hoyt,1985.0,K400H3001985,59095,kyle,hoyt,1985.0,K400H3001985
50576,50574,65517,rashan,greer,1980.0,R250G6601980,65517,rashan,greer,1980.0,R250G6601980
50601,42913,63273,david,sangare,1983.0,D130S5261983,63273,david,sangare,1983.0,D130S5261983
50604,30229,65542,priscilla,chavez,1990.0,P624C1201990,59580,priscilla,chaves,1990.0,P624C1201990
50604,30230,65542,priscilla,chavez,1990.0,P624C1201990,59580,priscilla,chaves,1990.0,P624C1201990
50605,30229,65542,priscilla,chavez,1990.0,P624C1201990,59580,priscilla,chaves,1990.0,P624C1201990
50605,30230,65542,priscilla,chavez,1990.0,P624C1201990,59580,priscilla,chaves,1990.0,P624C1201990
50605,50604,65542,priscilla,chavez,1990.0,P624C1201990,65542,priscilla,chavez,1990.0,P624C1201990
50608,50607,65541,kimberly,correa,2072.0,K516C6002072,65541,kimberly,correa,2072.0,K516C6002072
50621,50620,37436,thomas,blankenship,1990.0,T520B4521990,37436,thomas,blankenship,1990.0,T520B4521990
50624,50622,65537,ana,ramosrivera,1993.0,A500R5261993,65537,ana,ramqsrisxva,1993.0,A500R5261993
50635,50634,65539,chadwick,currie,1992.0,C320C6001992,65539,chadwick,currie,1992.0,C320C6001992
50656,38115,58327,billy,worthy,2057.0,B400W6302057,58327,billy,worthy,2057.0,B400W6302057
50657,38115,58327,billy,worthy,2057.0,B400W6302057,58327,billy,worthy,2057.0,B400W6302057
50657,50656,58327,billy,worthy,2057.0,B400W6302057,58327,billy,worthy,2057.0,B400W6302057
50678,50676,65552,helen,barrero,1984.0,H450B6601984,65552,helen,barrero,1984.0,H450B6601984
50693,50692,65555,andre,hall,1994.0,A536H4001994,65555,andre,hall,1994.0,A536H4001994
50711,50710,65577,andria,uner,1978.0,A536U5601978,65577,andria,uner,1978.0,A536U5601978
50717,50715,65580,machelle,searles,2064.0,M240S6422064,65580,machelle,searles,2064.0,M240S6422064
50739,23412,57535,nicholas,staggewise,1994.0,N242S3221994,57535,nicholas,staggewise,1994.0,N242S3221994
50739,23414,57535,nicholas,staggewise,1994.0,N242S3221994,57535,nicholas,staggewise,1994.0,N242S3221994
50741,23412,57535,nicholas,staggewise,1994.0,N242S3221994,57535,nicholas,staggewise,1994.0,N242S3221994
50741,23414,57535,nicholas,staggewise,1994.0,N242S3221994,57535,nicholas,staggewise,1994.0,N242S3221994
50741,50739,57535,nicholas,staggewise,1994.0,N242S3221994,57535,nicholas,staggewise,1994.0,N242S3221994
50744,50620,37436,thomas,blankenship,1990.0,T520B4521990,37436,thomas,blankenship,1990.0,T520B4521990
50744,50621,37436,thomas,blankenship,1990.0,T520B4521990,37436,thomas,blankenship,1990.0,T520B4521990
50761,50760,65563,david,durham,2072.0,D130D6502072,65563,david,durham,2072.0,D130D6502072
50779,50778,65566,angiemarie,gabriel,1987.0,A525G1641987,65566,angiemarie,gabriel,1987.0,A525G1641987
50780,50778,65566,angiemarie,gabriel,1987.0,A525G1641987,65566,angiemarie,gabriel,1987.0,A525G1641987
50780,50779,65566,angiemarie,gabriel,1987.0,A525G1641987,65566,angiemarie,gabriel,1987.0,A525G1641987
50812,50811,65601,jensen,christian,1993.0,J525C6231993,65601,jensen,christian,1993.0,J525C6231993
50829,49134,65603,jaime,niedda,1982.0,J500N3001982,65089,jaime,niedda,1982.0,J500N3001982
50838,40255,65595,tiffany,mathis,1984.0,T150M3201984,62534,tiffany,mathis,1984.0,T150M3201984
50840,40255,65595,tiffany,mathis,1984.0,T150M3201984,62534,tiffany,mathis,1984.0,T150M3201984
50840,50838,65595,tiffany,mathis,1984.0,T150M3201984,65595,tiffany,mathis,1984.0,T150M3201984
50854,50853,65141,shahidah,walker,1976.0,S300W4261976,65141,shahidah,walker,1976.0,S300W4261976
50873,50872,65615,dwight,smart,2060.0,D230S5632060,65615,dwight,smart,2060.0,D230S5632060
50875,50874,65600,brian,labasco,1979.0,B650L1201979,65600,brian,labasco,1979.0,B650L1201979
50876,50874,65600,brian,labasco,1979.0,B650L1201979,65600,brian,labasco,1979.0,B650L1201979
50876,50875,65600,brian,labasco,1979.0,B650L1201979,65600,brian,labasco,1979.0,B650L1201979
50901,25311,58086,omar,perez,1980.0,O560P6201980,58086,omar,perez,1980.0,O560P6201980
50901,25313,58086,omar,perez,1980.0,O560P6201980,58086,omar,perez,1980.0,O560P6201980
50921,50920,65642,john,rodriquezvega,1986.0,J500R3621986,65642,john,rodriquezvega,1986.0,J500R3621986
50927,50925,65632,richard,hernandez maria,2061.0,R263H6552061,65632,richard,hernandez maria,2061.0,R263H6552061
50960,47224,7113,joshua,estrella,1986.0,J200E2361986,7113,joshua,ecthrloa,1986.0,J200E2361986
50969,50967,65633,german,umana,1981.0,G655U5501981,65633,german,umana,1981.0,G655U5501981
50980,50979,31821,anthony,heard,1986.0,A535H6301986,31821,anthony,heard,1986.0,A535H6301986
50985,12099,36967,sanchezlago,frmucsscx,1981.0,S522F6521981,36967,sanchezlago,francisco,1981.0,S522F6521981
50985,12100,36967,sanchezlago,frmucsscx,1981.0,S522F6521981,36967,sanchezlago,francisco,1981.0,S522F6521981
50985,12101,36967,sanchezlago,frmucsscx,1981.0,S522F6521981,36967,sanchezlago,francisco,1981.0,S522F6521981
50986,12099,36967,sanchezlago,francisco,1981.0,S522F6521981,36967,sanchezlago,francisco,1981.0,S522F6521981
50986,12100,36967,sanchezlago,francisco,1981.0,S522F6521981,36967,sanchezlago,francisco,1981.0,S522F6521981
50986,12101,36967,sanchezlago,francisco,1981.0,S522F6521981,36967,sanchezlago,francisco,1981.0,S522F6521981
50986,50985,36967,sanchezlago,francisco,1981.0,S522F6521981,36967,sanchezlago,frmucsscx,1981.0,S522F6521981
50987,12099,36967,sanchezlago,francisco,1981.0,S522F6521981,36967,sanchezlago,francisco,1981.0,S522F6521981
50987,12100,36967,sanchezlago,francisco,1981.0,S522F6521981,36967,sanchezlago,francisco,1981.0,S522F6521981
50987,12101,36967,sanchezlago,francisco,1981.0,S522F6521981,36967,sanchezlago,francisco,1981.0,S522F6521981
50987,50985,36967,sanchezlago,francisco,1981.0,S522F6521981,36967,sanchezlago,frmucsscx,1981.0,S522F6521981
50987,50986,36967,sanchezlago,francisco,1981.0,S522F6521981,36967,sanchezlago,francisco,1981.0,S522F6521981
50995,50846,65652,diego,arostegui,1995.0,D200A6231995,65597,dexue,aristide,1995.0,D200A6231995
50999,50998,35376,nicholas,laguerre,1986.0,N242L2601986,35376,nicholas,laguerre,1986.0,N242L2601986
51036,39465,62333,jonathan,danovich,1986.0,J535D5121986,62333,jonathan,danovich,1986.0,J535D5121986
51038,39465,62333,jonathan,danovich,1986.0,J535D5121986,62333,jonathan,danovich,1986.0,J535D5121986
51038,51036,62333,jonathan,danovich,1986.0,J535D5121986,62333,jonathan,danovich,1986.0,J535D5121986
51044,51043,42676,manuel,taveras,1990.0,M540T1621990,42676,manuel,taveras,1990.0,M540T1621990
51063,29291,1695,michael,scott,1979.0,M240S3001979,59329,michael,swhtwt,1979.0,M240S3001979
51065,29291,1695,michael,scott,1979.0,M240S3001979,59329,michael,swhtwt,1979.0,M240S3001979
51065,51063,1695,michael,scott,1979.0,M240S3001979,1695,michael,scott,1979.0,M240S3001979
51078,2763,51626,michael,gardner,1979.0,M240G6351979,51626,michael,gardner,1979.0,M240G6351979
51078,2765,51626,michael,gardner,1979.0,M240G6351979,51626,michael,gardner,1979.0,M240G6351979
51080,2763,51626,michael,gardner,1979.0,M240G6351979,51626,michael,gardner,1979.0,M240G6351979
51080,2765,51626,michael,gardner,1979.0,M240G6351979,51626,michael,gardner,1979.0,M240G6351979
51080,51078,51626,michael,gardner,1979.0,M240G6351979,51626,michael,gardner,1979.0,M240G6351979
51085,51084,65653,sally,stevenson,1986.0,S400S3151986,65653,sally,stevenson,1986.0,S400S3151986
51106,30397,65721,sony,harris,1983.0,S500H6201983,59625,sony,harris,1983.0,S500H6201983
51128,51127,65691,armando,baptista,2074.0,A655B1322074,65691,armando,baptista,2074.0,A655B1322074
51131,51130,59437,steven,hirsch,1986.0,S315H6201986,59437,steven,hirsch,1986.0,S315H6201986
51136,29911,59470,william,arenas,1987.0,W450A6521987,59470,william,arenas,1987.0,W450A6521987
51170,41263,61117,alexander,babkin,2068.0,A425B1252068,61117,alexander,babkin,2068.0,A425B1252068
51176,51174,40349,ronald,sapp,2058.0,R543S1002058,40349,ronald,sapp,2058.0,R543S1002058
51218,51216,48047,jaylan,severin,1993.0,J450S1651993,48047,jaylan,severin,1993.0,J450S1651993
51239,51237,65729,cesar,cofre,1984.0,C260C1601984,65729,cesar,cofre,1984.0,C260C1601984
51241,51240,65732,nicholas,stratikgip,1978.0,N242S3631978,65732,nicholas,stratigeas,1978.0,N242S3631978
51242,51240,65732,nicholas,stratigeas,1978.0,N242S3631978,65732,nicholas,stratigeas,1978.0,N242S3631978
51242,51241,65732,nicholas,stratigeas,1978.0,N242S3631978,65732,nicholas,stratikgip,1978.0,N242S3631978
51265,4204,31182,antoine,smith,1984.0,A535S5301984,30485,antwain,smith,1984.0,A535S5301984
51267,44176,63634,mark,evans,2065.0,M620E1522065,63634,mark,evans,2065.0,M620E1522065
51272,51270,65765,eliel,cruz,1990.0,E440C6201990,65765,eliel,cruz,1990.0,E440C6201990
51284,51282,34020,steve,excellent,1991.0,S310E2451991,34020,steve,excellent,1991.0,S310E2451991
51290,51289,65743,sulamyn,molli,1987.0,S455M4001987,65743,sulamyn,molli,1987.0,S455M4001987
51291,21894,57108,anthony,irby,2070.0,A535I6102070,57108,anthony,irby,2070.0,A535I6102070
51347,51346,65777,sandra,stjewnsiesmolane,1990.0,S536S3251990,65777,sandra,stjeansierralane,1990.0,S536S3251990
51350,51348,1636,wesley,bates,1986.0,W240B3201986,1636,wesley,bates,1986.0,W240B3201986
51353,27545,46473,rashaad,wilson,1985.0,R230W4251985,46473,rashaad,wilson,1985.0,R230W4251985
51355,51354,65742,andrea,barnett,2066.0,A536B6532066,65742,andrea,barnett,2066.0,A536B6532066
51371,51370,21673,jean,evra,1978.0,J500E1601978,21673,jean,evra,1978.0,J500E1601978
51380,51379,65744,genevieve,fitzpatrick,1976.0,G511F3211976,65744,genevieve,fitzpatrick,1976.0,G511F3211976
51385,51384,65767,pedro,ferrada,1987.0,P360F6301987,65767,pedro,ferrada,1987.0,P360F6301987
51389,51388,65778,nestor,estrada,1989.0,N236E2361989,65778,nestor,estrada,1989.0,N236E2361989
51391,51390,8805,antoine,williams,1988.0,A535W4521988,8805,antoine,wilmcafx,1988.0,A535W4521988
51392,51390,8805,antoine,williams,1988.0,A535W4521988,8805,antoine,wilmcafx,1988.0,A535W4521988
51392,51391,8805,antoine,williams,1988.0,A535W4521988,8805,antoine,williams,1988.0,A535W4521988
51406,27232,30397,daniel,sartori,1990.0,D540S6361990,30397,daniel,sartori,1990.0,D540S6361990
51412,51411,65826,jean,gomez,1977.0,J500G5201977,65826,jean,gomez,1977.0,J500G5201977
51419,51418,65817,john,pireta,1990.0,J500P6301990,65817,john,pireta,1990.0,J500P6301990
51421,5373,50338,cameron,berry,1988.0,C565B6001988,50338,cameron,berry,1988.0,C565B6001988
51422,5373,50338,cameron,berry,1988.0,C565B6001988,50338,cameron,berry,1988.0,C565B6001988
51422,51421,50338,cameron,berry,1988.0,C565B6001988,50338,cameron,berry,1988.0,C565B6001988
51424,51423,65823,silvia,bautistadesurinach,2064.0,S410B3232064,65823,silvia,bautistadesurinach,2064.0,S410B3232064
51425,51423,65823,silvia,bautistadesurinach,2064.0,S410B3232064,65823,silvia,bautistadesurinach,2064.0,S410B3232064
51425,51424,65823,silvia,bautistadesurinach,2064.0,S410B3232064,65823,silvia,bautistadesurinach,2064.0,S410B3232064
51441,32651,22345,willie,reese,1988.0,W400R2001988,22345,willie,reese,1988.0,W400R2001988
51455,13056,54530,deandrae,counts,1989.0,D536C5321989,54530,deandrae,counts,1989.0,D536C5321989
51455,13058,54530,deandrae,counts,1989.0,D536C5321989,54530,deandrae,counts,1989.0,D536C5321989
51464,51463,65790,chavelloney,moss,1976.0,C145M2001976,65790,chavelloney,moss,1976.0,C145M2001976
51467,51465,65810,john,vega,1993.0,J500V2001993,65810,john,vega,1993.0,J500V2001993
51491,51490,65808,shernard,fields,2074.0,S656F4322074,65808,shernard,fields,2074.0,S656F4322074
51509,51508,65818,justin,waltermire,1988.0,J235W4361988,65818,justin,waltermire,1988.0,J235W4361988
51523,51522,65831,harry,feliciano,2072.0,H600F4252072,65831,harry,feliciano,2072.0,H600F4252072
51524,51522,65831,harry,feliciano,2072.0,H600F4252072,65831,harry,feliciano,2072.0,H600F4252072
51524,51523,65831,harry,feliciano,2072.0,H600F4252072,65831,harry,feliciano,2072.0,H600F4252072
51532,51531,65837,carrie,hewett,1985.0,C600H3001985,65837,carrie,hewett,1985.0,C600H3001985
51533,51531,65837,carrie,hewett,1985.0,C600H3001985,65837,carrie,hewett,1985.0,C600H3001985
51533,51532,65837,carrie,hewett,1985.0,C600H3001985,65837,carrie,hewett,1985.0,C600H3001985
51536,51535,65851,gabriel,hill,1976.0,G164H4001976,65851,gabriel,hill,1976.0,G164H4001976
51542,51540,65855,christopher,knapp,1986.0,C623K5101986,65855,christopher,knapp,1986.0,C623K5101986
51553,51552,65829,talvet,johnson,1990.0,T413J5251990,65829,talvet,johnson,1990.0,T413J5251990
51575,51573,65856,juan,amaya,1981.0,J500A5001981,65856,juan,amaya,1981.0,J500A5001981
51593,51591,65857,steven,loguerico,2054.0,S315L2622054,65857,steven,loguerico,2054.0,S315L2622054
51595,48100,65849,christopher,qzsop,1989.0,C623Q1001989,64780,christopher,qxjef,1989.0,C623Q1001989
51599,51597,65854,alex,johnson,1996.0,A420J5251996,65854,alex,johnson,1996.0,A420J5251996
51617,51615,65832,broderick,adderly,2072.0,B636A3642072,65832,broderick,adderly,2072.0,B636A3642072
51624,28224,59020,garry,mckinney,2054.0,G600M2502054,59020,garry,mckinney,2054.0,G600M2502054
51631,51630,65873,daniel,gagne,1987.0,D540G2501987,65873,daniel,gagne,1987.0,D540G2501987
51646,51645,65875,eric,loy,1978.0,E620L0001978,65875,eric,loy,1978.0,E620L0001978
51662,24427,47525,michael,gardner,1977.0,M240G6351977,47525,michael,gardner,1977.0,M240G6351977
51664,51663,65884,diana,puccetti gelvez,2072.0,D500P2322072,65884,diana,puccetti gelvez,2072.0,D500P2322072
51665,51663,65884,diana,puccetti gelvez,2072.0,D500P2322072,65884,diana,puccetti gelvez,2072.0,D500P2322072
51665,51664,65884,diana,puccetti gelvez,2072.0,D500P2322072,65884,diana,puccetti gelvez,2072.0,D500P2322072
51667,7819,65887,william,aurricchio,1984.0,W450A6201984,53118,william,auricchio,1984.0,W450A6201984
51680,51679,65867,john,heinle,2061.0,J500H5402061,65867,john,heinle,2061.0,J500H5402061
51701,51699,65881,devin,smith,1992.0,D150S5301992,65881,devin,smith,1992.0,D150S5301992
51702,51097,65656,william,mckinley,1979.0,W450M2541979,65656,william,mckinley,1979.0,W450M2541979
51705,28660,35807,xavier,martin,1990.0,X160M6351990,35807,xavier,martin,1990.0,X160M6351990
51705,28661,35807,xavier,martin,1990.0,X160M6351990,35807,xavier,martin,1990.0,X160M6351990
51705,47331,35807,xavier,martin,1990.0,X160M6351990,35807,xavier,martin,1990.0,X160M6351990
51718,50192,65440,john-pierre,lundy,1991.0,J516L5301991,65440,john-pierre,lundy,1991.0,J516L5301991
51719,50192,65440,john-pierre,lundy,1991.0,J516L5301991,65440,john-pierre,lundy,1991.0,J516L5301991
51719,51718,65440,john-pierre,lundy,1991.0,J516L5301991,65440,john-pierre,lundy,1991.0,J516L5301991
51725,51724,65883,amzali,sabzaliev,2051.0,A524S1242051,65883,amzali,sabzaliev,2051.0,A524S1242051
51738,15606,55253,joseph,puccio,2064.0,J210P2002064,55253,joseph,puccio,2064.0,J210P2002064
51738,15607,55253,joseph,puccio,2064.0,J210P2002064,55253,jyscjv,puccio,2064.0,J210P2002064
51745,51744,65894,daniel,davis,1989.0,D540D1201989,65894,daniel,davis,1989.0,D540D1201989
51761,51759,3651,dominic,morrison,1985.0,D552M6251985,3651,dominic,morrison,1985.0,D552M6251985
51762,24628,57935,magdelina,rivera,2057.0,M234R1602057,57935,magdelina,rivera,2057.0,M234R1602057
51797,51796,65907,tradeena,times,1983.0,T635T5201983,65907,tradeena,times,1983.0,T635T5201983
51814,51813,25170,johnathon,eckman,1983.0,J535E2551983,25170,johnathon,eckman,1983.0,J535E2551983
51827,51826,65924,krystal,brown,1989.0,K623B6501989,65924,krystal,brown,1989.0,K623B6501989
51835,51834,65921,rolando,hernandez,1995.0,R453H6551995,65921,rolando,hernandez,1995.0,R453H6551995
51836,51834,65921,rolando,hernandez,1995.0,R453H6551995,65921,rolando,hernandez,1995.0,R453H6551995
51836,51835,65921,rolando,hernandez,1995.0,R453H6551995,65921,rolando,hernandez,1995.0,R453H6551995
51842,51840,65922,michael,roberts,1992.0,M240R1631992,65922,musuaol,roberts,1992.0,M240R1631992
51851,51849,65982,joanna,moore,1977.0,J500M6001977,65982,joanna,moore,1977.0,J500M6001977
51855,28379,59058,robert,heagle,2057.0,R163H2402057,59058,robert,heagle,2057.0,R163H2402057
51856,28379,59058,robert,heagle,2057.0,R163H2402057,59058,robert,heagle,2057.0,R163H2402057
51856,51855,59058,robert,heagle,2057.0,R163H2402057,59058,robert,heagle,2057.0,R163H2402057
51857,28379,59058,robert,heagle,2057.0,R163H2402057,59058,robert,heagle,2057.0,R163H2402057
51857,51855,59058,robert,heagle,2057.0,R163H2402057,59058,robert,heagle,2057.0,R163H2402057
51857,51856,59058,robert,heagle,2057.0,R163H2402057,59058,robert,heagle,2057.0,R163H2402057
51860,51859,65980,courtney,cooper,1988.0,C635C1601988,65980,courtney,cooper,1988.0,C635C1601988
51864,39516,62338,christina,salter,1989.0,C623S4361989,62338,christina,salter,1989.0,C623S4361989
51866,39516,62338,christina,salter,1989.0,C623S4361989,62338,christina,salter,1989.0,C623S4361989
51866,51864,62338,christina,salter,1989.0,C623S4361989,62338,christina,salter,1989.0,C623S4361989
51878,51876,47483,chartavious,haughton,1991.0,C631H2351991,47483,chartavious,haughton,1991.0,C631H2351991
51913,51876,47483,chsrtawiyvs,haughton,1991.0,C631H2351991,47483,chartavious,haughton,1991.0,C631H2351991
51913,51878,47483,chsrtawiyvs,haughton,1991.0,C631H2351991,47483,chartavious,haughton,1991.0,C631H2351991
51921,51908,65536,erlken,michel,1991.0,E642M2401991,65536,erlken,michel,1991.0,E642M2401991
51928,51927,65983,edward,johnson,2073.0,E363J5252073,65983,edward,johnson,2073.0,E363J5252073
51965,51963,65975,marcos,castellanos,1995.0,M622C2341995,65975,marcos,castellanos,1995.0,M622C2341995
51968,21129,47316,laron,gibson,1976.0,L650G1251976,47316,laron,gibson,1976.0,L650G1251976
51968,21130,47316,laron,gibson,1976.0,L650G1251976,47316,laron,gibson,1976.0,L650G1251976
51968,21131,47316,laron,gibson,1976.0,L650G1251976,47316,laron,gibson,1976.0,L650G1251976
51989,51987,66019,wilkins,meran,1985.0,W425M6501985,66019,wilkins,meran,1985.0,W425M6501985
51995,51993,65998,lisa,garcia,2069.0,L200G6202069,65998,lisa,garcia,2069.0,L200G6202069
52001,52000,66004,abid,rehman,2073.0,A130R5502073,66004,abid,rehman,2073.0,A130R5502073
52004,52002,3019,princemalachi,johnson,1986.0,P652J5251986,3019,princemalachi,johnson,1986.0,P652J5251986
52009,52002,3019,prhnchhqlachi,johnson,1986.0,P652J5251986,3019,princemalachi,johnson,1986.0,P652J5251986
52009,52004,3019,prhnchhqlachi,johnson,1986.0,P652J5251986,3019,princemalachi,johnson,1986.0,P652J5251986
52019,52018,65994,kendrick,raymond,1980.0,K536R5531980,65994,kendrick,raymond,1980.0,K536R5531980
52025,52023,65999,kenson,benjamin,1990.0,K525B5251990,65999,kenson,benjamin,1990.0,K525B5251990
52037,52036,65993,jerry,sylvain,1995.0,J600S4151995,65993,jerry,sylvain,1995.0,J600S4151995
52043,52042,66010,lee,pierce,2064.0,L000P6202064,66010,lee,pierce,2064.0,L000P6202064
52046,52044,65995,michael,forbes,1987.0,M240F6121987,65995,michael,forbes,1987.0,M240F6121987
52057,52056,66006,franklin,watson,1980.0,F652W3251980,66006,franklin,watson,1980.0,F652W3251980
52058,52056,66006,frunkygb,watson,1980.0,F652W3251980,66006,franklin,watson,1980.0,F652W3251980
52058,52057,66006,frunkygb,watson,1980.0,F652W3251980,66006,franklin,watson,1980.0,F652W3251980
52092,10176,66032,juan,delgado,1991.0,J500D4231991,53804,juan,delgado-roger,1991.0,J500D4231991
52096,35362,61138,greg,godette,2062.0,G620G3302062,61138,greg,godette,2062.0,G620G3302062
52141,52140,66026,dario,puche-aristimuno,1991.0,D600P2621991,66026,dario,puche-aristimuno,1991.0,D600P2621991
52147,52146,66022,corneilus,sampson,1985.0,C654S5121985,66022,corneilus,sampson,1985.0,C654S5121985
52148,52146,66022,corneilus,sampson,1985.0,C654S5121985,66022,corneilus,sampson,1985.0,C654S5121985
52148,52147,66022,corneilus,sampson,1985.0,C654S5121985,66022,corneilus,sampson,1985.0,C654S5121985
52149,26193,66048,kevin,edwards,1989.0,K150E3631989,58360,kevin,edwards,1989.0,K150E3631989
52153,7665,66045,roderick,griffin,1984.0,R362G6151984,53050,roderick,griffin,1984.0,R362G6151984
52153,7667,66045,roderick,griffin,1984.0,R362G6151984,53050,roderick,griffin,1984.0,R362G6151984
52164,11286,54096,ricoh,smith,1987.0,R200S5301987,54096,ricoh,smith,1987.0,R200S5301987
52164,11287,54096,ricoh,smith,1987.0,R200S5301987,54096,ricoh,smith,1987.0,R200S5301987
52165,11286,54096,ricoh,smith,1987.0,R200S5301987,54096,ricoh,smith,1987.0,R200S5301987
52165,11287,54096,ricoh,smith,1987.0,R200S5301987,54096,ricoh,smith,1987.0,R200S5301987
52165,52164,54096,ricoh,smith,1987.0,R200S5301987,54096,ricoh,smith,1987.0,R200S5301987
52181,52180,26035,leslie,jeffard,1986.0,L240J1631986,26035,leslie,jeffard,1986.0,L240J1631986
52198,52197,66056,steven,lawrence,1994.0,S315L6521994,66056,steven,lawrence,1994.0,S315L6521994
52201,52200,66068,shanard,roland,1995.0,S563R4531995,66068,shanard,roland,1995.0,S563R4531995
52219,52218,66059,melissa,fawcett,2068.0,M420F2302068,66059,melissa,fawcett,2068.0,M420F2302068
52225,52224,66080,ramiro,perez,1987.0,R560P6201987,66080,ramiro,perez,1987.0,R560P6201987
52234,52233,4862,gerardo,lemus,1991.0,G663L5201991,4862,gerardo,lemus,1991.0,G663L5201991
52238,52236,66076,swinton,philip,2038.0,S535P4102038,66076,swinton,philip,2038.0,S535P4102038
52288,52287,66060,robert,anderson,1991.0,R163A5361991,66060,robert,anderson,1991.0,R163A5361991
52294,52293,66077,devanna,schaller,1981.0,D150S4601981,66077,devanna,schaller,1981.0,D150S4601981
52304,52303,66085,maria,velasquez,2067.0,M600V4222067,66085,maria,velasquez,2067.0,M600V4222067
52308,50942,65627,jose,wilcox,1996.0,J200W4221996,65627,jose,wilcox,1996.0,J200W4221996
52310,50942,65627,jose,wilcox,1996.0,J200W4221996,65627,jose,wilcox,1996.0,J200W4221996
52310,52308,65627,jose,wilcox,1996.0,J200W4221996,65627,jose,wilcox,1996.0,J200W4221996
52334,52333,66110,james,gillingham,2066.0,J520G4522066,66110,james,gillingham,2066.0,J520G4522066
52348,17714,55905,victoria,osullivan,1980.0,V236O2411980,55905,victoria,osullivan,1980.0,V236O2411980
52358,52356,66098,belgarde,marcellin,1988.0,B426M6241988,66098,belgarde,marcellin,1988.0,B426M6241988
52372,52371,66096,otis,smith,2066.0,O320S5302066,66096,otis,smith,2066.0,O320S5302066
52388,52386,66101,robert,echols,2074.0,R163E2422074,66101,robert,echols,2074.0,R163E2422074
52391,52390,66086,richard,perez,1979.0,R263P6201979,66086,richard,perez,1979.0,R263P6201979
52405,52404,66105,christopher,chisolm,1989.0,C623C2451989,66105,christopher,chisolm,1989.0,C623C2451989
52414,52413,56399,roberto,lyles,1980.0,R163L4201980,56399,roberto,lyles,1980.0,R163L4201980
52415,52413,56399,roberto,lyles,1980.0,R163L4201980,56399,roberto,lyles,1980.0,R163L4201980
52415,52414,56399,roberto,lyles,1980.0,R163L4201980,56399,roberto,lyles,1980.0,R163L4201980
52420,52419,66118,yandely,petit-homme,1995.0,Y534P3351995,66118,yandely,petit-homme,1995.0,Y534P3351995
52432,52431,66114,tatiana,williams,1986.0,T350W4521986,66114,tatiana,williams,1986.0,T350W4521986
52444,26859,58579,marc,raiche,2074.0,M620R2002074,58579,marc,raiche,2074.0,M620R2002074
52444,26861,58579,marc,raiche,2074.0,M620R2002074,58579,marc,raiche,2074.0,M620R2002074
52451,52449,66127,charles,suipow,2070.0,C642S1002070,66127,charles,shippe,2070.0,C642S1002070
52511,52510,66133,lorenzo,cloeman,2067.0,L652C4552067,66133,lorenzo,cloeman,2067.0,L652C4552067
52525,52524,66169,mauricio,arana florez,2072.0,M620A6512072,66169,mauricio,arana florez,2072.0,M620A6512072
52526,52524,66169,mauricio,arana florez,2072.0,M620A6512072,66169,mauricio,arana florez,2072.0,M620A6512072
52526,52525,66169,mauricio,arana florez,2072.0,M620A6512072,66169,mauricio,arana florez,2072.0,M620A6512072
52579,52578,66153,brian,bonham,1983.0,B650B5501983,66153,brian,bonham,1983.0,B650B5501983
52580,52578,66153,brian,bonham,1983.0,B650B5501983,66153,brian,bonham,1983.0,B650B5501983
52580,52579,66153,brian,bonham,1983.0,B650B5501983,66153,brian,bonham,1983.0,B650B5501983
52584,52527,66141,tierra,spence,1996.0,T600S1521996,66141,tierra,spence,1996.0,T600S1521996
52588,52587,66174,henry,ducamel,1990.0,H560D2541990,66174,henry,ducamel,1990.0,H560D2541990
52591,52590,66149,julius,moore,2060.0,J420M6002060,66149,julius,moore,2060.0,J420M6002060
52621,51282,34020,steve,excellent,1991.0,S310E2451991,34020,steve,excellent,1991.0,S310E2451991
52621,51284,34020,steve,excellent,1991.0,S310E2451991,34020,steve,excellent,1991.0,S310E2451991
52627,33266,60500,geison,trejos,1996.0,G250T6221996,60500,geison,trejos,1996.0,G250T6221996
52633,52632,63124,nathaniel,owens,2060.0,N354O5202060,63124,nathaniel,owens,2060.0,N354O5202060
52634,52632,63124,nathaniel,owens,2060.0,N354O5202060,63124,nathaniel,owens,2060.0,N354O5202060
52634,52633,63124,nathaniel,owens,2060.0,N354O5202060,63124,nathaniel,owens,2060.0,N354O5202060
52655,52654,66177,lamar,crawford,2070.0,L560C6162070,66177,lamar,crawford,2070.0,L560C6162070
52657,2355,51536,kyle,comarcho,1989.0,K400C5621989,51536,kyle,comarcho,1989.0,K400C5621989
52661,52659,66193,thomas,brooks,2073.0,T520B6202073,66193,thomas,brooks,2073.0,T520B6202073
52669,52668,48595,brittany,brantley,1991.0,B635B6531991,48595,brittany,brantley,1991.0,B635B6531991
52673,52672,65224,stephanie,steller,1994.0,S315S3461994,65224,stephanie,steller,1994.0,S315S3461994
52685,52684,66203,christopher,smith,2067.0,C623S5302067,66203,christopher,smith,2067.0,C623S5302067
52716,22417,57247,jermaine,tramun,2074.0,J655T6552074,57247,jermaine,tramun,2074.0,J655T6552074
52742,52741,40657,igor,ramos,2074.0,I260R5202074,40657,igor,ramos,2074.0,I260R5202074
52756,52755,66208,steven,cruz,2056.0,S315C6202056,66208,steven,cruz,2056.0,S315C6202056
52757,52755,66208,steven,cruz,2056.0,S315C6202056,66208,steven,cruz,2056.0,S315C6202056
52757,52756,66208,steven,cruz,2056.0,S315C6202056,66208,steven,cruz,2056.0,S315C6202056
52763,52761,66216,treasa,felder,1985.0,T620F4361985,66216,treasa,felder,1985.0,T620F4361985
52771,52770,66238,tafari,lawrence,1988.0,T160L6521988,66238,tafari,lawrence,1988.0,T160L6521988
52775,52774,66221,fredrick,rucker,2071.0,F636R2602071,66221,fredrick,rucker,2071.0,F636R2602071
52790,52788,41900,richard,espinoza,2065.0,R263E2152065,41900,richard,espinoza,2065.0,R263E2152065
52799,21871,25399,jose,carbajal,2063.0,J200C6122063,25399,jose,carbajal,2063.0,J200C6122063
52807,52806,66248,iris,vela,2065.0,I620V4002065,66248,iris,vela,2065.0,I620V4002065
52822,52821,66240,christina,christmas,1987.0,C623C6231987,66240,christina,christmas,1987.0,C623C6231987
52823,52821,66240,christina,christmas,1987.0,C623C6231987,66240,christina,christmas,1987.0,C623C6231987
52823,52822,66240,christina,christmas,1987.0,C623C6231987,66240,christina,christmas,1987.0,C623C6231987
52828,52827,66246,german,portillocruz,2067.0,G655P6342067,66246,german,portillocruz,2067.0,G655P6342067
52835,22762,57343,desmond,blocker,1987.0,D255B4261987,57343,desmond,blocker,1987.0,D255B4261987
52884,52859,32489,anderson,metayer,1987.0,A536M3601987,32489,anderson,metayer,1987.0,A536M3601987
52885,52859,32489,anderson,metayer,1987.0,A536M3601987,32489,anderson,metayer,1987.0,A536M3601987
52885,52884,32489,anderson,metayer,1987.0,A536M3601987,32489,anderson,metayer,1987.0,A536M3601987
52892,52890,66267,charles,gray,1977.0,C642G6001977,66267,charles,gray,1977.0,C642G6001977
52901,52900,66264,justin-chaz,mcfarlane,1993.0,J235M2161993,66264,justin-chaz,mcfarlane,1993.0,J235M2161993
52906,52905,66273,anthony,caggiano,2068.0,A535C2502068,66273,anthony,caggiano,2068.0,A535C2502068
52907,52905,66273,anthony,caggiano,2068.0,A535C2502068,66273,anthony,caggiano,2068.0,A535C2502068
52907,52906,66273,anthony,caggiano,2068.0,A535C2502068,66273,anthony,caggiano,2068.0,A535C2502068
52933,34093,60720,daniel,malgaard,1989.0,D540M4261989,60720,daniel,malgaard,1989.0,D540M4261989
52933,34094,60720,daniel,malgaard,1989.0,D540M4261989,60720,daniel,malgaard,1989.0,D540M4261989
52935,11008,52375,murvin,thomas,1986.0,M615T5201986,52375,murvin,thomas,1986.0,M615T5201986
52935,11864,52375,murvin,thomas,1986.0,M615T5201986,54246,mrbnfoa,thomas,1986.0,M615T5201986
52939,52938,66266,julio,malave,1986.0,J400M4101986,66266,julio,malave,1986.0,J400M4101986
52946,50612,59681,marshall,jacobs,1984.0,M624J2121984,59681,marshall,jacobs,1984.0,M624J2121984
52966,52965,66270,robert,lacaba,1987.0,R163L2101987,66270,robert,lacaba,1987.0,R163L2101987
52968,31248,66275,timothy,garner,1988.0,T530G6561988,903,timothy,garner,1988.0,T530G6561988
52987,22599,57300,jameka,ferguson,1977.0,J520F6221977,57300,jameka,ferguson,1977.0,J520F6221977
52994,52993,66268,kameila,baboolal,2069.0,K540B1442069,66268,kameila,baboolal,2069.0,K540B1442069
53007,28602,59117,christopher,connelly,1985.0,C623C5401985,59117,christopher,connelly,1985.0,C623C5401985
53007,28603,59117,christopher,connelly,1985.0,C623C5401985,59117,cqristoeidr,connelly,1985.0,C623C5401985
53012,53010,66289,yonly,alvarlhkabere,1987.0,Y540A4161987,66289,yonly,alvarezcabera,1987.0,Y540A4161987
53032,53031,66285,alteus,frederic,2054.0,A432F6362054,66285,alteus,frederic,2054.0,A432F6362054
53042,53040,66296,willie,hill,1990.0,W400H4001990,66296,willie,hill,1990.0,W400H4001990
53063,53061,66305,dharmendra,dass,2074.0,D655D2002074,66305,dharmendra,dass,2074.0,D655D2002074
53072,53070,66316,juwauquinn,johnson,1993.0,J250J5251993,66316,juwauquinn,johnson,1993.0,J250J5251993
53075,53074,66295,manuel,aguasvivas,1988.0,M540A2211988,66295,manuel,aguasvivas,1988.0,M540A2211988
53098,28526,59091,james,render,1994.0,J520R5361994,59091,james,render,1994.0,J520R5361994
53102,53101,66284,arly,sainvil,1991.0,A640S5141991,66284,arly,sainvil,1991.0,A640S5141991
53105,53104,66307,tracy,ricketts,1990.0,T620R2321990,66307,tracy,ricketts,1990.0,T620R2321990
53130,53119,46885,edgar,stenerwald,1975.0,E326S3561975,46885,edgar,stenerwald,1975.0,E326S3561975
53140,14239,54879,jamar,burton,1976.0,J560B6351976,54879,jamar,burton,1976.0,J560B6351976
53158,53157,66319,eston,anderson,2065.0,E235A5362065,66319,eston,anderson,2065.0,E235A5362065
53167,53166,66323,hernan,ramirez,1991.0,H655R5621991,66323,hernan,ramirez,1991.0,H655R5621991
53168,53166,66323,hernan,ramirez,1991.0,H655R5621991,66323,hernan,ramirez,1991.0,H655R5621991
53168,53167,66323,hernan,ramirez,1991.0,H655R5621991,66323,hernan,ramirez,1991.0,H655R5621991
53173,53172,66329,clinton,mcgrath,2068.0,C453M2632068,66329,clinton,mcgrath,2068.0,C453M2632068
53174,53172,66329,clinton,mcgrath,2068.0,C453M2632068,66329,clinton,mcgrath,2068.0,C453M2632068
53174,53173,66329,clinton,mcgrath,2068.0,C453M2632068,66329,clinton,mcgrath,2068.0,C453M2632068
53177,53175,66326,lauren,braddy,1986.0,L650B6301986,66326,lauren,braddy,1986.0,L650B6301986
53182,53181,66325,andre,medina,1994.0,A536M3501994,66325,andre,medina,1994.0,A536M3501994
53204,53202,66327,aidan,swint,1982.0,A350S5301982,66327,aidan,swint,1982.0,A350S5301982
53232,26052,58333,jarrod,indik,1987.0,J630I5321987,58333,jarrod,indik,1987.0,J630I5321987
53232,26053,58333,jarrod,indik,1987.0,J630I5321987,58333,jarrod,indik,1987.0,J630I5321987
53232,31878,58333,jarrod,indik,1987.0,J630I5321987,58333,jarrod,indik,1987.0,J630I5321987
53232,31879,58333,jarrod,indik,1987.0,J630I5321987,58333,jarrod,indik,1987.0,J630I5321987
53232,31880,58333,jarrod,indik,1987.0,J630I5321987,58333,jarrod,indik,1987.0,J630I5321987
53234,26052,58333,jarrod,indik,1987.0,J630I5321987,58333,jarrod,indik,1987.0,J630I5321987
53234,26053,58333,jarrod,indik,1987.0,J630I5321987,58333,jarrod,indik,1987.0,J630I5321987
53234,31878,58333,jarrod,indik,1987.0,J630I5321987,58333,jarrod,indik,1987.0,J630I5321987
53234,31879,58333,jarrod,indik,1987.0,J630I5321987,58333,jarrod,indik,1987.0,J630I5321987
53234,31880,58333,jarrod,indik,1987.0,J630I5321987,58333,jarrod,indik,1987.0,J630I5321987
53234,53232,58333,jarrod,indik,1987.0,J630I5321987,58333,jarrod,indik,1987.0,J630I5321987
53246,53244,65937,peter,iacobelli,1996.0,P360I2141996,65937,peter,iacobelli,1996.0,P360I2141996
53249,53247,66355,michael,robest,2068.0,M240R1232068,66355,michael,robest,2068.0,M240R1232068
53257,53256,66345,ashley,sotolasanta,1993.0,A240S3421993,66345,ashley,sotolasanta,1993.0,A240S3421993
53258,53256,66345,ashley,sotolasanta,1993.0,A240S3421993,66345,ashley,sotolasanta,1993.0,A240S3421993
53258,53257,66345,ashley,sotolasanta,1993.0,A240S3421993,66345,ashley,sotolasanta,1993.0,A240S3421993
53267,53266,66360,billie,mcclain,2057.0,B400M2452057,66360,billie,mcclain,2057.0,B400M2452057
53273,53271,66343,christopher,chavarriaespinosa,1990.0,C623C1621990,66343,chrgstomgem,chavarriaespinosa,1990.0,C623C1621990
53274,31656,60027,ronald,burns,2073.0,R543B6522073,60027,ronald,burns,2073.0,R543B6522073
53290,53289,66340,wright,leonard,1990.0,W623L5631990,66340,wright,leonard,1990.0,W623L5631990
53291,53289,66340,wright,leonard,1990.0,W623L5631990,66340,wright,leonard,1990.0,W623L5631990
53291,53290,66340,wright,leonard,1990.0,W623L5631990,66340,wright,leonard,1990.0,W623L5631990
53297,53295,66349,jessica,arboleda,1990.0,J220A6141990,66349,jessica,arboleda,1990.0,J220A6141990
53300,28821,59175,patricia,swain,2063.0,P362S5002063,59175,patricia,swain,2063.0,P362S5002063
53300,28823,59175,patricia,swain,2063.0,P362S5002063,59175,pattrzim,swain,2063.0,P362S5002063
53300,32418,59175,patricia,swain,2063.0,P362S5002063,59175,patricia,swain,2063.0,P362S5002063
53338,53337,66377,david,salcedo,1977.0,D130S4231977,66377,david,salcedo,1977.0,D130S4231977
53347,53346,66367,jawan,wright,1993.0,J500W6231993,66367,jawan,wright,1993.0,J500W6231993
53353,53352,15599,travis,spencer,1987.0,T612S1521987,15599,travis,spencer,1987.0,T612S1521987
53354,53352,15599,travis,spencer,1987.0,T612S1521987,15599,travis,spencer,1987.0,T612S1521987
53354,53353,15599,travis,spencer,1987.0,T612S1521987,15599,travis,spencer,1987.0,T612S1521987
53360,53359,66378,johana,sanchez,1988.0,J500S5221988,66378,johana,sanchez,1988.0,J500S5221988
53401,53400,66384,henry,vera,1977.0,H560V6001977,66384,henry,vera,1977.0,H560V6001977
53402,53400,66384,henry,vera,1977.0,H560V6001977,66384,henry,vera,1977.0,H560V6001977
53402,53401,66384,henry,vera,1977.0,H560V6001977,66384,henry,vera,1977.0,H560V6001977
53407,53406,66383,antonia,anglin,1989.0,A535A5241989,66383,antonia,anglin,1989.0,A535A5241989
53409,37062,61605,evintz,etienne,1981.0,E153E3501981,61605,evintz,etienne,1981.0,E153E3501981
53411,37062,61605,evintz,etienne,1981.0,E153E3501981,61605,evintz,etienne,1981.0,E153E3501981
53411,53409,61605,evintz,etienne,1981.0,E153E3501981,61605,evintz,etienne,1981.0,E153E3501981
53414,53412,40897,jw,key,1992.0,J000K0001992,40897,jw,key,1992.0,J000K0001992
53419,53418,66387,dominic,genno,2062.0,D552G5002062,66387,dominic,genno,2062.0,D552G5002062
53431,22206,38809,marqslh,severino,1986.0,M624S1651986,38809,marcelo,severino,1986.0,M624S1651986
53431,22208,38809,marqslh,severino,1986.0,M624S1651986,38809,marcelo,severino,1986.0,M624S1651986
53436,939,35922,avis,goldsby,1990.0,A120G4321990,35922,avis,goldsby,1990.0,A120G4321990
53437,939,35922,avis,goldsby,1990.0,A120G4321990,35922,avis,goldsby,1990.0,A120G4321990
53437,53436,35922,avis,goldsby,1990.0,A120G4321990,35922,avis,goldsby,1990.0,A120G4321990
53438,939,35922,avis,goldsby,1990.0,A120G4321990,35922,avis,goldsby,1990.0,A120G4321990
53438,53436,35922,avis,goldsby,1990.0,A120G4321990,35922,avis,goldsby,1990.0,A120G4321990
53438,53437,35922,avis,goldsby,1990.0,A120G4321990,35922,avis,goldsby,1990.0,A120G4321990
53467,53466,66394,german,aguirre-dominguez,1984.0,G655A2631984,66394,german,aguirre-dominguez,1984.0,G655A2631984
53494,53493,66407,jeffrey,miller,1983.0,J160M4601983,66407,jeffrey,miller,1983.0,J160M4601983
53503,53502,66418,robert,neftelberg,1990.0,R163N1341990,66418,robert,neftelberg,1990.0,R163N1341990
53504,53502,66418,robert,neftelberg,1990.0,R163N1341990,66418,robert,neftelberg,1990.0,R163N1341990
53504,53503,66418,robert,neftelberg,1990.0,R163N1341990,66418,robert,neftelberg,1990.0,R163N1341990
53536,22897,57386,kevin,daniels,1987.0,K150D5421987,57386,kevin,daniels,1987.0,K150D5421987
53543,53542,66433,shion,henley,2070.0,S500H5402070,66433,shion,henley,2070.0,S500H5402070
53570,53569,65657,jeffrey,canzani,1989.0,J160C5251989,65657,jeffrey,canzani,1989.0,J160C5251989
53591,53590,66454,artley,carter,2056.0,A634C6362056,66454,artley,carter,2056.0,A634C6362056
53602,53601,65949,raymond,niblack,2069.0,R553N1422069,65949,raymond,niblack,2069.0,R553N1422069
53618,53616,66445,yonathan,mikelstein,1992.0,Y535M2421992,66445,yonathan,mikelstein,1992.0,Y535M2421992
53642,30154,29710,daniel,cortes,1990.0,D540C6321990,29710,dhnlee,cortes,1990.0,D540C6321990
53642,30155,29710,daniel,cortes,1990.0,D540C6321990,29710,daniel,cortes,1990.0,D540C6321990
53657,53655,66475,jessica,gonzalez,1989.0,J220G5241989,66475,jessica,gonzalez,1989.0,J220G5241989
53678,53676,8602,michael,mccauley,1990.0,M240M2401990,8602,michael,mccauley,1990.0,M240M2401990
53714,53712,66502,samantha,sims,1979.0,S553S5201979,66502,samantha,sims,1979.0,S553S5201979
53726,53724,66491,michael,proctor,1991.0,M240P6231991,66491,michael,proctor,1991.0,M240P6231991
53728,53727,66500,paul,prince,1986.0,P400P6521986,66500,paul,prince,1986.0,P400P6521986
53758,53757,66492,steven,zukowski,1985.0,S315Z2201985,66492,steven,zukowski,1985.0,S315Z2201985
53759,53757,66492,steven,zukowski,1985.0,S315Z2201985,66492,steven,zukowski,1985.0,S315Z2201985
53759,53758,66492,steven,zukowski,1985.0,S315Z2201985,66492,steven,zukowski,1985.0,S315Z2201985
53764,53763,11525,anthony,crocker,2069.0,A535C6262069,11525,anthony,crocker,2069.0,A535C6262069
53767,53766,66509,norma,ponce,2038.0,N650P5202038,66509,norma,ponce,2038.0,N650P5202038
53768,53766,66509,norma,ponce,2038.0,N650P5202038,66509,norma,ponce,2038.0,N650P5202038
53768,53767,66509,norma,ponce,2038.0,N650P5202038,66509,norma,ponce,2038.0,N650P5202038
53783,53781,66523,henry,johnson,1987.0,H560J5251987,66523,henry,johnson,1987.0,H560J5251987
53791,26341,66517,alexander,rodriguezmulato,1989.0,A425R3621989,2105,alexander,rodriguez,1989.0,A425R3621989
53800,53799,66521,andreina,guzman,2064.0,A536G2552064,66521,andreina,guzman,2064.0,A536G2552064
53809,27308,58729,shantrina,stfort,1995.0,S536S3161995,58729,shzntrfrp,stfort,1995.0,S536S3161995
53809,47150,58729,shantrina,stfort,1995.0,S536S3161995,58729,shnttriak,stfort,1995.0,S536S3161995
53811,7359,52980,kelvin,edwards,1992.0,K415E3631992,52980,kelvin,edwards,1992.0,K415E3631992
53811,7360,52980,kelvin,edwards,1992.0,K415E3631992,52980,kelvin,edwards,1992.0,K415E3631992
53822,53821,66504,abayomi,abimbola,1993.0,A150A1511993,66504,abayomi,abimbola,1993.0,A150A1511993
53828,53827,62225,scott,mayberry,2056.0,S300M1602056,62225,scott,mayberry,2056.0,S300M1602056
53839,53838,66522,billy,nazaire,1981.0,B400N2601981,66522,billy,nazaire,1981.0,B400N2601981
53858,53856,66528,chastity,alexander,1986.0,C233A4251986,66528,chastity,alexander,1986.0,C233A4251986
53882,53880,12201,brion,daniels,1991.0,B650D5421991,12201,brion,daniels,1991.0,B650D5421991
53886,3751,6462,craig,johnson,2074.0,C620J5252074,6462,craig,johnson,2074.0,C620J5252074
53888,3751,6462,craig,johnson,2074.0,C620J5252074,6462,craig,johnson,2074.0,C620J5252074
53888,53886,6462,craig,johnson,2074.0,C620J5252074,6462,craig,johnson,2074.0,C620J5252074
53917,53916,66546,luis,cortina,2074.0,L200C6352074,66546,luis,cortina,2074.0,L200C6352074
53923,53922,66549,steven,ferguson,1994.0,S315F6221994,66549,steven,ferguson,1994.0,S315F6221994
53935,53934,45947,macknia,ward,1991.0,M250W6301991,45947,macknia,ward,1991.0,M250W6301991
53939,53938,66551,richard,mcfarlane,1994.0,R263M2161994,66551,richard,mcfarlane,1994.0,R263M2161994
53947,53927,59544,jimmy,callins,1993.0,J500C4521993,59544,jimmy,callins,1993.0,J500C4521993
53962,53961,47499,rodney,bell,2061.0,R350B4002061,47499,rodney,bell,2061.0,R350B4002061
53965,53964,66564,jocenildo,souza,2070.0,J254S2002070,66564,jocenildo,souza,2070.0,J254S2002070
53969,53967,66545,josalyn,haynes,1978.0,J245H5201978,66545,josalyn,haynes,1978.0,J245H5201978
53973,27452,30674,miguel,gonzalez,1981.0,M240G5241981,18129,michael,gomkzhol,1981.0,M240G5241981
53977,53976,66565,cornelius,moss-jordan,1984.0,C654M2631984,66565,cornelius,moss-jordan,1984.0,C654M2631984
53984,53983,66562,gene,park,1982.0,G500P6201982,66562,gene,park,1982.0,G500P6201982
53993,53991,34075,jason,toppas,1977.0,J250T1201977,34075,jason,toppas,1977.0,J250T1201977
53995,53994,61162,monica,hiller-balcazar,1979.0,M520H4611979,61162,monica,hiller-balcazar,1979.0,M520H4611979
53996,53994,61162,monica,hiller-balcazar,1979.0,M520H4611979,61162,monica,hiller-balcazar,1979.0,M520H4611979
53996,53995,61162,monica,hiller-balcazar,1979.0,M520H4611979,61162,monica,hiller-balcazar,1979.0,M520H4611979
54004,54003,47617,isaac,latour,1990.0,I220L3601990,47617,isaac,latour,1990.0,I220L3601990
54029,54028,66591,victor,garcia,2066.0,V236G6202066,66591,victor,garcia,2066.0,V236G6202066
54034,54033,8494,carlos,gonzalez,2056.0,C642G5242056,8494,carlos,gonzalez,2056.0,C642G5242056
54035,54033,8494,carlos,gonzalez,2056.0,C642G5242056,8494,carlos,gonzalez,2056.0,C642G5242056
54035,54034,8494,carlos,gonzalez,2056.0,C642G5242056,8494,carlos,gonzalez,2056.0,C642G5242056
54050,54048,66584,keydrum,walker,1995.0,K365W4261995,66584,keydrum,walker,1995.0,K365W4261995
54067,54066,66604,richard,poer,1987.0,R263P6001987,66604,richard,poer,1987.0,R263P6001987
54068,54066,66604,richard,poer,1987.0,R263P6001987,66604,richard,poer,1987.0,R263P6001987
54068,54067,66604,richard,poer,1987.0,R263P6001987,66604,richard,poer,1987.0,R263P6001987
54076,54048,66584,keydrum,walker,1995.0,K365W4261995,66584,keydrum,walker,1995.0,K365W4261995
54076,54050,66584,keydrum,walker,1995.0,K365W4261995,66584,keydrum,walker,1995.0,K365W4261995
54086,54084,66580,richard,otto,1987.0,R263O3001987,66580,richard,otto,1987.0,R263O3001987
54095,51216,48047,jaylan,severin,1993.0,J450S1651993,48047,jaylan,severin,1993.0,J450S1651993
54095,51218,48047,jaylan,severin,1993.0,J450S1651993,48047,jaylan,severin,1993.0,J450S1651993
54103,54102,66594,ilanie,presas,1990.0,I450P6221990,66594,ilanie,presas,1990.0,I450P6221990
54104,54102,66594,ilanie,presas,1990.0,I450P6221990,66594,ilanie,presas,1990.0,I450P6221990
54104,54103,66594,ilanie,presas,1990.0,I450P6221990,66594,ilanie,presas,1990.0,I450P6221990
54107,54105,66603,eric,fagley,2072.0,E620F2402072,66603,eric,fagley,2072.0,E620F2402072
54116,54115,66593,gadner,marc,1988.0,G356M6201988,66593,gadner,marc,1988.0,G356M6201988
54140,12676,15192,gasner,ismael,1989.0,G256I2541989,15192,gasner,ismael,1989.0,G256I2541989
54157,54156,66619,roy,whitcraft,2065.0,R000W3262065,66619,roy,whitcraft,2065.0,R000W3262065
54158,54156,66619,roy,whitcraft,2065.0,R000W3262065,66619,roy,whitcraft,2065.0,R000W3262065
54158,54157,66619,roy,whitcraft,2065.0,R000W3262065,66619,roy,whitcraft,2065.0,R000W3262065
54167,7525,27194,frmkmg,vixama,1991.0,F652V2501991,27194,franki,vixama,1991.0,F652V2501991
54176,54174,66609,demeteria,boatwright,1993.0,D536B3621993,66609,demeteria,boatwright,1993.0,D536B3621993
54197,54196,66624,hector,diaz,2071.0,H236D2002071,66624,hector,diaz,2071.0,H236D2002071
54203,54202,66620,joel,martinez,2068.0,J400M6352068,66620,joel,martinez,2068.0,J400M6352068
54208,54207,20326,michael,clemente,1983.0,M240C4551983,20326,michael,clemente,1983.0,M240C4551983
54227,54226,66623,glendese,williams,1983.0,G453W4521983,66623,glendese,williams,1983.0,G453W4521983
54235,54234,66446,malcolm,butler,1987.0,M424B3461987,66446,malcolm,butler,1987.0,M424B3461987
54236,54234,66446,malcolm,butler,1987.0,M424B3461987,66446,malcolm,butler,1987.0,M424B3461987
54236,54235,66446,malcolm,butler,1987.0,M424B3461987,66446,malcolm,butler,1987.0,M424B3461987
54242,54240,66644,horace,smith,1986.0,H620S5301986,66644,horace,smith,1986.0,H620S5301986
54256,54255,66649,justin,black,1988.0,J235B4201988,66649,justin,black,1988.0,J235B4201988
54264,31304,64665,mcdowell,sherwood,1991.0,M234S6301991,59910,myxoadl,short,1991.0,M234S6301991
54266,31304,64665,mcdowell,sherwood,1991.0,M234S6301991,59910,myxoadl,short,1991.0,M234S6301991
54266,54264,64665,mcdowell,sherwood,1991.0,M234S6301991,64665,mcdowell,sherwood,1991.0,M234S6301991
54292,54291,66633,rosiland,murphy,2074.0,R245M6102074,66633,rosiland,murphy,2074.0,R245M6102074
54295,54294,66645,christopher,maring,1983.0,C623M6521983,66645,christopher,maring,1983.0,C623M6521983
54302,54301,5845,tony,holmes,1988.0,T500H4521988,5845,tony,holmes,1988.0,T500H4521988
54314,54312,1733,horace,orie,1986.0,H620O6001986,1733,horace,orie,1986.0,H620O6001986
54317,54316,66631,tina,brayboy,2069.0,T500B6102069,66631,tina,brayboy,2069.0,T500B6102069
54371,54370,65972,gibran,delgiudice,1986.0,G165D4231986,65972,gibran,delgiudice,1986.0,G165D4231986
54385,54384,64627,eileen,miller,2067.0,E450M4602067,64627,eileen,miller,2067.0,E450M4602067
54403,40904,40286,anton,buydav,1983.0,A535B3101983,62732,anthony,btif,1983.0,A535B3101983
54404,40904,40286,anton,bdyava,1983.0,A535B3101983,62732,anthony,btif,1983.0,A535B3101983
54404,54403,40286,anton,bdyava,1983.0,A535B3101983,40286,anton,buydav,1983.0,A535B3101983
54407,54406,66660,charlene,lester,1988.0,C645L2361988,66660,charlene,lester,1988.0,C645L2361988
54409,25370,36274,blaine,wiggins,1988.0,B450W2521988,48516,blaine,wiggins,1988.0,B450W2521988
54410,25370,36274,blaine,wiggins,1988.0,B450W2521988,48516,blaine,wiggins,1988.0,B450W2521988
54410,54409,36274,blaine,wiggins,1988.0,B450W2521988,36274,blaine,wiggins,1988.0,B450W2521988
54419,54417,66689,jermel,kellom,1992.0,J654K4501992,66689,jermel,kellom,1992.0,J654K4501992
54446,30154,29710,daniel,cortes,1990.0,D540C6321990,29710,dhnlee,cortes,1990.0,D540C6321990
54446,30155,29710,daniel,cortes,1990.0,D540C6321990,29710,daniel,cortes,1990.0,D540C6321990
54446,53642,29710,daniel,cortes,1990.0,D540C6321990,29710,daniel,cortes,1990.0,D540C6321990
54460,54459,66703,edward,hobaugh,2065.0,E363H1202065,66703,edward,hobaugh,2065.0,E363H1202065
54461,54459,66703,edward,hobaugh,2065.0,E363H1202065,66703,edward,hobaugh,2065.0,E363H1202065
54461,54460,66703,edward,hobaugh,2065.0,E363H1202065,66703,edward,hobaugh,2065.0,E363H1202065
54488,54486,66704,patrick,heron,2064.0,P362H6502064,66704,patrick,heron,2064.0,P362H6502064
54491,54490,66710,gary,ingentito,2057.0,G600I5252057,66710,gary,ingentito,2057.0,G600I5252057
54518,54516,66743,tyshawn,dias,1995.0,T250D2001995,66743,tyshawn,dias,1995.0,T250D2001995
54541,54540,66741,donald,moroney,2070.0,D543M6502070,66741,donald,moroney,2070.0,D543M6502070
54548,54547,66719,brian,makovsky,2073.0,B650M2122073,66719,brian,makovsky,2073.0,B650M2122073
54554,27692,58855,tiara,hympc,1988.0,T600H5121988,58855,tiara,hmvqg,1988.0,T600H5121988
54563,54562,66720,christopher,campbell,1989.0,C623C5141989,66720,christopher,campbell,1989.0,C623C5141989
54566,54564,66739,maria,chavarria,1992.0,M600C1601992,66739,maria,chavarria,1992.0,M600C1601992
54571,54570,66733,luciana,menezes,1976.0,L250M5221976,66733,luciana,menezes,1976.0,L250M5221976
54572,54570,66733,luciana,menezes,1976.0,L250M5221976,66733,luciana,menezes,1976.0,L250M5221976
54572,54571,66733,luciana,menezes,1976.0,L250M5221976,66733,luciana,menezes,1976.0,L250M5221976
54575,54539,46205,jacob,johnson,1993.0,J210J5251993,46205,jacob,jmhzmpn,1993.0,J210J5251993
54580,54579,50783,tamara,salkeld,2073.0,T560S4242073,50783,tamara,salkeld,2073.0,T560S4242073
54587,54586,66731,guillermo,villalobos,2069.0,G465V4412069,66731,guillermo,villalobos,2069.0,G465V4412069
54588,15609,55243,kenneth,young,2054.0,K530Y5202054,55243,kenneth,young,2054.0,K530Y5202054
54589,15609,55243,kenneth,young,2054.0,K530Y5202054,55243,kenneth,young,2054.0,K530Y5202054
54589,54588,55243,kenneth,young,2054.0,K530Y5202054,55243,kenneth,young,2054.0,K530Y5202054
54607,54606,28837,arvin,singh,1984.0,A615S5201984,28837,arvin,singh,1984.0,A615S5201984
54611,54609,66757,angel,cabrera,1975.0,A524C1661975,66757,angel,cabrera,1975.0,A524C1661975
54617,54616,66750,merritt,mcclayton,1984.0,M630M2431984,66750,merritt,mcclayton,1984.0,M630M2431984
54625,54624,66751,shan,santouse,2071.0,S500S5322071,66751,shan,santouse,2071.0,S500S5322071
54626,54624,66751,shan,santouse,2071.0,S500S5322071,66751,shan,santouse,2071.0,S500S5322071
54626,54625,66751,shan,santouse,2071.0,S500S5322071,66751,shan,santouse,2071.0,S500S5322071
54628,29308,66747,anthony,dimeo,2070.0,A535D5002070,38111,anthony,dean,2070.0,A535D5002070
54635,54634,66770,lisa,hernandez,1993.0,L200H6551993,66770,lisa,hernandez,1993.0,L200H6551993
54641,54640,66754,alex,cadeau,1995.0,A420C3001995,66754,alex,cadeau,1995.0,A420C3001995
54649,54648,66766,tyler,duke,1989.0,T460D2001989,66766,tyler,duke,1989.0,T460D2001989
54656,14754,51612,zachary,moore,1993.0,Z260M6001993,51612,zachary,moore,1993.0,Z260M6001993
54656,14755,51612,zachary,moore,1993.0,Z260M6001993,51612,zachary,moore,1993.0,Z260M6001993
54698,54697,42210,spencer,balda,1993.0,S152B4301993,42210,spencer,balda,1993.0,S152B4301993
54725,54723,50381,ricardo,karns,1986.0,R263K6521986,50381,ricardo,karns,1986.0,R263K6521986
54745,54744,61640,uberene,gonzalez,1986.0,U165G5241986,61640,uberene,gonzalez,1986.0,U165G5241986
54755,54754,20794,richard,wagner,2068.0,R263W2562068,20794,richard,wagner,2068.0,R263W2562068
54760,54759,66791,christopher,koonce,1980.0,C623K5201980,66791,christopher,koonce,1980.0,C623K5201980
54761,54759,66791,christopher,koonce,1980.0,C623K5201980,66791,christopher,koonce,1980.0,C623K5201980
54761,54760,66791,christopher,koonce,1980.0,C623K5201980,66791,christopher,koonce,1980.0,C623K5201980
54766,54765,66787,kamala,brow,1992.0,K540B6001992,66787,kamala,brow,1992.0,K540B6001992
54767,54765,66787,kamala,brow,1992.0,K540B6001992,66787,kamala,brow,1992.0,K540B6001992
54767,54766,66787,kamala,brow,1992.0,K540B6001992,66787,kamala,brow,1992.0,K540B6001992
54770,54768,66774,chad,lenox,1984.0,C300L5201984,66774,chad,lenox,1984.0,C300L5201984
54794,54793,66788,bienvenido,valoy,2071.0,B515V4002071,66788,bienvenido,valoy,2071.0,B515V4002071
54796,54795,66652,herman,isaacs,2071.0,H655I2202071,66652,herman,isaacs,2071.0,H655I2202071
54808,54807,66808,jarvis,matthews,1986.0,J612M3201986,66808,jarvis,matthews,1986.0,J612M3201986
54833,54832,66811,lauren,tramposh,1981.0,L650T6511981,66811,lauren,tramposh,1981.0,L650T6511981
54839,54837,66820,christina,fuentes,1991.0,C623F5321991,66820,christina,fuentes,1991.0,C623F5321991
54850,54849,66827,marc,salmon,2066.0,M620S4552066,66827,marc,salmon,2066.0,M620S4552066
54853,5010,66825,devon,andrews,1985.0,D150A5361985,52323,devon,andrews,1985.0,D150A5361985
54853,5012,66825,devon,andrews,1985.0,D150A5361985,52323,devon,andrews,1985.0,D150A5361985
54882,31367,36486,aaron,eddins,1978.0,A650E3521978,36486,aaron,eddins,1978.0,A650E3521978
54908,54906,66840,vasile,jelescu,2058.0,V240J4202058,66840,vasile,jelescu,2058.0,V240J4202058
54911,54909,66841,adagio,allen,1996.0,A320A4501996,66841,adagio,allen,1996.0,A320A4501996
54923,54921,48411,ian,burns,1985.0,I500B6521985,48411,ian,burns,1985.0,I500B6521985
54932,13347,43470,rivelino,lewis,1993.0,R145L2001993,43470,rivelino,lewis,1993.0,R145L2001993
54932,13349,43470,rivelino,lewis,1993.0,R145L2001993,43470,rivelino,lewis,1993.0,R145L2001993
54940,54939,66838,micah,lopez,2071.0,M200L1202071,66838,micah,lopez,2071.0,M200L1202071
54943,54942,66833,ralph,wessells,2066.0,R410W2422066,66833,ralph,wessells,2066.0,R410W2422066
54950,21401,56929,tylicia,walker,1993.0,T420W4261993,56929,tylicia,walker,1993.0,T420W4261993
54956,54954,66830,shameka,prince,1986.0,S520P6521986,66830,shameka,prince,1986.0,S520P6521986
54967,54966,66853,marcus,williams,1988.0,M622W4521988,66853,marcus,williams,1988.0,M622W4521988
55018,55017,66868,matthew,edwards,2059.0,M300E3632059,66868,matthew,edwards,2059.0,M300E3632059
55027,55026,42000,anthony,jackson,1992.0,A535J2501992,42000,anthony,jackson,1992.0,A535J2501992
55034,55032,66888,crystal,sanchez,1983.0,C623S5221983,66888,crystal,sanchez,1983.0,C623S5221983
55042,55041,22928,william,crosta,2067.0,W450C6232067,22928,william,crosta,2067.0,W450C6232067
55043,55041,22928,william,crosta,2067.0,W450C6232067,22928,william,crosta,2067.0,W450C6232067
55043,55042,22928,william,crosta,2067.0,W450C6232067,22928,william,crosta,2067.0,W450C6232067
55046,55044,66891,robeto,boscio,1992.0,R130B2001992,66891,robeto,boscio,1992.0,R130B2001992
55065,11862,54246,brandon,thomas,1986.0,B653T5201986,54246,brandon,thomas,1986.0,B653T5201986
55065,33530,54246,brandon,thomas,1986.0,B653T5201986,54246,brandon,thomas,1986.0,B653T5201986
55067,11862,54246,brandon,thomas,1986.0,B653T5201986,54246,brandon,thomas,1986.0,B653T5201986
55067,33530,54246,brandon,thomas,1986.0,B653T5201986,54246,brandon,thomas,1986.0,B653T5201986
55067,55065,54246,brandon,thomas,1986.0,B653T5201986,54246,brandon,thomas,1986.0,B653T5201986
55076,55075,66886,joseph,magana,1994.0,J210M2501994,66886,joseph,magana,1994.0,J210M2501994
55100,55098,66876,charles,pippen,1983.0,C642P1501983,66876,charles,pippen,1983.0,C642P1501983
55101,38868,62174,cornelius,rafferty,1988.0,C654R1631988,62174,cornelius,rafferty,1988.0,C654R1631988
55141,55140,66916,jorge,herrera,1994.0,J620H6601994,66916,jorge,herrera,1994.0,J620H6601994
55147,30435,59656,paul,hawkins,1985.0,P400H2521985,59656,paul,hawkins,1985.0,P400H2521985
55148,30435,59656,paul,hawkins,1985.0,P400H2521985,59656,paul,hawkins,1985.0,P400H2521985
55148,55147,59656,paul,hawkins,1985.0,P400H2521985,59656,paul,hawkins,1985.0,P400H2521985
55162,55161,66911,kelly,mcconnachie,1981.0,K400M2521981,66911,kelly,mcconnachie,1981.0,K400M2521981
55163,55161,66911,kelly,mcconnachie,1981.0,K400M2521981,66911,kelly,mcconnachie,1981.0,K400M2521981
55163,55162,66911,kelly,mcconnachie,1981.0,K400M2521981,66911,kelly,mcconnachie,1981.0,K400M2521981
55177,55176,66920,kryron,oneal,1980.0,K665O5401980,66920,kryron,oneal,1980.0,K665O5401980
55220,55218,66934,raul,jimenezmdelariva,1988.0,R400J5521988,66934,raul,jimenezjbeladtva,1988.0,R400J5521988
55242,40113,21395,moises,miranda,1986.0,M220M6531986,21395,moises,miranda,1986.0,M220M6531986
55242,40114,21395,moises,miranda,1986.0,M220M6531986,21395,moises,miranda,1986.0,M220M6531986
55243,40113,21395,moises,miranda,1986.0,M220M6531986,21395,moises,miranda,1986.0,M220M6531986
55243,40114,21395,moises,miranda,1986.0,M220M6531986,21395,moises,miranda,1986.0,M220M6531986
55243,55242,21395,moises,miranda,1986.0,M220M6531986,21395,moises,miranda,1986.0,M220M6531986
55286,55285,66932,john,gonzalez,2072.0,J500G5242072,66932,john,gonzalez,2072.0,J500G5242072
55292,55290,40321,joseph,kozma,2068.0,J210K2502068,40321,joseph,kozma,2068.0,J210K2502068
55295,55294,66947,bas,bruck,1987.0,B200B6201987,66947,bas,bruck,1987.0,B200B6201987
55306,55305,66962,maurice,treadwell,1985.0,M620T6341985,66962,maurice,treadwell,1985.0,M620T6341985
55310,55308,66967,maria,solis,2073.0,M600S4202073,66967,maria,solis,2073.0,M600S4202073
55316,55314,66949,robert,welch,1978.0,R163W4201978,66949,robert,welch,1978.0,R163W4201978
55342,55341,66955,michelle,didonato,1988.0,M240D3531988,66955,michelle,didonato,1988.0,M240D3531988
55343,55341,66955,michelle,didonato,1988.0,M240D3531988,66955,michelle,didonato,1988.0,M240D3531988
55343,55342,66955,michelle,didonato,1988.0,M240D3531988,66955,michelle,didonato,1988.0,M240D3531988
55364,55363,66946,abraham,flores,2067.0,A165F4622067,66946,abraham,flores,2067.0,A165F4622067
55387,55386,66943,debbie,cole,1975.0,D100C4001975,66943,debbie,cole,1975.0,D100C4001975
55391,55389,66950,marquis,taylor,1982.0,M622T4601982,66950,marquis,taylor,1982.0,M622T4601982
55392,3394,3570,merle,dalonzo,2055.0,M640D4522055,3570,merle,dalonzo,2055.0,M640D4522055
55392,3395,3570,merle,dalonzo,2055.0,M640D4522055,3570,merle,dalonzo,2055.0,M640D4522055
55396,55395,66979,jonathan,matthew,1992.0,J535M3001992,66979,jonathan,matthew,1992.0,J535M3001992
55397,55395,66979,jonathan,matthew,1992.0,J535M3001992,66979,jonathan,matthew,1992.0,J535M3001992
55397,55396,66979,jonathan,matthew,1992.0,J535M3001992,66979,jonathan,matthew,1992.0,J535M3001992
55415,55414,66996,david,clark,1991.0,D130C4621991,66996,david,clark,1991.0,D130C4621991
55423,24016,57729,carlos,lopez,2061.0,C642L1202061,57729,carlos,lopez,2061.0,C642L1202061
55442,55440,66997,kenneth,kooper,1977.0,K530K1601977,66997,kenneth,kooper,1977.0,K530K1601977
55471,55470,65895,tyrell,wright,1988.0,T640W6231988,65895,tyrell,wright,1988.0,T640W6231988
55475,55473,17673,javon,jackson,1988.0,J150J2501988,17673,javon,jackson,1988.0,J150J2501988
55487,54856,67008,ruth,cruz,1988.0,R300C6201988,66813,ruth,cruz,1988.0,R300C6201988
55490,55489,67003,roger,legra,1990.0,R260L2601990,67003,roger,legra,1990.0,R260L2601990
55491,7665,66045,roderick,griffin,1984.0,R362G6151984,53050,roderick,griffin,1984.0,R362G6151984
55491,7667,66045,roderick,griffin,1984.0,R362G6151984,53050,roderick,griffin,1984.0,R362G6151984
55491,52153,66045,roderick,griffin,1984.0,R362G6151984,66045,roderick,griffin,1984.0,R362G6151984
55511,55509,67009,timothy,bouma,1985.0,T530B5001985,67009,timothy,bouma,1985.0,T530B5001985
55519,55518,9770,thomas,ebanks,1986.0,T520E1521986,9770,thomas,ebanks,1986.0,T520E1521986
55520,55518,9770,thomas,ebanks,1986.0,T520E1521986,9770,thomas,ebanks,1986.0,T520E1521986
55520,55519,9770,thomas,ebanks,1986.0,T520E1521986,9770,thomas,ebanks,1986.0,T520E1521986
55529,55527,67024,juanita,carvello,2063.0,J530C6142063,67024,juanita,carvello,2063.0,J530C6142063
55552,55551,67023,joseph,florio,2052.0,J210F4602052,67023,joseph,florio,2052.0,J210F4602052
55565,55563,67017,joquial,bryant,1990.0,J240B6531990,67017,joquial,bryant,1990.0,J240B6531990
55567,55566,67012,kimberly,rodriguez,1991.0,K516R3621991,67012,kimberly,rodriguez,1991.0,K516R3621991
55568,55566,67012,kimberly,rodriguez,1991.0,K516R3621991,67012,kimberly,rodriguez,1991.0,K516R3621991
55568,55567,67012,kimberly,rodriguez,1991.0,K516R3621991,67012,kimberly,rodriguez,1991.0,K516R3621991
55579,55578,67041,jaclyn,fernandez,1985.0,J245F6551985,67041,jaclyn,fernandez,1985.0,J245F6551985
55583,55581,67056,erica,dopps,1981.0,E620D1201981,67056,erica,dopps,1981.0,E620D1201981
55636,55635,67049,tracy,boles,2066.0,T620B4202066,67049,tracy,boles,2066.0,T620B4202066
55646,55644,67073,michael,sampson,1982.0,M240S5121982,67073,michael,sampson,1982.0,M240S5121982
55655,36078,61293,sheri,kucherick,2071.0,S600K2622071,61293,sheri,kucherick,2071.0,S600K2622071
55661,55659,67053,alexis,gow,1995.0,A422G0001995,67053,alexis,gsk,1995.0,A422G0001995
55664,55662,67069,christopher,douglas,1978.0,C623D2421978,67069,christopher,douglas,1978.0,C623D2421978
55673,55671,67052,dieucica,jeudy,1993.0,D220J3001993,67052,dieucica,jeudy,1993.0,D220J3001993
55681,1181,51161,delama,casimir,1985.0,D450C2561985,51161,delama,casimir,1985.0,D450C2561985
55694,55692,25847,joshua,merkell,1982.0,J200M6241982,25847,joshua,merkell,1982.0,J200M6241982
55706,55705,67062,yolanda,kelly,1975.0,Y453K4001975,67062,yolanda,kelly,1975.0,Y453K4001975
55709,55708,67093,lario,bell,2058.0,L600B4002058,67093,lario,bell,2058.0,L600B4002058
55711,55710,67077,marie,belfleur,1986.0,M600B4141986,67077,marie,belfleur,1986.0,M600B4141986
55745,55744,67082,john,wright,2061.0,J500W6232061,67082,john,wright,2061.0,J500W6232061
55748,55746,67096,jacob,ulrich,1980.0,J210U4621980,67096,jacob,ulrich,1980.0,J210U4621980
55763,55761,50157,adalberto,laboy,1990.0,A341L1001990,50157,adalberto,laboy,1990.0,A341L1001990
55769,55767,67092,rubin,alvarez,2069.0,R150A4162069,67092,rubin,alvarez,2069.0,R150A4162069
55772,55770,67076,anthony,nevadomski,1993.0,A535N1351993,67076,anthony,nevadwmsfy,1993.0,A535N1351993
55805,55804,61123,ervin,jackson,1979.0,E615J2501979,61123,ervin,jackson,1979.0,E615J2501979
55829,55827,67110,warrick,haggins,2074.0,W620H2522074,67110,warrick,haggins,2074.0,W620H2522074
55837,25847,57499,jenny,alonso,1994.0,J500A4521994,57499,jenny,alonso,1994.0,J500A4521994
55838,25847,57499,jenny,alonso,1994.0,J500A4521994,57499,jenny,alonso,1994.0,J500A4521994
55838,55837,57499,jenny,alonso,1994.0,J500A4521994,57499,jenny,alonso,1994.0,J500A4521994
55846,55845,67108,russell,pellerito,2046.0,R240P4632046,67108,russell,pellerito,2046.0,R240P4632046
55847,55845,67108,russell,pellerito,2046.0,R240P4632046,67108,russell,pellerito,2046.0,R240P4632046
55847,55846,67108,russell,pellerito,2046.0,R240P4632046,67108,russell,pellerito,2046.0,R240P4632046
55853,55852,67111,fabio,huarotte,1994.0,F100H6301994,67111,fabio,huarotte,1994.0,F100H6301994
55871,55870,67120,michael,anderson,1981.0,M240A5361981,67120,michael,anderson,1981.0,M240A5361981
55875,39668,62383,rodrigo,pinedaboteo,2074.0,R362P5312074,62383,rodrigo,pinedaboteo,2074.0,R362P5312074
55945,55944,67138,anthony,davis,1991.0,A535D1201991,67138,anthony,davis,1991.0,A535D1201991
55951,55950,67143,linda,etienne,1985.0,L530E3501985,67143,linda,etienne,1985.0,L530E3501985
55976,55974,67163,dainoral,witherington,2062.0,D564W3652062,67163,dainoral,witherington,2062.0,D564W3652062
55994,55993,67144,joshua,shaw,1990.0,J200S0001990,67144,joshua,shaw,1990.0,J200S0001990
56012,56010,67133,tarance,snell,1979.0,T652S5401979,67133,tarance,snell,1979.0,T652S5401979
56027,51011,65662,celina,riososho,1980.0,C450R2201980,65662,celina,riososho,1980.0,C450R2201980
56045,34777,5391,lashonda,bradley,1978.0,L253B6341978,5391,lashonda,bradley,1978.0,L253B6341978
56084,56082,67174,bruce,young,2060.0,B620Y5202060,67174,bruce,young,2060.0,B620Y5202060
56086,56085,67175,helene,kopelman,2060.0,H450K1452060,67175,helene,kopelman,2060.0,H450K1452060
56093,37675,67179,jamie,sapp,1980.0,J500S1001980,61792,jamie,sapp,1980.0,J500S1001980
56104,56103,46509,keith,johnson,2074.0,K300J5252074,46509,keith,johnson,2074.0,K300J5252074
56120,28038,17004,andrew,farquharson,2064.0,A536F6262064,17004,andrew,farquharson,2064.0,A536F6262064
56120,28040,17004,andrew,farquharson,2064.0,A536F6262064,17004,andrew,farquharson,2064.0,A536F6262064
56146,56145,67192,oscar,ochoa,2054.0,O260O2002054,67192,oscar,ousxw,2054.0,O260O2002054
56162,35616,61192,eric,dominguez,2064.0,E620D5522064,61192,eric,dominguez,2064.0,E620D5522064
56162,35618,61192,eric,dominguez,2064.0,E620D5522064,61192,eric,dominguez,2064.0,E620D5522064
56171,56169,67209,quanneshia,cummings,1982.0,Q520C5521982,67209,quanneshia,cummings,1982.0,Q520C5521982
56201,56199,67208,everett,jeanbaptiste,1975.0,E163J5111975,67208,everett,jeanbaptiste,1975.0,E163J5111975
56213,30853,59731,curtis,sanders,1986.0,C632S5361986,59731,curtis,sanders,1986.0,C632S5361986
56218,47520,64624,travis,miller,1982.0,T612M4601982,64624,travis,miller,1982.0,T612M4601982
56227,13154,54573,deborah,conroy,2062.0,D160C5602062,54573,deborah,conroy,2062.0,D160C5602062
56234,56232,67229,joshua,albro,1984.0,J200A4161984,67229,joshua,albro,1984.0,J200A4161984
56240,56239,67243,paul,pletcher,2074.0,P400P4322074,67243,paul,pletcher,2074.0,P400P4322074
56246,56244,67228,edwin,grijalva,1989.0,E350G6241989,67228,edwin,grijalva,1989.0,E350G6241989
56253,3558,36600,derryel,rhone,2063.0,D640R5002063,36600,derryel,rhone,2063.0,D640R5002063
56253,3560,36600,derryel,rhone,2063.0,D640R5002063,36600,derryel,rhone,2063.0,D640R5002063
56263,56262,67242,robert,hoose,2058.0,R163H2002058,67242,robert,hoose,2058.0,R163H2002058
56264,56262,67242,robert,hoose,2058.0,R163H2002058,67242,robert,hoose,2058.0,R163H2002058
56264,56263,67242,robert,hoose,2058.0,R163H2002058,67242,robert,hoose,2058.0,R163H2002058
56269,26341,66517,alexander,rodriguezmulato,1989.0,A425R3621989,2105,alexander,rodriguez,1989.0,A425R3621989
56269,53791,66517,alexander,rodriguezmulato,1989.0,A425R3621989,66517,alexander,rodriguezmulato,1989.0,A425R3621989
56272,56271,67233,nicolas,tejada,1975.0,N242T2301975,67233,nicolas,tejada,1975.0,N242T2301975
56309,56308,67247,dora,sepulveda,2066.0,D600S1412066,67247,dora,sepulveda,2066.0,D600S1412066
56313,36498,61459,roswell,bridger,2052.0,R240B6322052,61459,roycslo,bridger,2052.0,R240B6322052
56313,36500,61459,roswell,bridger,2052.0,R240B6322052,61459,roswell,bridger,2052.0,R240B6322052
56318,56316,67232,natalie,miles,1980.0,N340M4201980,67232,natalie,miles,1980.0,N340M4201980
56320,56319,67226,daniel,freeman,2071.0,D540F6552071,67226,daniel,freeman,2071.0,D540F6552071
56321,56319,67226,daniel,freeman,2071.0,D540F6552071,67226,daniel,freeman,2071.0,D540F6552071
56321,56320,67226,daniel,freeman,2071.0,D540F6552071,67226,daniel,freeman,2071.0,D540F6552071
56330,56329,67244,mary,salese,2059.0,M600S4202059,67244,mary,salese,2059.0,M600S4202059
56336,56334,67230,elta,cauvin,1978.0,E430C1501978,67230,elta,cauvin,1978.0,E430C1501978
56338,21313,25001,vincent,stanley,2063.0,V525S3542063,25001,vincent,stanley,2063.0,V525S3542063
56348,21063,67255,barbara,inglis,2072.0,B616I5242072,56836,barbara,inglis,2072.0,B616I5242072
56350,55098,66876,charles,pippen,1983.0,C642P1501983,66876,charles,pippen,1983.0,C642P1501983
56350,55100,66876,charles,pippen,1983.0,C642P1501983,66876,charles,pippen,1983.0,C642P1501983
56351,55098,66876,charles,pippen,1983.0,C642P1501983,66876,charles,pippen,1983.0,C642P1501983
56351,55100,66876,charles,pippen,1983.0,C642P1501983,66876,charles,pippen,1983.0,C642P1501983
56351,56350,66876,charles,pippen,1983.0,C642P1501983,66876,charles,pippen,1983.0,C642P1501983
56365,56364,67270,hamish,macdonald,1979.0,H520M2351979,67270,hamish,macdonald,1979.0,H520M2351979
56374,56373,67253,zachary,mosco,1991.0,Z260M2001991,67253,zachary,mosco,1991.0,Z260M2001991
56375,56373,67253,zachary,mosco,1991.0,Z260M2001991,67253,zachary,mosco,1991.0,Z260M2001991
56375,56374,67253,zachary,mosco,1991.0,Z260M2001991,67253,zachary,mosco,1991.0,Z260M2001991
56387,56386,10828,justin,martin,1991.0,J235M6351991,10828,justin,martin,1991.0,J235M6351991
56399,56398,67254,alain,laurent,1975.0,A450L6531975,67254,alain,laurent,1975.0,A450L6531975
56403,23244,67275,alexander,salow,2065.0,A425S4002065,57522,alexander,salow,2065.0,A425S4002065
56404,23244,67275,alexander,salow,2065.0,A425S4002065,57522,alexander,salow,2065.0,A425S4002065
56404,56403,67275,alexander,salow,2065.0,A425S4002065,67275,alexander,salow,2065.0,A425S4002065
56412,22602,57311,carlos,posada,2067.0,C642P2302067,57311,carlos,posada,2067.0,C642P2302067
56412,22603,57311,carlos,posada,2067.0,C642P2302067,57311,carlos,posada,2067.0,C642P2302067
56413,22602,57311,carlos,posada,2067.0,C642P2302067,57311,carlos,posada,2067.0,C642P2302067
56413,22603,57311,carlos,posada,2067.0,C642P2302067,57311,carlos,posada,2067.0,C642P2302067
56413,56412,57311,carlos,posada,2067.0,C642P2302067,57311,carlos,posada,2067.0,C642P2302067
56414,22602,57311,carlos,posada,2067.0,C642P2302067,57311,carlos,posada,2067.0,C642P2302067
56414,22603,57311,carlos,posada,2067.0,C642P2302067,57311,carlos,posada,2067.0,C642P2302067
56414,56412,57311,carlos,posada,2067.0,C642P2302067,57311,carlos,posada,2067.0,C642P2302067
56414,56413,57311,carlos,posada,2067.0,C642P2302067,57311,carlos,posada,2067.0,C642P2302067
56420,56386,10828,justin,martin,1991.0,J235M6351991,10828,justin,martin,1991.0,J235M6351991
56420,56387,10828,justin,martin,1991.0,J235M6351991,10828,justin,martin,1991.0,J235M6351991
56428,56427,67269,baltazar,pucastro,1991.0,B432P2231991,67269,baltazar,pucastro,1991.0,B432P2231991
56429,56427,67269,baltazar,pucastro,1991.0,B432P2231991,67269,baltazar,pucastro,1991.0,B432P2231991
56429,56428,67269,baltazar,pucastro,1991.0,B432P2231991,67269,baltazar,pucastro,1991.0,B432P2231991
56430,56071,67165,jerry,edwards,1995.0,J600E3631995,67165,jerry,edwards,1995.0,J600E3631995
56432,56071,67165,jerry,edwards,1995.0,J600E3631995,67165,jerry,edwards,1995.0,J600E3631995
56432,56430,67165,jerry,edwards,1995.0,J600E3631995,67165,jerry,edwards,1995.0,J600E3631995
56436,47241,1343,reginald,lovett,1988.0,R254L1301988,64554,reginald,lovett,1988.0,R254L1301988
56461,43338,63405,charles,brown,2046.0,C642B6502046,63405,charles,brown,2046.0,C642B6502046
56469,26027,18440,patricia,tribble,2066.0,P362T6142066,18440,patricia,tribble,2066.0,P362T6142066
56470,26027,18440,patricia,tribble,2066.0,P362T6142066,18440,patricia,tribble,2066.0,P362T6142066
56470,56469,18440,patricia,tribble,2066.0,P362T6142066,18440,patricia,tribble,2066.0,P362T6142066
56485,56484,67279,edgar,munoz,1977.0,E326M5201977,67279,edgar,munoz,1977.0,E326M5201977
56488,56487,67285,calvin,knight,1993.0,C415K5231993,67285,calvin,knight,1993.0,C415K5231993
56522,56521,67283,gain,di boscio,1985.0,G500D1201985,67283,gain,di boscio,1985.0,G500D1201985
56526,21123,56858,marc,bladd,2047.0,M620B4302047,56858,marc,bladd,2047.0,M620B4302047
56538,13218,46508,james,mcfarlane,2063.0,J520M2162063,46508,james,mcfarlane,2063.0,J520M2162063
56555,56553,34320,gioavanni,betancourt,1993.0,G150B3521993,34320,gioavanni,betancourt,1993.0,G150B3521993
56560,56559,24244,christopher,dampman,1982.0,C623D5151982,24244,christopher,dampman,1982.0,C623D5151982
56561,56559,24244,christopher,dampman,1982.0,C623D5151982,24244,christopher,dampman,1982.0,C623D5151982
56561,56560,24244,christopher,dampman,1982.0,C623D5151982,24244,christopher,dampman,1982.0,C623D5151982
56568,14967,55067,arthur,washington,2072.0,A636W2522072,55067,arthur,washington,2072.0,A636W2522072
56573,56572,67324,zirrion,jenkins,1995.0,Z650J5251995,67324,zirrion,jenkins,1995.0,Z650J5251995
56575,38748,62119,giuseppe,daal,2066.0,G210D4002066,62119,giuseppe,daal,2066.0,G210D4002066
56579,56578,67303,pedro,flores,1991.0,P360F4621991,67303,pedro,flores,1991.0,P360F4621991
56582,56581,67318,xavier,brown,1987.0,X160B6501987,67318,xavier,brown,1987.0,X160B6501987
56602,56601,67319,jorge,jacome,2055.0,J620J2502055,67319,jorge,jacome,2055.0,J620J2502055
56615,26590,58503,edward,thomas,1980.0,E363T5201980,58503,edward,thomas,1980.0,E363T5201980
56615,26591,58503,edward,thomas,1980.0,E363T5201980,58503,edward,thomas,1980.0,E363T5201980
56642,56641,67321,willie,shiver,2065.0,W400S1602065,67321,willie,shiver,2065.0,W400S1602065
56645,56643,67322,alexander,vazquez,1989.0,A425V2201989,67322,alexander,vazquez,1989.0,A425V2201989
56647,56646,67331,heber,olivencia,2074.0,H160O4152074,67331,heber,olivencia,2074.0,H160O4152074
56684,56682,60445,jennifer,vazquez,1990.0,J516V2201990,60445,jhenpfbr,vazquez,1990.0,J516V2201990
56701,56700,67352,gary,west,2073.0,G600W2302073,67352,gary,west,2073.0,G600W2302073
56711,56709,67335,pedro,melo,1983.0,P360M4001983,67335,pedro,melo,1983.0,P360M4001983
56715,56445,67257,gregory,lugo,1977.0,G626L2001977,67257,gregory,lugo,1977.0,G626L2001977
56719,56718,35931,ryan,ricci,1988.0,R500R2001988,35931,ryan,ricci,1988.0,R500R2001988
56725,56724,67343,kadir,gonzalez,1983.0,K360G5241983,67343,kadir,gonzalez,1983.0,K360G5241983
56777,56776,67366,brandon,bazal,2073.0,B653B2402073,67366,brandon,bazal,2073.0,B653B2402073
56806,21360,29364,frederick,evans,2061.0,F636E1522061,29364,frederick,evans,2061.0,F636E1522061
56806,21361,29364,frederick,evans,2061.0,F636E1522061,29364,frederick,evans,2061.0,F636E1522061
56823,21360,29364,frederick,evans,2061.0,F636E1522061,29364,frederick,evans,2061.0,F636E1522061
56823,21361,29364,frederick,evans,2061.0,F636E1522061,29364,frederick,evans,2061.0,F636E1522061
56823,56806,29364,frederick,evans,2061.0,F636E1522061,29364,frederick,evans,2061.0,F636E1522061
56824,21360,29364,frederick,evans,2061.0,F636E1522061,29364,frederick,evans,2061.0,F636E1522061
56824,21361,29364,frederick,evans,2061.0,F636E1522061,29364,frederick,evans,2061.0,F636E1522061
56824,56806,29364,frederick,evans,2061.0,F636E1522061,29364,frederick,evans,2061.0,F636E1522061
56824,56823,29364,frederick,evans,2061.0,F636E1522061,29364,frederick,evans,2061.0,F636E1522061
56825,21360,29364,frederick,evans,2061.0,F636E1522061,29364,frederick,evans,2061.0,F636E1522061
56825,21361,29364,frederick,evans,2061.0,F636E1522061,29364,frederick,evans,2061.0,F636E1522061
56825,56806,29364,frederick,evans,2061.0,F636E1522061,29364,frederick,evans,2061.0,F636E1522061
56825,56823,29364,frederick,evans,2061.0,F636E1522061,29364,frederick,evans,2061.0,F636E1522061
56825,56824,29364,frederick,evans,2061.0,F636E1522061,29364,frederick,evans,2061.0,F636E1522061
56838,5774,67379,ricky,williams,2069.0,R200W4522069,52528,ricky,williams,2069.0,R200W4522069
56840,5774,67379,ricky,williams,2069.0,R200W4522069,52528,ricky,williams,2069.0,R200W4522069
56840,56838,67379,ricky,williams,2069.0,R200W4522069,67379,ricky,williams,2069.0,R200W4522069
56848,56847,67375,ian,dozier,1979.0,I500D2601979,67375,ian,dozier,1979.0,I500D2601979
56851,56850,67378,conroy,thompson,1987.0,C560T5121987,67378,conroy,thompson,1987.0,C560T5121987
56852,56850,67378,conroy,thompson,1987.0,C560T5121987,67378,conroy,thompson,1987.0,C560T5121987
56852,56851,67378,conroy,thompson,1987.0,C560T5121987,67378,conroy,thompson,1987.0,C560T5121987
56864,27232,30397,daniel,sartori,1990.0,D540S6361990,30397,daniel,sartori,1990.0,D540S6361990
56864,51406,30397,daniel,sartori,1990.0,D540S6361990,30397,daniel,sartori,1990.0,D540S6361990
56879,56877,67412,elizabeth,alam,2069.0,E421A4502069,67412,elizabeth,alam,2069.0,E421A4502069
56903,56901,49812,april,casey,1979.0,A164C2001979,49812,april,casey,1979.0,A164C2001979
56906,56904,67393,katie,brooks,1977.0,K300B6201977,67393,katie,brooks,1977.0,K300B6201977
56936,56934,67426,marc,perry,2071.0,M620P6002071,67426,marc,perry,2071.0,M620P6002071
56950,56949,67408,steven,hjelmeir,2071.0,S315H2452071,67408,steven,hjelmeir,2071.0,S315H2452071
56951,56949,67408,steven,hjelmeir,2071.0,S315H2452071,67408,steven,hjelmeir,2071.0,S315H2452071
56951,56950,67408,steven,hjelmeir,2071.0,S315H2452071,67408,steven,hjelmeir,2071.0,S315H2452071
56960,56958,67413,donna,green,2069.0,D500G6502069,67413,donna,green,2069.0,D500G6502069
56966,56964,67420,derik,gearing,1980.0,D620G6521980,67420,derik,gearing,1980.0,D620G6521980
56986,56985,67411,christopher,borras,1982.0,C623B6201982,67411,christopher,borras,1982.0,C623B6201982
57022,57021,67441,michael,clermont,1984.0,M240C4651984,67441,michael,clermont,1984.0,M240C4651984
57023,57021,67441,michael,clermont,1984.0,M240C4651984,67441,michael,clermont,1984.0,M240C4651984
57023,57022,67441,michael,clermont,1984.0,M240C4651984,67441,michael,clermont,1984.0,M240C4651984
57060,13310,41077,russell,adams,1983.0,R240A3521983,41077,russell,adams,1983.0,R240A3521983
57102,56791,67381,dante,thomas,1988.0,D530T5201988,67381,dante,thomas,1988.0,D530T5201988
57104,56791,67381,dante,thomas,1988.0,D530T5201988,67381,dante,thomas,1988.0,D530T5201988
57104,57102,67381,dante,thomas,1988.0,D530T5201988,67381,dante,thomas,1988.0,D530T5201988
57155,57153,37653,christopher,seymore,1989.0,C623S5601989,37653,christopher,seymore,1989.0,C623S5601989
57158,57157,67467,mitchell,higgs,2053.0,M324H2002053,67467,mitchell,higgs,2053.0,M324H2002053
57160,57159,67473,collisa,fergus,1987.0,C420F6221987,67473,collisa,fergus,1987.0,C420F6221987
57180,45485,64037,manushka,lamy,1989.0,M520L5001989,64037,manushka,lamy,1989.0,M520L5001989
57184,57183,67484,robert,peckham,1984.0,R163P2501984,67484,robert,peckham,1984.0,R163P2501984
57206,57204,40482,paul,jean,1983.0,P400J5001983,40482,paul,jean,1983.0,P400J5001983
57213,6244,52652,eleasar,gutierrez,1993.0,E426G3621993,52652,eleasar,gutierrez,1993.0,E426G3621993
57227,57225,67495,hunter,singer,2067.0,H536S5262067,67495,hunter,singer,2067.0,H536S5262067
57230,57229,67510,alex,ramos,1991.0,A420R5201991,67510,alex,ramos,1991.0,A420R5201991
57235,57234,44301,richard,forbes,1992.0,R263F6121992,44301,richard,forbes,1992.0,R263F6121992
57241,57240,67493,roseamaria,sutton,2074.0,R256S3502074,67493,roseamaria,sutton,2074.0,R256S3502074
57266,57264,67507,elcye,audatte,2069.0,E420A3302069,67507,elcye,audatte,2069.0,E420A3302069
57280,57279,67500,tarnisha,andrews,1990.0,T652A5361990,67500,tarnisha,andrews,1990.0,T652A5361990
57299,57297,67535,jonathan,dykstra,1989.0,J535D2361989,67535,jonathan,dykstra,1989.0,J535D2361989
57311,57310,59559,luis,colman,2073.0,L200C4552073,59559,luis,colman,2073.0,L200C4552073
57316,57315,67529,vernon,perry,2069.0,V655P6002069,67529,vernon,perry,2069.0,V655P6002069
57325,57324,67547,christine,ammon,1991.0,C623A5501991,67547,christine,ammon,1991.0,C623A5501991
57338,57336,67553,manuel,sepulveda,1983.0,M540S1411983,67553,manuel,sepulveda,1983.0,M540S1411983
57350,57348,67558,melvin,negron,2071.0,M415N2652071,67558,melvin,negron,2071.0,M415N2652071
57352,57351,67532,cory,smith,1986.0,C600S5301986,67532,cory,smith,1986.0,C600S5301986
57373,57372,67555,sean,baker,1987.0,S500B2601987,67555,sean,baker,1987.0,S500B2601987
57395,57393,67534,kattya,zepeda,1989.0,K300Z1301989,67534,kattya,zepeda,1989.0,K300Z1301989
57410,41145,56450,derek,acnqoo,1991.0,D620A2521991,62784,derrick,aocinsvp,1991.0,D620A2521991
57413,57411,67564,bryant,knight,1988.0,B653K5231988,67564,bryant,knight,1988.0,B653K5231988
57422,57421,67563,deandre,king,1990.0,D536K5201990,67563,deandre,king,1990.0,D536K5201990
57431,57430,67572,lucuis,favors,1979.0,L220F1621979,67572,lucuis,favors,1979.0,L220F1621979
57434,57433,66705,juan,marinero,1980.0,J500M6561980,66705,juan,marinero,1980.0,J500M6561980
57441,28935,10582,ladarious,smith,1989.0,L362S5301989,59215,ladarious,smith,1989.0,L362S5301989
57441,28936,10582,ladarious,smith,1989.0,L362S5301989,59215,ladarious,smith,1989.0,L362S5301989
57441,28937,10582,ladarious,smith,1989.0,L362S5301989,59215,ladarious,smith,1989.0,L362S5301989
57441,48535,10582,ladarious,smith,1989.0,L362S5301989,59215,ladarious,smith,1989.0,L362S5301989
57441,48536,10582,ladarious,smith,1989.0,L362S5301989,59215,ladarious,smith,1989.0,L362S5301989
57457,57456,67592,sandy,uwanawich,1983.0,S530U5201983,67592,sandy,uwanawich,1983.0,S530U5201983
57468,57460,65109,robert,norman,2071.0,R163N6552071,65109,robert,norman,2071.0,R163N6552071
57507,23350,67634,shawn,hall,1976.0,S500H4001976,57558,shane,hall,1976.0,S500H4001976
57507,23351,67634,shawn,hall,1976.0,S500H4001976,57558,shane,hall,1976.0,S500H4001976
57548,57546,67597,tracie,alba,1985.0,T620A4101985,67597,tracie,alba,1985.0,T620A4101985
57559,57558,67626,kawall,parascram,2065.0,K400P6262065,67626,kawall,parascram,2065.0,K400P6262065
57563,57562,67604,kevin,cabot,2057.0,K150C1302057,67604,kevin,cabot,2057.0,K150C1302057
57584,57583,67629,tyler,laing,1993.0,T460L5201993,67629,tyler,laing,1993.0,T460L5201993
57587,57568,31180,ed,hughes,2061.0,E300H2202061,31180,ed,hughes,2061.0,E300H2202061
57599,57597,67603,michael,rosato,1992.0,M240R2301992,67603,mjzwail,rosato,1992.0,M240R2301992
57600,29055,58708,lisa,kaye,2063.0,L200K0002063,58708,lisa,kaye,2063.0,L200K0002063
57600,29057,58708,lisa,kaye,2063.0,L200K0002063,58708,lisa,kaye,2063.0,L200K0002063
57601,29055,58708,lisa,kaye,2063.0,L200K0002063,58708,lisa,kaye,2063.0,L200K0002063
57601,29057,58708,lisa,kaye,2063.0,L200K0002063,58708,lisa,kaye,2063.0,L200K0002063
57601,57600,58708,lisa,kaye,2063.0,L200K0002063,58708,lisa,kaye,2063.0,L200K0002063
57602,29055,58708,lisa,kaye,2063.0,L200K0002063,58708,lisa,kaye,2063.0,L200K0002063
57602,29057,58708,lisa,kaye,2063.0,L200K0002063,58708,lisa,kaye,2063.0,L200K0002063
57602,57600,58708,lisa,kaye,2063.0,L200K0002063,58708,lisa,kaye,2063.0,L200K0002063
57602,57601,58708,lisa,kaye,2063.0,L200K0002063,58708,lisa,kaye,2063.0,L200K0002063
57616,57499,67605,berris,mckenzie,2058.0,B620M2522058,67605,berris,mkcznzre,2058.0,B620M2522058
57623,57621,67647,krista,mazzeo,1992.0,K623M2001992,67647,krista,mazzeo,1992.0,K623M2001992
57631,57630,67641,clifford,wellington,1981.0,C416W4521981,67641,clifford,wellington,1981.0,C416W4521981
57632,57630,67641,clifford,wellington,1981.0,C416W4521981,67641,clifford,wellington,1981.0,C416W4521981
57632,57631,67641,clifford,wellington,1981.0,C416W4521981,67641,clifford,wellington,1981.0,C416W4521981
57640,57639,67636,deadra,miller,1988.0,D360M4601988,67636,deadra,miller,1988.0,D360M4601988
57643,57642,67642,jean,nelson,2058.0,J500N4252058,67642,jean,nelson,2058.0,J500N4252058
57665,57663,67650,emily,holbrook,1976.0,E540H4161976,67650,emily,holbrook,1976.0,E540H4161976
57670,57669,67646,meghan,henry,1993.0,M250H5601993,67646,meghan,henry,1993.0,M250H5601993
57680,57678,67652,koffi,mcshine,1980.0,K100M2501980,67652,koffi,mcshine,1980.0,K100M2501980
57682,57681,48005,sean,harris,1988.0,S500H6201988,48005,sean,harris,1988.0,S500H6201988
57704,57703,66800,amelia,ricano,1995.0,A540R2501995,66800,amelia,ricano,1995.0,A540R2501995
57707,57705,67669,christina,caccamo,1987.0,C623C2501987,67669,christina,caccamo,1987.0,C623C2501987
57719,57718,67658,yves,joseph,1982.0,Y120J2101982,67658,yves,joseph,1982.0,Y120J2101982
57722,57721,56128,markevis,harvard,1993.0,M621H6161993,56128,markevis,harvard,1993.0,M621H6161993
57727,30973,59819,densmore,daniels,1994.0,D525D5421994,59819,densmore,daniels,1994.0,D525D5421994
57775,57774,63115,victor,alcivar,2074.0,V236A4212074,63115,victor,alcivar,2074.0,V236A4212074
57776,57774,63115,victor,alcivar,2074.0,V236A4212074,63115,victor,alcivar,2074.0,V236A4212074
57776,57775,63115,victor,alcivar,2074.0,V236A4212074,63115,victor,alcivar,2074.0,V236A4212074
57777,8718,53337,najeh,davenport,1979.0,N200D1511979,53337,najeh,davenport,1979.0,N200D1511979
57781,57780,67690,mercedes,holmes,1990.0,M623H4521990,67690,mercedes,holmes,1990.0,M623H4521990
57791,57789,67680,christopher,lowe,1987.0,C623L0001987,67680,christopher,lowe,1987.0,C623L0001987
57891,54898,66843,paul,defrancesco,1983.0,P400D1651983,66843,paul,defrancesco,1983.0,P400D1651983
57893,54898,66843,paul,defrancesco,1983.0,P400D1651983,66843,paul,defrancesco,1983.0,P400D1651983
57893,57891,66843,paul,defrancesco,1983.0,P400D1651983,66843,paul,defrancesco,1983.0,P400D1651983
57911,57909,67735,edelyn,soto,1977.0,E345S3001977,67735,edelyn,soto,1977.0,E345S3001977
57916,57915,67728,juanita,palacios,2065.0,J530P4222065,67728,juanita,palacios,2065.0,J530P4222065
57928,57927,67707,michael,houk,1986.0,M240H2001986,67707,michael,houk,1986.0,M240H2001986
57929,57927,67707,michael,houk,1986.0,M240H2001986,67707,michael,houk,1986.0,M240H2001986
57929,57928,67707,michael,houk,1986.0,M240H2001986,67707,michael,houk,1986.0,M240H2001986
57935,57934,33428,brian,piggott,2058.0,B650P2302058,33428,brian,piggott,2058.0,B650P2302058
57950,57948,67705,wilson,tijean,2074.0,W425T2502074,67705,wilson,tijean,2074.0,W425T2502074
57958,41439,62854,lori,bermudez,1985.0,L600B6531985,62854,lori,bermudez,1985.0,L600B6531985
57958,41440,62854,lori,bermudez,1985.0,L600B6531985,62854,lori,bermudez,1985.0,L600B6531985
58000,57999,5750,tron,clark,1990.0,T650C4621990,5750,tron,clark,1990.0,T650C4621990
58024,58023,39565,shane,worthy,1991.0,S500W6301991,39565,shane,worthy,1991.0,S500W6301991
58048,58047,67768,ruben,canas,1983.0,R150C5201983,67768,ruben,canas,1983.0,R150C5201983
58049,58047,67768,ruben,canas,1983.0,R150C5201983,67768,ruben,canas,1983.0,R150C5201983
58049,58048,67768,ruben,canas,1983.0,R150C5201983,67768,ruben,canas,1983.0,R150C5201983
58052,58050,47092,john,wilson,1984.0,J500W4251984,47092,john,wilson,1984.0,J500W4251984
58060,58059,67739,anthony,ramsey,1983.0,A535R5201983,67739,anthony,ramsey,1983.0,A535R5201983
58110,6057,51037,sergio,walls,1983.0,S620W4201983,51037,sergio,walls,1983.0,S620W4201983
58110,6058,51037,sergio,walls,1983.0,S620W4201983,51037,sergio,walls,1983.0,S620W4201983
58110,6059,51037,sergio,walls,1983.0,S620W4201983,51037,sergio,walls,1983.0,S620W4201983
58142,58141,23254,ronnie,thomas,1983.0,R500T5201983,23254,ronnie,thomas,1983.0,R500T5201983
58169,58141,23254,ronnie,thomas,1983.0,R500T5201983,23254,ronnie,thomas,1983.0,R500T5201983
58169,58142,23254,ronnie,thomas,1983.0,R500T5201983,23254,ronnie,thomas,1983.0,R500T5201983
58183,58182,34055,maslin,brutus,1984.0,M245B6321984,34055,maslin,brutus,1984.0,M245B6321984
58184,58182,34055,maslin,brutus,1984.0,M245B6321984,34055,maslin,brutus,1984.0,M245B6321984
58184,58183,34055,maslin,brutus,1984.0,M245B6321984,34055,maslin,brutus,1984.0,M245B6321984
58193,58192,22653,calvin,lewis,2072.0,C415L2002072,22653,calvin,lewis,2072.0,C415L2002072
58198,58197,67788,eduardo,ortizrubio,1975.0,E363O6321975,67788,eduardo,ortizrdcfr,1975.0,E363O6321975
58204,58203,43572,pierre,merilus,1993.0,P600M6421993,43572,pierre,merilus,1993.0,P600M6421993
58232,58231,67814,alexander,athanasaw,1996.0,A425A3521996,67814,alexander,athanasaw,1996.0,A425A3521996
58247,58245,67808,frerick,lewis,1988.0,F662L2001988,67808,frerick,lewis,1988.0,F662L2001988
58262,58261,57040,andre,uter,1984.0,A536U3601984,57040,andre,uter,1984.0,A536U3601984
58271,58270,67594,alexander,khan,1993.0,A425K5001993,67594,alexander,khan,1993.0,A425K5001993
58273,58272,67794,robernis,perez,1982.0,R165P6201982,67794,robernis,perez,1982.0,R165P6201982
58274,58272,67794,robernis,perez,1982.0,R165P6201982,67794,robernis,perez,1982.0,R165P6201982
58274,58273,67794,robernis,perez,1982.0,R165P6201982,67794,robernis,perez,1982.0,R165P6201982
58275,58213,59539,robert,murphy,2071.0,R163M6102071,59539,robert,murphy,2071.0,R163M6102071
58277,58213,59539,robert,murphy,2071.0,R163M6102071,59539,robert,murphy,2071.0,R163M6102071
58277,58275,59539,robert,murphy,2071.0,R163M6102071,59539,robert,murphy,2071.0,R163M6102071
58307,42975,63291,christopher,ketchum,1982.0,C623K3251982,63291,christopher,ketchum,1982.0,C623K3251982
58307,42976,63291,christopher,ketchum,1982.0,C623K3251982,63291,christopher,ketchum,1982.0,C623K3251982
58307,42977,63291,christopher,ketchum,1982.0,C623K3251982,63291,christopher,ketchum,1982.0,C623K3251982
58312,58311,67684,raechel,brown,1993.0,R240B6501993,67684,raechel,brown,1993.0,R240B6501993
58328,58326,61440,ahkeem,anderson,1989.0,A250A5361989,61440,ahkeem,anderson,1989.0,A250A5361989
58334,58333,67846,christopher,marques,1991.0,C623M6221991,67846,christopher,marques,1991.0,C623M6221991
58364,58363,67828,john,shryack,2053.0,J500S6202053,67828,john,shryack,2053.0,J500S6202053
58398,58310,7271,shawn,shaw,1985.0,S500S0001985,7271,shawn,shaw,1985.0,S500S0001985
58399,58310,7271,shawn,shaw,1985.0,S500S0001985,7271,shawn,shaw,1985.0,S500S0001985
58399,58398,7271,shawn,shaw,1985.0,S500S0001985,7271,shawn,shaw,1985.0,S500S0001985
58400,58310,7271,shawn,shaw,1985.0,S500S0001985,7271,shawn,shaw,1985.0,S500S0001985
58400,58398,7271,shawn,shaw,1985.0,S500S0001985,7271,shawn,shaw,1985.0,S500S0001985
58400,58399,7271,shawn,shaw,1985.0,S500S0001985,7271,shawn,shaw,1985.0,S500S0001985
58401,23509,45343,ezra,ogden,1992.0,E260O2351992,45343,ezra,ogden,1992.0,E260O2351992
58401,23510,45343,ezra,ogden,1992.0,E260O2351992,45343,ezra,ogden,1992.0,E260O2351992
58402,23509,45343,ezra,ogden,1992.0,E260O2351992,45343,ezra,ogden,1992.0,E260O2351992
58402,23510,45343,ezra,ogden,1992.0,E260O2351992,45343,ezra,ogden,1992.0,E260O2351992
58402,58401,45343,ezra,ogden,1992.0,E260O2351992,45343,ezra,ogden,1992.0,E260O2351992
58406,58405,67823,oral,burke,1977.0,O640B6201977,67823,oral,burke,1977.0,O640B6201977
58430,58429,67860,tony,bethea,2065.0,T500B3002065,67860,tony,bethea,2065.0,T500B3002065
58431,20771,8061,kerry,hodge,1981.0,K600H3201981,8061,kerry,hodge,1981.0,K600H3201981
58433,20771,8061,kerry,hodge,1981.0,K600H3201981,8061,kerry,hodge,1981.0,K600H3201981
58433,58431,8061,kerry,hodge,1981.0,K600H3201981,8061,kerry,hodge,1981.0,K600H3201981
58484,13209,54595,william,barr,1986.0,W450B6001986,54595,william,barr,1986.0,W450B6001986
58507,58506,67872,michael,walsh,2039.0,M240W4202039,67872,michael,walsh,2039.0,M240W4202039
58518,13550,43996,dale,alderson,1985.0,D400A4361985,43996,dale,alderson,1985.0,D400A4361985
58519,13550,43996,dale,alderson,1985.0,D400A4361985,43996,dale,alderson,1985.0,D400A4361985
58519,58518,43996,dale,alderson,1985.0,D400A4361985,43996,dale,alderson,1985.0,D400A4361985
58526,58524,67887,eric,frye,2068.0,E620F6002068,67887,eric,frye,2068.0,E620F6002068
58529,58528,36253,david,surf,2074.0,D130S6102074,36253,david,surf,2074.0,D130S6102074
58546,58545,67878,michael,weiner,1976.0,M240W5601976,67878,michael,weiner,1976.0,M240W5601976
58547,58545,67878,michael,weiner,1976.0,M240W5601976,67878,michael,weiner,1976.0,M240W5601976
58547,58546,67878,michael,weiner,1976.0,M240W5601976,67878,michael,weiner,1976.0,M240W5601976
58564,58563,67900,kristy,monti,1978.0,K623M5301978,67900,kristy,monti,1978.0,K623M5301978
58565,58563,67900,kristy,monti,1978.0,K623M5301978,67900,kristy,monti,1978.0,K623M5301978
58565,58564,67900,kristy,monti,1978.0,K623M5301978,67900,kristy,monti,1978.0,K623M5301978
58568,58566,67914,jonathan,whetsel,1977.0,J535W3241977,67914,jonathan,whetsel,1977.0,J535W3241977
58604,3539,51850,reginald,butler,1992.0,R254B3461992,51850,reginald,butler,1992.0,R254B3461992
58609,58608,67901,devonte,moss,1995.0,D153M2001995,67901,devonte,moss,1995.0,D153M2001995
58613,58611,67903,thomas,farnan,1988.0,T520F6551988,67903,thomas,farnan,1988.0,T520F6551988
58625,58624,67898,michael,ramos,1975.0,M240R5201975,67898,michael,ramos,1975.0,M240R5201975
58626,58605,51314,russell,gaskin,1994.0,R240G2501994,51314,russell,gaskin,1994.0,R240G2501994
58643,58642,54383,jose,simtatis,2058.0,J200S5332058,54383,jose,simtatis,2058.0,J200S5332058
58650,36794,61522,michael,dalo,1988.0,M240D4001988,61522,michael,dalo,1988.0,M240D4001988
58652,36794,61522,michael,dalo,1988.0,M240D4001988,61522,michael,dalo,1988.0,M240D4001988
58652,58650,61522,michael,dalo,1988.0,M240D4001988,61522,michael,dalo,1988.0,M240D4001988
58681,58680,67938,rickey,butler,2059.0,R200B3462059,67938,rickey,butler,2059.0,R200B3462059
58699,58698,25511,james,harrigan,1985.0,J520H6251985,25511,james,harrigan,1985.0,J520H6251985
58707,37701,61819,kenneth,edelen,1980.0,K530E3451980,61819,kenneth,edelen,1980.0,K530E3451980
58707,37703,61819,kenneth,edelen,1980.0,K530E3451980,61819,kenneth,edelen,1980.0,K530E3451980
58709,37701,61819,kenneth,edelen,1980.0,K530E3451980,61819,kenneth,edelen,1980.0,K530E3451980
58709,37703,61819,kenneth,edelen,1980.0,K530E3451980,61819,kenneth,edelen,1980.0,K530E3451980
58709,58707,61819,kenneth,edelen,1980.0,K530E3451980,61819,kenneth,edelen,1980.0,K530E3451980
58717,40785,19460,mark,singletary,1990.0,M620S5241990,19460,mark,singletary,1990.0,M620S5241990
58727,19176,56371,nadine,chambers,2065.0,N350C5162065,56371,nadine,chambers,2065.0,N350C5162065
58728,39195,67941,james,eloi,1988.0,J520E4001988,62261,james,eloi,1988.0,J520E4001988
58729,39195,67941,james,eloi,1988.0,J520E4001988,62261,james,eloi,1988.0,J520E4001988
58729,58728,67941,james,eloi,1988.0,J520E4001988,67941,james,eloi,1988.0,J520E4001988
58750,58749,67943,darren,murphy,1985.0,D650M6101985,67943,darren,murphy,1985.0,D650M6101985
58751,58749,67943,darren,murphy,1985.0,D650M6101985,67943,darren,murphy,1985.0,D650M6101985
58751,58750,67943,darren,murphy,1985.0,D650M6101985,67943,darren,murphy,1985.0,D650M6101985
58755,39322,62287,shellene,thorpe,1983.0,S450T6101983,62287,shellene,thorpe,1983.0,S450T6101983
58756,39322,62287,shellene,thorpe,1983.0,S450T6101983,62287,shellene,thorpe,1983.0,S450T6101983
58756,58755,62287,shellene,thorpe,1983.0,S450T6101983,62287,shellene,thorpe,1983.0,S450T6101983
58790,58788,67977,christopher,chico,1996.0,C623C2001996,67977,christopher,chico,1996.0,C623C2001996
58796,58794,30293,marcelo,townsell,1986.0,M624T5241986,30293,marcelo,townsell,1986.0,M624T5241986
58799,58798,37293,hopeton,vassell,2062.0,H135V2402062,37293,hopeton,vassell,2062.0,H135V2402062
58822,58821,67983,carl,wallace,2070.0,C640W4202070,67983,carl,wallace,2070.0,C640W4202070
58828,58827,67982,bradley,king,2071.0,B634K5202071,67982,bradley,king,2071.0,B634K5202071
58839,58827,67982,bradley,king,2071.0,B634K5202071,67982,bradley,king,2071.0,B634K5202071
58839,58828,67982,bradley,king,2071.0,B634K5202071,67982,bradley,king,2071.0,B634K5202071
58881,20271,68025,joseph,stunneck,2072.0,J210S3522072,56633,joseph,stunneck,2072.0,J210S3522072
58902,25462,58123,mitchell,berlanga,1987.0,M324B6451987,58123,mitchell,berlanga,1987.0,M324B6451987
58902,25463,58123,mitchell,berlanga,1987.0,M324B6451987,58123,mitchell,berlanga,1987.0,M324B6451987
58927,31379,59949,miesha,daniel,1993.0,M200D5401993,59949,miesha,daniel,1993.0,M200D5401993
58927,35910,59949,miesha,daniel,1993.0,M200D5401993,59949,miesha,daniel,1993.0,M200D5401993
58927,35911,59949,miesha,daniel,1993.0,M200D5401993,59949,miesha,daniel,1993.0,M200D5401993
58936,58935,68033,christopher,vyllelobnj,1980.0,C623V4411980,68033,christopher,villalobos,1980.0,C623V4411980
58954,34738,60929,veugoplalan,devaswamparambil,2070.0,V214D1252070,60929,veugoplalan,devaswamparambil,2070.0,V214D1252070
58957,58956,68012,alejandro,mateo,1975.0,A425M3001975,68012,alezanibx,mateo,1975.0,A425M3001975
58970,58969,68017,tiago,monteiro,1990.0,T200M5361990,68017,tiago,monteiro,1990.0,T200M5361990
58975,58974,67995,danielle,kaarlsen,1987.0,D540K6421987,67995,danielle,kaarlsen,1987.0,D540K6421987
58978,58977,68027,jared,gipson,1985.0,J630G1251985,68027,jared,gipson,1985.0,J630G1251985
58982,58980,25243,kevin,brown,2065.0,K150B6502065,25243,kevin,brown,2065.0,K150B6502065
59006,59005,68050,denny,lamour,1996.0,D500L5601996,68050,denny,lamour,1996.0,D500L5601996
59009,59007,68042,jacqueline,milhomme,1988.0,J245M4501988,68042,jacqueline,milhomme,1988.0,J245M4501988
59034,37696,61801,richard,haynes,2073.0,R263H5202073,61801,richard,haynes,2073.0,R263H5202073
59036,37696,61801,richard,haynes,2073.0,R263H5202073,61801,richard,haynes,2073.0,R263H5202073
59036,59034,61801,richard,haynes,2073.0,R263H5202073,61801,richard,haynes,2073.0,R263H5202073
59039,59037,34500,danny,bonilla,1987.0,D500B5401987,34500,danny,bonilla,1987.0,D500B5401987
59047,59046,68056,jozie,smith,1992.0,J200S5301992,68056,jozie,smith,1992.0,J200S5301992
59068,59067,68045,gregory,bowles,2061.0,G626B4202061,68045,gregory,bowles,2061.0,G626B4202061
59072,59071,68047,keitha,dutherville,1995.0,K300D3611995,68047,keitha,dutherville,1995.0,K300D3611995
59099,59098,24803,dwight,davisjr,1990.0,D230D1261990,24803,dwight,davisjr,1990.0,D230D1261990
59101,59100,68070,diane,bramhall,2074.0,D500B6542074,68070,diane,bramhall,2074.0,D500B6542074
59108,59107,68079,amy,morphuqucnoana,1983.0,A500M6121983,68079,amy,murphyquintana,1983.0,A500M6121983
59116,59115,68069,constance,henley,2051.0,C523H5402051,68069,constance,henley,2051.0,C523H5402051
59134,59133,68075,joseph,lacruz,1992.0,J210L2621992,68075,joseph,lacruz,1992.0,J210L2621992
59141,59139,68068,emely,collazos,1991.0,E540C4221991,68068,emely,collazos,1991.0,E540C4221991
59144,59142,68067,richard,sczepanski,2063.0,R263S1522063,68067,richard,sczepanski,2063.0,R263S1522063
59156,59154,68089,emily,balog,1977.0,E540B4201977,68089,emily,balog,1977.0,E540B4201977
59162,59161,68086,joshua,cruz,1995.0,J200C6201995,68086,joshua,cruz,1995.0,J200C6201995
59188,59187,68091,doyle,dixon,2059.0,D400D2502059,68091,doyle,dixon,2059.0,D400D2502059
59191,59190,48526,devin,clarke,1986.0,D150C4621986,48526,devin,clarke,1986.0,D150C4621986
59197,59196,68098,miguel,gonzalez,2073.0,M240G5242073,68098,miguel,gonzalez,2073.0,M240G5242073
59207,59206,68090,steven,allen,1978.0,S315A4501978,68090,steven,allen,1978.0,S315A4501978
59227,59226,68105,sabrina,taylor,1986.0,S165T4601986,68105,sabrina,taylor,1986.0,S165T4601986
59273,59272,68131,ezekiel,campbell,2055.0,E224C5142055,68131,ezekiel,campbell,2055.0,E224C5142055
59279,59277,68135,alana,gutierrez-centurion,1994.0,A450G3621994,68135,alana,gutierrez-centurion,1994.0,A450G3621994
59284,59283,68126,charles,cavey,2063.0,C642C1002063,68126,charles,cavey,2063.0,C642C1002063
59291,59290,68134,roy,michi,2060.0,R000M2002060,68134,roy,michi,2060.0,R000M2002060
59299,9999,51652,byron,wright,1989.0,B650W6231989,51652,byron,wright,1989.0,B650W6231989
59300,9999,51652,byron,wright,1989.0,B650W6231989,51652,byron,wright,1989.0,B650W6231989
59300,59299,51652,byron,wright,1989.0,B650W6231989,51652,byron,wright,1989.0,B650W6231989
59338,59337,68148,alysha,beyerlein,1993.0,A420B6451993,68148,alysha,beyerlein,1993.0,A420B6451993
59347,59346,28515,giovanni,agosto,1994.0,G150A2231994,28515,giovanni,agosto,1994.0,G150A2231994
59351,59350,24868,pedro,dennett,2060.0,P360D5302060,24868,pedro,dennett,2060.0,P360D5302060
59368,59367,68154,breonte,heller,1996.0,B653H4601996,68154,breonte,heller,1996.0,B653H4601996
59411,59409,68182,jimmy,bell,2057.0,J500B4002057,68182,jimmy,bell,2057.0,J500B4002057
59412,15945,68169,frank,smith,1987.0,F652S5301987,17711,frank,schmidt,1987.0,F652S5301987
59413,15945,68169,frank,smith,1987.0,F652S5301987,17711,frank,schmidt,1987.0,F652S5301987
59413,59412,68169,frank,smith,1987.0,F652S5301987,68169,frank,smith,1987.0,F652S5301987
59444,59443,68188,sylvia,anderson,2065.0,S410A5362065,68188,sylvia,anderson,2065.0,S410A5362065
59462,59461,68203,corey,golden,1994.0,C600G4351994,68203,corey,golden,1994.0,C600G4351994
59476,42286,63084,anthony,vitiello,1983.0,A535V3401983,63084,anthony,vitiello,1983.0,A535V3401983
59477,42286,63084,anthony,vitiello,1983.0,A535V3401983,63084,anthony,vitiello,1983.0,A535V3401983
59477,59476,63084,anthony,vitiello,1983.0,A535V3401983,63084,anthony,vitiello,1983.0,A535V3401983
59507,59505,50521,charles,stephens,2072.0,C642S3152072,50521,charles,stephens,2072.0,C642S3152072
59513,59511,68211,nicholas,wolf,1996.0,N242W4101996,68211,nicholas,wolf,1996.0,N242W4101996
59515,59514,62359,roderick,goddard,1989.0,R362G3631989,62359,roderick,goddard,1989.0,R362G3631989
59521,59520,68212,dezekiel,haynes,1981.0,D224H5201981,68212,dezekiel,haynes,1981.0,D224H5201981
59569,9812,53705,renet,gabriel,1994.0,R530G1641994,53705,renet,gabriel,1994.0,R530G1641994
59576,59574,68227,david,idleburgh,1984.0,D130I3411984,68227,david,idleburgh,1984.0,D130I3411984
59582,59581,68230,juan,avila,1975.0,J500A1401975,68230,juan,avila,1975.0,J500A1401975
59585,59583,68223,robert,rhoden,2068.0,R163R3502068,68223,robert,rhoden,2068.0,R163R3502068
59595,23186,57521,don,royster,1990.0,D500R2361990,57521,don,royster,1990.0,D500R2361990
59618,59617,68244,jermaine,gray,1992.0,J655G6001992,68244,jermaine,gray,1992.0,J655G6001992
59623,59622,68239,latoya,smith,1980.0,L300S5301980,68239,latoya,smith,1980.0,L300S5301980
59628,59600,12554,matthew,butterfield,1989.0,M300B3611989,12554,matthew,butterfield,1989.0,M300B3611989
59650,59649,25289,antwane,stubbs,2073.0,A535S3122073,25289,antwane,stubbs,2073.0,A535S3122073
59654,59653,68255,joshua,stephens,1985.0,J200S3151985,68255,joshua,stephens,1985.0,J200S3151985
59656,59655,42331,michelle,merritt,2071.0,M240M6302071,42331,michelle,merritt,2071.0,M240M6302071
59680,7728,53081,ruben,soto,1989.0,R150S3001989,53081,ruben,soto,1989.0,R150S3001989
59680,30904,53081,ruben,soto,1989.0,R150S3001989,53081,ruben,soto,1989.0,R150S3001989
59692,15945,68263,frank,smith,1987.0,F652S5301987,17711,frank,schmidt,1987.0,F652S5301987
59692,59412,68263,frank,smith,1987.0,F652S5301987,68169,frank,smith,1987.0,F652S5301987
59692,59413,68263,frank,smith,1987.0,F652S5301987,68169,frank,smith,1987.0,F652S5301987
59709,24555,68249,kevin,lewis,1995.0,K150L2001995,57917,kevin,lewis,1995.0,K150L2001995
59709,24556,68249,kevin,lewis,1995.0,K150L2001995,57917,kevin,lewis,1995.0,K150L2001995
59711,24555,68249,kevin,lewis,1995.0,K150L2001995,57917,kevin,lewis,1995.0,K150L2001995
59711,24556,68249,kevin,lewis,1995.0,K150L2001995,57917,kevin,lewis,1995.0,K150L2001995
59711,59709,68249,kevin,lewis,1995.0,K150L2001995,68249,kevin,lewis,1995.0,K150L2001995
59713,59712,68251,jonathan,ospina,1989.0,J535O2151989,68251,jonathan,ospina,1989.0,J535O2151989
59728,59727,68277,jaime,cohn,1976.0,J500C5001976,68277,jaime,cohn,1976.0,J500C5001976
59747,59745,68274,melisa,haugenx,1983.0,M420H2521983,68274,melisa,higgins,1983.0,M420H2521983
59750,59748,41434,marcus,gibbons,1993.0,M622G1521993,41434,marcus,gibbons,1993.0,M622G1521993
59753,59752,68282,jason,robertson,1990.0,J250R1631990,68282,jason,robertson,1990.0,J250R1631990
59764,59763,68278,shane,vanderburg,1981.0,S500V5361981,68278,shane,vanderburg,1981.0,S500V5361981
59774,59772,68283,christopher,korn,2071.0,C623K6502071,68283,christopher,korn,2071.0,C623K6502071
59789,59788,68296,michael,newton,2063.0,M240N3502063,68296,michael,newton,2063.0,M240N3502063
59794,59793,68292,bernard,young,1996.0,B656Y5201996,68292,bernard,young,1996.0,B656Y5201996
59795,59793,68292,bernard,young,1996.0,B656Y5201996,68292,bernard,young,1996.0,B656Y5201996
59795,59794,68292,bernard,young,1996.0,B656Y5201996,68292,bernard,young,1996.0,B656Y5201996
59798,59796,68298,jesus,pantaleon,1994.0,J220P5341994,68298,jesus,pantaleon,1994.0,J220P5341994
59810,59808,68288,roger,guerra,1993.0,R260G6001993,68288,roger,guerra,1993.0,R260G6001993
59819,59818,68295,charneshia,ellison,1991.0,C652E4251991,68295,charneshia,ellison,1991.0,C652E4251991
59851,59850,9698,louis,kaye,2072.0,L200K0002072,9698,louis,kaye,2072.0,L200K0002072
59858,59857,68317,kirby,jackson,2073.0,K610J2502073,68317,kirby,jukwsmn,2073.0,K610J2502073
59863,59862,68316,daniel,murphy,1981.0,D540M6101981,68316,daniel,murphy,1981.0,D540M6101981
59875,59874,68301,brian,anaya,1994.0,B650A5001994,68301,brian,anaya,1994.0,B650A5001994
59888,59886,68306,vint,ceglarek,1988.0,V530C2461988,68306,vint,ceglarek,1988.0,V530C2461988
59900,59898,68315,jesenia,gavilan,1988.0,J250G1451988,68315,jesenia,gavilan,1988.0,J250G1451988
59902,59901,68331,jessica,rhoat,1982.0,J220R3001982,68331,jessica,rhoat,1982.0,J220R3001982
59903,59901,68331,jessica,rhoat,1982.0,J220R3001982,68331,jessica,rhoat,1982.0,J220R3001982
59903,59902,68331,jessica,rhoat,1982.0,J220R3001982,68331,jessica,rhoat,1982.0,J220R3001982
59923,14127,12252,richard,hecgh,1991.0,R263H2001991,54832,richard,hough,1991.0,R263H2001991
59979,2952,17687,leonard,alexander,1988.0,L563A4251988,17687,leonard,alexander,1988.0,L563A4251988
59984,59983,68352,jerry,noel,1981.0,J600N4001981,68352,jerry,noel,1981.0,J600N4001981
59986,20586,68345,luis,vallejo,1992.0,L200V4201992,56688,laque,vallejo,1992.0,L200V4201992
59986,20587,68345,luis,vallejo,1992.0,L200V4201992,56688,laque,vallejo,1992.0,L200V4201992
59986,20588,68345,luis,vallejo,1992.0,L200V4201992,56688,laque,vallejo,1992.0,L200V4201992
59994,33062,35653,stephen,robinson,2064.0,S315R1522064,35653,stephen,robhnsap,2064.0,S315R1522064
59996,33062,35653,stephen,robinson,2064.0,S315R1522064,35653,stephen,robhnsap,2064.0,S315R1522064
59996,59994,35653,stephen,robinson,2064.0,S315R1522064,35653,stephen,robinson,2064.0,S315R1522064
60016,60015,68358,kadeem,suddoo,1990.0,K350S3001990,68358,kadeem,suddoo,1990.0,K350S3001990
60034,60033,68367,vanesha,newsome,1994.0,V520N2501994,68367,vanesha,newsome,1994.0,V520N2501994
60043,60042,68375,mario,frattura,1980.0,M600F6361980,68375,mario,frattura,1980.0,M600F6361980
60051,47979,34467,mike,douze,1989.0,M200D2001989,34467,mike,douze,1989.0,M200D2001989
60051,47980,34467,mike,douze,1989.0,M200D2001989,34467,mike,douze,1989.0,M200D2001989
60051,47981,34467,mike,douze,1989.0,M200D2001989,34467,mike,douze,1989.0,M200D2001989
60052,47979,34467,mike,douze,1989.0,M200D2001989,34467,mike,douze,1989.0,M200D2001989
60052,47980,34467,mike,douze,1989.0,M200D2001989,34467,mike,douze,1989.0,M200D2001989
60052,47981,34467,mike,douze,1989.0,M200D2001989,34467,mike,douze,1989.0,M200D2001989
60052,60051,34467,mike,douze,1989.0,M200D2001989,34467,mike,douze,1989.0,M200D2001989
60053,47979,34467,mike,douze,1989.0,M200D2001989,34467,mike,douze,1989.0,M200D2001989
60053,47980,34467,mike,douze,1989.0,M200D2001989,34467,mike,douze,1989.0,M200D2001989
60053,47981,34467,mike,douze,1989.0,M200D2001989,34467,mike,douze,1989.0,M200D2001989
60053,60051,34467,mike,douze,1989.0,M200D2001989,34467,mike,douze,1989.0,M200D2001989
60053,60052,34467,mike,douze,1989.0,M200D2001989,34467,mike,douze,1989.0,M200D2001989
60070,60069,68364,ashley,blakenship,1985.0,A240B4251985,68364,ashley,blakenship,1985.0,A240B4251985
60082,60081,68377,lance,riley,1992.0,L520R4001992,68377,lance,riley,1992.0,L520R4001992
60094,60093,68394,qushondra,fields,1983.0,Q253F4321983,68394,qushondra,fields,1983.0,Q253F4321983
60107,60105,68379,meachnight,mathieu,1994.0,M252M3001994,68379,meachnight,mathieu,1994.0,M252M3001994
60131,60129,68385,david,nelson,2068.0,D130N4252068,68385,david,nelson,2068.0,D130N4252068
60145,23695,57659,patrick,doctor,1978.0,P362D2361978,57659,patrick,doctor,1978.0,P362D2361978
60145,26354,57659,patrick,doctor,1978.0,P362D2361978,57659,patrick,doctor,1978.0,P362D2361978
60149,60148,68390,alisha,burns,1986.0,A420B6521986,68390,alisha,burns,1986.0,A420B6521986
60152,60151,42121,michael,ridgley,1979.0,M240R3241979,42121,michael,ridgley,1979.0,M240R3241979
60161,60159,68406,shaquilla,outen,1990.0,S240O3501990,68406,shaquilla,outen,1990.0,S240O3501990
60166,60165,68400,john,loden,1975.0,J500L3501975,68400,john,loden,1975.0,J500L3501975
60184,60183,68408,dayanira,salazar,1980.0,D560S4261980,68408,dayanira,salazar,1980.0,D560S4261980
60209,60208,68424,sandy,brown,1986.0,S530B6501986,68424,sandy,brown,1986.0,S530B6501986
60245,60243,68425,michael,drew,1987.0,M240D6001987,68425,michael,drew,1987.0,M240D6001987
60287,60285,9707,derek,lerkins,1979.0,D620L6251979,9707,derek,lerkins,1979.0,D620L6251979
60290,60288,68450,latonya,roblejo,1980.0,L350R1421980,68450,latonya,roblejo,1980.0,L350R1421980
60295,60294,68456,david,cabral,1994.0,D130C1641994,68456,david,cabral,1994.0,D130C1641994
60297,18682,68448,paulette,shaw,2066.0,P430S0002066,56198,paulette,shaw,2066.0,P430S0002066
60297,18683,68448,paulette,shaw,2066.0,P430S0002066,56198,paulette,shaw,2066.0,P430S0002066
60298,18682,68448,paulette,shaw,2066.0,P430S0002066,56198,paulette,shaw,2066.0,P430S0002066
60298,18683,68448,paulette,shaw,2066.0,P430S0002066,56198,paulette,shaw,2066.0,P430S0002066
60298,60297,68448,paulette,shaw,2066.0,P430S0002066,68448,paulette,shaw,2066.0,P430S0002066
60299,18682,68448,paulette,shaw,2066.0,P430S0002066,56198,paulette,shaw,2066.0,P430S0002066
60299,18683,68448,paulette,shaw,2066.0,P430S0002066,56198,paulette,shaw,2066.0,P430S0002066
60299,60297,68448,paulette,shaw,2066.0,P430S0002066,68448,paulette,shaw,2066.0,P430S0002066
60299,60298,68448,paulette,shaw,2066.0,P430S0002066,68448,paulette,shaw,2066.0,P430S0002066
60302,60285,9707,derek,lerkins,1979.0,D620L6251979,9707,derek,lerkins,1979.0,D620L6251979
60302,60287,9707,derek,lerkins,1979.0,D620L6251979,9707,derek,lerkins,1979.0,D620L6251979
60317,60315,68455,gaspard,vilbrun,2073.0,G216V4162073,68455,gaspard,vilbrun,2073.0,G216V4162073
60326,60310,9059,raymond,burks,1986.0,R553B6201986,9059,raymond,burks,1986.0,R553B6201986
60328,60327,68452,michael,aldio,1989.0,M240A4301989,68452,michael,aldio,1989.0,M240A4301989
60352,60351,68471,christopher,stathakis,1994.0,C623S3321994,68471,christopher,stathakis,1994.0,C623S3321994
60371,60369,68464,asmond,holder,1989.0,A255H4361989,68464,asmond,holder,1989.0,A255H4361989
60389,60388,18110,mhttihw,fahey,1991.0,M300F0001991,18110,matthew,fahey,1991.0,M300F0001991
60399,29973,68490,rami,csxr,1984.0,R500C6001984,59507,ryan,carr,1984.0,R500C6001984
60402,29585,33118,junior,dumassais,1991.0,J560D5221991,33118,junior,dumassais,1991.0,J560D5221991
60422,23631,68483,rafael,martinezreyes,1981.0,R140M6351981,57611,rafael,martinez reyes,1981.0,R140M6351981
60422,23633,68483,rafael,martinezreyes,1981.0,R140M6351981,57611,rafael,martinez reyes,1981.0,R140M6351981
60424,60423,68477,edwin,brown,1990.0,E350B6501990,68477,edwin,brown,1990.0,E350B6501990
60427,11811,21705,jamar,terry,1989.0,J560T6001989,21705,jamar,terry,1989.0,J560T6001989
60439,60438,68480,darrell,roberts,1986.0,D640R1631986,68480,darrell,roberts,1986.0,D640R1631986
60440,60438,68480,darrell,roberts,1986.0,D640R1631986,68480,darrell,roberts,1986.0,D640R1631986
60440,60439,68480,darrell,roberts,1986.0,D640R1631986,68480,darrell,roberts,1986.0,D640R1631986
60449,60448,68503,chester,ordonez,1991.0,C236O6351991,68503,chester,ordonez,1991.0,C236O6351991
60455,60454,68496,sean,holder,1995.0,S500H4361995,68496,sean,holder,1995.0,S500H4361995
60461,60459,68493,aaron,williams,2071.0,A650W4522071,68493,aaron,williams,2071.0,A650W4522071
60474,60445,8393,michael,mcdaniel,1989.0,M240M2351989,8393,michael,mcdaniel,1989.0,M240M2351989
60476,60445,8393,michael,mcdaniel,1989.0,M240M2351989,8393,michael,mcdaniel,1989.0,M240M2351989
60476,60474,8393,michael,mcdaniel,1989.0,M240M2351989,8393,michael,mcdaniel,1989.0,M240M2351989
60479,60477,4697,darrell,miller,2072.0,D640M4602072,4697,darrell,miller,2072.0,D640M4602072
60485,60483,15726,horace,hewitt,1981.0,H620H3001981,15726,horace,hewitt,1981.0,H620H3001981
60486,60483,15726,horace,hewitt,1981.0,H620H3001981,15726,horace,hewitt,1981.0,H620H3001981
60486,60485,15726,horace,hewitt,1981.0,H620H3001981,15726,horace,hewitt,1981.0,H620H3001981
60487,60483,15726,horace,hewitt,1981.0,H620H3001981,15726,horace,hewitt,1981.0,H620H3001981
60487,60485,15726,horace,hewitt,1981.0,H620H3001981,15726,horace,hewitt,1981.0,H620H3001981
60487,60486,15726,horace,hewitt,1981.0,H620H3001981,15726,horace,hewitt,1981.0,H620H3001981
60488,60483,15726,horace,hewitt,1981.0,H620H3001981,15726,horace,hewitt,1981.0,H620H3001981
60488,60485,15726,horace,hewitt,1981.0,H620H3001981,15726,horace,hewitt,1981.0,H620H3001981
60488,60486,15726,horace,hewitt,1981.0,H620H3001981,15726,horace,hewitt,1981.0,H620H3001981
60488,60487,15726,horace,hewitt,1981.0,H620H3001981,15726,horace,hewitt,1981.0,H620H3001981
60504,38958,62172,jaime,osceola,1983.0,J500O2401983,62172,jaime,osceola,1983.0,J500O2401983
60504,38960,62172,jaime,osceola,1983.0,J500O2401983,62172,jaime,osceola,1983.0,J500O2401983
60527,60525,68527,joseph,nardone,1991.0,J210N6351991,68527,jouqfv,nardone,1991.0,J210N6351991
60558,49760,65314,leon,hatcher,2073.0,L500H3262073,65314,leon,hatcher,2073.0,L500H3262073
60566,60565,2251,ernest,mccloud,1977.0,E652M2431977,2251,ernest,mccloud,1977.0,E652M2431977
60611,60609,68532,natasha,smith,2069.0,N320S5302069,68532,natasha,smith,2069.0,N320S5302069
60619,60057,68362,marcel,philmore,2044.0,M624P4562044,68362,marcel,philmore,2044.0,M624P4562044
60622,60621,68539,chantalle,stfleur,1992.0,C534S3141992,68539,chantalle,stfleur,1992.0,C534S3141992
60634,60633,68548,lillie,jnxhx,2066.0,L400J5202066,68548,lillie,jones,2066.0,L400J5202066
60650,60649,68545,toni,doss-wellington,1989.0,T500D2451989,68545,toni,doss-wellington,1989.0,T500D2451989
60656,60655,68550,rony,barrientos,1980.0,R500B6531980,68550,rony,barrientos,1980.0,R500B6531980
60665,60664,68559,conrada,neal,1975.0,C563N4001975,68559,conrada,neal,1975.0,C563N4001975
60694,60693,68564,brent,shy,1985.0,B653S0001985,68564,brent,shy,1985.0,B653S0001985
60703,60454,68496,sean,holder,1995.0,S500H4361995,68496,sean,holder,1995.0,S500H4361995
60703,60455,68496,sean,holder,1995.0,S500H4361995,68496,sean,holder,1995.0,S500H4361995
60710,45168,34895,shavorn,forbes,1992.0,S165F6121992,63955,shavorn,forbes,1992.0,S165F6121992
60725,60724,68567,freddy,mitchell-mejia,1982.0,F630M3241982,68567,freddy,mitchell-mejia,1982.0,F630M3241982
60736,35519,42708,emigdio,rodriguez,1987.0,E523R3621987,42708,emigdio,rodriguez,1987.0,E523R3621987
60737,35519,42708,emigdio,rodriguez,1987.0,E523R3621987,42708,emigdio,rodriguez,1987.0,E523R3621987
60737,60736,42708,emigdio,rodriguez,1987.0,E523R3621987,42708,emigdio,rodriguez,1987.0,E523R3621987
60770,60768,14995,glenn,daniels,1987.0,G450D5421987,14995,glenn,daniels,1987.0,G450D5421987
60771,14060,54855,brian,allison,2074.0,B650A4252074,54855,brian,allison,2074.0,B650A4252074
60781,37040,42658,michael,enck,1981.0,M240E5201981,42658,michael,enck,1981.0,M240E5201981
60794,60792,68604,krishna,sookram,1984.0,K625S2651984,68604,krishna,sookram,1984.0,K625S2651984
60800,60798,68597,desmond,webley,1987.0,D255W1401987,68597,desmond,webley,1987.0,D255W1401987
60809,60795,45932,tevin,phillips,1993.0,T150P4121993,45932,tevin,phillips,1993.0,T150P4121993
60812,60810,24873,viki,sime,1989.0,V200S5001989,24873,viki,sime,1989.0,V200S5001989
60818,14370,44498,leotis,breedlove,1992.0,L320B6341992,44498,leotis,breedlove,1992.0,L320B6341992
60829,43081,68595,rougrco,pena,1985.0,R262P5001985,63352,rkrqez,payne,1985.0,R262P5001985
60833,60823,19968,james,butterfield,2073.0,J520B3612073,19968,james,butterfield,2073.0,J520B3612073
60842,60841,68603,michael,ryan,1985.0,M240R5001985,68603,michael,ryan,1985.0,M240R5001985
