idx1,idx2,Person_ID_1,FirstName_1,LastName_1,DateOfBirth_1,blocking_key_1,Person_ID_2,FirstName_2,LastName_2,DateOfBirth_2,blocking_key_2,FirstName_sim,LastName_sim,DateOfBirth_eq,match_predito,match_verdadeiro
65,64,46600,wacaltos,virgile,1988-04-15,W2V61988,46600,wacaltos,virgile,1988-04-15,W2V61988,1.0,1.0,1,1,1
73,72,50865,natacha,cherenfant,1980-03-01,N3C61980,50865,natacha,cherenfant,1980-03-01,N3C61980,1.0,1.0,1,1,1
74,72,50865,natacha,cherenfant,1980-03-01,N3C61980,50865,natacha,cherenfant,1980-03-01,N3C61980,1.0,1.0,1,1,1
74,73,50865,natacha,cherenfant,1980-03-01,N3C61980,50865,natacha,cherenfant,1980-03-01,N3C61980,1.0,1.0,1,1,1
100,99,50866,gary,suuw,1955-10-01,G6S01955,50866,gary,s,1955-10-01,G6S01955,1.0,0.775,1,1,1
137,135,50907,frederick,estey,1977-05-12,F6E21977,50907,frederick,estey,1977-05-12,F6E21977,1.0,1.0,1,1,1
139,138,50887,theona,al,1979-01-12,T5A41979,50887,theona,alv,1979-01-12,T5A41979,1.0,0.9111111111111112,1,1,1
152,150,50882,milton,mobley,1987-08-05,M4M11987,50882,milton,mobley,1987-08-02,M4M11987,1.0,1.0,0,1,1
163,162,50902,gina,leon,1978-03-01,G5L51978,50902,gina,leon,1978-03-01,G5L51978,1.0,1.0,1,1,1
167,166,50903,evens,pericles,1966-10-13,E1P61966,50903,evens,pericles,1966-11-13,E1P61966,1.0,1.0,0,1,1
260,259,50924,williams,rodoxlu,1987-06-14,W4R31987,50924,williams,rodriguez,1987-09-14,W4R31987,1.0,0.671957671957672,0,0,1
269,268,25699,larry,medlock,1988-05-25,L6M31988,25699,larry,medlock,1988-08-25,L6M31988,1.0,1.0,0,1,1
284,283,50933,ryan,lear,1975-04-07,R5L61975,50933,ryan,lear,1975-04-07,R5L61975,1.0,1.0,1,1,1
298,297,22457,derrick,thomas,1981-10-16,D6T51981,22457,derrick,thomas,1981-11-12,D6T51981,1.0,1.0,0,1,1
318,27,50842,wili,mulligan,1986-10-25,W4M41986,50842,william,mulligan,1986-10-25,W4M41986,0.9,1.0,1,1,1
332,331,43496,kevin,jean,1992-11-11,K1J51992,43496,kevin,jean,1992-11-11,K1J51992,1.0,1.0,1,1,1
367,366,50915,derek,joy,1967-11-17,D6J01967,50915,derek,joy,1967-11-17,D6J01967,1.0,1.0,1,1,1
407,406,50939,shieem,moncrieffe,1993-06-18,S5M51993,50939,shieem,monce,1993-06-14,S5M51993,1.0,0.9,0,1,1
424,423,50944,marketta,burgess,1980-04-02,M6B61980,50944,marketta,bvrgjx,1980-04-02,M6B61980,1.0,0.6428571428571429,1,1,1
440,438,50953,tommy,wuju,1960-10-04,T5W21960,50953,tommy,wxbu,1960-10-04,T5W21960,1.0,0.6666666666666666,1,1,1
463,462,50961,reinaldo,pena- gonzalez,1985-04-10,R5P51985,50961,reinaldo,pena- gonzalez,1985-04-10,R5P51985,1.0,1.0,1,1,1
464,462,50961,reinaldo,pena- gonzalez,1985-04-10,R5P51985,50961,reinaldo,pena- gonzalez,1985-04-10,R5P51985,1.0,1.0,1,1,1
464,463,50961,reinaldo,pena- gonzalez,1985-04-10,R5P51985,50961,reinaldo,pena- gonzalez,1985-04-10,R5P51985,1.0,1.0,1,1,1
473,446,15195,clinton,johnson,1991-01-11,C4J51991,15195,clinton,johnson,1991-04-15,C4J51991,1.0,1.0,0,1,1
476,475,11820,jason,cypress,1972-01-16,J2C11972,11820,jason,cxptc,1972-01-16,J2C11972,1.0,0.5619047619047619,1,1,1
644,643,50996,orlando,kirlew,1990-09-07,O6K61990,50996,orlando,kirlew,1990-09-07,O6K61990,1.0,1.0,1,1,1
676,675,51000,brian,jean-bag,1994-06-05,B6J51994,51000,brian,jean-baptist,1994-05-05,B6J51994,1.0,0.8916666666666667,0,1,1
713,711,51047,kelly,hoang,1972-09-20,K4H51972,51047,kelly,hoang,1972-09-26,K4H51972,1.0,1.0,0,1,1
715,702,50928,adrian,dr,1993-11-29,A3D61993,50928,adad,dorsett,1993-11-29,A3D61993,0.8,0.7857142857142857,1,1,1
740,739,51033,dwrrilnat,rollins,1972-03-15,D6R41972,51033,drsrdvia,rollins,1972-03-15,D6R41972,0.7541666666666665,1.0,1,1,1
761,759,42676,manuel,taveras,1990-01-05,M5T11990,42676,manuel,taveras,1990-01-07,M5T11990,1.0,1.0,0,1,1
818,817,51055,joseph,costino,1954-03-12,J2C21954,51055,joseph,costino,1954-09-12,J2C21954,1.0,1.0,0,1,1
867,832,51079,brittany,s,1985-07-28,B6S01985,23615,brandon,s,1985-06-08,B6S01985,0.6904761904761904,1.0,0,0,0
890,889,51083,paul,sellas,1971-12-05,P4S41971,51083,paul,sellas,1971-12-09,P4S41971,1.0,1.0,0,1,1
959,958,51106,juwan,justice,1979-11-15,J5J21979,51106,juwan,justice,1979-11-15,J5J21979,1.0,1.0,1,1,1
967,966,51098,laricka,forbes,1982-10-05,L6F61982,51098,laricka,forbes,1982-10-05,L6F61982,1.0,1.0,1,1,1
1058,1056,43756,poltnice,gaet-jens,1985-03-23,P4G31985,43756,poltnice,gaet-jens,1985-03-23,P4G31985,1.0,1.0,1,1,1
1088,1087,51130,jonathan,garber,1991-06-03,J5G61991,51130,jonathan,garber,1991-06-03,J5G61991,1.0,1.0,1,1,1
1092,335,20491,jjjyu,mec,1992-07-18,J0M21992,30818,j,mcreed,1992-05-16,J0M21992,0.76,0.75,0,0,0
1103,1102,51135,fabienne,pierre-louis,1978-08-24,F1P61978,51135,fabienne,pierre-louis,1978-08-24,F1P61978,1.0,1.0,1,1,1
1112,1110,18382,alejandro,adan,1986-10-08,A4A31986,18382,alejandro,adan,1986-10-04,A4A31986,1.0,1.0,0,1,1
1139,1137,30652,michael,levy,1964-12-22,M2L11964,30652,michael,levy,1964-12-22,M2L11964,1.0,1.0,1,1,1
1157,1155,17967,steven,toussaint,1989-08-25,S3T21989,17967,steven,tkpszu,1989-08-25,S3T21989,1.0,0.5,1,1,1
1166,1164,51166,csriur,mndm,1984-11-25,C6M31984,51166,christian,mud,1984-11-25,C6M31984,0.6203703703703703,0.75,1,1,1
1187,1185,51162,dennis,satahoo,1958-02-23,D5S31958,51162,dennis,satahoo,1958-02-23,D5S31958,1.0,1.0,1,1,1
1229,1228,51189,kevon,williams,1991-08-27,K1W41991,51189,kevon,williams,1991-08-27,K1W41991,1.0,1.0,1,1,1
1246,1245,1186,rove,heil,1990-05-03,R1H41990,1186,robert,heil,1990-05-05,R1H41990,0.8,1.0,0,1,1
1264,1263,51199,richard,cundumgh,1983-12-14,R2C51983,51199,richard,cunningham,1983-12-13,R2C51983,1.0,0.8094444444444445,0,1,1
1273,1076,19657,thomas,rousseau,1981-02-11,T5R21981,51131,thomas,rjsek,1981-11-22,T5R21981,1.0,0.6583333333333333,0,0,0
1274,1076,19657,thomas,rousseau,1981-02-11,T5R21981,51131,thomas,rjsek,1981-11-22,T5R21981,1.0,0.6583333333333333,0,0,0
1274,1273,19657,thomas,rousseau,1981-02-11,T5R21981,19657,thomas,rousseau,1981-02-11,T5R21981,1.0,1.0,1,1,1
1279,1278,51207,monique,duplessis,1979-10-20,M5D11979,51207,monique,duplessis,1979-10-26,M5D11979,1.0,1.0,0,1,1
1292,1290,51186,juan,guwrreio,1985-11-21,J5G61985,51186,juan,guerrerocorral,1985-11-21,J5G61985,1.0,0.6706349206349206,1,1,1
1307,1306,12229,brain,semil,1987-10-08,B6S51987,12229,brain,semil,1987-10-08,B6S51987,1.0,1.0,1,1,1
1336,1335,30243,aquaria,mitchell,1993-01-14,A2M31993,30243,aquaria,mitchell,1993-01-12,A2M31993,1.0,1.0,0,1,1
1337,1335,30243,aquaria,mitchell,1993-01-14,A2M31993,30243,aquaria,mitchell,1993-01-12,A2M31993,1.0,1.0,0,1,1
1337,1336,30243,aquaria,mitchell,1993-01-14,A2M31993,30243,aquaria,mitchell,1993-01-14,A2M31993,1.0,1.0,1,1,1
1352,1350,51238,daniel,allen,1978-12-29,D5A41978,51238,daniel,allen,1978-12-29,D5A41978,1.0,1.0,1,1,1
1384,1383,37453,mci,stevens,1991-12-30,M2S31991,37453,makeel,stevens,1991-12-10,M2S31991,0.5,1.0,0,0,1
1421,1420,17692,tsr,s,1980-09-19,T2S01980,17692,tjrgr,s,1980-09-19,T2S01980,0.6888888888888888,1.0,1,1,1
1460,1459,51226,samantha,stsuria,1994-04-07,S5S31994,51226,samantha,stsuria,1994-01-07,S5S31994,1.0,1.0,0,1,1
1477,1476,51255,abraham,dbaron,1984-10-05,A1D11984,51255,abraham,diave,1984-10-05,A1D11984,1.0,0.5777777777777778,1,1,1
1478,1476,51255,abraham,dbaron,1984-10-05,A1D11984,51255,abraham,diave,1984-10-05,A1D11984,1.0,0.5777777777777778,1,1,1
1478,1477,51255,abraham,dbaron,1984-10-05,A1D11984,51255,abraham,dbaron,1984-10-05,A1D11984,1.0,1.0,1,1,1
1511,1509,51261,anthony,gonzalez,1978-07-11,A5G51978,51261,anthony,gjnzi,1978-07-11,A5G51978,1.0,0.6583333333333333,1,1,1
1519,1518,51253,darling,mxkbas,1987-04-10,D6M21987,51253,darling,max,1987-04-10,D6M21987,1.0,0.6666666666666666,1,1,1
1559,1558,13840,scott,albury,1990-12-20,S3A41990,13840,scott,albury,1990-12-29,S3A41990,1.0,1.0,0,1,1
1593,954,51304,sherri,w,1983-03-24,S6W01983,39814,shirlene,woo,1983-06-27,S6W01983,0.8022222222222223,0.7999999999999999,0,0,0
1640,1638,50997,raphale,dem,1994-10-16,R1D51994,50997,raphale,demeritte,1994-10-16,R1D51994,1.0,0.8444444444444443,1,1,1
1661,1660,41408,deborah,chamberlain,1972-05-21,D1C51972,41408,deborah,chamberlain,1972-06-28,D1C51972,1.0,1.0,0,1,1
1667,1666,51292,t,brown,1989-08-31,T0B61989,51292,ty,brown,1989-08-31,T0B61989,0.8500000000000001,1.0,1,1,1
1669,1668,51294,examon,jean baptiste,1955-12-15,E2J51955,51294,exglq,jean baptiste,1955-12-25,E2J51955,0.5777777777777778,1.0,0,0,1
1684,1683,51309,cindy,mulligan,1955-10-24,C5M41955,51309,cindy,mulligan,1955-10-24,C5M41955,1.0,1.0,1,1,1
1693,1692,51286,rj,gonzales,1970-05-07,R2G51970,51286,richard,gonzales,1970-05-07,R2G51970,0.5476190476190476,1.0,1,1,1
1694,1692,51286,richard,gonzales,1970-05-07,R2G51970,51286,richard,gonzales,1970-05-07,R2G51970,1.0,1.0,1,1,1
1694,1693,51286,richard,gonzales,1970-05-07,R2G51970,51286,rj,gonzales,1970-05-07,R2G51970,0.5476190476190476,1.0,1,1,1
1715,1714,2018,jacquelie,lebright,1966-08-31,J2L11966,2018,jicqhh,lebright,1966-08-31,J2L11966,0.611111111111111,1.0,1,1,1
1727,1726,3037,leonard,joiner,1989-12-16,L5J51989,3037,leonard,joiner,1989-12-16,L5J51989,1.0,1.0,1,1,1
1760,1759,51339,lorraine,bilecki,1943-04-15,L6B41943,51339,lorraine,bilecki,1943-04-15,L6B41943,1.0,1.0,1,1,1
1768,1767,51360,monica,churchill,1964-10-05,M5C61964,51360,monica,churchill,1964-10-07,M5C61964,1.0,1.0,0,1,1
1780,1122,39025,gerald,brandenburg,1967-12-07,G6B61967,51137,george,brent,1967-03-09,G6B61967,0.6666666666666666,0.6378787878787878,0,0,0
1793,1792,51326,ernesto,panduro-rojas,1962-10-26,E6P51962,51326,ernesto,panduro-rojas,1962-10-26,E6P51962,1.0,1.0,1,1,1
1819,1818,51317,craig,fazio,1975-06-16,C6F21975,51317,craig,fazio,1975-06-16,C6F21975,1.0,1.0,1,1,1
1822,1821,51324,carl,toussaint,1983-09-07,C6T21983,51324,carl,toussaint,1983-09-07,C6T21983,1.0,1.0,1,1,1
1828,1827,51345,steven,haynes,1966-01-23,S3H51966,51345,steven,haynes,1966-01-23,S3H51966,1.0,1.0,1,1,1
1832,1830,51337,kevin,monterio,1966-02-06,K1M51966,51337,kevin,monterio,1966-05-06,K1M51966,1.0,1.0,0,1,1
1868,1867,51352,ryan,mason,1983-02-17,R5M21983,51352,ryan,mason,1983-02-15,R5M21983,1.0,1.0,0,1,1
1900,1899,51364,mnchag,bowers,1963-03-31,M2B61963,51364,micheal,bowers,1963-03-30,M2B61963,0.7714285714285715,1.0,0,1,1
1907,1905,51378,marie,exume,1977-07-26,M6E21977,51378,marie,exume,1977-07-26,M6E21977,1.0,1.0,1,1,1
1915,1914,51367,paul,stephan,1946-07-13,P4S31946,51367,paul,stephan,1946-07-12,P4S31946,1.0,1.0,0,1,1
1916,1914,51367,paul,stephan,1946-07-12,P4S31946,51367,paul,stephan,1946-07-12,P4S31946,1.0,1.0,1,1,1
1916,1915,51367,paul,stephan,1946-07-12,P4S31946,51367,paul,stephan,1946-07-13,P4S31946,1.0,1.0,0,1,1
1928,1926,51376,henry,brand,1993-11-15,H5B61993,51376,henry,brand,1993-11-15,H5B61993,1.0,1.0,1,1,1
1990,1989,51395,dantae,roland,1984-08-12,D5R41984,51395,dantae,roland,1984-08-12,D5R41984,1.0,1.0,1,1,1
1991,1989,51395,dantae,roland,1984-08-12,D5R41984,51395,dantae,roland,1984-08-12,D5R41984,1.0,1.0,1,1,1
1991,1990,51395,dantae,roland,1984-08-12,D5R41984,51395,dantae,roland,1984-08-12,D5R41984,1.0,1.0,1,1,1
2051,2050,30377,michael,carrier,1991-11-19,M2C61991,30377,michael,carrier,1991-11-19,M2C61991,1.0,1.0,1,1,1
2090,2089,51448,carlos,molina,1985-02-19,C6M41985,51448,carlos,molina,1985-02-19,C6M41985,1.0,1.0,1,1,1
2114,2112,42530,matthew,daley,1993-07-05,M3D41993,42530,matmj,daley,1993-07-05,M3D41993,0.6761904761904761,1.0,1,1,1
2125,2124,8637,anthony,sanders,1988-04-06,A5S51988,8637,anthony,sanders,1988-04-04,A5S51988,1.0,1.0,0,1,1
2129,2127,51444,rachel,bollman,1982-08-24,R2B41982,51444,rachel,bollman,1982-08-24,R2B41982,1.0,1.0,1,1,1
2141,2139,51421,thomas,zaremba,1954-08-28,T5Z61954,51421,thane,zaremba,1954-08-28,T5Z61954,0.76,1.0,1,1,1
2159,361,51457,knt,chang,1984-08-16,K5C51984,50925,keon,cum,1984-11-10,K5C51984,0.5277777777777778,0.5111111111111111,0,0,0
2251,2250,51480,christopher,henry,1985-07-25,C6H51985,51480,christopher,henry,1985-07-25,C6H51985,1.0,1.0,1,1,1
2296,2295,51503,cody,rickard,1987-10-20,C3R21987,51503,cody,rickard,1987-10-21,C3R21987,1.0,1.0,0,1,1
2323,2322,51537,kennedy,stevens,1965-03-03,K5S31965,51537,kennedy,stevens,1965-03-09,K5S31965,1.0,1.0,0,1,1
2328,1612,51313,joshua,sanabria,1993-01-17,J2S51993,51313,joshua,sanabria,1993-01-13,J2S51993,1.0,1.0,0,1,1
2339,2338,43159,edward,richardson,1958-09-17,E3R21958,43159,edward,ricpard,1958-04-17,E3R21958,1.0,0.8733333333333334,0,1,1
2363,2361,51508,michael,waymire,1955-02-15,M2W51955,51508,michael,waymire,1955-06-15,M2W51955,1.0,1.0,0,1,1
2381,2380,51526,thomas,bickis,1989-07-03,T5B21989,51526,thomas,bickis,1989-07-13,T5B21989,1.0,1.0,0,1,1
2402,2050,51504,michael,cortez,1991-04-05,M2C61991,30377,michael,carrier,1991-11-19,M2C61991,1.0,0.6428571428571429,0,0,0
2402,2051,51504,michael,cortez,1991-04-05,M2C61991,30377,michael,carrier,1991-11-19,M2C61991,1.0,0.6428571428571429,0,0,0
2428,2427,51544,reneca,turner-davis,1978-09-30,R5T61978,51544,reneca,turner-davis,1978-09-30,R5T61978,1.0,1.0,1,1,1
2495,2494,51561,daniel,weisberger,1986-07-15,D5W21986,51561,daniel,weisberger,1986-07-15,D5W21986,1.0,1.0,1,1,1
2501,2499,51581,grace,malloy,1940-07-19,G6M41940,51581,grace,malloy,1940-07-19,G6M41940,1.0,1.0,1,1,1
2504,2502,51569,carlos,ae,1975-09-05,C6A01975,51569,carlos,a,1975-09-06,C6A01975,1.0,0.8500000000000001,0,1,1
2506,2505,51550,karl,cbkerriv,1993-01-20,K6C11993,51550,karl,coferrivera,1993-03-20,K6C11993,1.0,0.7886363636363636,0,1,1
2507,2505,51550,karl,coferrivera,1993-03-25,K6C11993,51550,karl,coferrivera,1993-03-20,K6C11993,1.0,1.0,0,1,1
2507,2506,51550,karl,coferrivera,1993-03-25,K6C11993,51550,karl,cbkerriv,1993-01-20,K6C11993,1.0,0.7886363636363636,0,1,1
2531,2529,51553,florizel,rowe,1987-12-09,F4R01987,51553,florizel,rowe,1987-12-09,F4R01987,1.0,1.0,1,1,1
2550,245,51547,teron,zt,1985-10-02,T6Z31985,50883,tyrone,zytx,1985-01-24,T6Z31985,0.8400000000000001,0.8500000000000001,0,0,0
2554,2553,45225,lavonta,smalls,1993-11-08,L1S51993,45225,lavonta,smalls,1993-11-08,L1S51993,1.0,1.0,1,1,1
2633,2631,51615,alajoyichs,caldwell,1991-05-06,A4C41991,51615,alan-michael,caldwell,1991-05-01,A4C41991,0.79,1.0,0,1,1
2664,853,27056,raymon,fzhqin,1979-12-02,R5F21979,51080,ryan,fzlb,1979-03-08,R5F21979,0.825,0.611111111111111,0,0,0
2702,2700,51630,alejandro,perez,1983-06-17,A4P61983,51630,alejandro,perez,1983-07-13,A4P61983,1.0,1.0,0,1,1
2705,2704,51616,andre,hamilton,1976-09-22,A5H51976,51616,andre,hamilton,1976-09-22,A5H51976,1.0,1.0,1,1,1
2722,2721,51623,frederick,gallaway,1976-09-22,F6G41976,51623,frederick,gallbz,1976-09-22,F6G41976,1.0,0.8333333333333334,1,1,1
2737,2736,41024,brandon,amato,1992-08-05,B6A51992,41024,brandon,amato,1992-08-05,B6A51992,1.0,1.0,1,1,1
2741,2740,51641,elena,gokun diaz pena,1988-08-19,E4G21988,51641,elena,gokun diaz pena,1988-02-19,E4G21988,1.0,1.0,0,1,1
2767,2766,51636,jasmine,cureton,1994-08-24,J2C61994,51636,jasmine,cureton,1994-08-24,J2C61994,1.0,1.0,1,1,1
2770,2455,20568,lo,ferry,1991-09-06,L0F61991,51556,l,farlow,1991-06-06,L0F61991,0.8500000000000001,0.5777777777777778,0,0,0
2810,2808,51651,jeefs,fuewwe,1963-08-09,J1F01963,51651,juif,fo,1963-08-09,J1F01963,0.6333333333333333,0.5555555555555555,1,0,1
2818,2817,51675,john,sa,1960-06-29,J5S01960,51675,john,sw,1960-09-29,J5S01960,1.0,0.6666666666666666,0,0,1
2834,2832,51673,ernest,forestal,1993-01-15,E6F61993,51673,ernest,forestal,1993-01-15,E6F61993,1.0,1.0,1,1,1
2854,2853,6436,janice,demps,1984-09-09,J5D51984,6436,janice,demps,1984-04-29,J5D51984,1.0,1.0,0,1,1
2876,2874,51668,jaime,rivas,1979-12-31,J5R11979,51668,jaime,rivas,1979-12-21,J5R11979,1.0,1.0,0,1,1
2915,2914,51683,brent,gillet,1987-08-14,B6G41987,51683,brent,gillet,1987-05-14,B6G41987,1.0,1.0,0,1,1
2965,1644,49853,de,fowler,1994-06-07,D0F41994,51273,d,fletcher,1994-06-07,D0F41994,0.8500000000000001,0.75,1,1,0
2966,2964,49853,devonte,fowler,1994-06-04,D1F41994,49853,devonte,fowler,1994-06-09,D1F41994,1.0,1.0,0,1,1
2971,2970,51694,erin,lyman,1989-01-04,E6L51989,51694,erin,lyman,1989-09-04,E6L51989,1.0,1.0,0,1,1
3026,3024,12165,micholas,mathes,1988-05-18,M2M31988,12165,mmc,mathes,1988-05-18,M2M31988,0.6388888888888888,1.0,1,1,1
3028,3027,45036,marie,brown,1975-01-30,M6B61975,45036,marie,brown,1975-01-30,M6B61975,1.0,1.0,1,1,1
3031,213,47826,ahmad,u,1987-03-25,A5U01987,50885,amrnt,uhi,1987-03-12,A5U01987,0.6,0.7999999999999999,0,0,0
3089,3087,31084,james,g,1973-10-07,J5G01973,31084,james,gee,1973-10-01,J5G01973,1.0,0.7999999999999999,0,1,1
3094,3093,51712,dominique,dent,1991-01-22,D5D51991,51712,dominique,dent,1991-01-22,D5D51991,1.0,1.0,1,1,1
3179,3178,51778,william,celowanchick,1984-01-24,W4C41984,51778,william,celowanchick,1984-03-24,W4C41984,1.0,1.0,0,1,1
3208,3207,41518,melissa,pxmu,1967-01-25,M4P21967,41518,melissa,pkqdq,1967-01-26,M4P21967,1.0,0.4833333333333333,0,0,1
3230,3228,51776,christopher,tirado,1979-06-22,C6T61979,51776,chreotr,tir,1979-06-29,C6T61979,0.8217171717171717,0.8833333333333334,0,0,1
3267,686,51756,xi,russo,1988-03-16,X0R21988,9938,xq,richards,1988-09-20,X0R21988,0.6666666666666666,0.4416666666666666,0,0,0
3277,3276,51761,maurice,knight,1979-05-06,M6K51979,51761,maurice,knight,1979-07-06,M6K51979,1.0,1.0,0,1,1
3278,3276,51761,maurice,kmqhu,1979-05-06,M6K51979,51761,maurice,knight,1979-07-06,M6K51979,1.0,0.5777777777777778,0,0,1
3278,3277,51761,maurice,kmqhu,1979-05-06,M6K51979,51761,maurice,knight,1979-05-06,M6K51979,1.0,0.5777777777777778,1,1,1
3284,3283,51798,roberto,gonzalez,1985-07-30,R1G51985,51798,roberto,gonzalez,1985-07-30,R1G51985,1.0,1.0,1,1,1
3298,3297,48340,sammy,worthy,1976-04-17,S5W61976,48340,sammy,worthy,1976-04-17,S5W61976,1.0,1.0,1,1,1
3307,3306,51784,brian,williams,1970-04-21,B6W41970,51784,brian,williams,1970-04-21,B6W41970,1.0,1.0,1,1,1
3365,3364,51800,douglas,jones,1968-05-23,D2J51968,51800,douglas,jones,1968-05-13,D2J51968,1.0,1.0,0,1,1
3409,3408,51812,ldtr,jackson,1963-06-30,L3J21963,51812,lloyd,jackson,1963-06-30,L3J21963,0.4833333333333333,1.0,1,1,1
3416,3414,37668,gary,cunningham,1992-01-28,G6C51992,37668,gary,cunningham,1992-01-28,G6C51992,1.0,1.0,1,1,1
3472,3471,51827,cwgrl,joseph,1957-07-29,C6J21957,51827,charles,joseph,1957-07-29,C6J21957,0.6761904761904761,1.0,1,1,1
3535,3534,44922,steven,odonnell,1986-09-16,S3O31986,44922,steven,odonnell,1986-09-16,S3O31986,1.0,1.0,1,1,1
3569,3567,51860,charles,husey,1988-08-31,C6H21988,51860,charles,husey,1988-08-31,C6H21988,1.0,1.0,1,1,1
3575,3573,51865,brian,wheeler,1962-02-10,B6W41962,51865,brian,wheeler,1962-02-10,B6W41962,1.0,1.0,1,1,1
3596,1281,41617,amanda,stp,1987-06-27,A5S31987,49677,andrew,stark,1987-03-09,A5S31987,0.6666666666666666,0.6888888888888888,0,0,0
3614,3532,51133,jong,lee,1957-04-28,J5L01957,51133,jong,lee,1957-04-28,J5L01957,1.0,1.0,1,1,1
3634,3633,51924,ronald,scott,1957-07-01,R5S31957,51924,ronald,scott,1957-07-01,R5S31957,1.0,1.0,1,1,1
3647,3645,51182,richard,chacon,1986-08-08,R2C21986,51182,richard,chacon,1986-08-08,R2C21986,1.0,1.0,1,1,1
3655,3654,51896,edwin,mercado-comacho,1983-04-09,E3M61983,51896,edwin,mercado-comacho,1983-04-01,E3M61983,1.0,1.0,0,1,1
3656,3654,51896,etr,merca,1983-04-01,E3M61983,51896,edwin,mercado-comacho,1983-04-01,E3M61983,0.5111111111111111,0.8666666666666666,1,1,1
3656,3655,51896,etr,merca,1983-04-01,E3M61983,51896,edwin,mercado-comacho,1983-04-09,E3M61983,0.5111111111111111,0.8666666666666666,0,0,1
3686,3684,51897,tommy,turner,1988-09-13,T5T61988,51897,tommy,turner,1988-09-13,T5T61988,1.0,1.0,1,1,1
3700,3699,51915,jxsbpc,johnson,1982-03-01,J1J51982,51915,jeve,johnson,1982-03-01,J1J51982,0.4722222222222221,1.0,1,1,1
3712,3711,51891,philip,picard,1994-08-22,P4P21994,51891,philip,picard,1994-08-22,P4P21994,1.0,1.0,1,1,1
3740,3738,43765,natalie,baitz,1989-01-18,N3B31989,43765,natalie,baitz,1989-01-18,N3B31989,1.0,1.0,1,1,1
3770,3769,16964,trevor,lamons,1987-09-19,T6L51987,16964,trevor,lamons,1987-09-19,T6L51987,1.0,1.0,1,1,1
3782,3780,34002,roderick,howell,1990-05-07,R3H41990,34002,roderick,howell,1990-05-07,R3H41990,1.0,1.0,1,1,1
3785,3783,51965,andre,wilson,1983-11-30,A5W41983,51965,andre,wl,1983-11-30,A5W41983,1.0,0.7999999999999999,1,1,1
3850,289,50906,rashaun,dubose,1990-12-24,R2D11990,50923,rk,daphnis,1990-07-05,R2D11990,0.5476190476190476,0.5396825396825397,0,0,0
3859,3858,51963,robert,reynolds,1986-03-01,R1R51986,51963,robert,reynolds,1986-03-01,R1R51986,1.0,1.0,1,1,1
3878,3876,51957,chanel,e,1980-12-01,C5E01980,51957,chanel,e,1980-12-01,C5E01980,1.0,1.0,1,1,1
3896,3894,51969,jorge,moreno,1957-09-15,J6M61957,51969,jorge,moreno,1957-09-15,J6M61957,1.0,1.0,1,1,1
3902,3900,51962,marques,hawks,1987-03-21,M6H21987,51962,marques,hawks,1987-03-21,M6H21987,1.0,1.0,1,1,1
3962,418,52020,sonia,burca,1989-06-20,S5B61989,50947,shantoya,brown,1989-08-14,S5B61989,0.5472222222222222,0.6,0,0,0
3967,3966,51979,michael,spetsieris,1979-12-07,M2S11979,51979,micqz,spetsieris,1979-12-07,M2S11979,0.6761904761904761,1.0,1,1,1
3979,3978,52013,wilfredo,alejo-dominguez,1984-05-10,W4A41984,52013,wol,alejo-dominguez,1984-05-18,W4A41984,0.6388888888888888,1.0,0,0,1
4006,4005,51976,eric,broadway,1987-11-24,E6B61987,51976,eric,broadway,1987-11-22,E6B61987,1.0,1.0,0,1,1
4027,4026,52018,gregory,richardson,1957-10-26,G6R21957,52018,gregory,richardson,1957-10-23,G6R21957,1.0,1.0,0,1,1
4049,4047,52035,aleshea,king,1983-04-05,A4K51983,52035,aleshea,king,1983-04-05,A4K51983,1.0,1.0,1,1,1
4106,4104,52034,jonathan,alexander,1993-08-15,J5A41993,52034,jonathan,alexander,1993-08-15,J5A41993,1.0,1.0,1,1,1
4133,4132,52047,charles,frye,1979-02-08,C6F61979,52047,charles,frye,1979-01-07,C6F61979,1.0,1.0,0,1,1
4139,4138,52050,donald,ryan,1966-08-15,D5R51966,52050,donald,ryan,1966-08-15,D5R51966,1.0,1.0,1,1,1
4210,4209,52060,raul,castro,1973-03-12,R4C21973,52060,raul,castro,1973-03-12,R4C21973,1.0,1.0,1,1,1
4232,4230,52084,elliott,manigo,1954-11-02,E4M51954,52084,elliott,manigo,1954-12-06,E4M51954,1.0,1.0,0,1,1
4266,2736,41024,brhndx,amato,1992-08-05,B6A51992,41024,brandon,amato,1992-08-05,B6A51992,0.7968253968253969,1.0,1,1,1
4266,2737,41024,brhndx,amato,1992-08-05,B6A51992,41024,brandon,amato,1992-08-05,B6A51992,0.7968253968253969,1.0,1,1,1
4267,2736,41024,brandon,amato,1992-08-05,B6A51992,41024,brandon,amato,1992-08-05,B6A51992,1.0,1.0,1,1,1
4267,2737,41024,brandon,amato,1992-08-05,B6A51992,41024,brandon,amato,1992-08-05,B6A51992,1.0,1.0,1,1,1
4267,4266,41024,brandon,amato,1992-08-05,B6A51992,41024,brhndx,amato,1992-08-05,B6A51992,0.7968253968253969,1.0,1,1,1
4300,4299,52098,mernarita,reynolds,1990-12-31,M6R51990,52098,mernarita,reynolds,1990-12-01,M6R51990,1.0,1.0,0,1,1
4316,4314,52122,jose,saavedra,1963-05-15,J2S11963,52122,jose,saavedra,1963-07-15,J2S11963,1.0,1.0,0,1,1
4324,4323,52104,lazaro,vergaga,1975-05-26,L2V61975,52104,lazaro,vergaga,1975-01-16,L2V61975,1.0,1.0,0,1,1
4328,4326,52114,nicholas,taylor,1991-03-29,N2T41991,52114,nicholas,taylor,1991-03-22,N2T41991,1.0,1.0,0,1,1
4357,4356,51925,caprice,carlheinz,1991-10-24,C1C61991,51925,caprice,carlheinz,1991-11-24,C1C61991,1.0,1.0,0,1,1
4367,685,10134,ahmad,rocin,1988-04-30,A5R21988,9938,andre,richards,1988-07-20,A5R21988,0.4666666666666666,0.5472222222222222,0,0,0
4372,4371,52118,dashawniese,rainey,1981-08-26,D2R51981,52118,dashawniese,rainey,1981-08-16,D2R51981,1.0,1.0,0,1,1
4384,4383,18587,anthony,davis,1960-10-27,A5D11960,18587,anthony,davis,1960-10-23,A5D11960,1.0,1.0,0,1,1
4418,4416,52130,rainel,garciacoto,1987-05-04,R5G61987,52130,rainel,garciacoto,1987-05-04,R5G61987,1.0,1.0,1,1,1
4420,4419,52132,robby,allen,1994-12-18,R1A41994,52132,robby,allen,1994-12-18,R1A41994,1.0,1.0,1,1,1
4421,4419,52132,robby,allen,1994-12-17,R1A41994,52132,robby,allen,1994-12-18,R1A41994,1.0,1.0,0,1,1
4421,4420,52132,robby,allen,1994-12-17,R1A41994,52132,robby,allen,1994-12-18,R1A41994,1.0,1.0,0,1,1
4433,4432,52148,ramon,ramos,1981-01-23,R5R51981,52148,ramon,ramos,1981-01-23,R5R51981,1.0,1.0,1,1,1
4451,4449,52146,msc,manley,1983-11-09,M2M51983,52146,michael,manley,1983-11-09,M2M51983,0.6507936507936508,1.0,1,1,1
4503,4393,52138,a,johnson,1973-09-17,A0J51973,52155,a,jones,1973-06-14,A0J51973,1.0,0.8323809523809523,0,1,0
4504,4393,52138,ayee,johnson,1973-09-17,A0J51973,52155,a,jones,1973-06-14,A0J51973,0.775,0.8323809523809523,0,0,0
4504,4503,52138,ayee,johnson,1973-09-17,A0J51973,52138,a,johnson,1973-09-17,A0J51973,0.775,1.0,1,1,1
4510,1466,30625,jonathan,curry,1988-03-23,J5C61988,51233,janene,crupi,1988-07-26,J5C61988,0.6388888888888888,0.6222222222222222,0,0,0
4525,4524,52188,garth,mellad,1984-02-29,G6M41984,52188,garth,mellad,1984-02-29,G6M41984,1.0,1.0,1,1,1
4558,4557,11374,bianca,woodard,1982-02-26,B5W31982,11374,bianca,woodard,1982-02-26,B5W31982,1.0,1.0,1,1,1
4576,4575,52180,spiridon,polikandriotis,1984-09-16,S1P41984,52180,spiridon,polikandriotis,1984-09-16,S1P41984,1.0,1.0,1,1,1
4577,4575,52180,spiridon,polikandriotis,1984-09-16,S1P41984,52180,spiridon,polikandriotis,1984-09-16,S1P41984,1.0,1.0,1,1,1
4577,4576,52180,spiridon,polikandriotis,1984-09-16,S1P41984,52180,spiridon,polikandriotis,1984-09-16,S1P41984,1.0,1.0,1,1,1
4603,4602,52165,ernest,ellison,1975-01-02,E6E41975,52165,ernest,ellison,1975-01-02,E6E41975,1.0,1.0,1,1,1
4628,4627,52198,srfr,mitchell,1973-05-31,S6M31973,52198,sharon,mitchell,1973-05-31,S6M31973,0.611111111111111,1.0,1,1,1
4655,4654,52178,juan,reyes,1986-07-12,J5R21986,52178,juan,reyes,1986-07-12,J5R21986,1.0,1.0,1,1,1
4678,4677,42000,anthony,jackson,1992-02-20,A5J21992,42000,anthony,jackson,1992-02-20,A5J21992,1.0,1.0,1,1,1
4679,4677,42000,anthony,jackson,1992-02-20,A5J21992,42000,anthony,jackson,1992-02-20,A5J21992,1.0,1.0,1,1,1
4679,4678,42000,anthony,jackson,1992-02-20,A5J21992,42000,anthony,jackson,1992-02-20,A5J21992,1.0,1.0,1,1,1
4706,4704,52218,stephen,jones,1993-06-30,S3J51993,52218,stephen,jones,1993-09-30,S3J51993,1.0,1.0,0,1,1
4714,4713,52209,devan,bryant,1989-03-27,D1B61989,52209,devan,bryant,1989-03-27,D1B61989,1.0,1.0,1,1,1
4715,4713,52209,devan,bryant,1989-03-27,D1B61989,52209,devan,bryant,1989-03-27,D1B61989,1.0,1.0,1,1,1
4715,4714,52209,devan,bryant,1989-03-27,D1B61989,52209,devan,bryant,1989-03-27,D1B61989,1.0,1.0,1,1,1
4741,4740,52238,kristine,fialkowsky,1993-05-04,K6F41993,52238,kristine,fialkowsky,1993-05-04,K6F41993,1.0,1.0,1,1,1
4742,4740,52238,kristine,fialkowsky,1993-05-04,K6F41993,52238,kristine,fialkowsky,1993-05-04,K6F41993,1.0,1.0,1,1,1
4742,4741,52238,kristine,fialkowsky,1993-05-04,K6F41993,52238,kristine,fialkowsky,1993-05-04,K6F41993,1.0,1.0,1,1,1
4746,4646,52234,o,abdo,1982-10-09,O0A11982,40032,o,abusaro,1982-08-05,O0A11982,1.0,0.5952380952380952,0,0,0
4778,4777,52231,cassandra,louis,1976-02-02,C2L21976,52231,cassandra,louis,1976-02-02,C2L21976,1.0,1.0,1,1,1
4814,4813,52262,talal,abouhana,1978-08-19,T4A11978,52262,talal,abouhana,1978-04-19,T4A11978,1.0,1.0,0,1,1
4820,4819,33731,gordon,smith,1986-01-22,G6S51986,33731,gordon,smith,1986-01-29,G6S51986,1.0,1.0,0,1,1
4840,4839,52254,luke,morgan,1990-10-04,L2M61990,52254,luke,morgan,1990-10-04,L2M61990,1.0,1.0,1,1,1
4841,4839,52254,luke,morgan,1990-10-04,L2M61990,52254,luke,morgan,1990-10-04,L2M61990,1.0,1.0,1,1,1
4841,4840,52254,luke,morgan,1990-10-04,L2M61990,52254,luke,morgan,1990-10-04,L2M61990,1.0,1.0,1,1,1
4853,4851,52249,louis,delvecchio,1948-09-20,L2D41948,52249,louis,delvecchio,1948-09-27,L2D41948,1.0,1.0,0,1,1
4863,326,52263,jezs,espinosa,1964-04-20,J2E21964,50934,jose,exvauaa,1964-07-02,J2E21964,0.6666666666666666,0.5119047619047619,0,0,0
4864,326,52263,josue,espinosa,1964-04-24,J2E21964,50934,jose,exvauaa,1964-07-02,J2E21964,0.9533333333333333,0.5119047619047619,0,0,0
4864,4863,52263,josue,espinosa,1964-04-24,J2E21964,52263,jezs,espinosa,1964-04-20,J2E21964,0.6333333333333333,1.0,0,0,1
4922,4920,52268,fr,de la rosa,1973-03-03,F6D41973,52268,froilan,dd la,1973-03-03,F6D41973,0.8095238095238095,0.76,1,1,1
4940,4939,52299,shawanna,oussifi,1976-08-20,S5O21976,52299,shawanna,oussifi,1976-08-25,S5O21976,1.0,1.0,0,1,1
4943,4941,50514,charles,willet,1983-12-10,C6W41983,50514,charles,willet,1983-12-10,C6W41983,1.0,1.0,1,1,1
4952,4951,52309,jason,jaigobin,1991-03-21,J2J21991,52309,jason,jaigobin,1991-03-21,J2J21991,1.0,1.0,1,1,1
4975,4974,12349,jose,gonzalez,1987-08-17,J2G51987,12349,jose,gwny,1987-08-17,J2G51987,1.0,0.5833333333333334,1,1,1
4976,4974,12349,jose,gonzalez,1987-08-17,J2G51987,12349,jose,gwny,1987-08-17,J2G51987,1.0,0.5833333333333334,1,1,1
4976,4975,12349,jose,gonzalez,1987-08-17,J2G51987,12349,jose,gonzalez,1987-08-17,J2G51987,1.0,1.0,1,1,1
4982,4981,5194,jose,dll,1963-02-19,J2D41963,5194,jose,delacruz,1963-02-19,J2D41963,1.0,0.6388888888888888,1,1,1
5003,5002,52311,tyler,ashton,1994-03-16,T4A21994,52311,tyler,ashton,1994-03-16,T4A21994,1.0,1.0,1,1,1
5015,5013,52288,justin,scharenbroich,1978-11-15,J2S61978,52288,justin,scharenbroich,1978-11-15,J2S61978,1.0,1.0,1,1,1
5020,5019,52308,stefany,gallego,1989-05-19,S3G41989,52308,stefany,gallego,1989-05-19,S3G41989,1.0,1.0,1,1,1
5061,142,50892,omar,yunis,1992-08-29,O5Y51992,50892,omar,yunis,1992-08-29,O5Y51992,1.0,1.0,1,1,1
5101,5100,52342,frag,larosa,1953-05-27,F6L61953,52342,francesca,larosa,1953-05-27,F6L61953,0.6944444444444443,1.0,1,1,1
5105,5104,52338,antm,jenkins,1987-04-10,A5J51987,52338,anthony,jenkins,1987-04-10,A5J51987,0.8083333333333333,1.0,1,1,1
5108,5107,52334,johnny,borden,1994-06-27,J5B61994,52334,johnny,borden,1994-06-27,J5B61994,1.0,1.0,1,1,1
5120,5118,52351,michael,geisler,1957-01-21,M2G21957,52351,michael,geisler,1957-01-21,M2G21957,1.0,1.0,1,1,1
5131,2410,52333,dematqux,tdeno,1985-11-10,D5T51985,51524,duwon,thompson,1985-09-09,D5T51985,0.4416666666666666,0.5499999999999999,0,0,0
5213,5212,52329,robert,brack,1994-06-04,R1B61994,52329,robert,brack,1994-06-04,R1B61994,1.0,1.0,1,1,1
5215,5214,52357,wesley,perez,1995-05-18,W2P61995,52357,wesley,perez,1995-05-18,W2P61995,1.0,1.0,1,1,1
5224,5223,52352,edward,durizil,1987-02-04,E3D61987,52352,edward,durizil,1987-02-04,E3D61987,1.0,1.0,1,1,1
5278,5277,52398,laura,dean,1974-02-06,L6D51974,52398,laura,dean,1974-02-01,L6D51974,1.0,1.0,0,1,1
5284,886,51761,dsuqid,knight,1975-05-06,D2K51975,51060,dhcnr,kaonh,1975-11-12,D2K51975,0.4555555555555555,0.7300000000000001,0,0,0
5296,1909,51365,terrashika,dt,1992-03-20,T6D01992,51365,terrashika,doi,1992-03-20,T6D01992,1.0,0.611111111111111,1,1,1
5297,1546,51365,terrashika,dowling,1992-03-25,T6D41992,19617,tracy,delva,1992-07-16,T6D41992,0.6333333333333333,0.5619047619047619,0,0,0
5299,5298,52409,matthew,archlmsa,1992-09-13,M3A61992,52409,matthew,archambault,1992-09-13,M3A61992,1.0,0.8257575757575758,1,1,1
5303,5302,52413,mark,bocker,1963-11-12,M6B21963,52413,mark,bocker,1963-11-19,M6B21963,1.0,1.0,0,1,1
5314,5313,52373,jeffrey,sabogal,1989-03-08,J1S11989,52373,jeffrey,sabogal,1989-03-09,J1S11989,1.0,1.0,0,1,1
5399,729,51028,louis,simonds,1989-09-09,L2S51989,51028,louis,simonds,1989-09-09,L2S51989,1.0,1.0,1,1,1
5437,2043,4476,jamal,fortune,1980-04-12,J5F61980,51411,jenifer,farruggia,1980-08-09,J5F61980,0.4476190476190476,0.5873015873015873,0,0,0
5441,5440,52432,joshua,colon,1979-07-06,J2C41979,52432,joshua,colon,1979-07-06,J2C41979,1.0,1.0,1,1,1
5488,5487,52420,john,fritzmaurice,1958-05-11,J5F61958,52420,john,fritzmaurice,1958-05-11,J5F61958,1.0,1.0,1,1,1
5496,4657,52429,g,walker,1962-11-05,G0W41962,52163,g,williams,1962-06-08,G0W41962,1.0,0.5277777777777778,0,0,0
5552,5550,7805,saif,roberts,1990-01-14,S1R11990,7805,savt,roberts,1990-01-14,S1R11990,0.6666666666666666,1.0,1,1,1
5557,5556,52470,roberto,serrano,1970-06-14,R1S61970,52470,roberto,serrano,1970-06-14,R1S61970,1.0,1.0,1,1,1
5558,5556,52470,rwbe,serrano,1970-06-14,R1S61970,52470,roberto,serrano,1970-06-14,R1S61970,0.7535714285714287,1.0,1,1,1
5558,5557,52470,rwbe,serrano,1970-06-14,R1S61970,52470,roberto,serrano,1970-06-14,R1S61970,0.7535714285714287,1.0,1,1,1
5564,5563,52462,yolette,cbwe,1971-04-06,Y4C11971,52462,yolette,cqvfv,1971-04-25,Y4C11971,1.0,0.4833333333333333,0,0,1
5572,3886,49457,carl,fleming,1992-11-04,C6F41992,51972,carranza,folf,1992-06-18,C6F41992,0.7958333333333334,0.5952380952380952,0,0,0
5573,3886,49457,carl,fle,1992-11-04,C6F41992,51972,carranza,folf,1992-06-18,C6F41992,0.7958333333333334,0.75,0,0,0
5573,5572,49457,carl,fle,1992-11-04,C6F41992,49457,carl,fleming,1992-11-04,C6F41992,1.0,0.8666666666666668,1,1,1
5599,5598,52471,clara,igelesias,1952-08-12,C4I21952,52471,clara,igelesias,1952-08-12,C4I21952,1.0,1.0,1,1,1
5600,5598,52471,clara,igelesias,1952-08-12,C4I21952,52471,clara,igelesias,1952-08-12,C4I21952,1.0,1.0,1,1,1
5600,5599,52471,clara,igelesias,1952-08-12,C4I21952,52471,clara,igelesias,1952-08-12,C4I21952,1.0,1.0,1,1,1
5619,2259,46899,mark,c,1994-07-11,M6C01994,51497,merlene,co,1994-12-15,M6C01994,0.5952380952380952,0.8500000000000001,0,0,0
5638,5637,52479,kimberly,carter,1988-08-10,K5C61988,52479,kimberly,carter,1988-08-10,K5C61988,1.0,1.0,1,1,1
5662,5661,52496,tavarus,levine,1990-11-13,T1L11990,52496,tavarus,levine,1990-11-13,T1L11990,1.0,1.0,1,1,1
5692,5691,52501,nk,garciabonille,1987-03-01,N2G61987,52501,nestor,gyrliabo,1987-03-02,N2G61987,0.5555555555555555,0.6816239316239318,0,0,1
5737,2046,52494,donnie,aguilar,1985-01-19,D5A21985,51403,deangelo,ash,1985-10-31,D5A21985,0.625,0.4920634920634921,0,0,0
5738,2046,52494,donnie,aguilar,1985-01-19,D5A21985,51403,deangelo,ash,1985-10-31,D5A21985,0.625,0.4920634920634921,0,0,0
5738,5737,52494,donnie,aguilar,1985-01-19,D5A21985,52494,donnie,aguilar,1985-01-19,D5A21985,1.0,1.0,1,1,1
5762,5760,52544,jesse,grunther,1985-10-15,J2G61985,52544,jesse,grunther,1985-10-15,J2G61985,1.0,1.0,1,1,1
5771,5770,39116,matthew,mchugh,1986-10-14,M3M21986,39116,matthew,mchugh,1986-10-14,M3M21986,1.0,1.0,1,1,1
5780,5778,44649,deanna,rodriguez,1987-11-27,D5R31987,44649,deanna,rodriguez,1987-12-27,D5R31987,1.0,1.0,0,1,1
5782,75,52524,reyaz,blackett,1975-05-10,R2B41975,50871,ricky,bloyno,1975-11-03,R2B41975,0.4666666666666666,0.5277777777777778,0,0,0
5837,5835,52521,niuhujj,l,1989-10-11,N2L01989,52521,ng,li,1989-10-11,N2L01989,0.5476190476190476,0.8500000000000001,1,1,1
5878,5877,52564,jason,riverf-cwyn,1989-11-21,J2R11989,52564,jason,riveraloh,1989-11-21,J2R11989,1.0,0.6700336700336701,1,1,1
5888,5886,6069,kerrensley,telusman,1988-03-12,K6T41988,6069,kerrux,telusman,1988-03-12,K6T41988,0.6888888888888888,1.0,1,1,1
5905,5904,7352,nelson,pgoto,1984-01-13,N4P21984,7352,nelson,pastoriza,1984-01-13,N4P21984,1.0,0.5333333333333333,1,1,1
5924,5923,52574,laura,burgos,1953-05-21,L6B61953,52574,laura,burgos,1953-05-28,L6B61953,1.0,1.0,0,1,1
5939,5938,25291,msc,anpwrs,1991-01-03,M2A51991,25291,mjqaa,and,1991-01-03,M2A51991,0.5111111111111111,0.6666666666666666,1,0,1
5944,5943,33083,francisco,sanchezferrans,1949-08-09,F6S51949,33083,frtn,sancqed,1949-08-09,F6S51949,0.6944444444444443,0.6904761904761904,1,1,1
5953,5952,52585,kareem,auguste,1993-09-03,K6A21993,52585,kareem,auguste,1993-05-03,K6A21993,1.0,1.0,0,1,1
5969,5938,25291,michael,anderson,1991-01-03,M2A51991,25291,mjqaa,and,1991-01-03,M2A51991,0.5619047619047619,0.8541666666666666,1,1,1
5969,5939,25291,michael,anderson,1991-01-03,M2A51991,25291,msc,anpwrs,1991-01-03,M2A51991,0.6507936507936508,0.7777777777777778,1,1,1
6035,6033,52612,alberto,caban,1959-10-22,A4C11959,52612,alberto,caban,1959-10-22,A4C11959,1.0,1.0,1,1,1
6071,6069,52591,jean,felinor,1992-02-26,J5F41992,52591,jean,felinor,1992-02-26,J5F41992,1.0,1.0,1,1,1
6078,1118,46011,anthony,bones,1993-03-19,A5B51993,46011,anthony,bones,1993-08-19,A5B51993,1.0,1.0,0,1,1
6079,1118,46011,anthony,bones,1993-08-19,A5B51993,46011,anthony,bones,1993-08-19,A5B51993,1.0,1.0,1,1,1
6079,6078,46011,anthony,bones,1993-08-19,A5B51993,46011,anthony,bones,1993-03-19,A5B51993,1.0,1.0,0,1,1
6134,6133,52017,carlos,vasquez,1985-05-16,C6V21985,52017,carlos,visqrm,1985-05-16,C6V21985,1.0,0.6428571428571429,1,1,1
6152,6151,52637,paola,collado-zzq,1975-11-09,P4C41975,52637,paola,collado-izquierdo,1975-12-09,P4C41975,1.0,0.8994652406417112,0,1,1
6180,3831,52642,yogindra,jaikaran,1981-08-17,Y2J21981,51961,ykdn,jaxtjn,1981-05-22,Y2J21981,0.5972222222222222,0.625,0,0,0
6182,3831,52642,yojvwqr,jaikaran,1981-08-17,Y2J21981,51961,ykdn,jaxtjn,1981-05-22,Y2J21981,0.4642857142857142,0.625,0,0,0
6182,6180,52642,yojvwqr,jaikaran,1981-08-17,Y2J21981,52642,yogindra,jaikaran,1981-08-17,Y2J21981,0.6011904761904762,1.0,1,1,1
6194,6192,52625,daryl,junck,1958-03-05,D6J51958,52625,daryl,junck,1958-05-05,D6J51958,1.0,1.0,0,1,1
6209,6208,52633,douglas,ww,1954-10-03,D2W01954,52633,douglas,wu,1954-10-05,D2W01954,1.0,0.6666666666666666,0,0,1
6236,1804,51321,tupac,fairclough,1994-12-07,T1F61994,51321,tupac,fairclough,1994-12-07,T1F61994,1.0,1.0,1,1,1
6248,6247,3656,thony,ferdinand,1978-05-21,T5F61978,3656,thony,ferdinand,1978-05-21,T5F61978,1.0,1.0,1,1,1
6266,6264,52653,anthony,lewandowski,1983-05-06,A5L51983,52653,anthony,lewandowski,1983-05-26,A5L51983,1.0,1.0,0,1,1
6268,6267,52648,archange,pr,1978-08-13,A6P61978,52648,archange,pierre,1978-08-13,A6P61978,1.0,0.7999999999999999,1,1,1
6269,6267,52648,archange,pierre,1978-08-13,A6P61978,52648,archange,pierre,1978-08-13,A6P61978,1.0,1.0,1,1,1
6269,6268,52648,archange,pierre,1978-08-13,A6P61978,52648,archange,pr,1978-08-13,A6P61978,1.0,0.7999999999999999,1,1,1
6283,6282,52684,christopher,drucker,1988-05-04,C6D61988,52684,christopher,dru,1988-05-04,C6D61988,1.0,0.8666666666666668,1,1,1
6317,6316,52691,ravi,singh,1987-10-13,R1S51987,52691,ravi,singh,1987-10-13,R1S51987,1.0,1.0,1,1,1
6332,6331,52695,van,lewis,1961-05-27,V5L21961,52695,van,lewis,1961-05-27,V5L21961,1.0,1.0,1,1,1
6367,5585,52467,mercedes,richardson,1990-03-20,M6R21990,52467,mercedes,richardson,1990-03-30,M6R21990,1.0,1.0,0,1,1
6368,5585,52467,mercedes,richardson,1990-03-30,M6R21990,52467,mercedes,richardson,1990-03-30,M6R21990,1.0,1.0,1,1,1
6368,6367,52467,mercedes,richardson,1990-03-30,M6R21990,52467,mercedes,richardson,1990-03-20,M6R21990,1.0,1.0,0,1,1
6376,4866,26857,kenneth,warren,1982-09-06,K5W61982,52271,kimberly,ware,1982-03-17,K5W61982,0.5119047619047619,0.9222222222222222,0,0,0
6394,6393,52687,kristen,adelmann,1975-03-15,K6A31975,52687,kristen,adelmann,1975-03-10,K6A31975,1.0,1.0,0,1,1
6419,6417,52725,marion,farrow,1947-11-05,M6F61947,52725,marion,farrow,1947-11-05,M6F61947,1.0,1.0,1,1,1
6452,6450,52716,edgard,rgpv,1979-03-21,E3R21979,52716,edgard,rojas,1979-03-21,E3R21979,1.0,0.4833333333333333,1,1,1
6458,6456,31916,brandon,whit,1989-07-22,B6W31989,31916,brandon,whitfield,1989-07-22,B6W31989,1.0,0.888888888888889,1,1,1
6523,6522,52737,tevaughn,hutchins,1993-03-15,T1H31993,52737,tyv,hythhn,1993-03-15,T1H31993,0.6388888888888888,0.75,1,1,1
6526,6525,52766,luis,maldonadoadozayas,1982-03-29,L2M41982,52766,luis,malgohado,1982-03-29,L2M41982,1.0,0.6822284469343293,1,1,1
6566,6565,52755,paul,mcpherson,1990-02-06,P4M21990,52755,paul,mcpherson,1990-02-06,P4M21990,1.0,1.0,1,1,1
6571,6570,36435,james,corcoran,1981-06-16,J5C61981,36435,james,car,1981-06-15,J5C61981,1.0,0.6388888888888888,0,0,1
6596,4416,49366,raheim,george,1987-08-21,R5G61987,52130,rainel,garciacoto,1987-05-04,R5G61987,0.6944444444444443,0.5111111111111111,0,0,0
6596,4418,49366,raheim,george,1987-08-21,R5G61987,52130,rainel,garciacoto,1987-05-04,R5G61987,0.6944444444444443,0.5111111111111111,0,0,0
6617,6616,52761,sheveal,beasley,1966-01-05,S1B21966,52761,sbevzc,beasley,1966-01-05,S1B21966,0.6428571428571429,1.0,1,1,1
6619,6618,52736,brandon,castillo,1993-12-24,B6C21993,52736,brandon,castillo,1993-12-24,B6C21993,1.0,1.0,1,1,1
6671,6670,39757,brandon,seays,1994-01-24,B6S21994,39757,brandon,seays,1994-01-24,B6S21994,1.0,1.0,1,1,1
6707,6705,52782,daniel,lavate,1966-08-16,D5L11966,52782,daniel,lavate,1966-08-16,D5L11966,1.0,1.0,1,1,1
6731,6730,34859,ryan,f,1993-01-28,R5F01993,34859,ryan,f,1993-01-21,R5F01993,1.0,1.0,0,1,1
6733,6732,52774,alfonzo,morgan,1976-11-11,A4M61976,52774,alfonzo,morgan,1976-11-11,A4M61976,1.0,1.0,1,1,1
6743,6742,52796,barbara,kons,1989-07-13,B6K51989,52796,barbara,kcnstgjtinx,1989-07-14,B6K51989,1.0,0.6742424242424242,0,0,1
6745,2124,4855,antvonte,sanders,1988-02-26,A5S51988,8637,anthony,sanders,1988-04-04,A5S51988,0.8458333333333333,1.0,0,1,0
6745,2125,4855,antvonte,sanders,1988-02-26,A5S51988,8637,anthony,sanders,1988-04-06,A5S51988,0.8458333333333333,1.0,0,1,0
6752,6750,52771,rakesh,davis,1994-02-21,R2D11994,52771,rakesh,davis,1994-04-21,R2D11994,1.0,1.0,0,1,1
6755,6754,52772,rachael,small,1976-09-25,R2S51976,52772,rsvh,small,1976-09-25,R2S51976,0.5952380952380952,1.0,1,1,1
6769,6768,52792,peter,styren,1958-05-17,P3S31958,52792,peter,styren,1958-05-14,P3S31958,1.0,1.0,0,1,1
6782,6781,36993,mikey,mom,1990-09-10,M2M51990,36993,mikey,mombranche,1990-09-12,M2M51990,1.0,0.8366666666666667,0,1,1
6818,4179,41847,chandler,kar,1989-12-31,C5K61989,41847,chandler,kar,1989-12-31,C5K61989,1.0,1.0,1,1,1
6827,6825,52824,jeffery,turcotte,1995-09-27,J1T61995,52824,jef,turcotte,1995-02-27,J1T61995,0.8666666666666668,1.0,0,1,1
6833,2124,52826,angel,sanchez,1988-05-02,A5S51988,8637,anthony,sanders,1988-04-04,A5S51988,0.5619047619047619,0.8,0,0,0
6833,2125,52826,angel,sanchez,1988-05-02,A5S51988,8637,anthony,sanders,1988-04-06,A5S51988,0.5619047619047619,0.8,0,0,0
6833,6745,52826,angel,sanchez,1988-05-02,A5S51988,4855,antvonte,sanders,1988-02-26,A5S51988,0.5499999999999999,0.8,0,0,0
6856,6855,52840,kw,tmmmps,1992-09-08,K0T51992,52840,kcy,thompson,1992-09-09,K0T51992,0.611111111111111,0.75,0,0,1
6860,6851,39175,dwayne,p,1993-10-14,D5P01993,39175,dwayne,pa,1993-10-14,D5P01993,1.0,0.8500000000000001,1,1,1
6881,6879,52833,andrea,rojas,1984-10-16,A5R21984,52833,andrea,rojas,1984-10-16,A5R21984,1.0,1.0,1,1,1
6899,6898,31249,rrc,jeffery,1986-12-29,R2J11986,31249,richardson,jeffery,1986-12-29,R2J11986,0.6555555555555556,1.0,1,1,1
6904,4219,52831,ta,burton,1975-12-07,T0B61975,52055,tt,birnof,1975-12-11,T0B61975,0.6666666666666666,0.6944444444444443,0,0,0
6907,4443,52836,trevaris,session,1993-12-01,T6S21993,52157,travon,sowjb,1993-07-22,T6S21993,0.6388888888888888,0.4476190476190476,0,0,0
6911,6910,52845,alexander,boyd,1989-06-11,A4B31989,52845,alexander,boyd,1989-08-11,A4B31989,1.0,1.0,0,1,1
6929,1711,52848,lrtbo,plrvrse,1992-02-22,L6P41992,25191,lhr,pulliam,1992-09-20,L6P41992,0.6888888888888888,0.5238095238095238,0,0,0
6938,6936,52852,christopher,smith,1960-04-21,C6S51960,52852,csrgsthz,smith,1960-01-21,C6S51960,0.6265151515151516,1.0,0,0,1
6962,6960,52856,horace,ani,1958-02-12,H6A51958,52856,horace,amka,1958-08-12,H6A51958,1.0,0.5277777777777778,0,0,1
6971,6970,52884,veronique,mj,1974-01-19,V6M21974,52884,veronique,michel,1974-01-19,V6M21974,1.0,0.5555555555555555,1,1,1
6977,6089,52871,shaun,robert,1981-06-19,S5R11981,52590,shmni,robinson,1981-10-22,S5R11981,0.7866666666666667,0.625,0,0,0
6989,6987,52878,silena,bruolmos,1986-02-22,S4B61986,52878,silena,br,1986-06-29,S4B61986,1.0,0.8,0,1,1
7016,695,51042,ebony,taylor,1987-01-12,E1T41987,51042,ebony,taylor,1987-01-12,E1T41987,1.0,1.0,1,1,1
7046,6129,15365,donathan,i,1977-12-23,D5I01977,52643,deuwn,ii,1977-08-29,D5I01977,0.5499999999999999,0.8500000000000001,0,0,0
7054,7053,52875,joe,riggins,1973-09-06,J0R21973,52875,joe,riggins,1973-09-09,J0R21973,1.0,1.0,0,1,1
7097,7096,52925,leon,dancy,1961-08-10,L5D51961,52925,leon,dancy,1961-08-10,L5D51961,1.0,1.0,1,1,1
7133,7131,52914,jamelia,hutchinson,1995-12-06,J5H31995,52914,jamelia,hutchinson,1995-12-06,J5H31995,1.0,1.0,1,1,1
7189,1108,52923,vka,mns,1984-02-14,V2M21984,7022,vbj,mickles,1984-10-04,V2M21984,0.5555555555555555,0.4920634920634921,0,0,0
7195,7194,52903,rkspn,harris,1993-08-20,R2H61993,52903,reg,harris,1993-08-20,R2H61993,0.5111111111111111,1.0,1,1,1
7211,7209,22086,kakeen,thomas,1980-08-09,K2T51980,22086,kakeen,thomas,1980-08-01,K2T51980,1.0,1.0,0,1,1
7279,5931,52965,tionette,o,1976-05-08,T5O01976,36753,timothy,ooo,1976-07-13,T5O01976,0.6904761904761904,0.7999999999999999,0,0,0
7319,7318,52967,kendal,irvin,1988-07-20,K5I61988,52967,kendal,irvin,1988-07-20,K5I61988,1.0,1.0,1,1,1
7324,4173,52960,lesiym,eacc,1988-11-12,L2E21988,52074,lxvk,echx,1988-12-07,L2E21988,0.4722222222222221,0.6666666666666666,0,0,0
7328,7327,52437,andrew,marold,1990-05-02,A5M61990,52437,anmz,marold,1990-05-02,A5M61990,0.611111111111111,1.0,1,1,1
7334,7296,52950,janelle,dunbar,1990-10-20,J5D51990,52950,janelle,dunbar,1990-10-20,J5D51990,1.0,1.0,1,1,1
7340,7338,52974,jordan,roberts,1979-10-29,J6R11979,52974,jordan,roberts,1979-10-29,J6R11979,1.0,1.0,1,1,1
7352,7350,52977,christopher,mobley,1980-12-23,C6M11980,52977,cir,mobley,1980-12-23,C6M11980,0.6464646464646465,1.0,1,1,1
7366,7365,38527,robert,mcelroy,1949-07-23,R1M21949,38527,robert,mcelroy,1949-07-23,R1M21949,1.0,1.0,1,1,1
7406,7405,52981,wayne,williams,1981-12-25,W5W41981,52981,wayne,williams,1981-12-25,W5W41981,1.0,1.0,1,1,1
7415,7414,37521,louis,artiga,1982-06-02,L2A61982,37521,louis,artiga,1982-06-02,L2A61982,1.0,1.0,1,1,1
7460,7459,52995,lslo,dean,1994-12-09,L2D51994,52995,lzgon,dean,1994-11-09,L2D51994,0.6333333333333333,1.0,0,0,1
7472,7471,53012,minouche,baptiste,1986-11-18,M5B11986,53012,minouche,baptiste,1986-11-18,M5B11986,1.0,1.0,1,1,1
7492,7491,53023,ricky,colon,1988-02-22,R2C41988,53023,ricky,colon,1988-02-22,R2C41988,1.0,1.0,1,1,1
7500,1821,51324,carl,toussaint,1983-09-07,C6T21983,51324,carl,toussaint,1983-09-07,C6T21983,1.0,1.0,1,1,1
7500,1822,51324,carl,toussaint,1983-09-07,C6T21983,51324,carl,toussaint,1983-09-07,C6T21983,1.0,1.0,1,1,1
7514,4740,52238,kr,fialkowsky,1993-05-04,K6F41993,52238,kristine,fialkowsky,1993-05-04,K6F41993,0.8,1.0,1,1,1
7514,4741,52238,kr,fialkowsky,1993-05-04,K6F41993,52238,kristine,fialkowsky,1993-05-04,K6F41993,0.8,1.0,1,1,1
7514,4742,52238,kr,fialkowsky,1993-05-04,K6F41993,52238,kristine,fialkowsky,1993-05-04,K6F41993,0.8,1.0,1,1,1
7547,7546,53029,stephen,parra,1991-02-08,S3P61991,53029,stephen,parra,1991-04-08,S3P61991,1.0,1.0,0,1,1
7586,7584,27354,mackenson,nelson,1984-09-24,M2N41984,27354,makkkn,nelson,1984-09-24,M2N41984,0.762962962962963,1.0,1,1,1
7594,1479,51258,steven,amoruso,1962-03-20,S3A51962,51258,steven,am,1962-03-20,S3A51962,1.0,0.8095238095238095,1,1,1
7622,7620,53062,milene,telcine,1990-08-14,M4T41990,53062,milene,telcine,1990-08-17,M4T41990,1.0,1.0,0,1,1
7641,3260,53070,stefan,strqho,1990-12-12,S3S31990,51773,scott,st,1990-04-22,S3S31990,0.5777777777777778,0.8222222222222222,0,0,0
7646,7645,48227,rudolfo,frqnhuhc,1981-07-06,R3F61981,48227,rudolfo,frdzc,1981-07-06,R3F61981,1.0,0.6583333333333333,1,1,1
7655,7653,53045,brent,jqer,1966-10-28,B6J61966,53045,brent,jardine,1966-10-28,B6J61966,1.0,0.5952380952380952,1,1,1
7683,3583,53047,charles,rogers,1954-12-13,C6R21954,50375,crs,ross,1954-02-20,C6R21954,0.6507936507936508,0.8,0,0,0
7723,6050,43420,stephen,jmox,1964-04-27,S3J51964,52601,sdsr,johnson,1964-12-22,S3J51964,0.4642857142857142,0.5952380952380952,0,0,0
7730,5566,53081,rz,soto,1989-09-01,R2S31989,52472,roseson,sjtrji,1989-06-20,R2S31989,0.5476190476190476,0.611111111111111,0,0,0
7735,7734,53102,lilia,bolanosbauer,1960-09-16,L4B41960,53102,lilia,bolanosbauer,1960-09-16,L4B41960,1.0,1.0,1,1,1
7739,7738,53090,jose,flores,1975-12-30,J2F41975,53090,jose,flores,1975-12-30,J2F41975,1.0,1.0,1,1,1
7780,516,53082,ta,bkoue,1963-10-27,T0B21963,42925,t,baska,1963-05-30,T0B21963,0.8500000000000001,0.4666666666666666,0,0,0
7802,7801,53101,michael,hernandez,1985-03-07,M2H61985,53101,michael,hernandez,1985-03-07,M2H61985,1.0,1.0,1,1,1
7837,2925,53085,zydc,baillia,1985-10-17,Z3B41985,51681,zxeedoq,blount,1985-11-16,Z3B41985,0.5952380952380952,0.5396825396825397,0,0,0
7907,364,53127,darren,mcara,1990-12-12,D6M21990,6225,derion,mcreed,1990-07-01,D6M21990,0.6666666666666666,0.76,0,0,0
7912,7911,29210,kevin,mohorn,1989-06-01,K1M61989,29210,kevin,mohorn,1989-06-01,K1M61989,1.0,1.0,1,1,1
7919,7917,53157,anf,grab,1989-07-31,A5G61989,53157,anthony,grab,1989-07-11,A5G61989,0.6507936507936508,1.0,0,0,1
7972,7971,53140,joanna,english,1976-04-06,J5E51976,53140,joanna,eno,1976-04-06,J5E51976,1.0,0.6507936507936508,1,1,1
8000,7999,53121,szbuc,theoc,1994-06-09,S1T21994,53121,sbc,theoc,1994-06-09,S1T21994,0.6888888888888888,1.0,1,1,1
8029,8028,53158,aaron,pr,1991-03-25,A6P61991,53158,aaron,pierce,1991-03-25,A6P61991,1.0,0.7999999999999999,1,1,1
8090,8089,44912,ralph,wxlk,1970-03-03,R4W21970,44912,ralph,wshrm,1970-03-03,R4W21970,1.0,0.4833333333333333,1,1,1
8123,8121,53180,dxm,gregory,1995-04-10,D2G61995,53180,dakota,gregory,1995-02-10,D2G61995,0.5,1.0,0,0,1
8129,677,53187,bri,p,1994-11-19,B6P01994,51000,brian,pa,1994-02-05,B6P01994,0.9066666666666668,0.8500000000000001,0,0,0
8145,8042,30501,mt,whbnc,1990-10-09,M3W11990,53136,mdo,wuv,1990-01-26,M3W11990,0.611111111111111,0.5111111111111111,0,0,0
8186,7298,53173,james,jweqso,1990-03-25,J5J21990,52950,janelle,juj,1990-10-20,J5J21990,0.6761904761904761,0.5,0,0,0
8195,8194,53192,chelsea,moody,1984-05-01,C4M31984,53192,chelsea,moody,1984-05-02,C4M31984,1.0,1.0,0,1,1
8201,8200,19329,zachary,fruster,1986-09-06,Z2F61986,19329,zachary,fru,1986-09-06,Z2F61986,1.0,0.8666666666666668,1,1,1
8210,7114,53178,alexander,smith,1986-09-28,A4S51986,15784,alexander,son,1986-06-22,A4S51986,1.0,0.5111111111111111,0,0,0
8213,8212,53204,clint,duperry,1973-12-20,C4D11973,53204,clint,duperry,1973-12-20,C4D11973,1.0,1.0,1,1,1
8214,877,53183,sxz,frccg,1985-10-31,S0F61985,6071,sheya,frc,1985-06-06,S0F61985,0.5111111111111111,0.9066666666666668,0,0,0
8224,8223,53210,alicia,ggbbi,1973-04-20,A4G11973,53210,alicia,gibboney,1973-04-20,A4G11973,1.0,0.6833333333333332,1,1,1
8246,8244,6954,ann,twa,1971-10-16,A5T01971,6954,ann,t,1971-10-16,A5T01971,1.0,0.7999999999999999,1,1,1
8252,8251,53237,tony,benjamine,1974-08-24,T5B51974,53237,tony,benjamine,1974-08-24,T5B51974,1.0,1.0,1,1,1
8255,8253,53240,joshua,vikp,1980-12-08,J2V21980,53240,joshua,visbal,1980-12-08,J2V21980,1.0,0.611111111111111,1,1,1
8264,8263,53231,ne,fixalant,1991-11-03,N0F21991,53231,na,fixalant,1991-11-09,N0F21991,0.6666666666666666,1.0,0,0,1
8266,4689,14073,dzs,s,1990-12-12,D2S01990,52227,dk,sk,1990-12-24,D2S01990,0.611111111111111,0.8500000000000001,0,0,0
8279,8277,53218,junior,bouquette,1990-08-10,J5B21990,53218,junior,bouquette,1990-08-10,J5B21990,1.0,1.0,1,1,1
8288,8287,40921,fernand,alqrs,1987-08-16,F6A41987,40921,fernand,aldridge,1987-08-16,F6A41987,1.0,0.6583333333333333,1,1,1
8297,8295,53223,darren,bartron,1989-12-05,D6B61989,53223,darren,bartron,1989-12-05,D6B61989,1.0,1.0,1,1,1
8300,8299,44915,scott,bassler,1974-12-07,S3B21974,44915,scott,bassler,1974-12-01,S3B21974,1.0,1.0,0,1,1
8312,8310,46506,william,roldan,1977-05-28,W4R41977,46506,william,roldan,1977-05-28,W4R41977,1.0,1.0,1,1,1
8317,8316,53249,martha,schupe,1955-06-27,M6S11955,53249,martha,schupe,1955-06-27,M6S11955,1.0,1.0,1,1,1
8318,8316,53249,martha,schupe,1955-06-27,M6S11955,53249,martha,schupe,1955-06-27,M6S11955,1.0,1.0,1,1,1
8318,8317,53249,martha,schupe,1955-06-27,M6S11955,53249,martha,schupe,1955-06-27,M6S11955,1.0,1.0,1,1,1
8371,8370,53272,sergey,borthiv,1981-01-10,S6B61981,53272,sergey,bortnovskiy,1981-01-10,S6B61981,1.0,0.8471861471861473,1,1,1
8381,8380,3580,michael,gonzalez,1989-06-03,M2G51989,3580,michael,gonzalez,1989-06-03,M2G51989,1.0,1.0,1,1,1
8401,8400,53273,denise,jack,1974-07-22,D5J21974,53273,denise,jacksonminott,1974-08-24,D5J21974,1.0,0.8615384615384615,0,1,1
8433,8274,19282,lester,candelaria,1991-12-28,L2C51991,53220,llc,chance,1991-03-23,L2C51991,0.5,0.6888888888888888,0,0,0
8462,2817,13795,james,si,1960-09-22,J5S01960,51675,john,sw,1960-09-29,J5S01960,0.4833333333333333,0.6666666666666666,0,0,0
8462,2818,13795,james,si,1960-09-22,J5S01960,51675,john,sa,1960-06-29,J5S01960,0.4833333333333333,0.6666666666666666,0,0,0
8480,1899,53281,mslln,brown,1963-07-31,M2B61963,51364,micheal,bowers,1963-03-30,M2B61963,0.4476190476190476,0.7300000000000001,0,0,0
8480,1900,53281,mslln,brown,1963-07-31,M2B61963,51364,mnchag,bowers,1963-03-31,M2B61963,0.4555555555555555,0.7300000000000001,0,0,0
8491,5369,53285,david,pel,1986-03-11,D1P41986,52394,daflr,pl,1986-08-27,D1P41986,0.6,0.611111111111111,0,0,0
8507,8506,53305,darvin,smith,1969-12-03,D6S51969,53305,darvin,smith,1969-12-03,D6S51969,1.0,1.0,1,1,1
8513,8511,13580,lee,humphrey,1968-08-31,L0H51968,13580,lee,humphrey,1968-08-31,L0H51968,1.0,1.0,1,1,1
8516,8514,53323,carlos,gonzalez cruz,1975-08-03,C6G51975,53323,carlos,gonzalez cruz,1975-08-03,C6G51975,1.0,1.0,1,1,1
8521,8520,53296,okeel,prince-newland,1984-07-20,O2P61984,53296,okeel,prince-newland,1984-06-25,O2P61984,1.0,1.0,0,1,1
8546,8545,53320,rose,rodriguez,1992-01-24,R2R31992,53320,rose,rodbhxue,1992-01-22,R2R31992,1.0,0.8087962962962962,0,1,1
8591,8589,7197,timothy,vanfossen,1989-03-21,T5V51989,7197,timothy,vanfossen,1989-03-20,T5V51989,1.0,1.0,0,1,1
8603,8602,53299,eric,redmond,1989-06-19,E6R31989,53299,eric,redmond,1989-06-19,E6R31989,1.0,1.0,1,1,1
8614,8613,53321,edward,yambo,1976-02-12,E3Y51976,53321,edward,yambo,1976-02-12,E3Y51976,1.0,1.0,1,1,1
8617,8616,40798,william,qwycce,1989-11-14,W4Q21989,40798,william,quigley,1989-11-14,W4Q21989,1.0,0.5396825396825397,1,1,1
8618,8616,40798,william,quigley,1989-11-14,W4Q21989,40798,william,quigley,1989-11-14,W4Q21989,1.0,1.0,1,1,1
8618,8617,40798,william,quigley,1989-11-14,W4Q21989,40798,william,qwycce,1989-11-14,W4Q21989,1.0,0.5396825396825397,1,1,1
8620,8619,41260,jorge,almanza,1973-05-05,J6A41973,41260,jorge,almanza,1973-05-05,J6A41973,1.0,1.0,1,1,1
8701,677,52646,brandon,pia,1994-06-19,B6P01994,51000,brian,pa,1994-02-05,B6P01994,0.8323809523809523,0.611111111111111,0,0,0
8701,8129,52646,brandon,pia,1994-06-19,B6P01994,53187,bri,p,1994-11-19,B6P01994,0.6507936507936508,0.7999999999999999,0,0,0
8704,8703,53364,laurie,covert,1958-04-15,L6C11958,53364,laurie,covert,1958-04-15,L6C11958,1.0,1.0,1,1,1
8723,8722,53358,joanne,mccann,1965-04-11,J5M21965,53358,joanne,mccann,1965-03-11,J5M21965,1.0,1.0,0,1,1
8746,8745,53367,fermin,grajales,1980-10-28,F6G61980,53367,fermin,grajales,1980-10-21,F6G61980,1.0,1.0,0,1,1
8749,417,17015,shbn,bristol,1989-12-11,S1B61989,50947,shafc,brown,1989-08-14,S1B61989,0.6333333333333333,0.5619047619047619,0,0,0
8756,1126,12087,jeffrey,eaba,1991-08-30,J1E11991,51143,jpl,ebia,1991-01-17,J1E11991,0.4920634920634921,0.8500000000000001,0,0,0
8765,8763,53371,troy,gayle,1986-11-19,T6G41986,53371,troy,gayle,1986-11-19,T6G41986,1.0,1.0,1,1,1
8777,8776,29445,rfpn,bergamini,1987-07-18,R1B61987,29445,rafaela,bern,1987-07-10,R1B61987,0.5952380952380952,0.6944444444444443,0,0,1
8810,8809,53376,samantha,johnson,1983-03-03,S5J51983,53376,samantha,johnson,1983-03-03,S5J51983,1.0,1.0,1,1,1
8831,5923,52574,laura,burgos,1953-05-21,L6B61953,52574,laura,burgos,1953-05-28,L6B61953,1.0,1.0,0,1,1
8831,5924,52574,laura,burgos,1953-05-21,L6B61953,52574,laura,burgos,1953-05-21,L6B61953,1.0,1.0,1,1,1
8861,8860,53399,rj,lee,1977-10-11,R2L01977,53399,rashidi,lee,1977-10-15,R2L01977,0.5476190476190476,1.0,0,0,1
8885,2565,3832,joe,laucm,1991-05-05,J0L21991,38881,jo,lq,1991-12-26,J0L21991,0.9111111111111112,0.5666666666666667,0,0,0
8893,8892,53412,steven,goldstrom,1956-12-25,S3G41956,53412,steven,goldstrom,1956-02-26,S3G41956,1.0,1.0,0,1,1
8894,8892,53412,steven,goldstrom,1956-12-26,S3G41956,53412,steven,goldstrom,1956-02-26,S3G41956,1.0,1.0,0,1,1
8894,8893,53412,steven,goldstrom,1956-12-26,S3G41956,53412,steven,goldstrom,1956-12-25,S3G41956,1.0,1.0,0,1,1
8905,8904,54343,richard,werhle,1983-06-21,R2W61983,54343,richard,werhle,1983-06-24,R2W61983,1.0,1.0,0,1,1
8909,8247,53414,todd,burello,1972-08-18,T3B61972,53234,tedmen,bfbr,1972-06-12,T3B61972,0.611111111111111,0.5952380952380952,0,0,0
8911,3996,53393,jeremy,pelehowski,1985-03-21,J6P41985,52002,jqr,polanco,1985-10-15,J6P41985,0.6666666666666666,0.465079365079365,0,0,0
8915,8914,53398,rashad,emmons,1989-09-21,R2E51989,53398,rkvzy,emmons,1989-09-21,R2E51989,0.4555555555555555,1.0,1,1,1
8927,8926,47136,alexander,lamanna,1992-12-17,A4L51992,47136,alcxakc,lamanna,1992-12-17,A4L51992,0.671957671957672,1.0,1,1,1
8938,8937,53506,dwayne,hill,1975-01-11,D5H41975,53506,dwayne,hill,1975-01-21,D5H41975,1.0,1.0,0,1,1
8939,6095,53506,dwayne,rv,1975-01-21,D5R11975,52588,dennis,rrve,1975-09-03,D5R11975,0.5555555555555555,0.8500000000000001,0,0,0
8945,8944,53416,ariane,badour-williams,1991-01-30,A6B31991,53416,ariane,badour-williams,1991-01-30,A6B31991,1.0,1.0,1,1,1
8950,877,53402,sg,fro,1985-12-06,S0F61985,6071,sheya,frc,1985-06-06,S0F61985,0.5666666666666667,0.8222222222222222,0,0,0
8950,8214,53402,sg,fro,1985-12-06,S0F61985,53183,sxz,frccg,1985-10-31,S0F61985,0.611111111111111,0.6888888888888888,0,0,0
8965,8964,53415,dwight,mcintosh,1972-07-19,D2M21972,53415,dwight,mcintosh,1972-07-19,D2M21972,1.0,1.0,1,1,1
9026,9024,53444,doriano,dalpspangr,1957-07-06,D6D41957,53444,doriano,dalessandro,1957-07-26,D6D41957,1.0,0.8451515151515152,0,1,1
9041,9040,53440,john,gabriel,1994-12-09,J5G11994,53440,john,gabriel,1994-12-09,J5G11994,1.0,1.0,1,1,1
9058,1111,18382,alejandro,ve,1986-10-08,A4V01986,18382,alejandro,v,1986-10-08,A4V01986,1.0,0.8500000000000001,1,1,1
9073,9072,9139,roderick,gydea,1968-05-20,R3G31968,9139,roderick,goddard,1968-05-28,R3G31968,1.0,0.6761904761904761,0,0,1
9074,9072,9139,roderick,goddard,1968-05-20,R3G31968,9139,roderick,goddard,1968-05-28,R3G31968,1.0,1.0,0,1,1
9074,9073,9139,roderick,goddard,1968-05-20,R3G31968,9139,roderick,gydea,1968-05-20,R3G31968,1.0,0.6761904761904761,1,1,1
9119,9117,53452,gairy,h,1977-12-28,G6H01977,53452,gairy,h,1977-12-28,G6H01977,1.0,1.0,1,1,1
9128,9126,8925,julius,grant,1977-01-07,J4G61977,8925,julius,grant,1977-01-07,J4G61977,1.0,1.0,1,1,1
9158,9156,53457,dihv,oconnell,1992-01-20,D1O21992,53457,david,oconnell,1992-01-20,D1O21992,0.6333333333333333,1.0,1,1,1
9164,315,53480,carlos,lopesp,1986-04-21,C6L11986,18644,christopher,lftsi,1986-07-27,C6L11986,0.5934343434343434,0.5777777777777778,0,0,0
9213,515,50981,amohoz,strickland,1975-12-12,A5S31975,50981,anthony,strickland,1975-12-12,A5S31975,0.5317460317460317,1.0,1,1,1
9220,3322,53482,cuwaxe,ferguson,1991-03-28,C2F61991,51791,casman,fairclough,1991-08-27,C2F61991,0.5555555555555555,0.5499999999999999,0,0,0
9229,9228,4961,gayvon,garrett,1974-07-13,G1G61974,4961,gayvon,garrett,1974-07-13,G1G61974,1.0,1.0,1,1,1
9248,9247,53485,gina,hawkins,1972-07-21,G5H21972,53485,gina,hjfwiw,1972-08-28,G5H21972,1.0,0.6428571428571429,0,0,1
9261,9228,4961,gayvon,garrett,1974-07-13,G1G61974,4961,gayvon,garrett,1974-07-13,G1G61974,1.0,1.0,1,1,1
9261,9229,4961,gayvon,garrett,1974-07-13,G1G61974,4961,gayvon,garrett,1974-07-13,G1G61974,1.0,1.0,1,1,1
9262,9228,4961,gayvon,garrett,1974-07-13,G1G61974,4961,gayvon,garrett,1974-07-13,G1G61974,1.0,1.0,1,1,1
9262,9229,4961,gayvon,garrett,1974-07-13,G1G61974,4961,gayvon,garrett,1974-07-13,G1G61974,1.0,1.0,1,1,1
9262,9261,4961,gayvon,garrett,1974-07-13,G1G61974,4961,gayvon,garrett,1974-07-13,G1G61974,1.0,1.0,1,1,1
9266,9264,37721,broderick,westbrook,1987-05-02,B6W21987,37721,broderick,wcst,1987-05-02,B6W21987,1.0,0.6944444444444443,1,1,1
9268,9267,53483,sessaly,spencer,1987-08-19,S2S11987,53483,sessaly,spencer,1987-02-19,S2S11987,1.0,1.0,0,1,1
9271,9270,47358,maerbc,orellana,1974-12-06,M6O61974,47358,mauricio,orellana,1974-12-06,M6O61974,0.7777777777777778,1.0,1,1,1
9287,9286,47133,kory,mcmullen,1991-12-14,K6M21991,47133,kory,mcmullen,1991-12-14,K6M21991,1.0,1.0,1,1,1
9309,408,37309,lamount,caldswell,1975-09-28,L5C41975,50940,lonnie,childress,1975-10-31,L5C41975,0.6428571428571429,0.6370370370370371,0,0,0
9322,9321,47162,sam,williams,1982-02-02,S5W41982,47162,sam,williams,1982-02-02,S5W41982,1.0,1.0,1,1,1
9345,3264,2368,jeremy,smith,1989-03-23,J6S51989,2368,jjrq,smith,1989-03-23,J6S51989,0.611111111111111,1.0,1,1,1
9364,9363,53500,jerome,simmins,1961-11-22,J6S51961,53500,jerome,simmins,1961-11-22,J6S51961,1.0,1.0,1,1,1
9371,9370,53545,matthew,mikolashek,1984-10-31,M3M21984,53545,matthew,mikolashek,1984-10-31,M3M21984,1.0,1.0,1,1,1
9391,9390,53548,elyse,spiro,1959-11-10,E4S11959,53548,elyse,skv,1959-11-10,E4S11959,1.0,0.5111111111111111,1,1,1
9409,1676,12542,dujvq,davey,1993-08-22,D2D11993,32702,dekorian,dyuhvm,1993-03-29,D2D11993,0.4416666666666666,0.5777777777777778,0,0,0
9417,2653,53555,ckarn,hill,1993-01-12,C6H41993,51610,cornelius,holston,1993-07-02,C6H41993,0.6444444444444445,0.5952380952380952,0,0,0
9418,2653,53555,charniece,hill,1993-01-12,C6H41993,51610,cornelius,holston,1993-07-02,C6H41993,0.6370370370370371,0.5952380952380952,0,0,0
9418,9417,53555,charniece,hill,1993-01-12,C6H41993,53555,ckarn,hill,1993-01-12,C6H41993,0.7733333333333333,1.0,1,1,1
9419,2653,53555,charniece,hill,1993-01-12,C6H41993,51610,cornelius,holston,1993-07-02,C6H41993,0.6370370370370371,0.5952380952380952,0,0,0
9419,9417,53555,charniece,hill,1993-01-12,C6H41993,53555,ckarn,hill,1993-01-12,C6H41993,0.7733333333333333,1.0,1,1,1
9419,9418,53555,charniece,hill,1993-01-12,C6H41993,53555,charniece,hill,1993-01-12,C6H41993,1.0,1.0,1,1,1
9458,9457,28405,michelle,karpin,1978-05-14,M2K61978,28405,michelle,karpin,1978-05-14,M2K61978,1.0,1.0,1,1,1
9461,4314,53572,jag,savinon,1963-09-15,J2S11963,52122,jose,saavedra,1963-07-15,J2S11963,0.5277777777777778,0.6011904761904762,0,0,0
9461,4316,53572,jag,savinon,1963-09-15,J2S11963,52122,jose,saavedra,1963-05-15,J2S11963,0.5277777777777778,0.6011904761904762,0,0,0
9467,9465,53569,natnebie,scarborough,1972-09-18,N3S61972,53569,nathaniel,scarb,1972-09-18,N3S61972,0.825,0.890909090909091,1,1,1
9468,2846,53562,christopher,fjwt,1988-01-30,C6F21988,51671,crystal,faj,1988-04-10,C6F21988,0.6450216450216449,0.75,0,0,0
9473,9472,53627,viven,mcdonald,1950-10-03,V1M21950,53627,viven,mcdonald,1950-10-03,V1M21950,1.0,1.0,1,1,1
9502,9501,53549,kelley,n,1966-08-29,K4N01966,53549,kelley,no,1966-08-29,K4N01966,1.0,0.8500000000000001,1,1,1
9505,9504,19692,lakia,davis,1987-05-23,L2D11987,19692,lakia,davis,1987-09-23,L2D11987,1.0,1.0,0,1,1
9532,9531,53570,jaqueline,roberts,1957-08-05,J2R11957,53570,jaqgqly,roberts,1957-08-06,J2R11957,0.671957671957672,1.0,0,0,1
9536,9535,53653,laquina,young,1990-02-06,L2Y51990,53653,laquina,young,1990-05-06,L2Y51990,1.0,1.0,0,1,1
9541,6650,53636,samih,debbik,1975-06-07,S5D11975,52193,sean,dibitnw,1975-11-16,S5D11975,0.6333333333333333,0.6428571428571429,0,0,0
9545,9544,53638,jessica,brekke,1992-04-10,J2B61992,53638,jessica,brekke,1992-04-10,J2B61992,1.0,1.0,1,1,1
9548,717,53643,christian,hernandez,1989-08-12,C6H61989,45938,curtis,hrxc,1989-11-28,C6H61989,0.7566666666666668,0.5740740740740741,0,0,0
9567,5301,53633,maurice,watson,1966-07-27,M6W31966,52413,mark,wdcef,1966-11-12,M6W31966,0.7809523809523811,0.4555555555555555,0,0,0
9569,5301,53633,maurice,watson,1966-07-27,M6W31966,52413,mark,wdcef,1966-11-12,M6W31966,0.7809523809523811,0.4555555555555555,0,0,0
9569,9567,53633,maurice,watson,1966-07-27,M6W31966,53633,maurice,watson,1966-07-27,M6W31966,1.0,1.0,1,1,1
9578,9576,53650,walter,bohacek,1944-05-28,W4B21944,53650,walter,bqs,1944-05-08,W4B21944,1.0,0.4920634920634921,0,0,1
9592,9591,30332,delwance,hines,1986-09-11,D4H51986,30332,delwance,hines,1986-09-21,D4H51986,1.0,1.0,0,1,1
9595,9594,53488,ashley,collins,1987-10-25,A2C41987,53488,ashley,collins,1987-10-25,A2C41987,1.0,1.0,1,1,1
9596,9594,53488,ashley,collins,1987-10-20,A2C41987,53488,ashley,collins,1987-10-25,A2C41987,1.0,1.0,0,1,1
9596,9595,53488,ashley,collins,1987-10-20,A2C41987,53488,ashley,collins,1987-10-25,A2C41987,1.0,1.0,0,1,1
9620,9619,53646,daniel,cavalanti,1989-11-28,D5C11989,53646,daniel,cavalanti,1989-11-24,D5C11989,1.0,1.0,0,1,1
9623,9621,24200,wilbur,rattray,1976-11-25,W4R31976,24200,wilbur,rattray,1976-11-25,W4R31976,1.0,1.0,1,1,1
9655,7709,53665,twa,ha,1984-12-24,T0H01984,43041,t,hu,1984-07-13,T0H01984,0.7999999999999999,0.6666666666666666,0,0,0
9662,3680,38559,marwinn,salcedo,1986-08-07,M6S41986,51904,maria,sxklr,1986-12-04,M6S41986,0.8533333333333333,0.5619047619047619,0,0,0
9677,9676,53673,guignard,lejean,1980-09-30,G2L21980,53673,guignard,lejean,1980-09-30,G2L21980,1.0,1.0,1,1,1
9701,9699,52730,christopher,kirwan,1969-04-04,C6K61969,52730,christopher,kirwan,1969-04-04,C6K61969,1.0,1.0,1,1,1
9710,7004,53663,gary,snc,1989-04-23,G6S51989,52874,gary,smith,1989-04-27,G6S51989,1.0,0.5111111111111111,0,0,0
9734,9733,33061,clawi,jones,1986-01-06,C4J51986,33061,clarissa,jones,1986-01-06,C4J51986,0.8366666666666667,1.0,1,1,1
9740,9738,53664,altradbm,myers,1972-05-04,A4M61972,53664,alfranzwell,myers,1972-05-07,A4M61972,0.6212121212121212,1.0,0,0,1
9746,9745,53687,wilfredo,cordero,1964-09-13,W4C61964,53687,wilfredo,cordero,1964-09-13,W4C61964,1.0,1.0,1,1,1
9767,9765,53692,rennard,robinson,1989-11-28,R5R11989,53692,rennard,robinson,1989-11-28,R5R11989,1.0,1.0,1,1,1
9808,530,53693,michael,wilson,1988-08-30,M2W41988,50969,mcm,wl,1988-08-23,M2W41988,0.6507936507936508,0.7999999999999999,0,0,0
9809,530,53693,michael,wilson,1988-08-30,M2W41988,50969,mcm,wl,1988-08-23,M2W41988,0.6507936507936508,0.7999999999999999,0,0,0
9809,9808,53693,michael,wilson,1988-08-30,M2W41988,53693,michael,wilson,1988-08-30,M2W41988,1.0,1.0,1,1,1
9814,9813,53696,terrance,moye,1984-08-01,T6M01984,53696,terrance,moye,1984-08-01,T6M01984,1.0,1.0,1,1,1
9856,9855,53719,roy,roberts,1991-09-15,R0R11991,53719,roy,rib,1991-08-15,R0R11991,1.0,0.6507936507936508,0,0,1
9857,9855,53719,roy,roberts,1991-08-15,R0R11991,53719,roy,rib,1991-08-15,R0R11991,1.0,0.6507936507936508,1,1,1
9857,9856,53719,roy,roberts,1991-08-15,R0R11991,53719,roy,roberts,1991-09-15,R0R11991,1.0,1.0,0,1,1
9862,9861,53715,eriberto,gomez,1992-10-30,E6G51992,53715,erp,gomez,1992-12-30,E6G51992,0.6388888888888888,1.0,0,0,1
9865,9864,12257,william,burke,1983-04-15,W4B61983,12257,william,burke,1983-04-15,W4B61983,1.0,1.0,1,1,1
9875,9873,53711,roy,brooks,1992-07-04,R0B61992,53711,roy,brooks,1992-07-04,R0B61992,1.0,1.0,1,1,1
9878,9876,53717,eysvzj,diaz,1961-12-15,E2D21961,53717,eusebio,diaz acosta,1961-12-15,E2D21961,0.5396825396825397,0.8727272727272728,1,1,1
9929,9927,53733,kenneth,boyd,1976-07-28,K5B31976,53733,kenneth,boyd,1976-07-28,K5B31976,1.0,1.0,1,1,1
9952,9951,53758,antrinique,williams,1988-01-02,A5W41988,53758,antrinique,williams,1988-01-02,A5W41988,1.0,1.0,1,1,1
9953,9951,53758,anb,wial,1988-01-02,A5W41988,53758,antrinique,williams,1988-01-02,A5W41988,0.6222222222222222,0.8,1,1,1
9953,9952,53758,anb,wial,1988-01-02,A5W41988,53758,antrinique,williams,1988-01-02,A5W41988,0.6222222222222222,0.8,1,1,1
10040,6500,30858,charlie,tiger,1981-12-26,C6T21981,30858,charlie,tiger,1981-12-29,C6T21981,1.0,1.0,0,1,1
10052,10051,53324,micahel,ryan,1979-06-25,M2R51979,53324,micahel,ryan,1979-06-25,M2R51979,1.0,1.0,1,1,1
10072,10071,53091,keith,williams,1967-12-09,K3W41967,53091,keith,williams,1967-12-09,K3W41967,1.0,1.0,1,1,1
10085,10084,39729,alton,roberts,1990-10-21,A4R11990,39729,alton,roberts,1990-10-26,A4R11990,1.0,1.0,0,1,1
10102,10101,3579,shantavia,robinson,1990-07-02,S5R11990,3579,shantavia,robinson,1990-07-04,S5R11990,1.0,1.0,0,1,1
10103,10101,3579,shantavia,robinson,1990-07-02,S5R11990,3579,shantavia,robinson,1990-07-04,S5R11990,1.0,1.0,0,1,1
10103,10102,3579,shantavia,robinson,1990-07-02,S5R11990,3579,shantavia,robinson,1990-07-02,S5R11990,1.0,1.0,1,1,1
10108,10107,46035,olden,mckinnes,1982-03-07,O4M21982,46035,olden,mckinnes,1982-03-07,O4M21982,1.0,1.0,1,1,1
10121,717,53792,courtney,harbison,1989-12-07,C6H61989,45938,curtis,hrxc,1989-11-28,C6H61989,0.75,0.5833333333333334,0,0,0
10121,9548,53792,courtney,harbison,1989-12-07,C6H61989,53643,christian,hernandez,1989-08-12,C6H61989,0.6481481481481481,0.5648148148148148,0,0,0
10142,10140,45706,john,arnold,1962-11-14,J5A61962,45706,john,arnold,1962-11-14,J5A61962,1.0,1.0,1,1,1
10154,10152,53786,adam,rushetsky,1974-06-24,A3R21974,53786,adam,rushetsky,1974-06-24,A3R21974,1.0,1.0,1,1,1
10174,10173,53800,kentravian,knox,1994-10-06,K5K51994,53800,kentravian,knox,1994-10-06,K5K51994,1.0,1.0,1,1,1
10196,10194,53811,rapheal,brown,1971-11-30,R1B61971,53811,rapheal,brown,1971-11-30,R1B61971,1.0,1.0,1,1,1
10199,8851,47388,maria,guntert,1981-11-30,M6G51981,47388,maria,guntert,1981-11-30,M6G51981,1.0,1.0,1,1,1
10202,10201,53801,brent,curry,1984-10-01,B6C61984,53801,brent,curry,1984-10-01,B6C61984,1.0,1.0,1,1,1
10204,10203,9674,anthony,hansberry,1984-09-19,A5H51984,9674,ankd,ham,1984-09-19,A5H51984,0.5952380952380952,0.6296296296296297,1,0,1
10217,90,48433,chge,stewart,1989-09-21,C0S31989,50860,c,stewart,1989-02-28,C0S31989,0.775,1.0,0,1,0
10229,10228,53810,anton,anderson,1986-02-11,A5A51986,53810,anton,anderson,1986-09-11,A5A51986,1.0,1.0,0,1,1
10250,10248,53802,linette,alonso,1986-08-21,L5A41986,53802,linette,alonso,1986-08-21,L5A41986,1.0,1.0,1,1,1
10258,234,53817,james,foght,1990-01-10,J5F21990,50897,jomar,fisher,1990-06-12,J5F21990,0.6,0.5777777777777778,0,0,0
10259,10257,53817,james,b,1991-01-10,J5B01991,53817,james,bhi,1991-01-10,J5B01991,1.0,0.7999999999999999,1,1,1
10265,10263,52799,indiana,smith,1994-02-16,I5S51994,52799,indiana,smith,1994-02-16,I5S51994,1.0,1.0,1,1,1
10325,10324,53843,lorena,artstizamc,1987-06-25,L6A61987,53843,lorena,aristizabal,1987-06-25,L6A61987,1.0,0.784935064935065,1,1,1
10334,10332,53833,giovani,castano,1982-05-18,G1C21982,53833,giovani,castano,1982-05-15,G1C21982,1.0,1.0,0,1,1
10355,756,53837,roger,ay,1971-10-16,R2A01971,51048,richard,a,1971-10-19,R2A01971,0.5619047619047619,0.8500000000000001,0,0,0
10357,10356,53851,tajdrick,pratt,1994-11-27,T2P61994,53851,thj,pratt,1994-11-27,T2P61994,0.6388888888888888,1.0,1,1,1
10397,10395,53850,richard,foltz,1956-08-06,R2F41956,53850,richard,foltz,1956-08-06,R2F41956,1.0,1.0,1,1,1
10400,10398,53825,ar,morgan,1976-01-15,A6M61976,53825,arthur,morgan,1976-01-15,A6M61976,0.8222222222222222,1.0,1,1,1
10403,10401,53861,dp,coleman,1993-11-09,D1C41993,53861,dft,coleman,1993-11-09,D1C41993,0.611111111111111,1.0,1,1,1
10406,6455,53872,donny,evans,1985-09-10,D5E11985,52726,dominick,evans,1985-02-03,D5E11985,0.6583333333333333,1.0,0,0,0
10415,4651,53866,l,morales,1978-05-15,L0M61978,27663,l,martin,1978-10-29,L0M61978,1.0,0.5317460317460317,0,0,0
10496,4668,53852,mb,ii,1985-11-29,M1I01985,52219,mf,ih,1985-03-29,M1I01985,0.6666666666666666,0.6666666666666666,0,0,0
10519,10518,53870,marc,graibe,1993-08-15,M6G61993,53870,marc,graibe,1993-08-15,M6G61993,1.0,1.0,1,1,1
10559,10558,53887,jason,mills,1981-04-28,J2M41981,53887,jason,mills,1981-05-28,J2M41981,1.0,1.0,0,1,1
10564,7403,50308,kadeem,wilson,1991-09-11,K3W41991,50308,kadeem,wilson,1991-09-11,K3W41991,1.0,1.0,1,1,1
10571,10569,53894,keontrae,clarke,1994-08-13,K5C41994,53894,keontrae,clarke,1994-01-13,K5C41994,1.0,1.0,0,1,1
10580,10578,41934,miguel,ruiz,1970-09-04,M2R21970,41934,miguel,ruiz,1970-09-04,M2R21970,1.0,1.0,1,1,1
10586,10585,2305,eddie,mitchell,1990-08-23,E3M31990,2305,ed,mitchell,1990-08-29,E3M31990,0.84,1.0,0,1,1
10590,8421,53911,leonard,daley,1987-09-15,L5D41987,53279,lmeb,delsolar,1987-05-31,L5D41987,0.5952380952380952,0.5472222222222222,0,0,0
10610,10608,53907,jose,paz,1987-10-07,J2P21987,53907,jose,pjeij,1987-10-07,J2P21987,1.0,0.5111111111111111,1,1,1
10625,10623,53902,jarone,douse,1962-10-10,J6D21962,53902,jarone,douse,1962-10-13,J6D21962,1.0,1.0,0,1,1
10640,10639,53903,howell,abraham,1977-02-22,H4A11977,53903,howell,abrhn,1977-02-27,H4A11977,1.0,0.8533333333333333,0,1,1
10647,8373,53940,ricardo,mendez,1988-05-27,R2M51988,53278,raci,montefrante,1988-04-21,R2M51988,0.7964285714285714,0.4797979797979798,0,0,0
10649,8373,53940,rizq,mendez,1988-05-27,R2M51988,53278,raci,montefrante,1988-04-21,R2M51988,0.5,0.4797979797979798,0,0,0
10649,10647,53940,rizq,mendez,1988-05-27,R2M51988,53940,ricardo,mendez,1988-05-27,R2M51988,0.5952380952380952,1.0,1,1,1
10658,10657,53920,nicholas,higgins,1990-05-31,N2H21990,53920,nicholas,higgins,1990-05-21,N2H21990,1.0,1.0,0,1,1
10668,1899,53928,michael,burgess,1963-03-17,M2B61963,51364,micheal,bowers,1963-03-30,M2B61963,0.9714285714285714,0.6626984126984127,0,0,0
10668,1900,53928,michael,burgess,1963-03-17,M2B61963,51364,mnchag,bowers,1963-03-31,M2B61963,0.7714285714285715,0.6626984126984127,0,0,0
10668,8480,53928,michael,burgess,1963-03-17,M2B61963,53281,mslln,brown,1963-07-31,M2B61963,0.4476190476190476,0.5619047619047619,0,0,0
10675,10674,53953,thomas,feliciano,1981-07-18,T5F41981,53953,thomas,feliciano,1981-04-10,T5F41981,1.0,1.0,0,1,1
10715,10713,53922,jennifer,wiggs,1991-08-13,J5W21991,53922,jennifer,wiggs,1991-08-16,J5W21991,1.0,1.0,0,1,1
10725,8359,53939,jaime,a,1983-04-12,J5A01983,53268,jn,a,1983-02-17,J5A01983,0.5666666666666667,1.0,0,0,0
10730,10729,53923,wesley,st jean,1984-09-28,W2S31984,53923,wesley,st jean,1984-09-25,W2S31984,1.0,1.0,0,1,1
10762,10761,53924,adam,sc,1990-05-20,A3S01990,53924,adam,szau,1990-05-20,A3S01990,1.0,0.5833333333333334,1,1,1
10784,8040,53136,jorge,nevarez,1960-08-26,J6N11960,53136,jorge,nevarez,1960-01-23,J6N11960,1.0,1.0,0,1,1
10801,10800,53960,michael,corker,1988-09-20,M2C61988,53960,michael,corker,1988-09-20,M2C61988,1.0,1.0,1,1,1
10807,9423,53348,llrib,gayle,1994-03-04,L6G41994,53348,lorenzo,gayle,1994-03-04,L6G41994,0.5619047619047619,1.0,1,1,1
10810,8657,53347,erica,w,1989-10-13,E6W01989,53347,erica,w,1989-10-13,E6W01989,1.0,1.0,1,1,1
10811,3630,53347,f,williams,1989-10-13,F0W41989,51856,f,wlp,1989-08-23,F0W41989,1.0,0.6388888888888888,0,0,0
10817,10816,53974,dustin,sam,1971-07-21,D2S51971,53974,dustin,symonette,1971-09-21,D2S51971,1.0,0.6296296296296297,0,0,1
10925,10924,46847,jean,delevery,1988-01-14,J5D41988,46847,jean,delevery,1988-01-14,J5D41988,1.0,1.0,1,1,1
10926,1046,54010,elridge,apo,1996-12-10,E4A11996,51126,elliot,av,1996-06-20,E4A11996,0.6428571428571429,0.611111111111111,0,0,0
10961,10960,54002,daniel,williams,1991-07-17,D5W41991,54002,daniel,williams,1991-07-17,D5W41991,1.0,1.0,1,1,1
10964,10962,54007,richard,brown,1973-12-13,R2B61973,54007,richard,brown,1973-12-15,R2B61973,1.0,1.0,0,1,1
10976,10975,54011,jennifer,burke,1979-11-12,J5B61979,54011,jennifer,burke,1979-11-12,J5B61979,1.0,1.0,1,1,1
10988,5770,53996,matthew,mux,1986-09-25,M3M21986,39116,matthew,mchugh,1986-10-14,M3M21986,1.0,0.6666666666666666,0,0,0
10988,5771,53996,matthew,mux,1986-09-25,M3M21986,39116,matthew,mchugh,1986-10-14,M3M21986,1.0,0.6666666666666666,0,0,0
10996,10995,54015,hebert,petkv,1990-05-26,H1P31990,54015,hebert,petkovski,1990-05-26,H1P31990,1.0,0.9111111111111112,1,1,1
11059,11058,54040,jessica,wrzghjkutl,1991-08-21,J2W61991,54040,jessica,wrightbutler,1991-08-23,J2W61991,1.0,0.7707936507936508,0,1,1
11069,11067,54033,wallace,hurst,1951-08-23,W4H61951,54033,wallace,hurst,1951-08-23,W4H61951,1.0,1.0,1,1,1
11105,11103,44777,josue,moise,1987-03-16,J2M21987,44777,josue,moise,1987-03-16,J2M21987,1.0,1.0,1,1,1
11108,8253,54059,jessica,vghti,1980-09-16,J2V21980,53240,joshua,visbal,1980-12-08,J2V21980,0.6428571428571429,0.4555555555555555,0,0,0
11108,8255,54059,jessica,vghti,1980-09-16,J2V21980,53240,joshua,vikp,1980-12-08,J2V21980,0.6428571428571429,0.4833333333333333,0,0,0
11129,11128,53642,alexis,vidot,1987-12-03,A4V31987,53642,alexis,vidot,1987-12-03,A4V31987,1.0,1.0,1,1,1
11140,11139,36479,dale,tate,1968-05-21,D4T31968,36479,dale,tate,1968-07-21,D4T31968,1.0,1.0,0,1,1
11159,11158,34412,ieasha,forbes,1985-02-21,I2F61985,34412,ieasha,forbes,1985-02-21,I2F61985,1.0,1.0,1,1,1
11165,11164,54087,loren,moscovich,1979-07-21,L6M21979,54087,loren,moscovich,1979-07-20,L6M21979,1.0,1.0,0,1,1
11169,9787,2028,stephen,camacho,1986-11-01,S3C51986,20922,sdpy,coney,1986-08-02,S3C51986,0.5952380952380952,0.4476190476190476,0,0,0
11171,9787,2028,stephen,camacho,1986-11-05,S3C51986,20922,sdpy,coney,1986-08-02,S3C51986,0.5952380952380952,0.4476190476190476,0,0,0
11171,11169,2028,stephen,camacho,1986-11-05,S3C51986,2028,stephen,camacho,1986-11-01,S3C51986,1.0,1.0,0,1,1
11191,2080,54072,leroy,battie,1963-02-06,L6B31963,51456,lorenzo,bt,1963-01-08,L6B31963,0.7364285714285714,0.7999999999999999,0,0,0
11213,5207,54088,adboxch,maxime,1994-04-24,A3M21994,52344,adrian,mclemore,1994-06-27,A3M21994,0.5396825396825397,0.5138888888888888,0,0,0
11236,11235,29788,cyril,daniel,1955-07-11,C6D51955,29788,cyril,daniel,1955-07-31,C6D51955,1.0,1.0,0,1,1
11249,11247,54095,falisha,hall,1990-10-29,F4H41990,54095,falisha,hall,1990-12-29,F4H41990,1.0,1.0,0,1,1
11252,11250,54118,vincent,cwrjaj,1989-06-08,V5C61989,54118,vincent,carvallo,1989-06-08,V5C61989,1.0,0.5138888888888888,1,1,1
11266,11265,43301,dwayne,dwyer,1992-05-30,D5D61992,43301,dwayne,dwyer,1992-05-30,D5D61992,1.0,1.0,1,1,1
11275,11274,54101,edgar,christie,1991-09-17,E3C61991,54101,edgar,christie,1991-09-25,E3C61991,1.0,1.0,0,1,1
11278,11277,54114,kasha,v,1991-06-04,K2V01991,54114,kasha,v,1991-06-04,K2V01991,1.0,1.0,1,1,1
11314,11313,54117,cedgar,cgrz,1987-10-30,C3C61987,54117,cedgar,cart,1987-10-30,C3C61987,1.0,0.6666666666666666,1,1,1
11323,11322,32226,calvin,parker,1992-03-17,C4P61992,32226,calvin,parker,1992-05-17,C4P61992,1.0,1.0,0,1,1
11339,11338,54105,jude,ferdinand,1990-06-29,J3F61990,54105,jude,ferdinand,1990-06-29,J3F61990,1.0,1.0,1,1,1
11344,11343,54119,daniel,carvallo,1990-07-20,D5C61990,54119,daniel,carvallo,1990-01-20,D5C61990,1.0,1.0,0,1,1
11348,11346,54122,leroy,cash,1990-04-05,L6C21990,54122,leroy,cash,1990-04-05,L6C21990,1.0,1.0,1,1,1
11353,11352,54110,brandon,bechina,1993-08-24,B6B21993,54110,brandon,bechina,1993-08-24,B6B21993,1.0,1.0,1,1,1
11360,11359,54107,k,haggains,1993-04-21,K0H21993,54107,kj,haggains,1993-04-21,K0H21993,0.8500000000000001,1.0,1,1,1
11372,1452,54132,jontavis,walker,1993-12-25,J5W41993,51211,james,williams,1993-07-09,J5W41993,0.6583333333333333,0.5277777777777778,0,0,0
11389,11388,54129,philip,lawson,1963-04-13,P4L21963,54129,philip,lawson,1963-04-15,P4L21963,1.0,1.0,0,1,1
11404,11403,54130,yonnatan,coronell,1987-08-03,Y5C61987,54130,yonnatan,coronell,1987-08-03,Y5C61987,1.0,1.0,1,1,1
11417,3297,54135,sne,wree,1976-05-18,S5W61976,48340,sammy,worthy,1976-04-17,S5W61976,0.5111111111111111,0.611111111111111,0,0,0
11417,3298,54135,sne,wree,1976-05-18,S5W61976,48340,sammy,worthy,1976-04-17,S5W61976,0.5111111111111111,0.611111111111111,0,0,0
11444,11442,54144,shannon,oco,1988-11-27,S5O21988,54144,shannon,oconnor,1988-11-27,S5O21988,1.0,0.8666666666666668,1,1,1
11456,11454,54162,wez,hutchins,1988-10-23,W2H31988,54162,wcl,hutchins,1988-10-23,W2H31988,0.5555555555555555,1.0,1,1,1
11483,11482,54160,crrcaaophe,rodriguez,1985-02-14,C6R31985,54160,christopher,rodriguez,1985-02-17,C6R31985,0.7436363636363637,1.0,0,0,1
11522,2005,54166,kenkrj,wl,1994-01-15,K5W41994,51404,khameron,walls,1994-02-24,K5W41994,0.625,0.82,0,0,0
11531,10722,54173,jason,martin,1969-07-05,J2M61969,53933,jose,margarito,1969-06-17,J2M61969,0.6333333333333333,0.7925925925925926,0,0,0
11532,3438,12368,terron,simmon,1986-01-27,T6S51986,12368,terron,simmon,1986-01-27,T6S51986,1.0,1.0,1,1,1
11542,11541,54167,ronald,marcelin,1980-11-14,R5M61980,54167,ronald,marcelin,1980-11-14,R5M61980,1.0,1.0,1,1,1
11547,3127,27494,jamal,sty,1992-02-13,J5S31992,51735,james,scott,1992-04-17,J5S31992,0.8133333333333334,0.5111111111111111,0,0,0
11549,1581,27494,jamal,smart,1992-07-13,J5S51992,51247,johnnie,snipes,1992-09-14,J5S51992,0.4476190476190476,0.4555555555555555,0,0,0
11551,7086,42731,alexandra,bas,1983-09-12,A4B21983,52892,alan,bgw,1983-06-17,A4B21983,0.8518518518518519,0.5555555555555555,0,0,0
11573,99,53624,george,s,1955-09-17,G6S01955,50866,gary,s,1955-10-01,G6S01955,0.611111111111111,1.0,0,0,0
11573,100,53624,george,s,1955-09-17,G6S01955,50866,gary,suuw,1955-10-01,G6S01955,0.611111111111111,0.775,0,0,0
11580,10694,47256,je,c,1965-12-04,J0C01965,53934,j,cq,1965-07-09,J0C01965,0.8500000000000001,0.8500000000000001,0,0,0
11587,11586,54168,salvatoris,williams,1981-07-19,S4W41981,54168,salvatoris,williams,1981-07-19,S4W41981,1.0,1.0,1,1,1
11597,11596,54180,alan,darling,1969-02-28,A4D61969,54180,alan,durapn,1969-06-22,A4D61969,1.0,0.6626984126984127,0,0,1
11613,894,54170,reginald,mv,1982-12-27,R2M11982,51054,rashid,mwbznp,1982-03-25,R2M11982,0.625,0.5555555555555555,0,0,0
11622,10275,54219,jean,mrkp,1971-02-05,J5M61971,53835,james,martin,1971-10-07,J5M61971,0.6333333333333333,0.611111111111111,0,0,0
11632,11631,54196,omar,wallace,1986-07-16,O5W41986,54196,omar,wale,1986-07-14,O5W41986,1.0,0.8083333333333333,0,1,1
11638,11637,54215,nathaniel,echevarria,1995-09-12,N3E21995,54215,nathaniel,echevarria,1995-01-12,N3E21995,1.0,1.0,0,1,1
11639,11637,54215,nathaniel,echevarria,1995-01-12,N3E21995,54215,nathaniel,echevarria,1995-01-12,N3E21995,1.0,1.0,1,1,1
11639,11638,54215,nathaniel,echevarria,1995-01-12,N3E21995,54215,nathaniel,echevarria,1995-09-12,N3E21995,1.0,1.0,0,1,1
11675,7713,54195,jason,fuller,1983-11-23,J2F41983,53055,jacqueline,felix,1983-02-16,J2F41983,0.6333333333333333,0.5777777777777778,0,0,0
11680,1054,54189,pa,ragrl,1991-04-03,P0R21991,51128,pu,rasskazov,1991-08-24,P0R21991,0.6666666666666666,0.5407407407407407,0,0,0
11710,4961,52293,vashay,johnson,1994-01-21,V2J51994,52293,vashay,johnson,1994-05-21,V2J51994,1.0,1.0,0,1,1
11720,11719,53439,michael,lynch,1984-07-19,M2L51984,53439,michael,lynch,1984-07-14,M2L51984,1.0,1.0,0,1,1
11729,4961,52293,vashay,johnson,1994-09-21,V2J51994,52293,vashay,johnson,1994-05-21,V2J51994,1.0,1.0,0,1,1
11729,11710,52293,vashay,johnson,1994-09-21,V2J51994,52293,vashay,johnson,1994-01-21,V2J51994,1.0,1.0,0,1,1
11774,11772,54229,dorcas,willis,1980-08-31,D6W41980,54229,dorcas,willis,1980-08-31,D6W41980,1.0,1.0,1,1,1
11792,11791,6733,frjd,martin,1983-10-03,F6M61983,6733,fr,martin,1983-10-07,F6M61983,0.8666666666666667,1.0,0,1,1
11801,11800,54231,marcus,russell,1994-04-10,M6R21994,54231,marcus,rcir,1994-04-10,M6R21994,1.0,0.4642857142857142,1,1,1
11818,1030,54251,rose,burzachiello,1969-03-03,R2B61969,51118,rgrsny,brainard,1969-12-04,R2B61969,0.611111111111111,0.611111111111111,0,0,0
11819,1030,54251,rose,burzachiello,1969-03-03,R2B61969,51118,rgrsny,brainard,1969-12-04,R2B61969,0.611111111111111,0.611111111111111,0,0,0
11819,11818,54251,rose,burzachiello,1969-03-03,R2B61969,54251,rose,burzachiello,1969-03-03,R2B61969,1.0,1.0,1,1,1
11827,11826,53108,timothy,newson,1989-06-13,T5N21989,53108,timothy,newson,1989-06-13,T5N21989,1.0,1.0,1,1,1
11828,11826,53108,timothy,newson,1989-03-13,T5N21989,53108,timothy,newson,1989-06-13,T5N21989,1.0,1.0,0,1,1
11828,11827,53108,timothy,newson,1989-03-13,T5N21989,53108,timothy,newson,1989-06-13,T5N21989,1.0,1.0,0,1,1
11858,11857,54253,matthew,kelley,1978-09-21,M3K41978,54253,matthew,kelley,1978-09-21,M3K41978,1.0,1.0,1,1,1
11875,9106,42066,cc,gena,1990-02-22,C0G51990,53465,cs,gomez,1990-02-08,C0G51990,0.6666666666666666,0.4833333333333333,0,0,0
11894,11892,54238,jamal,rayan,1986-05-22,J5R51986,54238,jamal,rayan,1986-05-22,J5R51986,1.0,1.0,1,1,1
11910,5854,54235,victor,peralta,1978-07-07,V2P61978,52541,vkx,pierre,1978-01-06,V2P61978,0.5,0.6428571428571429,0,0,0
11911,5854,54235,victor,peralta,1978-07-07,V2P61978,52541,vkx,pierre,1978-01-06,V2P61978,0.5,0.6428571428571429,0,0,0
11911,11910,54235,victor,peralta,1978-07-07,V2P61978,54235,victor,peralta,1978-07-07,V2P61978,1.0,1.0,1,1,1
11919,2099,54295,jonathan,msqnjt,1976-08-07,J5M21976,51417,johny,mhaqt,1976-05-25,J5M21976,0.6833333333333332,0.7300000000000001,0,0,0
11920,2099,54295,jonathan,mcintyre,1976-07-09,J5M21976,51417,johny,mhaqt,1976-05-25,J5M21976,0.6833333333333332,0.5499999999999999,0,0,0
11920,11919,54295,jonathan,mcintyre,1976-07-09,J5M21976,54295,jonathan,msqnjt,1976-08-07,J5M21976,1.0,0.625,0,0,1
11924,11923,54273,reuben,billie,1987-12-22,R1B41987,54273,reuben,billie,1987-12-22,R1B41987,1.0,1.0,1,1,1
11936,11934,54290,donald,gifford,1955-05-01,D5G11955,54290,donald,gifcwo,1955-05-01,D5G11955,1.0,0.8222222222222222,1,1,1
11972,11970,54269,melissa,harris,1987-08-20,M4H61987,54269,melissa,harris,1987-08-20,M4H61987,1.0,1.0,1,1,1
11974,112,54291,christopher,skwv,1991-12-29,C6S11991,50863,charles,sf,1991-04-18,C6S11991,0.6562770562770562,0.5833333333333334,0,0,0
11975,11973,54291,christopher,uriate,1991-12-29,C6U61991,54291,christopher,uriate,1991-12-29,C6U61991,1.0,1.0,1,1,1
11977,11976,54297,wwhls,hall,1983-03-18,W4H41983,54297,willie,hall,1983-03-11,W4H41983,0.5777777777777778,1.0,0,0,1
11978,11976,54297,willie,hall,1983-02-11,W4H41983,54297,willie,hall,1983-03-11,W4H41983,1.0,1.0,0,1,1
11978,11977,54297,willie,hall,1983-02-11,W4H41983,54297,wwhls,hall,1983-03-18,W4H41983,0.5777777777777778,1.0,0,0,1
12015,10984,54270,ddwa,lca,1982-08-10,D0L21982,54005,d,lakins,1982-02-27,D0L21982,0.775,0.6666666666666666,0,0,0
12025,9605,31100,b,sxnz,1968-08-17,B0S51968,53652,b,schindler,1968-12-03,B0S51968,1.0,0.5740740740740741,0,0,0
12032,12030,35899,malcolm,turner,1992-08-05,M4T61992,35899,malcolm,turner,1992-08-05,M4T61992,1.0,1.0,1,1,1
12033,11080,54264,mikemsonn,michaud,1989-08-03,M2M21989,54042,michael,moshe-romano,1989-06-01,M2M21989,0.5873015873015873,0.5595238095238095,0,0,0
12043,12042,54296,rigoberto,aguiro-o,1961-08-06,R2A21961,54296,rigoberto,aguero-pacheco,1961-08-09,R2A21961,1.0,0.8541666666666666,0,1,1
12059,12057,54314,noel,sequeira,1949-03-21,N4S21949,54314,noel,sequeira,1949-03-29,N4S21949,1.0,1.0,0,1,1
12094,12093,44153,christopher,lewis,1991-01-24,C6L21991,44153,christopher,lewis,1991-01-24,C6L21991,1.0,1.0,1,1,1
12097,2350,54299,leonardo,ctolav,1956-07-21,L5C31956,6588,leonard,cueet,1956-08-13,L5C31956,0.975,0.4555555555555555,0,0,0
12110,12108,54301,cynthia,gray,1954-11-14,C5G61954,54301,cznz,gray,1954-11-14,C5G61954,0.5952380952380952,1.0,1,1,1
12113,12111,54309,william,davell,1990-08-28,W4D11990,54309,william,davell,1990-08-08,W4D11990,1.0,1.0,0,1,1
12119,12117,54312,christian,rivera,1991-06-04,C6R11991,54312,chriz,rivera,1991-06-04,C6R11991,0.8488888888888889,1.0,1,1,1
12131,12129,39731,michael,folwer,1992-11-06,M2F41992,39731,michael,folwer,1992-11-06,M2F41992,1.0,1.0,1,1,1
12136,12135,46244,stephanie,johnson,1962-05-19,S3J51962,46244,stephanie,johnson,1962-05-19,S3J51962,1.0,1.0,1,1,1
12143,12141,3523,armond,stephens,1983-07-21,A6S31983,3523,armond,stephens,1983-09-23,A6S31983,1.0,1.0,0,1,1
12155,12153,7258,larry,boyd,1953-04-08,L6B31953,7258,larry,boyd,1953-04-08,L6B31953,1.0,1.0,1,1,1
12175,12174,54324,jimmy,tkusv,1984-05-21,J5T21984,54324,jimmy,toussaint,1984-05-21,J5T21984,1.0,0.6444444444444445,1,1,1
12176,11788,54324,j,twu,1984-05-21,J0T01984,38573,jji,t,1984-09-28,J0T01984,0.7999999999999999,0.7999999999999999,0,0,0
12195,8352,11743,lqgj,wtr,1988-06-09,L2W31988,53226,lj,white,1988-06-25,L2W31988,0.5833333333333334,0.5111111111111111,0,0,0
12200,12199,44864,christopher,meadows,1983-09-22,C6M31983,44864,chrik,meadows,1983-09-22,C6M31983,0.8327272727272728,1.0,1,1,1
12203,12201,54323,paul,henderson,1970-07-11,P4H51970,54323,paul,henderson,1970-07-11,P4H51970,1.0,1.0,1,1,1
12213,10155,54336,john,pitre,1990-01-19,J5P31990,45420,jen,peterson,1990-04-20,J5P31990,0.75,0.6833333333333332,0,0,0
12214,10155,54336,john,pitre,1990-01-19,J5P31990,45420,jen,peterson,1990-04-20,J5P31990,0.75,0.6833333333333332,0,0,0
12214,12213,54336,john,pitre,1990-01-19,J5P31990,54336,john,pitre,1990-01-19,J5P31990,1.0,1.0,1,1,1
12219,6132,52839,cx,vst,1989-10-05,C0V21989,52017,c,vasquez,1989-05-16,C0V21989,0.8500000000000001,0.6507936507936508,0,0,0
12221,12220,52839,james,upp,1989-10-05,J5U11989,52839,james,upp,1989-10-05,J5U11989,1.0,1.0,1,1,1
12232,418,17015,shenard,bristol,1989-12-11,S5B61989,50947,shantoya,brown,1989-08-14,S5B61989,0.6071428571428571,0.5619047619047619,0,0,0
12232,3962,17015,shenard,bristol,1989-12-11,S5B61989,52020,sonia,burca,1989-06-20,S5B61989,0.6761904761904761,0.5619047619047619,0,0,0
12233,418,17015,shenard,bristol,1989-12-11,S5B61989,50947,shantoya,brown,1989-08-14,S5B61989,0.6071428571428571,0.5619047619047619,0,0,0
12233,3962,17015,shenard,bristol,1989-12-11,S5B61989,52020,sonia,burca,1989-06-20,S5B61989,0.6761904761904761,0.5619047619047619,0,0,0
12233,12232,17015,shenard,bristol,1989-12-11,S5B61989,17015,shenard,bristol,1989-12-11,S5B61989,1.0,1.0,1,1,1
12254,12253,54349,maricela,sarmiento,1976-12-21,M6S61976,54349,maricela,sarmiento,1976-10-21,M6S61976,1.0,1.0,0,1,1
12259,12258,54360,jaqua,cwwdil,1984-02-24,J2C31984,54360,jaqua,chd,1984-02-29,J2C31984,1.0,0.6666666666666666,0,0,1
12280,12279,54355,pedro,lopez-gaya,1966-06-16,P3L11966,54355,pedro,lopez-gaya,1966-06-12,P3L11966,1.0,1.0,0,1,1
12286,12285,17027,glenardo,stubbs,1979-03-14,G4S31979,17027,glenardo,stubbs,1979-03-14,G4S31979,1.0,1.0,1,1,1
12299,12297,54361,stephanie,jacobs,1995-01-06,S3J21995,54361,stfyw,jacobs,1995-01-06,S3J21995,0.5407407407407407,1.0,1,1,1
12304,12303,40644,isadore,tom,1953-10-18,I2T51953,40644,isadore,tomselli,1953-10-18,I2T51953,1.0,0.8541666666666666,1,1,1
12314,12312,48594,diego,queiroz,1988-06-10,D2Q61988,48594,diego,queiroz,1988-07-10,D2Q61988,1.0,1.0,0,1,1
12331,12330,12528,latta,mcdonald,1991-10-27,L3M21991,12528,latta,mcdonald,1991-10-22,L3M21991,1.0,1.0,0,1,1
12332,12330,12528,latta,mcdonald,1991-10-28,L3M21991,12528,latta,mcdonald,1991-10-22,L3M21991,1.0,1.0,0,1,1
12332,12331,12528,latta,mcdonald,1991-10-28,L3M21991,12528,latta,mcdonald,1991-10-27,L3M21991,1.0,1.0,0,1,1
12341,12339,54363,tyrie,walker,1994-08-25,T6W41994,54363,tyrie,walker,1994-01-27,T6W41994,1.0,1.0,0,1,1
12362,3229,54375,carla,dy,1979-08-05,C6D01979,51776,christopher,d,1979-06-22,C6D01979,0.5272727272727272,0.8500000000000001,0,0,0
12366,7968,53139,steven,merson,1953-05-08,S3M61953,53139,steven,merson,1953-05-01,S3M61953,1.0,1.0,0,1,1
12401,7530,40911,degarrian,glass,1978-03-19,D2G41978,24152,douglas,golding,1978-05-02,D2G41978,0.5873015873015873,0.5619047619047619,0,0,0
12414,2920,30938,anthony,west,1992-10-23,A5W21992,30938,anthony,west,1992-10-13,A5W21992,1.0,1.0,0,1,1
12416,2920,30938,anthony,west,1992-10-13,A5W21992,30938,anthony,west,1992-10-13,A5W21992,1.0,1.0,1,1,1
12416,12414,30938,anthony,west,1992-10-13,A5W21992,30938,anthony,west,1992-10-23,A5W21992,1.0,1.0,0,1,1
12427,11080,42622,msw,mccullough,1989-01-02,M2M21989,54042,michael,moshe-romano,1989-06-01,M2M21989,0.4920634920634921,0.4555555555555555,0,0,0
12427,12033,42622,msw,mccullough,1989-01-02,M2M21989,54264,mikemsonn,michaud,1989-08-03,M2M21989,0.4814814814814814,0.5761904761904763,0,0,0
12437,12436,51191,jameel,brinson,1993-02-18,J5B61993,51191,jameel,brinson,1993-09-18,J5B61993,1.0,1.0,0,1,1
12448,12447,52166,nicole,henderson,1981-02-07,N2H51981,52166,nicole,henderson,1981-02-07,N2H51981,1.0,1.0,1,1,1
12457,12456,54387,ronald,wilson,1959-07-03,R5W41959,54387,ronald,wilson,1959-07-03,R5W41959,1.0,1.0,1,1,1
12464,12462,3467,jermaine,js,1985-06-03,J6J01985,3467,jermaine,ja,1985-06-23,J6J01985,1.0,0.6666666666666666,0,0,1
12467,12465,54416,walter,hammock,1962-03-23,W4H51962,54416,walter,hammock,1962-03-23,W4H51962,1.0,1.0,1,1,1
12496,12495,54422,aneta,chb,1974-07-24,A5C11974,54422,aneta,chepinska,1974-07-24,A5C11974,1.0,0.6296296296296297,1,1,1
12511,12510,54413,leonel,celwns,1966-03-23,L5C41966,54413,leonel,collazo,1966-01-23,L5C41966,1.0,0.5396825396825397,0,0,1
12521,12520,24814,abimael,aguilar,1980-05-27,A1A21980,24814,abimael,aguilar,1980-05-27,A1A21980,1.0,1.0,1,1,1
12548,12547,54408,ashley,rivera,1991-08-31,A2R11991,54408,aqhnl,rivera,1991-08-31,A2R11991,0.7300000000000001,1.0,1,1,1
12578,12576,47312,keevin,walcott,1994-03-27,K1W41994,47312,keevin,walcott,1994-09-27,K1W41994,1.0,1.0,0,1,1
12586,12585,54423,georges,murcegru,1960-05-30,G6M61960,54423,georges,marcellus,1960-07-30,G6M61960,1.0,0.7541666666666665,0,0,1
12608,12606,6594,marco,mcburrows,1979-08-12,M6M21979,6594,marco,mcburrows,1979-08-12,M6M21979,1.0,1.0,1,1,1
12643,12642,47819,christopher,anchia,1987-11-16,C6A51987,47819,christopher,anchia,1987-11-16,C6A51987,1.0,1.0,1,1,1
12713,12711,27310,george,garcia,1988-09-07,G6G61988,27310,george,garcia,1988-09-27,G6G61988,1.0,1.0,0,1,1
12722,8418,54449,myra,santiago,1981-10-06,M6S51981,53274,mark,smith,1981-02-24,M6S51981,0.6666666666666666,0.5472222222222222,0,0,0
12730,12729,8915,derrick,powell,1979-07-15,D6P41979,8915,derrick,powell,1979-07-15,D6P41979,1.0,1.0,1,1,1
12748,12747,54457,rashid,barrett,1988-01-08,R2B61988,54457,rashid,barrett,1988-01-08,R2B61988,1.0,1.0,1,1,1
12757,1537,54460,roberto,rodriguez,1958-12-24,R1R31958,51268,robpji,rodriguez,1958-07-17,R1R31958,0.6428571428571429,1.0,0,0,0
12767,12765,54477,thomas,malfe,1954-08-28,T5M41954,54477,thomas,malfe,1954-08-08,T5M41954,1.0,1.0,0,1,1
12776,12775,52713,joshua,soden,1987-10-01,J2S31987,52713,joshua,soden,1987-10-01,J2S31987,1.0,1.0,1,1,1
12783,4469,52140,robert,vaughn,1980-07-25,R1V21980,52140,robert,vaughn,1980-07-25,R1V21980,1.0,1.0,1,1,1
12795,2089,5287,crystal,melville,1985-09-18,C6M41985,51448,carlos,molina,1985-02-19,C6M41985,0.6428571428571429,0.625,0,0,0
12795,2090,5287,crystal,melville,1985-09-18,C6M41985,51448,carlos,molina,1985-02-19,C6M41985,0.6428571428571429,0.625,0,0,0
12796,2089,5287,crystal,melville,1985-09-18,C6M41985,51448,carlos,molina,1985-02-19,C6M41985,0.6428571428571429,0.625,0,0,0
12796,2090,5287,crystal,melville,1985-09-18,C6M41985,51448,carlos,molina,1985-02-19,C6M41985,0.6428571428571429,0.625,0,0,0
12796,12795,5287,crystal,melville,1985-09-18,C6M41985,5287,crystal,melville,1985-09-18,C6M41985,1.0,1.0,1,1,1
12818,12816,35385,billy,johnson,1931-01-18,B4J51931,35385,billy,johnson,1931-01-18,B4J51931,1.0,1.0,1,1,1
12836,12835,54463,timothy,thompson,1955-11-07,T5T51955,54463,timothy,thompson,1955-11-07,T5T51955,1.0,1.0,1,1,1
12863,12861,54485,joadny,espinal,1994-01-31,J3E21994,54485,joadny,espinal,1994-01-31,J3E21994,1.0,1.0,1,1,1
12878,12876,54490,mckenzy,bienaime,1984-02-08,M2B51984,54490,mckenzy,bienaime,1984-05-08,M2B51984,1.0,1.0,0,1,1
12915,4389,54493,vincent,moorman,1991-03-05,V5M61991,27690,vincent,moorman,1991-09-05,V5M61991,1.0,1.0,0,1,0
12929,12928,54518,teresa,hoagland,1969-03-04,T6H21969,54518,teresa,hoagland,1969-03-04,T6H21969,1.0,1.0,1,1,1
12941,12939,47826,ahmad,bowleg,1987-03-25,A5B41987,47826,ahmad,bowleg,1987-03-25,A5B41987,1.0,1.0,1,1,1
12944,12943,54509,miesha,mills,1988-04-29,M2M41988,54509,miesha,mills,1988-04-29,M2M41988,1.0,1.0,1,1,1
12955,12954,54506,gerald,dessyaino,1992-02-18,G6D21992,54506,gerald,dessalines,1992-02-18,G6D21992,1.0,0.8955555555555555,1,1,1
12956,12954,54506,gerald,dessalines,1992-02-18,G6D21992,54506,gerald,dessalines,1992-02-18,G6D21992,1.0,1.0,1,1,1
12956,12955,54506,gerald,dessalines,1992-02-18,G6D21992,54506,gerald,dessyaino,1992-02-18,G6D21992,1.0,0.8955555555555555,1,1,1
12979,12978,6427,corey,irvin,1989-11-12,C6I61989,6427,corey,irvin,1989-11-02,C6I61989,1.0,1.0,0,1,1
12988,12987,54532,trehx,parker,1986-04-23,T6P61986,54532,trevor,parker,1986-04-23,T6P61986,0.79,1.0,1,1,1
12989,12987,54532,trevor,parker,1986-04-23,T6P61986,54532,trevor,parker,1986-04-23,T6P61986,1.0,1.0,1,1,1
12989,12988,54532,trevor,parker,1986-04-23,T6P61986,54532,trehx,parker,1986-04-23,T6P61986,0.79,1.0,1,1,1
13021,13020,27748,david,randall,1983-03-20,D1R51983,27748,david,randall,1983-03-20,D1R51983,1.0,1.0,1,1,1
13022,13020,27748,david,randall,1983-03-21,D1R51983,27748,david,randall,1983-03-20,D1R51983,1.0,1.0,0,1,1
13022,13021,27748,david,randall,1983-03-21,D1R51983,27748,david,randall,1983-03-20,D1R51983,1.0,1.0,0,1,1
13064,13062,35907,miguel,salazarav,1991-09-06,M2S41991,35907,miguel,salazaruvemla,1991-09-08,M2S41991,1.0,0.9162393162393162,0,1,1
13082,13081,54526,sarah,seiler,1990-03-29,S6S41990,54526,sarah,seiler,1990-03-29,S6S41990,1.0,1.0,1,1,1
13102,7329,54583,christopher,wd,1976-01-31,C6W31976,52982,carmen,white,1976-11-12,C6W31976,0.5050505050505051,0.5666666666666667,0,0,0
13143,8128,54558,bryeon,mack,1994-08-06,B6M21994,53187,brittney,mason,1994-10-19,B6M21994,0.6388888888888888,0.6333333333333333,0,0,0
13145,8622,54558,bryeon,mack,1984-06-06,B6M21984,53354,brandon,mcneil,1984-11-30,B6M21984,0.6626984126984127,0.611111111111111,0,0,0
13151,13149,13745,ricky,tutes,1956-07-21,R2T31956,13745,ricky,tutes,1956-07-21,R2T31956,1.0,1.0,1,1,1
13172,13171,34167,derrick,foster,1992-10-07,D6F21992,34167,derrick,foster,1992-11-07,D6F21992,1.0,1.0,0,1,1
13187,13186,54565,pablo,abreu,1979-04-20,P1A11979,54565,pablo,abreu,1979-04-20,P1A11979,1.0,1.0,1,1,1
13194,2532,51560,majorie,pierre,1982-10-09,M2P61982,51560,majorie,pierre,1982-10-09,M2P61982,1.0,1.0,1,1,1
13195,2532,51560,mjsoti,pierre,1982-10-09,M2P61982,51560,majorie,pierre,1982-10-09,M2P61982,0.7714285714285715,1.0,1,1,1
13195,13194,51560,mjsoti,pierre,1982-10-09,M2P61982,51560,majorie,pierre,1982-10-09,M2P61982,0.7714285714285715,1.0,1,1,1
13198,13197,54559,tyophi,clay,1990-10-17,T1C41990,54559,tyophi,clay,1990-10-17,T1C41990,1.0,1.0,1,1,1
13213,1926,54606,hndhvc,bryson,1993-05-12,H5B61993,51376,henry,brand,1993-11-15,H5B61993,0.5777777777777778,0.76,0,0,0
13213,1928,54606,hndhvc,bryson,1993-05-12,H5B61993,51376,henry,brand,1993-11-15,H5B61993,0.5777777777777778,0.76,0,0,0
13216,13215,54603,johy,rodriguez,1979-12-21,J0R31979,54603,johy,rodriguez,1979-12-21,J0R31979,1.0,1.0,1,1,1
13247,13246,54619,pawel,dane,1987-06-05,P4D51987,54619,pawel,danelczyk,1987-06-05,P4D51987,1.0,0.888888888888889,1,1,1
13260,11481,5390,carl,rsax,1985-09-03,C6R21985,54160,chrs,rsdcik,1985-02-13,C6R21985,0.6666666666666666,0.611111111111111,0,0,0
13273,840,54602,michael,ard,1990-05-15,M2A61990,51061,michael,aars,1990-05-02,M2A61990,1.0,0.75,0,0,0
13301,13300,10752,ras,dylan,1987-06-01,R2D41987,10752,ras,dylan,1987-06-01,R2D41987,1.0,1.0,1,1,1
13315,10786,54639,joseph,falcon,1984-06-29,J2F41984,53976,joseph,falcone,1984-12-09,J2F41984,1.0,0.9714285714285714,0,1,0
13316,6959,54639,j,njll,1984-06-29,J0N21984,52859,joo,ncew,1984-06-16,J0N21984,0.7999999999999999,0.5,0,0,0
13324,6622,52758,kimoy,cam,1991-09-19,K5C51991,52758,kimoy,campbell,1991-09-19,K5C51991,1.0,0.8541666666666666,1,1,1
13349,13348,43470,rivelino,lewis,1993-10-19,R1L21993,43470,rivelino,lewis,1993-10-19,R1L21993,1.0,1.0,1,1,1
13360,13359,8641,christopher,mejia,1991-07-08,C6M21991,8641,christopher,mejia,1991-07-08,C6M21991,1.0,1.0,1,1,1
13416,12069,54304,peter,chovan,1957-10-15,P3C11957,54304,peter,chovan,1957-10-10,P3C11957,1.0,1.0,0,1,1
13440,1666,2203,ta,barrett,1989-09-13,T0B61989,51292,ty,brown,1989-08-31,T0B61989,0.6666666666666666,0.5619047619047619,0,0,0
13440,1667,2203,ta,barrett,1989-09-13,T0B61989,51292,t,brown,1989-08-31,T0B61989,0.8500000000000001,0.5619047619047619,0,0,0
13466,13465,54656,b,reyes,1985-12-19,B0R21985,54656,bb,reyes,1985-12-19,B0R21985,0.8500000000000001,1.0,1,1,1
13476,2993,54677,ogt,desarme,1990-03-28,O2D21990,30512,oclqvl,dk,1990-01-31,O2D21990,0.5,0.5476190476190476,0,0,0
13493,13491,40528,marcelino,figueroa,1973-10-22,M6F21973,40528,marcelino,figueroa,1973-10-25,M6F21973,1.0,1.0,0,1,1
13501,13500,54679,eric,schnupp,1977-03-24,E6S51977,54679,eric,schnupp,1977-03-24,E6S51977,1.0,1.0,1,1,1
13502,13500,54679,eric,schnupp,1977-03-24,E6S51977,54679,eric,schnupp,1977-03-24,E6S51977,1.0,1.0,1,1,1
13502,13501,54679,eric,schnupp,1977-03-24,E6S51977,54679,eric,schnupp,1977-03-24,E6S51977,1.0,1.0,1,1,1
13520,13518,54667,ciro,kuang,1965-02-15,C6K51965,54667,ciro,kuang,1965-02-15,C6K51965,1.0,1.0,1,1,1
13535,13533,54676,dwayne,means,1992-10-30,D5M51992,54676,dwayne,means,1992-10-30,D5M51992,1.0,1.0,1,1,1
13540,13539,54671,almhan,vega,1994-07-15,A4V21994,54671,alexander,vega,1994-07-15,A4V21994,0.762962962962963,1.0,1,1,1
13542,9500,54685,francisco,tglk,1982-11-13,F6T21982,36713,frederick,tjr,1982-10-25,F6T21982,0.5462962962962963,0.5277777777777778,0,0,0
13559,1237,54670,sevr,brevett,1993-12-20,S1B61993,51195,ssuprmtt,brown,1993-10-07,S1B61993,0.5833333333333334,0.5619047619047619,0,0,0
13561,13560,54682,cythia,jacobs,1985-04-30,C3J21985,54682,cythia,jacobs,1985-04-30,C3J21985,1.0,1.0,1,1,1
13562,13560,54682,cythia,jacobs,1985-03-30,C3J21985,54682,cythia,jacobs,1985-04-30,C3J21985,1.0,1.0,0,1,1
13562,13561,54682,cythia,jacobs,1985-03-30,C3J21985,54682,cythia,jacobs,1985-04-30,C3J21985,1.0,1.0,0,1,1
13594,2117,54672,nikevis,mitchell,1986-05-07,N2M31986,51432,nkmr,md,1986-11-21,N2M31986,0.5952380952380952,0.5416666666666666,0,0,0
13608,10746,53927,ryan,chambers,1985-08-01,R5C51985,53927,ryan,chambers,1985-08-01,R5C51985,1.0,1.0,1,1,1
13616,13614,38514,moses,marcelin,1980-10-22,M2M61980,38514,moses,marcelin,1980-10-20,M2M61980,1.0,1.0,0,1,1
13634,13633,54706,patricio,regaldo,1965-10-20,P3R21965,54706,patricio,regaldo,1965-10-20,P3R21965,1.0,1.0,1,1,1
13637,13636,54701,ashley,morant,1990-09-10,A2M61990,54701,as,morant,1990-09-13,A2M61990,0.8222222222222222,1.0,0,1,1
13667,13666,11077,gregory,white,1964-04-09,G6W31964,11077,gregory,white,1964-04-09,G6W31964,1.0,1.0,1,1,1
13672,13671,54729,gorvens,sene,1983-02-23,G6S51983,54729,gorvens,sene,1983-02-23,G6S51983,1.0,1.0,1,1,1
13709,13707,54748,julio,rodrikcg,1969-07-07,J4R31969,54748,julio,rodriguezcruz,1969-07-07,J4R31969,1.0,0.8541208791208791,1,1,1
13724,12358,22888,ef,glinton,1987-04-26,E1G41987,54374,ebh,glz,1987-08-29,E1G41987,0.611111111111111,0.6507936507936508,0,0,0
13732,13731,22507,scotty,golden,1975-02-04,S3G41975,22507,scotty,golden,1975-03-04,S3G41975,1.0,1.0,0,1,1
13828,13827,54776,hugh,rowe,1981-01-20,H2R01981,54776,hugh,rowe,1981-01-20,H2R01981,1.0,1.0,1,1,1
13843,12841,54783,joffre,tello,1995-04-24,J1T41995,54465,jp,telsaint,1995-04-22,J1T41995,0.5555555555555555,0.6583333333333333,0,0,0
13847,6228,54653,tyrone,ja,1982-09-04,T6J01982,45569,terrance,jh,1982-11-19,T6J01982,0.75,0.6666666666666666,0,0,0
13879,11983,39749,terry,williams,1992-09-29,T6W41992,54282,tremaine,williams,1992-06-25,T6W41992,0.5472222222222222,1.0,0,0,0
13880,1908,39749,terry,weslia,1992-09-29,T6W21992,51365,terrtzni,wxwii,1992-03-24,T6W21992,0.86,0.5777777777777778,0,0,0
13882,3724,54188,jegw,mccall,1975-04-09,J2M21975,51928,joseph,musgrave,1975-03-08,J2M21975,0.611111111111111,0.5277777777777778,0,0,0
13883,3724,54188,juzek,mccall,1975-04-09,J2M21975,51928,joseph,musgrave,1975-03-08,J2M21975,0.5777777777777778,0.5277777777777778,0,0,0
13883,13882,54188,juzek,mccall,1975-04-09,J2M21975,54188,jegw,mccall,1975-04-09,J2M21975,0.4833333333333333,1.0,1,1,1
13923,12394,54366,ruth,fullerton,1978-07-15,R3F41978,54366,ruth,fullerton,1978-07-13,R3F41978,1.0,1.0,0,1,1
13925,12394,54366,ruth,fullerton,1978-07-13,R3F41978,54366,ruth,fullerton,1978-07-13,R3F41978,1.0,1.0,1,1,1
13925,13923,54366,ruth,fullerton,1978-07-13,R3F41978,54366,ruth,fullerton,1978-07-15,R3F41978,1.0,1.0,0,1,1
13955,13954,54821,lancy,duggins,1958-12-27,L5D21958,54821,lancy,duggins,1958-12-27,L5D21958,1.0,1.0,1,1,1
13963,13615,54808,michael,a,1980-06-08,M2A01980,38514,moses,aaehe,1980-10-20,M2A01980,0.5619047619047619,0.76,0,0,0
13979,13977,54818,gary,tillman,1968-12-14,G6T41968,54818,gary,tillman,1968-12-16,G6T41968,1.0,1.0,0,1,1
13996,11555,54802,jennifer,mclau,1975-07-16,J5M21975,54188,jemeil,mccall,1975-04-09,J5M21975,0.6388888888888888,0.7911111111111111,0,0,0
13997,576,54802,jennifer,mclaughlin,1985-07-11,J5M21985,50983,johnny,masses,1985-03-20,J5M21985,0.625,0.5111111111111111,0,0,0
14005,285,54793,justin,bird,1994-06-20,J2B61994,50920,justin,brown,1994-06-17,J2B61994,1.0,0.6333333333333333,0,0,0
14017,14016,2160,jordan,moody,1990-11-08,J6M31990,2160,jordan,moody,1990-11-08,J6M31990,1.0,1.0,1,1,1
14029,14028,54825,john,intindola,1982-08-03,J5I51982,54825,john,intindola,1982-08-03,J5I51982,1.0,1.0,1,1,1
14035,14034,54862,marquez,simon,1992-11-23,M6S51992,54862,marquez,simon,1992-11-23,M6S51992,1.0,1.0,1,1,1
14047,14046,54850,henry,deroche,1956-10-22,H5D61956,54850,henry,deroche,1956-10-22,H5D61956,1.0,1.0,1,1,1
14062,14061,54835,johnnie,robinson,1971-08-19,J5R11971,54835,johnnie,robinson,1971-08-19,J5R11971,1.0,1.0,1,1,1
14114,14113,47480,patrick,mo,1985-05-14,P3M01985,47480,patrick,m,1985-05-14,P3M01985,1.0,0.8500000000000001,1,1,1
14115,9197,54861,joseph,dws,1965-12-10,J2D21965,53476,jose,diycn,1965-06-29,J2D21965,0.9333333333333332,0.5111111111111111,0,0,0
14140,14139,54836,cecs,acevedo,1995-02-26,C2A21995,54836,chasity,ahxv,1995-02-26,C2A21995,0.5952380952380952,0.5952380952380952,1,0,1
14141,14139,54836,chasity,acevedo,1995-09-26,C2A21995,54836,chasity,ahxv,1995-02-26,C2A21995,1.0,0.5952380952380952,0,0,1
14141,14140,54836,chasity,acevedo,1995-09-26,C2A21995,54836,cecs,acevedo,1995-02-26,C2A21995,0.5952380952380952,1.0,0,0,1
14147,13481,54852,fxv,davis,1981-11-15,F2D11981,51402,fajk,dvao,1981-04-17,F2D11981,0.5277777777777778,0.6722222222222222,0,0,0
14153,14151,22752,valdyn,issac,1985-07-31,V4I21985,22752,valdyn,issac,1985-07-31,V4I21985,1.0,1.0,1,1,1
14190,8031,54883,michael,chnvdi,1987-07-12,M2C51987,53151,mxcw,campbell,1987-09-08,M2C51987,0.5952380952380952,0.4305555555555555,0,0,0
14191,8031,54883,mjcaw,cunningham,1987-07-17,M2C51987,53151,mxcw,campbell,1987-09-08,M2C51987,0.8049999999999999,0.4083333333333334,0,0,0
14191,14190,54883,mjcaw,cunningham,1987-07-17,M2C51987,54883,michael,chnvdi,1987-07-12,M2C51987,0.6761904761904761,0.6,0,0,1
14195,14193,54868,keaira,meilleur,1992-07-28,K6M41992,54868,keaira,meilleur,1992-07-28,K6M41992,1.0,1.0,1,1,1
14204,1879,9825,jamaal,murray,1984-06-04,J5M61984,1307,juan,marroquinpascacio,1984-06-01,J5M61984,0.611111111111111,0.642483660130719,0,0,0
14206,886,1306,dekrtc,knight,1975-09-17,D2K51975,51060,dhcnr,kaonh,1975-11-12,D2K51975,0.5777777777777778,0.7300000000000001,0,0,0
14206,5284,1306,dekrtc,knight,1975-09-17,D2K51975,51761,dsuqid,knight,1975-05-06,D2K51975,0.4444444444444444,1.0,0,0,0
14208,11932,54271,cynthia,stone,1970-05-27,C5S31970,54271,cynthia,stone,1970-05-17,C5S31970,1.0,1.0,0,1,1
14211,4378,54877,n,whzalu,1981-03-17,N0W21981,52097,nni,wgiyr,1981-08-09,N0W21981,0.7999999999999999,0.4555555555555555,0,0,0
14277,3078,1116,james,aar,1977-11-20,J5A61977,42247,jm,ar,1977-09-08,J5A61977,0.82,0.611111111111111,0,0,0
14294,7609,54866,s,bergman,1958-01-31,S0B61958,53051,sq,burdge,1958-01-14,S0B61958,0.8500000000000001,0.6428571428571429,0,0,0
14316,10024,54893,andrew,cruz-neves,1992-05-24,A5C61992,53768,andreina,cruz,1992-10-13,A5C61992,0.8916666666666667,0.88,0,1,0
14318,10024,54893,andrew,cruz-neves,1992-05-20,A5C61992,53768,andreina,cruz,1992-10-13,A5C61992,0.8916666666666667,0.88,0,1,0
14318,14316,54893,andrew,cruz-neves,1992-05-20,A5C61992,54893,andrew,cruz-neves,1992-05-24,A5C61992,1.0,1.0,0,1,1
14327,14325,53836,claudel,galette,1972-05-15,C4G41972,53836,claudel,galette,1972-05-15,C4G41972,1.0,1.0,1,1,1
14343,4967,36402,anthony,mcdy,1978-08-19,A5M21978,52285,antwon,major,1978-02-15,A5M21978,0.8944444444444445,0.4833333333333333,0,0,0
14348,14347,13385,allen,killings,1975-09-27,A4K41975,13385,allen,killings,1975-09-27,A4K41975,1.0,1.0,1,1,1
14360,14358,54902,robert,reed,1972-02-17,R1R31972,54902,robert,reed,1972-02-17,R1R31972,1.0,1.0,1,1,1
14363,14361,54904,gerald,williams,1967-10-15,G6W41967,54904,gerald,williams,1967-10-15,G6W41967,1.0,1.0,1,1,1
14383,14382,54914,benedictihe,rodrtzn,1963-05-03,B5R31963,54914,benedictihe,rodrigues,1963-05-06,B5R31963,1.0,0.671957671957672,0,0,1
14384,14382,54914,benedictihe,rodrigues,1963-05-06,B5R31963,54914,benedictihe,rodrigues,1963-05-06,B5R31963,1.0,1.0,1,1,1
14384,14383,54914,benedictihe,rodrigues,1963-05-06,B5R31963,54914,benedictihe,rodrtzn,1963-05-03,B5R31963,1.0,0.671957671957672,0,0,1
14399,5778,44649,deanna,rodriguez,1987-12-27,D5R31987,44649,deanna,rodriguez,1987-12-27,D5R31987,1.0,1.0,1,1,1
14399,5780,44649,deanna,rodriguez,1987-12-27,D5R31987,44649,deanna,rodriguez,1987-11-27,D5R31987,1.0,1.0,0,1,1
14408,14407,54918,giovanni,crisan,1978-11-18,G1C61978,54918,giovanni,crisan,1978-11-11,G1C61978,1.0,1.0,0,1,1
14410,14409,54923,sean,foley,1991-02-22,S5F41991,54923,sean,foley,1991-02-22,S5F41991,1.0,1.0,1,1,1
14437,14436,54920,taneka,dean,1978-09-08,T5D51978,54920,taneka,dean,1978-09-08,T5D51978,1.0,1.0,1,1,1
14438,14436,54920,taneka,dean,1978-09-08,T5D51978,54920,taneka,dean,1978-09-08,T5D51978,1.0,1.0,1,1,1
14438,14437,54920,taneka,dean,1978-09-08,T5D51978,54920,taneka,dean,1978-09-08,T5D51978,1.0,1.0,1,1,1
14442,10107,54919,olden,mcixn,1982-03-07,O4M21982,46035,olden,mckinnes,1982-03-07,O4M21982,1.0,0.8133333333333332,1,1,0
14442,10108,54919,olden,mcixn,1982-03-07,O4M21982,46035,olden,mckinnes,1982-03-07,O4M21982,1.0,0.8133333333333332,1,1,0
14450,14449,12333,victor,rodriguez,1981-03-13,V2R31981,12333,victor,rodriguez,1981-03-13,V2R31981,1.0,1.0,1,1,1
14457,418,54948,siham,berab,1989-04-25,S5B61989,50947,shantoya,brown,1989-08-14,S5B61989,0.6583333333333333,0.6,0,0,0
14457,3962,54948,siham,berab,1989-04-25,S5B61989,52020,sonia,burca,1989-06-20,S5B61989,0.6,0.76,0,0,0
14457,12232,54948,siham,berab,1989-04-25,S5B61989,17015,shenard,bristol,1989-12-11,S5B61989,0.6761904761904761,0.5619047619047619,0,0,0
14457,12233,54948,siham,berab,1989-04-25,S5B61989,17015,shenard,bristol,1989-12-11,S5B61989,0.6761904761904761,0.5619047619047619,0,0,0
14471,8556,54927,cyfb,arut,1991-07-30,C1A61991,53316,czcbke,aragon,1991-04-05,C1A61991,0.611111111111111,0.611111111111111,0,0,0
14473,14472,54931,marie,hmmiye,1957-07-25,M6H51957,54931,marie,hamilton,1957-07-25,M6H51957,1.0,0.625,1,1,1
14487,5509,52435,ckr,hays,1978-07-14,C6H21978,52435,cortney,hays,1978-07-14,C6H21978,0.6507936507936508,1.0,1,1,1
14488,5509,52435,cortney,hays,1978-07-14,C6H21978,52435,cortney,hays,1978-07-14,C6H21978,1.0,1.0,1,1,1
14488,14487,52435,cortney,hays,1978-07-14,C6H21978,52435,ckr,hays,1978-07-14,C6H21978,0.6507936507936508,1.0,1,1,1
14494,14493,41454,larry,dieuveut,1991-02-27,L6D11991,41454,larry,dieuveut,1991-02-27,L6D11991,1.0,1.0,1,1,1
14495,14493,41454,larry,diiyve,1991-02-27,L6D11991,41454,larry,dieuveut,1991-02-27,L6D11991,1.0,0.6388888888888888,1,1,1
14495,14494,41454,larry,diiyve,1991-02-27,L6D11991,41454,larry,dieuveut,1991-02-27,L6D11991,1.0,0.6388888888888888,1,1,1
14496,14463,54928,justin,fvg,1991-01-26,J2F21991,25778,joshua,fgazwl,1991-04-21,J2F21991,0.5555555555555555,0.6666666666666666,0,0,0
14503,12402,54938,rafael,rossi,1990-04-08,R1R21990,50923,rhvqi,rsah,1990-07-05,R1R21990,0.4555555555555555,0.6333333333333333,0,0,0
14505,12779,54947,yccw,st. surin,1987-02-27,Y2S31987,52713,yklru,soden,1987-10-01,Y2S31987,0.4833333333333333,0.437037037037037,0,0,0
14511,2137,54940,r,michel,1960-09-15,R0M21960,51419,r,muzzi,1960-09-02,R0M21960,1.0,0.4555555555555555,0,0,0
14512,10459,54940,jean,michel,1960-02-15,J5M21960,53881,jm,mccarthy,1960-01-25,J5M21960,0.5833333333333334,0.625,0,0,0
14529,3183,10715,z,merchant,1959-01-01,Z0M61959,51766,zgsw,merker,1959-05-02,Z0M61959,0.775,0.625,0,0,0
14534,322,18689,j,txs,1991-12-09,J0T21991,48820,j,tscso,1991-12-14,J0T21991,1.0,0.6888888888888888,0,0,0
14542,14541,54987,herbert,hicks,1981-11-23,H6H21981,54987,herbert,hicks,1981-11-21,H6H21981,1.0,1.0,0,1,1
14568,4630,54998,tay,k,1982-05-14,T0K01982,52174,t,k,1982-07-09,T0K01982,0.7999999999999999,1.0,0,1,0
14569,12724,54998,jbm,koscak,1982-05-14,J1K21982,54434,jeffery,koski,1982-02-28,J1K21982,0.4920634920634921,0.8755555555555556,0,0,0
14598,12322,54993,michael,y,1960-03-19,M2Y01960,54369,michael,yeh,1960-01-23,M2Y01960,1.0,0.7999999999999999,0,1,0
14609,14608,13379,bendhjj,feast,1957-10-13,B5F21957,13379,benjamin,feast,1957-10-13,B5F21957,0.6904761904761904,1.0,1,1,1
14632,14631,54966,cristhian,zambrano,1985-05-13,C6Z51985,54966,crmst,zambrano,1985-05-13,C6Z51985,0.7985185185185185,1.0,1,1,1
14644,4208,7329,jaqueline,jcn,1987-05-30,J2J51987,7560,joshua,jones,1987-04-17,J2J51987,0.5185185185185185,0.6888888888888888,0,0,0
14650,14649,54965,gilberto,pauda,1982-01-15,G4P31982,54965,gilberto,pauda,1982-01-15,G4P31982,1.0,1.0,1,1,1
14660,14658,54991,joan,ramirezbain,1973-08-30,J5R51973,54991,joan,ramirezbain,1973-04-30,J5R51973,1.0,1.0,0,1,1
14672,14670,54992,jose,torres,1957-09-09,J2T61957,54992,jose,torres,1957-09-09,J2T61957,1.0,1.0,1,1,1
14675,14674,49551,alexandria,dalton,1990-12-15,A4D41990,49551,alexandria,dalton,1990-12-15,A4D41990,1.0,1.0,1,1,1
14702,12101,26144,suniel,f,1981-01-15,S5F01981,36967,sanchezlago,f,1981-12-15,S5F01981,0.6767676767676768,1.0,0,0,0
14712,3260,1225,stanley,sthilaire,1990-03-23,S3S31990,51773,scott,st,1990-04-22,S3S31990,0.5619047619047619,0.7925925925925926,0,0,0
14712,7641,1225,stanley,sthilaire,1990-03-23,S3S31990,53070,stefan,strqho,1990-12-12,S3S31990,0.7968253968253969,0.611111111111111,0,0,0
14714,3259,1225,s,sthilaire,1990-03-23,S0S31990,51773,s,stnez,1990-04-22,S0S31990,1.0,0.5407407407407407,0,0,0
14752,14751,55027,jamas,charles,1991-02-06,J5C61991,55027,jamesley,charles,1991-02-06,J5C61991,0.8366666666666667,1.0,1,1,1
14762,4766,52232,richard,turello,1961-11-08,R2T61961,52232,richard,turello,1961-11-18,R2T61961,1.0,1.0,0,1,1
14776,14775,55031,monica,byrnehenry,1962-02-06,M5B61962,55031,monica,byrnehenry,1962-02-06,M5B61962,1.0,1.0,1,1,1
14777,14775,55031,monica,byrnehenry,1962-02-16,M5B61962,55031,monica,byrnehenry,1962-02-06,M5B61962,1.0,1.0,0,1,1
14777,14776,55031,monica,byrnehenry,1962-02-16,M5B61962,55031,monica,byrnehenry,1962-02-06,M5B61962,1.0,1.0,0,1,1
14790,13272,27086,mwcis,sdhwartzm,1990-05-21,M2S31990,54602,mscdiu,sutton,1990-05-12,M2S31990,0.7300000000000001,0.5185185185185185,0,0,0
14808,14775,55031,monica,byrnehenry,1962-05-06,M5B61962,55031,monica,byrnehenry,1962-02-06,M5B61962,1.0,1.0,0,1,1
14808,14776,55031,monica,byrnehenry,1962-05-06,M5B61962,55031,monica,byrnehenry,1962-02-06,M5B61962,1.0,1.0,0,1,1
14808,14777,55031,monica,byrnehenry,1962-05-06,M5B61962,55031,monica,byrnehenry,1962-02-16,M5B61962,1.0,1.0,0,1,1
14809,14775,55031,monica,byrneo,1962-02-06,M5B61962,55031,monica,byrnehenry,1962-02-06,M5B61962,1.0,0.8666666666666667,1,1,1
14809,14776,55031,monica,byrneo,1962-02-06,M5B61962,55031,monica,byrnehenry,1962-02-06,M5B61962,1.0,0.8666666666666667,1,1,1
14809,14777,55031,monica,byrneo,1962-02-06,M5B61962,55031,monica,byrnehenry,1962-02-16,M5B61962,1.0,0.8666666666666667,0,1,1
14809,14808,55031,monica,byrneo,1962-02-06,M5B61962,55031,monica,byrnehenry,1962-05-06,M5B61962,1.0,0.8666666666666667,0,1,1
14836,9941,55001,vzf,schmiedeknicht,1990-03-18,V2S51990,53750,vx,sanchez,1990-08-07,V2S51990,0.611111111111111,0.6190476190476191,0,0,0
14845,8380,55014,mike,gomez,1989-11-15,M2G51989,3580,michael,gonzalez,1989-06-03,M2G51989,0.7809523809523811,0.6833333333333332,0,0,0
14845,8381,55014,mike,gomez,1989-11-15,M2G51989,3580,michael,gonzalez,1989-06-03,M2G51989,0.7809523809523811,0.6833333333333332,0,0,0
14867,14866,55056,allen,billie,1989-02-05,A4B41989,55056,allen,billie,1989-02-08,A4B41989,1.0,1.0,0,1,1
14876,9511,55044,dan,pamwe,1993-10-28,D5P51993,39175,dwayne,pml,1993-10-14,D5P51993,0.8500000000000001,0.6888888888888888,0,0,0
14903,14901,36673,antonio,gonzalez,1986-01-14,A5G51986,36673,antonio,gonzalez,1986-01-14,A5G51986,1.0,1.0,1,1,1
14947,12817,55054,s,senich,1961-09-11,S0S51961,35385,s,sohnm,1961-01-18,S0S51961,1.0,0.5777777777777778,0,0,0
14957,10435,55046,bernice,marion,1968-02-16,B6M61968,53875,bruce,myers,1968-08-23,B6M61968,0.8114285714285714,0.5777777777777778,0,0,0
14963,14962,44355,lamar,mccullough,1984-04-28,L5M21984,44355,lamar,mccuglomz,1984-04-18,L5M21984,1.0,0.8669841269841271,0,1,1
14981,14979,55072,paul,hubbard,1955-03-06,P4H11955,55072,paul,hebpxy,1955-03-06,P4H11955,1.0,0.5396825396825397,1,1,1
14992,2325,55076,jamar,hb,1988-02-11,J5H11988,32627,jzenadha,hbdr,1988-01-04,J5H11988,0.5499999999999999,0.8666666666666667,0,0,0
15008,15006,55064,brandon,kelly,1991-08-21,B6K41991,55064,brandon,kelly,1991-08-21,B6K41991,1.0,1.0,1,1,1
15020,15019,55086,kerby,joseph,1980-02-08,K6J21980,55086,kerby,joseph,1980-02-08,K6J21980,1.0,1.0,1,1,1
15023,15022,38737,napoleon,culver,1971-01-12,N1C41971,38737,napoleon,culver,1971-01-12,N1C41971,1.0,1.0,1,1,1
15049,15048,55090,gian,cardona,1995-01-30,G5C61995,55090,gian,cardona,1995-01-10,G5C61995,1.0,1.0,0,1,1
15068,15067,55079,steven,johnson,1967-10-05,S3J51967,55079,steven,johnson,1967-10-09,S3J51967,1.0,1.0,0,1,1
15092,15091,55098,joseph,hubert,1976-08-26,J2H11976,55098,joseph,hbb,1976-08-26,J2H11976,1.0,0.6666666666666666,1,1,1
15107,15106,55096,geoffrey,salesman,1977-07-14,G1S41977,55096,geoffrey,saolx,1977-07-18,G1S41977,1.0,0.6583333333333333,0,0,1
15126,13539,55113,alicia,vxleno,1994-02-14,A4V21994,54671,alexander,vega,1994-07-15,A4V21994,0.611111111111111,0.611111111111111,0,0,0
15126,13540,55113,alicia,vxleno,1994-02-14,A4V21994,54671,almhan,vega,1994-07-15,A4V21994,0.6666666666666666,0.611111111111111,0,0,0
15137,15135,29597,anthony,anello,1968-01-19,A5A51968,29597,anthony,anello,1968-01-19,A5A51968,1.0,1.0,1,1,1
15145,15144,55126,alexander,pauleuc,1990-06-21,A4P41990,55126,alexander,pauleuc,1990-08-21,A4P41990,1.0,1.0,0,1,1
15152,11868,54248,francesca,rousseau,1994-04-28,F6R21994,54248,for,rousseau,1994-04-08,F6R21994,0.6296296296296297,1.0,0,0,1
15182,15180,55123,diana,tanelus,1983-01-12,D5T51983,55123,diana,tanelus,1983-01-20,D5T51983,1.0,1.0,0,1,1
15250,15249,55140,israel,lopez,1979-01-17,I2L11979,55140,israel,lopez,1979-01-15,I2L11979,1.0,1.0,0,1,1
15254,8645,55169,anthony,wright,1990-03-11,A5W61990,53342,an,wright,1990-03-11,A5W61990,0.8095238095238095,1.0,1,1,0
15259,15258,55137,muxxs,peart,1970-03-29,M2P61970,55137,maxine,peart,1970-05-29,M2P61970,0.5777777777777778,1.0,0,0,1
15260,15258,55137,maxine,peart,1970-05-24,M2P61970,55137,maxine,peart,1970-05-29,M2P61970,1.0,1.0,0,1,1
15260,15259,55137,maxine,peart,1970-05-24,M2P61970,55137,muxxs,peart,1970-03-29,M2P61970,0.5777777777777778,1.0,0,0,1
15266,15265,48965,noel,rivera,1987-05-25,N4R11987,48965,noel,rivera,1987-05-25,N4R11987,1.0,1.0,1,1,1
15277,15276,45188,yeison,zapata-mancilla,1989-04-10,Y2Z11989,45188,yeison,zapata-mancilla,1989-04-10,Y2Z11989,1.0,1.0,1,1,1
15289,6916,55147,ronnie,brown,1968-12-02,R5B61968,52832,raymond,burr,1968-02-05,R5B61968,0.5396825396825397,0.6333333333333333,0,0,0
15298,6195,55155,bernard,edwards,1979-12-05,B6E31979,52644,bernard,edwards,1979-12-05,B6E31979,1.0,1.0,1,1,0
15308,15306,55152,derek,corser,1993-05-28,D6C61993,55152,derek,corser,1993-05-28,D6C61993,1.0,1.0,1,1,1
15315,15031,55149,lawrence,wmy,1952-07-26,L6W51952,55092,lawrence,wanschek,1952-12-24,L6W51952,1.0,0.4861111111111111,0,0,0
15317,15316,55149,lawrence,williams,1992-07-26,L6W41992,55149,lawrence,williams,1992-07-26,L6W41992,1.0,1.0,1,1,1
15326,1664,55164,angel,vj,1987-09-07,A5V21987,9795,antoine,vgo,1987-08-23,A5V21987,0.5619047619047619,0.611111111111111,0,0,0
15356,6047,30669,jeffrey,myers,1952-03-02,J1M61952,45744,javier,mercado,1952-10-11,J1M61952,0.5317460317460317,0.6761904761904761,0,0,0
15362,12355,54393,chad,navoy,1979-08-17,C3N11979,54393,chad,navoy,1979-08-17,C3N11979,1.0,1.0,1,1,1
15379,5032,55175,brantil,brvlimm,1989-07-21,B6B61989,52305,brain,bruch,1989-05-04,B6B61989,0.8866666666666667,0.5619047619047619,0,0,0
15391,5133,55196,james,pierre,1984-10-20,J5P61984,52347,james,pierrelouis,1984-09-25,J5P61984,1.0,0.9090909090909092,0,1,0
15444,10648,25844,richard,matos,1988-12-08,R2M31988,53940,ricardo,mdrs,1988-05-27,R2M31988,0.9333333333333332,0.6333333333333333,0,0,0
15472,15471,51514,andrew,ingalls,1980-01-21,A5I51980,51514,andrew,ingalls,1980-04-29,A5I51980,1.0,1.0,0,1,1
15475,15474,55210,cruz,vazquez,1981-08-27,C6V21981,55210,cruz,vazquez,1981-08-07,C6V21981,1.0,1.0,0,1,1
15492,11591,54754,joseph,marvf,1986-07-30,J2M61986,54184,jose,mayorquin- tellez,1986-10-17,J2M61986,0.9333333333333332,0.592156862745098,0,0,0
15504,3129,51728,carol,oneill,1960-10-26,C6O51960,51728,carol,oneill,1960-10-27,C6O51960,1.0,1.0,0,1,1
15515,15513,46487,hughes-stoll,christine,1965-05-20,H2C61965,46487,hughes-stoll,chr,1965-05-20,H2C61965,1.0,0.8444444444444443,1,1,1
15590,15588,49869,derrik,heath,1988-06-26,D6H31988,49869,derrik,heath,1988-06-26,D6H31988,1.0,1.0,1,1,1
15596,15594,55244,alberto,gonzalez,1973-10-31,A4G51973,55244,alberto,gonzalez,1973-10-31,A4G51973,1.0,1.0,1,1,1
15605,15603,55247,albert,venereo,1990-12-01,A4V51990,55247,albert,venereo,1990-12-05,A4V51990,1.0,1.0,0,1,1
15612,8989,49216,maxymus,pcfoztac,1976-01-12,M2P21976,53425,miguel,pbvacy,1976-07-21,M2P21976,0.5396825396825397,0.5138888888888888,0,0,0
15637,3241,55251,frankie,dallas,1974-08-26,F6D41974,49159,frank,delgado,1974-01-31,F6D41974,0.9428571428571428,0.6428571428571429,0,0,0
15652,15651,54823,renand,fleuridor,1981-12-08,R5F41981,54823,renand,fleuridor,1981-02-08,R5F41981,1.0,1.0,0,1,1
15660,710,55266,shanse,s,1984-03-26,S5S01984,51032,shameka,s,1984-09-23,S5S01984,0.8222222222222222,1.0,0,1,0
15667,15666,55258,samantha,jagroop,1974-01-03,S5J21974,55258,samantha,jagrh,1974-01-03,S5J21974,1.0,0.8742857142857143,1,1,1
15668,15666,55258,saayn,jagroop,1974-06-03,S5J21974,55258,samantha,jagrh,1974-01-03,S5J21974,0.8133333333333332,0.8742857142857143,0,0,1
15668,15667,55258,saayn,jagroop,1974-06-03,S5J21974,55258,samantha,jagroop,1974-01-03,S5J21974,0.8133333333333332,1.0,0,1,1
15677,15651,54823,renand,flnnri,1981-12-08,R5F41981,54823,renand,fleuridor,1981-02-08,R5F41981,1.0,0.762962962962963,0,0,1
15677,15652,54823,renand,flnnri,1981-12-08,R5F41981,54823,renand,fleuridor,1981-12-08,R5F41981,1.0,0.762962962962963,1,1,1
15689,15688,55259,cori,bttn,1977-07-05,C6B31977,55259,cori,butler,1977-07-05,C6B31977,1.0,0.611111111111111,1,1,1
15695,15694,55268,melissa,mccaffery,1984-06-17,M4M21984,55268,melissa,mccif,1984-06-17,M4M21984,1.0,0.8237037037037037,1,1,1
15701,15700,55265,jeffery,fetters,1959-07-18,J1F31959,55265,jeffery,fetters,1959-07-18,J1F31959,1.0,1.0,1,1,1
15716,15714,33431,dennis,rodriguez,1960-03-02,D5R31960,33431,dennis,rodriguez,1960-03-02,D5R31960,1.0,1.0,1,1,1
15728,15726,55298,d,he,1977-03-19,D0H01977,55298,d,hy,1977-03-19,D0H01977,1.0,0.6666666666666666,1,1,1
15738,12412,55292,tavarius,robinson,1981-11-08,T1R11981,54394,tiffany,refsnideraveiga,1981-10-06,T1R11981,0.5119047619047619,0.5055555555555555,0,0,0
15742,13729,45075,dwayne,thomas,1991-09-30,D5T51991,54734,dennis,tummings,1991-09-17,D5T51991,0.5555555555555555,0.625,0,0,0
15747,3349,2543,latavious,ue,1984-06-14,L3U01984,51787,latoya,u,1984-11-03,L3U01984,0.8107407407407409,0.8500000000000001,0,0,0
15751,10092,55276,ma,gonzalez,1981-11-01,M0G51981,53794,m,gambino,1981-12-21,M0G51981,0.8500000000000001,0.4900793650793651,0,0,0
15755,15754,42990,alysse,blane,1980-06-04,A4B41980,42990,alysse,blane,1980-06-04,A4B41980,1.0,1.0,1,1,1
15787,15786,55295,fr,aparicio,1986-02-01,F6A11986,55295,fronchsi,aparicio,1986-02-01,F6A11986,0.8,1.0,1,1,1
15792,14722,55293,johnny,cuevas,1982-03-20,J5C11982,46469,johnny,cfai,1982-06-10,J5C11982,1.0,0.611111111111111,0,0,0
15793,14722,55293,johnny,cuevas,1982-03-20,J5C11982,46469,johnny,cfai,1982-06-10,J5C11982,1.0,0.611111111111111,0,0,0
15793,15792,55293,johnny,cuevas,1982-03-20,J5C11982,55293,johnny,cuevas,1982-03-20,J5C11982,1.0,1.0,1,1,1
15797,15796,55278,william,day,1948-07-26,W4D01948,55278,william,day,1948-07-26,W4D01948,1.0,1.0,1,1,1
15815,15814,55301,wachira,pv,1948-09-21,W2P01948,55301,wachira,pay,1948-01-21,W2P01948,1.0,0.611111111111111,0,0,1
15829,15828,55320,mplun,prr,1984-06-12,M1P61984,55320,mibvy,peralta,1984-06-12,M1P61984,0.4666666666666666,0.6507936507936508,1,0,1
15833,15831,55303,tnh,tynes,1985-07-21,T5T51985,55303,tenesia,tynes,1985-07-21,T5T51985,0.6507936507936508,1.0,1,1,1
15839,15837,55313,maung,naing,1979-12-08,M5N51979,55313,maung,naing,1979-12-08,M5N51979,1.0,1.0,1,1,1
15842,17,55317,travis,slade,1984-03-15,T6S41984,50852,terrance,ssl,1984-01-14,T6S41984,0.625,0.6888888888888888,0,0,0
15845,11535,34446,synteria,smith,1980-12-03,S5S51980,1561,samuels,semper,1980-11-08,S5S51980,0.5119047619047619,0.5777777777777778,0,0,0
15851,15850,55311,theresa,davis,1967-05-29,T6D11967,55311,theresa,davis,1967-05-27,T6D11967,1.0,1.0,0,1,1
15901,8301,53251,frun,soto,1989-08-18,F6S31989,53251,franklin,soto,1989-07-18,F6S31989,0.7666666666666667,1.0,0,1,1
15910,2578,54062,diana,rz,1983-04-13,D5R21983,51588,denny,roco,1983-02-13,D5R21983,0.6,0.5833333333333334,0,0,0
15917,1435,55324,travis,gaskins,1986-01-22,T6G21986,51210,travis,giicha,1986-10-29,T6G21986,1.0,0.5396825396825397,0,0,0
15989,15987,55344,ravi,ramnarain,1979-12-12,R1R51979,55344,ravi,ramnarain,1979-12-22,R1R51979,1.0,1.0,0,1,1
16004,16003,55357,daniel,glatz,1961-06-13,D5G41961,55357,daniel,glatz,1961-06-13,D5G41961,1.0,1.0,1,1,1
16006,16005,55346,shawn,harris,1983-06-14,S5H61983,55346,shawn,harris,1983-06-14,S5H61983,1.0,1.0,1,1,1
16091,16089,55376,widler,vilceus,1975-12-09,W3V41975,55376,widler,vilceus,1975-12-09,W3V41975,1.0,1.0,1,1,1
16112,5763,55403,z,pereda,1969-12-07,Z0P61969,52531,z,puranda,1969-11-18,Z0P61969,1.0,0.6626984126984127,0,0,0
16151,16150,55378,annmarie,alexander,1990-06-02,A5A41990,55378,annmarie,alsxbndv,1990-03-02,A5A41990,1.0,0.7814814814814814,0,1,1
16169,16167,55379,miguel,oka,1952-07-16,M2O21952,55379,miguel,ocasio,1952-01-16,M2O21952,1.0,0.6666666666666666,0,0,1
16188,13314,55420,jermane,fceuo,1984-02-13,J6F21984,54639,jr,fkjj,1984-06-29,J6F21984,0.7857142857142857,0.4833333333333333,0,0,0
16223,16222,55411,krystal,campbell,1989-04-18,K6C51989,55411,krystal,campbell,1989-02-16,K6C51989,1.0,1.0,0,1,1
16228,4005,55419,erik,barnard,1987-01-27,E6B61987,51976,eric,broadway,1987-11-22,E6B61987,0.8833333333333334,0.6464285714285715,0,0,0
16228,4006,55419,erik,barnard,1987-01-27,E6B61987,51976,eric,broadway,1987-11-24,E6B61987,0.8833333333333334,0.6464285714285715,0,0,0
16238,12774,55409,justin,le,1988-10-16,J2L01988,52713,joshua,l,1988-10-01,J2L01988,0.5555555555555555,0.8500000000000001,0,0,0
16239,6008,55416,va,pereira,1986-08-27,V0P61986,52600,v,perez,1986-01-18,V0P61986,0.8500000000000001,0.8742857142857143,0,0,0
16240,7286,55416,y,lsr,1986-08-27,Y0L21986,52944,ya,louisjacques,1986-03-11,Y0L21986,0.8500000000000001,0.611111111111111,0,0,0
16269,13298,55433,donald,di,1991-04-19,D5D01991,54610,diamond,d,1991-04-21,D5D01991,0.6428571428571429,0.8500000000000001,0,0,0
16292,16291,55425,newton,smith,1995-01-28,N3S51995,55425,newton,smith,1995-01-28,N3S51995,1.0,1.0,1,1,1
16307,16306,55122,joseph,mcmahon,1943-12-30,J2M21943,55122,joseph,mcmahon,1943-12-30,J2M21943,1.0,1.0,1,1,1
16331,16329,5533,grover,gaines,1962-09-24,G6G51962,5533,grover,gaines,1962-09-24,G6G51962,1.0,1.0,1,1,1
16345,11951,55464,kb,fhr,1981-01-25,K1F61981,54262,kov,farina,1981-06-14,K1F61981,0.611111111111111,0.6666666666666666,0,0,0
16349,15265,55458,neal,reaves,1987-06-26,N4R11987,48965,noel,rivera,1987-05-25,N4R11987,0.8500000000000001,0.5555555555555555,0,0,0
16349,15266,55458,neal,reaves,1987-06-26,N4R11987,48965,noel,rivera,1987-05-25,N4R11987,0.8500000000000001,0.5555555555555555,0,0,0
16360,16359,55474,wol,mowsoi,1990-05-09,W4M21990,55474,william,moscoso,1990-05-09,W4M21990,0.6507936507936508,0.7968253968253969,1,1,1
16378,16377,43482,monet,walkerfinch,1991-10-10,M5W41991,43482,monet,walkegf,1991-10-10,M5W41991,1.0,0.8805194805194805,1,1,1
16384,16062,55456,carlos,pi,1987-08-22,C6P01987,55375,charmaine,p,1987-06-14,C6P01987,0.611111111111111,0.8500000000000001,0,0,0
16408,16407,55487,john,rapp,1958-06-11,J5R11958,55487,john,rapp,1958-06-11,J5R11958,1.0,1.0,1,1,1
16451,14616,55506,c,so,1981-02-21,C0S01981,54967,cu,si,1981-09-03,C0S01981,0.8500000000000001,0.6666666666666666,0,0,0
16456,8940,55510,rxu,sofranec,1965-12-05,R2S11965,53406,rqcv,sheffield,1965-05-15,R2S11965,0.5277777777777778,0.5694444444444444,0,0,0
16463,16461,49346,wkuty,sluyter,1959-05-22,W2S41959,49346,wgyx,slt,1959-05-22,W2S41959,0.4833333333333333,0.8476190476190477,1,1,1
16493,576,55508,jnvr,mectura qsp,1985-05-10,J5M21985,50983,johnny,masses,1985-03-20,J5M21985,0.611111111111111,0.5909090909090909,0,0,0
16493,13997,55508,jnvr,mectura qsp,1985-05-10,J5M21985,54802,jennifer,mclaughlin,1985-07-11,J5M21985,0.5833333333333334,0.5045454545454545,0,0,0
16495,14493,55514,leroy,dv,1991-04-21,L6D11991,41454,larry,dieuveut,1991-02-27,L6D11991,0.76,0.775,0,0,0
16495,14494,55514,leroy,dv,1991-04-21,L6D11991,41454,larry,dieuveut,1991-02-27,L6D11991,0.76,0.775,0,0,0
16495,14495,55514,leroy,dv,1991-04-21,L6D11991,41454,larry,diiyve,1991-02-27,L6D11991,0.76,0.5555555555555555,0,0,0
16514,16512,55511,raymond,meng,1983-01-25,R5M51983,55511,rmyma,manganiotis,1983-01-25,R5M51983,0.565079365079365,0.6742424242424242,1,0,1
16523,15970,20363,c,thomas,1968-01-28,C0T51968,55330,cjs,thompson,1968-04-15,C0T51968,0.7999999999999999,0.8916666666666667,0,0,0
16529,16528,55520,rolando,diaz,1953-09-15,R4D21953,55520,rolando,diaz,1953-09-15,R4D21953,1.0,1.0,1,1,1
16539,2585,39743,lz,mu,1969-02-08,L2M01969,51595,lqd,m,1969-10-02,L2M01969,0.611111111111111,0.8500000000000001,0,0,0
16547,16546,54277,heather,ortegachin,1968-11-06,H3O61968,54277,heather,ortegachin,1968-11-03,H3O61968,1.0,1.0,0,1,1
16553,415,55522,bryan,harris,1994-03-26,B6H61994,50938,brenda,hernandez,1994-02-02,B6H61994,0.7911111111111111,0.5,0,0,0
16564,16563,55540,adolfo,dorivaal,1967-01-21,A3D61967,55540,adolfo,dorivaal,1967-01-21,A3D61967,1.0,1.0,1,1,1
16572,2099,55538,johnnie,mccray,1976-01-11,J5M21976,51417,johny,mhaqt,1976-05-25,J5M21976,0.8742857142857143,0.5777777777777778,0,0,0
16572,11919,55538,johnnie,mccray,1976-01-11,J5M21976,54295,jonathan,msqnjt,1976-08-07,J5M21976,0.7704761904761905,0.4444444444444444,0,0,0
16572,11920,55538,johnnie,mccray,1976-01-11,J5M21976,54295,jonathan,mcintyre,1976-07-09,J5M21976,0.7704761904761905,0.6388888888888888,0,0,0
16589,16587,55537,aji,varghese,1975-05-25,A2V61975,55537,aji,varghese,1975-05-24,A2V61975,1.0,1.0,0,1,1
16640,16639,55555,elvin,villalobos,1984-12-11,E4V41984,55555,elvin,villalobos,1984-12-11,E4V41984,1.0,1.0,1,1,1
16652,15573,37817,ns,singh,1989-01-17,N2S51989,55229,nez,snw,1989-06-18,N2S51989,0.611111111111111,0.6888888888888888,0,0,0
16659,3247,1356,s,lay,1989-08-13,S0L01989,51768,s,lha,1989-04-25,S0L01989,1.0,0.5555555555555555,0,0,0
16688,8926,47136,alyh,lamanna,1992-12-17,A4L51992,47136,alcxakc,lamanna,1992-12-17,A4L51992,0.5952380952380952,1.0,1,1,1
16688,8927,47136,alyh,lamanna,1992-12-17,A4L51992,47136,alexander,lamanna,1992-12-17,A4L51992,0.5740740740740741,1.0,1,1,1
16717,16716,55591,patrick,br,1991-06-20,P3B61991,55591,patrick,brt,1991-07-20,P3B61991,1.0,0.9111111111111112,0,1,1
16718,16716,55591,patrick,britton,1991-07-20,P3B61991,55591,patrick,brt,1991-07-20,P3B61991,1.0,0.8476190476190477,1,1,1
16718,16717,55591,patrick,britton,1991-07-20,P3B61991,55591,patrick,br,1991-06-20,P3B61991,1.0,0.8095238095238095,0,1,1
16733,16731,55587,ryan,ingber,1994-04-06,R5I51994,55587,ryan,ingber,1994-04-06,R5I51994,1.0,1.0,1,1,1
16766,16764,55588,david,brbrlm,1963-07-31,D1B61963,55588,david,brx,1963-07-31,D1B61963,1.0,0.6666666666666666,1,1,1
16795,16237,55605,mxj,bhim,1988-01-24,M2B51988,55409,mxi,bentley,1988-10-16,M2B51988,0.8222222222222222,0.4642857142857142,0,0,0
16798,15534,55608,w,laboriel,1951-05-29,W0L11951,55216,wi,lopez,1951-11-10,W0L11951,0.8500000000000001,0.6583333333333333,0,0,0
16826,8336,50198,rocio,vanniekek,1961-10-29,R2V51961,53241,rxx,vni,1961-07-26,R2V51961,0.5111111111111111,0.7999999999999999,0,0,0
16837,16836,55612,kari,jimenez,1986-10-23,K6J51986,55612,kari,jimenez,1986-10-23,K6J51986,1.0,1.0,1,1,1
16864,16863,55621,latoya,jennings,1982-02-26,L3J51982,55621,latoya,jennings,1982-02-26,L3J51982,1.0,1.0,1,1,1
16883,897,55630,gwrthe,drucker,1976-08-08,G6D61976,54580,george,drjk,1976-07-03,G6D61976,0.6666666666666666,0.7809523809523811,0,0,0
16907,16906,55627,john,masselli,1979-04-28,J5M21979,55627,john,masselli,1979-04-28,J5M21979,1.0,1.0,1,1,1
16912,16911,55636,gregory,pxeazes,1983-10-11,G6P21983,55636,gregory,pbkrc,1983-10-11,G6P21983,1.0,0.4476190476190476,1,1,1
16915,16914,38508,sheronnye,pendergrass,1989-04-03,S6P51989,38508,sheronnye,pendergrass,1989-04-03,S6P51989,1.0,1.0,1,1,1
16990,16989,55652,danielle,slocum,1993-08-27,D5S41993,55652,danielle,slocum,1993-08-27,D5S41993,1.0,1.0,1,1,1
17014,17013,55666,darrin,thiele,1966-05-10,D6T41966,55666,darrin,thiele,1966-04-10,D6T41966,1.0,1.0,0,1,1
17017,12212,54350,stephen,hankins,1960-06-25,S3H51960,54350,stephen,hankins,1960-06-25,S3H51960,1.0,1.0,1,1,1
17018,12212,54350,stephen,hankins,1960-06-25,S3H51960,54350,stephen,hankins,1960-06-25,S3H51960,1.0,1.0,1,1,1
17018,17017,54350,stephen,hankins,1960-06-25,S3H51960,54350,stephen,hankins,1960-06-25,S3H51960,1.0,1.0,1,1,1
17047,7875,39232,charley,d,1986-05-01,C6D01986,53144,ckr,de,1986-01-18,C6D01986,0.6507936507936508,0.8500000000000001,0,0,0
17053,7917,55686,anthomny,grab,1989-07-31,A5G61989,53157,anthony,grab,1989-07-11,A5G61989,0.975,1.0,0,1,0
17053,7919,55686,anthomny,grab,1989-07-31,A5G61989,53157,anf,grab,1989-07-31,A5G61989,0.6388888888888888,1.0,1,1,0
17054,7917,55686,anthomny,grab,1989-07-31,A5G61989,53157,anthony,grab,1989-07-11,A5G61989,0.975,1.0,0,1,0
17054,7919,55686,anthomny,grab,1989-07-31,A5G61989,53157,anf,grab,1989-07-31,A5G61989,0.6388888888888888,1.0,1,1,0
17054,17053,55686,anthomny,grab,1989-07-31,A5G61989,55686,anthomny,grab,1989-07-31,A5G61989,1.0,1.0,1,1,1
17071,1393,55689,david,lemfrk,1962-09-07,D1L51962,51224,david,lanlis,1962-01-13,D1L51962,1.0,0.4444444444444444,0,0,0
17083,17082,55694,dvi,parrish,1974-10-10,D1P61974,55694,david,parrish,1974-12-10,D1P61974,0.88,1.0,0,1,1
17089,17088,55688,cristian,calderon,1985-04-18,C6C41985,55688,cristian,calderon,1985-04-18,C6C41985,1.0,1.0,1,1,1
17090,17088,55688,cr,calderon,1985-04-18,C6C41985,55688,cristian,calderon,1985-04-18,C6C41985,0.8,1.0,1,1,1
17090,17089,55688,cr,calderon,1985-04-18,C6C41985,55688,cristian,calderon,1985-04-18,C6C41985,0.8,1.0,1,1,1
17112,11736,55729,jimmie,mhw,1955-10-06,J5M01955,9741,jennifer,m,1955-07-15,J5M01955,0.625,0.7999999999999999,0,0,0
17126,17125,13149,celestino,santiago,1990-12-28,C4S51990,13149,celestino,santiago,1990-12-27,C4S51990,1.0,1.0,0,1,1
17138,17127,39981,makenya,ly,1985-11-23,M2L01985,55726,msg,loy,1985-09-02,M2L01985,0.4920634920634921,0.611111111111111,0,0,0
17144,17143,55720,junior,telcine,1981-09-03,J5T41981,55720,junior,twlak,1981-09-03,J5T41981,1.0,0.5619047619047619,1,1,1
17156,17154,55733,sara,woodlief,1976-04-17,S6W31976,55733,sara,woodlief,1976-04-17,S6W31976,1.0,1.0,1,1,1
17167,17166,49019,kevin,gallagher,1957-06-09,K1G41957,49019,kevin,gylhkg,1957-06-04,K1G41957,1.0,0.6203703703703703,0,0,1
17179,17178,55730,christopher,dunn,1989-02-09,C6D51989,55730,christopher,dunn,1989-03-09,C6D51989,1.0,1.0,0,1,1
17180,17178,55730,christopher,dunn,1989-02-09,C6D51989,55730,christopher,dunn,1989-03-09,C6D51989,1.0,1.0,0,1,1
17180,17179,55730,christopher,dunn,1989-02-09,C6D51989,55730,christopher,dunn,1989-02-09,C6D51989,1.0,1.0,1,1,1
17183,17182,55749,blackwood,markland,1978-07-21,B4M61978,55749,blackwood,markland,1978-07-21,B4M61978,1.0,1.0,1,1,1
17186,17184,55748,j,hamilton,1993-06-18,J0H51993,55748,j,hamilton,1993-06-18,J0H51993,1.0,1.0,1,1,1
17192,17191,55742,shannon,lzs,1985-12-19,S5L21985,55742,shannon,lewis,1985-12-18,S5L21985,1.0,0.5111111111111111,0,0,1
17198,14717,55745,christopher,carver,1970-04-20,C6C61970,38904,christina,crianza,1970-08-17,C6C61970,0.8424242424242424,0.5317460317460317,0,0,0
17204,17203,55751,christopher,hernandez,1990-02-16,C6H61990,55751,cyrist,hernandez,1990-02-16,C6H61990,0.7863636363636364,1.0,1,1,1
17217,15493,55741,matthew,murphy,1986-12-12,M3M61986,54754,mdxeq,martorano,1986-07-30,M3M61986,0.5619047619047619,0.5185185185185185,0,0,0
17220,3437,55738,charv,crawford,1956-07-24,C6C61956,51814,carlos,curi,1956-03-21,C6C61956,0.7300000000000001,0.5833333333333334,0,0,0
17234,17232,55752,kyle,peruzzi,1989-05-08,K4P61989,55752,kyle,peruzzi,1989-05-08,K4P61989,1.0,1.0,1,1,1
17248,17247,55768,tomas,rangel,1965-09-29,T5R51965,55768,tomas,rangel,1965-09-29,T5R51965,1.0,1.0,1,1,1
17252,17251,55757,lucien,lemelin,1987-09-10,L2L51987,55757,lucien,lemelin,1987-09-10,L2L51987,1.0,1.0,1,1,1
17264,14801,48956,lhyistopmx,stbch,1975-03-16,L2S31975,3176,luxh,stephenson,1975-07-16,L2S31975,0.5666666666666667,0.6333333333333333,0,0,0
17269,17268,55765,valerie,vulo,1977-06-30,V4V41977,55765,valw,valletta,1977-06-30,V4V41977,0.8083333333333333,0.5833333333333334,1,1,1
17273,17272,55770,bach,kttjl,1988-01-04,B2K31988,55770,bach,ketant,1988-01-04,B2K31988,1.0,0.5777777777777778,1,1,1
17305,17304,52368,robert,allegretti,1958-07-04,R1A41958,52368,rvs,al,1958-07-05,R1A41958,0.5,0.7866666666666667,0,0,1
17311,2793,55761,daniel,bf,1978-07-26,D5B01978,51621,dwayne,b,1978-07-05,D5B01978,0.7999999999999999,0.8500000000000001,0,0,0
17333,17332,44032,jalen,jackson,1993-06-24,J4J21993,44032,jalen,jaqeai,1993-06-24,J4J21993,1.0,0.5396825396825397,1,1,1
17342,17341,55783,larry,gibbs,1966-08-19,L6G11966,55783,larry,gibbs,1966-08-29,L6G11966,1.0,1.0,0,1,1
17344,17343,55779,le-otis,mcnorton,1994-11-14,L3M21994,55779,le-otis,mcnorton,1994-11-14,L3M21994,1.0,1.0,1,1,1
17348,17346,55790,miazotiann,u,1985-01-19,M2U01985,55790,miazotiann,u,1985-01-19,M2U01985,1.0,1.0,1,1,1
17359,9488,55655,cheryl,getlpoz,1965-08-10,C6G31965,15933,christopher,goed,1965-03-24,C6G31965,0.5909090909090909,0.5952380952380952,0,0,0
17366,17365,55789,robert,gutierrez,1965-03-26,R1G31965,55789,robert,gutierrez,1965-03-26,R1G31965,1.0,1.0,1,1,1
17369,17367,55777,rodolfo,gonzalez,1987-03-16,R3G51987,55777,rodolfo,gonzalez,1987-03-16,R3G51987,1.0,1.0,1,1,1
17384,17383,39850,matthew,vannostrand,1992-03-23,M3V51992,39850,matthew,vannostrand,1992-03-23,M3V51992,1.0,1.0,1,1,1
17410,17409,49420,perry,bray,1961-05-23,P6B61961,49420,perry,bray,1961-05-23,P6B61961,1.0,1.0,1,1,1
17430,11960,55818,jehan,gersbach,1988-08-16,J5G61988,18632,james,germain,1988-11-24,J5G61988,0.4666666666666666,0.6904761904761904,0,0,0
17453,17452,55803,kenneth,w,1955-05-21,K5W01955,55803,kenneth,w,1955-05-21,K5W01955,1.0,1.0,1,1,1
17470,17281,55813,jrg,fcs,1985-12-02,J6F21985,14846,jrcjr,fpxm,1985-06-05,J6F21985,0.6888888888888888,0.5277777777777778,0,0,0
17494,17493,30078,deme,martin,1976-12-27,D5M61976,30078,demetrice,martin,1976-12-20,D5M61976,0.888888888888889,1.0,0,1,1
17495,17493,30078,demetrice,martin,1976-12-20,D5M61976,30078,demetrice,martin,1976-12-20,D5M61976,1.0,1.0,1,1,1
17495,17494,30078,demetrice,martin,1976-12-20,D5M61976,30078,deme,martin,1976-12-27,D5M61976,0.888888888888889,1.0,0,1,1
17515,17514,26733,hector,claudio,1963-06-04,H2C41963,26733,hector,claudio,1963-06-04,H2C41963,1.0,1.0,1,1,1
17518,17517,3810,ez,boddie,1965-06-22,E2B31965,3810,eq,boddie,1965-06-22,E2B31965,0.6666666666666666,1.0,1,1,1
17527,17526,55837,phylipe,raphael,1976-03-27,P4R11976,55837,phylipe,raphael,1976-03-27,P4R11976,1.0,1.0,1,1,1
17546,17544,55838,emanuel,richardson,1980-06-17,E5R21980,55838,emanuel,richardson,1980-06-17,E5R21980,1.0,1.0,1,1,1
17548,2499,55835,george,malden,1940-05-04,G6M41940,51581,grace,malloy,1940-07-19,G6M41940,0.7300000000000001,0.6666666666666666,0,0,0
17548,2501,55835,george,malden,1940-05-04,G6M41940,51581,grace,malloy,1940-07-19,G6M41940,0.7300000000000001,0.6666666666666666,0,0,0
17584,17583,41868,karen,darnell,1976-02-20,K6D61976,41868,karen,darh,1976-02-20,K6D61976,1.0,0.8083333333333333,1,1,1
17588,1005,55847,mr,s,1982-12-27,M6S01982,45057,marcus,s,1982-03-13,M6S01982,0.7999999999999999,1.0,0,1,0
17610,12810,10495,tn,bciu,1977-09-08,T5B21977,54482,timothy,bwjtqr,1977-03-27,T5B21977,0.5476190476190476,0.4722222222222221,0,0,0
17643,9197,54861,joseph,desiderio,1965-12-12,J2D21965,53476,jose,diycn,1965-06-29,J2D21965,0.9333333333333332,0.5407407407407407,0,0,0
17643,14115,54861,joseph,desiderio,1965-12-12,J2D21965,54861,joseph,dws,1965-12-10,J2D21965,1.0,0.6296296296296297,0,0,1
17644,9197,54861,joseph,desiderio,1965-12-10,J2D21965,53476,jose,diycn,1965-06-29,J2D21965,0.9333333333333332,0.5407407407407407,0,0,0
17644,14115,54861,joseph,desiderio,1965-12-10,J2D21965,54861,joseph,dws,1965-12-10,J2D21965,1.0,0.6296296296296297,1,1,1
17644,17643,54861,joseph,desiderio,1965-12-10,J2D21965,54861,joseph,desiderio,1965-12-12,J2D21965,1.0,1.0,0,1,1
17658,7790,55868,jake,dei,1990-10-09,J2D01990,53099,justin,de,1990-08-03,J2D01990,0.4722222222222221,0.9111111111111112,0,0,0
17672,17671,55864,amanda,blankenship,1981-07-24,A5B41981,55864,amanda,blankenship,1981-08-04,A5B41981,1.0,1.0,0,1,1
17677,15407,50101,luis,guerra,1974-06-15,L2G61974,55180,lgsh,griwl,1974-04-20,L2G61974,0.6666666666666666,0.5777777777777778,0,0,0
17696,17694,55870,charmaine,ramkhelawan,1964-04-16,C6R51964,55870,charmaine,ramkhelawan,1964-04-14,C6R51964,1.0,1.0,0,1,1
17708,1483,51267,robert,page,1983-03-22,R1P21983,51267,robert,page,1983-01-22,R1P21983,1.0,1.0,0,1,1
17722,17721,55889,elvis,morales,1981-04-17,E4M61981,55889,elvis,morales,1981-04-17,E4M61981,1.0,1.0,1,1,1
17741,17739,55902,m,greene,1981-06-24,M0G61981,55902,m,greene,1981-06-24,M0G61981,1.0,1.0,1,1,1
17765,10795,28274,jeffrey,qvjs,1987-12-03,J1Q11987,53958,jeffrey,qiv,1987-06-27,J1Q11987,1.0,0.75,0,0,0
17786,10498,53857,zarian,bozman,1987-09-13,Z6B21987,53857,zarian,bozman,1987-09-13,Z6B21987,1.0,1.0,1,1,1
17800,17799,55919,taylor,maxgonml,1985-02-06,T4M21985,55919,taylor,macdonald,1985-02-04,T4M21985,1.0,0.7814814814814814,0,1,1
17801,17799,55919,taylor,macv,1985-09-06,T4M21985,55919,taylor,macdonald,1985-02-04,T4M21985,1.0,0.6944444444444443,0,0,1
17801,17800,55919,taylor,macv,1985-09-06,T4M21985,55919,taylor,maxgonml,1985-02-06,T4M21985,1.0,0.5833333333333334,0,0,1
17821,4832,55912,miguel,mendez,1984-09-28,M2M51984,41800,mco,monserrate,1984-05-31,M2M51984,0.5,0.4888888888888889,0,0,0
17822,4449,55912,miguel,mendez,1983-09-28,M2M51983,52146,michael,manley,1983-11-09,M2M51983,0.7968253968253969,0.6666666666666666,0,0,0
17822,4451,55912,miguel,mendez,1983-09-28,M2M51983,52146,msc,manley,1983-11-09,M2M51983,0.5,0.6666666666666666,0,0,0
17825,9462,55918,gc,da g,1969-09-30,G0D21969,53623,gse,duguay,1969-10-15,G0D21969,0.611111111111111,0.611111111111111,0,0,0
17839,17838,55950,joyfle,bastien,1981-12-20,J1B21981,55950,jefia,bastien,1981-12-20,J1B21981,0.5777777777777778,1.0,1,1,1
17844,12873,55934,tae,camposeco-mendez,1985-02-03,T0C51985,54502,to,cenistoahg,1985-01-07,T0C51985,0.611111111111111,0.4708333333333334,0,0,0
17854,15287,55924,celen,ba,1991-07-25,C4B01991,30909,clarence,b,1991-08-06,C4B01991,0.6833333333333332,0.8500000000000001,0,0,0
17857,17856,42699,kelly,miller,1962-07-22,K4M41962,42699,kelly,miller,1962-07-22,K4M41962,1.0,1.0,1,1,1
17870,17869,55932,nelson,diaz,1984-01-24,N4D21984,55932,nelson,diaz,1984-01-24,N4D21984,1.0,1.0,1,1,1
17873,11987,55940,andrew,mireles,1985-06-02,A5M61985,9659,antonio,murray,1985-05-25,A5M61985,0.5396825396825397,0.5396825396825397,0,0,0
17881,17880,55945,jose,costa,1982-01-24,J2C21982,55945,jose,costa,1982-01-24,J2C21982,1.0,1.0,1,1,1
17909,17907,55939,eduardo,avila,1972-07-26,E3A11972,55939,eduardo,avila,1972-07-26,E3A11972,1.0,1.0,1,1,1
17920,1783,51319,jarvis,mccloud,1992-06-26,J6M21992,51319,jrqvi,mccloud,1992-06-26,J6M21992,0.8400000000000001,1.0,1,1,1
17968,17967,55958,jean,korkis,1959-08-05,J5K61959,55958,jean,korkis,1959-06-05,J5K61959,1.0,1.0,0,1,1
17976,8050,55976,james,helvie,1992-07-02,J5H41992,53213,jhun,hilbert,1992-09-16,J5H41992,0.4833333333333333,0.6428571428571429,0,0,0
17979,6055,55968,gregory,morisseau,1975-09-23,G6M61975,52610,grl,moreno,1975-05-30,G6M61975,0.6507936507936508,0.7925925925925926,0,0,0
17989,15844,26064,shawn,tgdd,1990-12-02,S5T21990,34446,synteria,teix,1990-12-03,S5T21990,0.5499999999999999,0.5,0,0,0
17993,17992,55981,william,fo,1957-09-14,W4F01957,55981,william,fa,1957-09-14,W4F01957,1.0,0.6666666666666666,1,1,1
18013,18012,55992,anne,schatzberg,1968-06-24,A5S31968,55992,anne,schatzberg,1968-06-24,A5S31968,1.0,1.0,1,1,1
18019,18018,56002,oslet,williams,1973-01-24,O2W41973,56002,oslet,williams,1973-01-23,O2W41973,1.0,1.0,0,1,1
18020,18018,56002,oslet,williams,1973-01-23,O2W41973,56002,oslet,williams,1973-01-23,O2W41973,1.0,1.0,1,1,1
18020,18019,56002,oslet,williams,1973-01-23,O2W41973,56002,oslet,williams,1973-01-24,O2W41973,1.0,1.0,0,1,1
18032,18031,56012,kevin,sachs,1968-07-19,K1S21968,56012,kevin,sachs,1968-07-19,K1S21968,1.0,1.0,1,1,1
18034,3515,56016,craig,f,1967-04-29,C6F01967,3759,cornell,f,1967-05-03,C6F01967,0.5619047619047619,1.0,0,0,0
18038,18037,55803,kenneth,wilson,1955-05-21,K5W41955,55803,kenneth,wilson,1955-05-21,K5W41955,1.0,1.0,1,1,1
18067,18066,55989,marquavis,lindsay,1993-03-08,M6L51993,55989,marquavis,lindsay,1993-08-08,M6L51993,1.0,1.0,0,1,1
18068,10206,55989,mjuq,rb,1993-08-08,M2R11993,53797,michael,robinson,1993-11-23,M2R11993,0.4642857142857142,0.775,0,0,0
18079,15650,55267,justin,grieco,1994-06-06,J2G61994,55267,justin,grieco,1994-06-08,J2G61994,1.0,1.0,0,1,1
18082,14616,56027,ch,scza,1981-07-04,C0S01981,54967,cu,si,1981-09-03,C0S01981,0.6666666666666666,0.5833333333333334,0,0,0
18082,16451,56027,ch,scza,1981-07-04,C0S01981,55506,c,so,1981-02-21,C0S01981,0.8500000000000001,0.5833333333333334,0,0,0
18088,14334,56029,r,richard,1986-01-21,R0R21986,54894,rii,rokanm,1986-09-18,R0R21986,0.7999999999999999,0.5396825396825397,0,0,0
18101,18100,56036,john,negron,1964-09-20,J5N21964,56036,john,negron,1964-09-20,J5N21964,1.0,1.0,1,1,1
18112,18111,32188,brian,bueler,1993-05-24,B6B41993,32188,brian,bueler,1993-01-24,B6B41993,1.0,1.0,0,1,1
18120,15249,20380,igskp,libson,1979-11-30,I2L11979,55140,israel,lopez,1979-01-15,I2L11979,0.5777777777777778,0.4555555555555555,0,0,0
18120,15250,20380,igskp,libson,1979-11-30,I2L11979,55140,israel,lopez,1979-01-17,I2L11979,0.5777777777777778,0.4555555555555555,0,0,0
18125,18123,56065,abina,osullivan,1960-09-27,A1O21960,56065,abina,osullivan,1960-04-27,A1O21960,1.0,1.0,0,1,1
18135,8380,55014,mike,gomez,1989-11-15,M2G51989,3580,michael,gonzalez,1989-06-03,M2G51989,0.7809523809523811,0.6833333333333332,0,0,0
18135,8381,55014,mike,gomez,1989-11-15,M2G51989,3580,michael,gonzalez,1989-06-03,M2G51989,0.7809523809523811,0.6833333333333332,0,0,0
18135,14845,55014,mike,gomez,1989-11-15,M2G51989,55014,mike,gomez,1989-11-15,M2G51989,1.0,1.0,1,1,1
18139,18138,56050,basil,andrews,1949-09-13,B2A51949,56050,basil,andrews,1949-09-13,B2A51949,1.0,1.0,1,1,1
18150,6473,56052,terry,jnks,1989-02-05,T6J51989,52708,tierra,jones,1989-01-09,T6J51989,0.8400000000000001,0.8049999999999999,0,0,0
18176,18175,56045,di,joseph,1971-03-13,D0J21971,56045,d,joseph,1971-03-13,D0J21971,0.8500000000000001,1.0,1,1,1
18191,14201,56041,jessica,fv,1988-11-28,J2F01988,54890,jason,f,1988-01-29,J2F01988,0.5619047619047619,0.8500000000000001,0,0,0
18197,18196,56058,matthew,dr,1968-11-15,M3D61968,56058,matthew,drushel,1968-11-15,M3D61968,1.0,0.8095238095238095,1,1,1
18200,18199,56053,maria,luongo,1980-07-10,M6L51980,56053,maria,luongo,1980-07-10,M6L51980,1.0,1.0,1,1,1
18219,17431,56090,dz,griffith,1988-02-24,D2G61988,55818,deuq,gersbach,1988-08-16,D2G61988,0.5833333333333334,0.5833333333333334,0,0,0
18245,18244,56075,danue,walker,1979-06-11,D5W41979,56075,danue,walker,1979-06-11,D5W41979,1.0,1.0,1,1,1
18302,11812,42976,johander,lx,1989-10-01,J5L21989,21705,jamar,lez,1989-08-30,J5L21989,0.6583333333333333,0.611111111111111,0,0,0
18305,18303,56089,tiffany,dona,1984-11-17,T1D51984,56089,tiffany,daniels,1984-11-17,T1D51984,1.0,0.6150793650793651,1,1,1
18318,11418,56094,d,brown,1982-04-13,D0B61982,54151,dda,brown,1982-12-01,D0B61982,0.7999999999999999,1.0,0,1,0
18323,18322,4164,elias,losada,1989-12-20,E4L21989,4164,elias,losada,1989-12-20,E4L21989,1.0,1.0,1,1,1
18324,2930,56080,andrienna,sanchez,1989-09-08,A5S51989,51693,antwan,somuk,1989-03-07,A5S51989,0.611111111111111,0.4476190476190476,0,0,0
18331,6951,56096,brian,mcclendon,1980-01-25,B6M21980,11169,brandon,meg,1980-07-29,B6M21980,0.8323809523809523,0.6296296296296297,0,0,0
18332,6951,56096,brian,mcdyeneq,1980-01-25,B6M21980,11169,brandon,meg,1980-07-29,B6M21980,0.8323809523809523,0.6388888888888888,0,0,0
18332,18331,56096,brian,mcdyeneq,1980-01-25,B6M21980,56096,brian,mcclendon,1980-01-25,B6M21980,1.0,0.6481481481481481,1,1,1
18346,18345,48948,travis,bryant,1981-01-09,T6B61981,48948,travis,bryant,1981-01-09,T6B61981,1.0,1.0,1,1,1
18349,18348,56124,john,disanto,1961-05-27,J5D21961,56124,john,disanto,1961-05-27,J5D21961,1.0,1.0,1,1,1
18350,18348,56124,john,dssdn,1961-05-24,J5D21961,56124,john,disanto,1961-05-27,J5D21961,1.0,0.6761904761904761,0,0,1
18350,18349,56124,john,dssdn,1961-05-24,J5D21961,56124,john,disanto,1961-05-27,J5D21961,1.0,0.6761904761904761,0,0,1
18351,7255,48900,anthony,fields,1959-02-20,A5F41959,48900,an,fields,1959-02-20,A5F41959,0.8095238095238095,1.0,1,1,1
18376,18375,56115,kymone,belony,1994-07-12,K5B41994,56115,kymone,belony,1994-07-12,K5B41994,1.0,1.0,1,1,1
18392,18391,56121,evyan,coley,1985-01-28,E1C41985,56121,evyan,coley,1985-01-28,E1C41985,1.0,1.0,1,1,1
18394,18393,56105,christine,king,1986-11-01,C6K51986,56105,christine,king,1986-11-01,C6K51986,1.0,1.0,1,1,1
18401,18399,56120,michael,harper,1967-02-19,M2H61967,56120,michael,harper,1967-02-19,M2H61967,1.0,1.0,1,1,1
18418,18417,56108,kamal,warren,1980-05-02,K5W61980,56108,kamal,warren,1980-05-03,K5W61980,1.0,1.0,0,1,1
18419,18417,56108,kamal,warren,1980-05-03,K5W61980,56108,kamal,warren,1980-05-03,K5W61980,1.0,1.0,1,1,1
18419,18418,56108,kamal,warren,1980-05-03,K5W61980,56108,kamal,warren,1980-05-02,K5W61980,1.0,1.0,0,1,1
18433,18432,56118,herbert,lindsey,1956-12-13,H6L51956,56118,herbert,lindsey,1956-12-13,H6L51956,1.0,1.0,1,1,1
18460,18459,56143,franco,garcia,1986-10-05,F6G61986,56143,franco,garcia,1986-10-05,F6G61986,1.0,1.0,1,1,1
18461,18459,56143,franco,garcia,1986-10-05,F6G61986,56143,franco,garcia,1986-10-05,F6G61986,1.0,1.0,1,1,1
18461,18460,56143,franco,garcia,1986-10-05,F6G61986,56143,franco,garcia,1986-10-05,F6G61986,1.0,1.0,1,1,1
18473,18472,45590,alan,messina,1992-05-23,A4M21992,45590,alan,messina,1992-05-23,A4M21992,1.0,1.0,1,1,1
18506,11965,56174,janaina,mzr,1981-11-26,J5M21981,54288,james,mogj,1981-11-17,J5M21981,0.5619047619047619,0.5277777777777778,0,0,0
18521,3699,56151,jevcg,johnson,1982-10-13,J1J51982,51915,jeve,johnson,1982-03-01,J1J51982,0.8483333333333334,1.0,0,1,0
18521,3700,56151,jevcg,johnson,1982-10-13,J1J51982,51915,jxsbpc,johnson,1982-03-01,J1J51982,0.5777777777777778,1.0,0,0,0
18545,8009,56158,dasrfs,johnson,1974-11-07,D2J51974,53129,desi,johnson,1974-06-06,D2J51974,0.611111111111111,1.0,0,0,0
18574,4839,56182,ljgv,marlowe,1990-05-05,L2M61990,52254,luke,morgan,1990-10-04,L2M61990,0.5,0.5396825396825397,0,0,0
18574,4840,56182,ljgv,marlowe,1990-05-05,L2M61990,52254,luke,morgan,1990-10-04,L2M61990,0.5,0.5396825396825397,0,0,0
18574,4841,56182,ljgv,marlowe,1990-05-05,L2M61990,52254,luke,morgan,1990-10-04,L2M61990,0.5,0.5396825396825397,0,0,0
18596,2570,56150,juanita,ka,1992-07-23,J5K01992,21268,jonathan,k,1992-02-15,J5K01992,0.7417857142857143,0.8500000000000001,0,0,0
18629,18628,56165,natasha,plaisimond,1982-06-06,N3P41982,56165,natasha,plaisimond,1982-06-06,N3P41982,1.0,1.0,1,1,1
18632,18630,56181,terrell,dominick,1983-09-22,T6D51983,56181,terrell,dominick,1983-09-26,T6D51983,1.0,1.0,0,1,1
18636,2469,56205,teresita,s,1980-07-07,T6S01980,28829,travis,s,1980-07-23,T6S01980,0.6388888888888888,1.0,0,0,0
18661,3696,25670,joseph,nawh,1985-11-02,J2N01985,51927,jukf,n,1985-10-29,J2N01985,0.4722222222222221,0.775,0,0,0
18668,18397,56190,ronie,ou,1988-09-28,R5O01988,56113,ramzey,oau,1988-03-22,R5O01988,0.5777777777777778,0.611111111111111,0,0,0
18680,12275,56206,jamee,richardson,1980-05-20,J5R21980,31201,james,ruogi,1980-10-12,J5R21980,0.92,0.5333333333333333,0,0,0
18702,8864,56208,chriiuov,bo,1988-08-22,C6B01988,53507,curtis,bf,1988-11-10,C6B01988,0.625,0.6666666666666666,0,0,0
18703,17400,56208,chri,rgbalh,1988-08-20,C6R21988,55795,caritasse,roche,1988-01-13,C6R21988,0.6944444444444443,0.5777777777777778,0,0,0
18725,18723,56218,tevin,williams,1994-08-24,T1W41994,56218,tevin,williams,1994-08-24,T1W41994,1.0,1.0,1,1,1
18737,18736,13459,lauren,scott,1987-12-23,L6S31987,13459,lauren,scott,1987-12-21,L6S31987,1.0,1.0,0,1,1
18770,18769,56256,brian,spdtj,1987-05-11,B6S11987,56256,brian,spurgin,1987-05-11,B6S11987,1.0,0.5619047619047619,1,1,1
18774,9410,56246,deondre,fo,1993-12-11,D5F01993,12542,dennis,f,1993-08-22,D5F01993,0.6428571428571429,0.8500000000000001,0,0,0
18784,2653,56231,corey,hilqm,1993-01-07,C6H41993,51610,cornelius,holston,1993-07-02,C6H41993,0.8237037037037037,0.5619047619047619,0,0,0
18784,9417,56231,corey,hilqm,1993-01-07,C6H41993,53555,ckarn,hill,1993-01-12,C6H41993,0.6,0.8483333333333334,0,0,0
18784,9418,56231,corey,hilqm,1993-01-07,C6H41993,53555,charniece,hill,1993-01-12,C6H41993,0.6444444444444445,0.8483333333333334,0,0,0
18784,9419,56231,corey,hilqm,1993-01-07,C6H41993,53555,charniece,hill,1993-01-12,C6H41993,0.6444444444444445,0.8483333333333334,0,0,0
18785,18783,56231,corey,wilwqb,1993-01-09,C6W41993,56231,corey,williams,1993-01-09,C6W41993,1.0,0.625,1,1,1
18809,18808,56242,ricauter,espino,1987-05-14,R2E21987,56242,ricauter,espino,1987-05-14,R2E21987,1.0,1.0,1,1,1
18821,18820,56245,beverly,smith,1964-10-23,B1S51964,56245,beverly,smith,1964-12-23,B1S51964,1.0,1.0,0,1,1
18839,18837,56243,mario,luis,1982-04-15,M6L21982,56243,mario,luis,1982-04-15,M6L21982,1.0,1.0,1,1,1
18861,4562,56253,jose,mgr,1992-05-21,J2M21992,52173,joseph,maquez,1992-11-25,J2M21992,0.9333333333333332,0.5,0,0,0
18878,18877,50524,chauncy,thomas,1974-08-11,C5T51974,50524,chauncy,thomas,1974-08-11,C5T51974,1.0,1.0,1,1,1
18882,18756,56260,daniel,z,1983-06-05,D5Z01983,56193,daniel,zxs,1983-09-12,D5Z01983,1.0,0.7999999999999999,0,1,0
18897,11433,54165,dericky,mcgirt,1981-09-07,D6M21981,54165,dericky,mcgirt,1981-09-07,D6M21981,1.0,1.0,1,1,1
18908,18907,56282,michael,naacyu,1988-05-29,M2N21988,56282,mjn,nyoci,1988-05-29,M2N21988,0.4920634920634921,0.5777777777777778,1,0,1
18914,5018,56274,jox,rodriguez,1991-05-11,J2R31991,52302,jesn,roden,1991-04-28,J2R31991,0.5277777777777778,0.6444444444444445,0,0,0
18919,18918,56269,bruce,davis,1956-02-05,B6D11956,56269,bruce,davis,1956-06-06,B6D11956,1.0,1.0,0,1,1
18961,12216,56281,scott,lfun,1971-05-06,S3L11971,54348,stm,lf,1971-10-29,S3L11971,0.5111111111111111,0.8666666666666667,0,0,0
18973,18972,56283,david,lanter,1961-01-11,D1L51961,56283,david,lanter,1961-08-11,D1L51961,1.0,1.0,0,1,1
18986,4129,56272,lx,germaine,1977-03-01,L2G61977,52044,lizzette,graf,1977-12-12,L2G61977,0.5416666666666666,0.7375,0,0,0
19007,3016,51716,bria,harcum,1992-06-19,B6H61992,51716,bria,harcum,1992-06-19,B6H61992,1.0,1.0,1,1,1
19018,19017,37741,michael,basile,1982-11-17,M2B21982,37741,mnuhze,basile,1982-11-10,M2B21982,0.6428571428571429,1.0,0,0,1
19025,19024,56300,zachery,mcburrows,1988-04-05,Z2M21988,56300,zachery,mcburbo,1988-04-05,Z2M21988,1.0,0.9047619047619048,1,1,1
19039,19038,56296,luis,fernandezcueto,1981-07-18,L2F61981,56296,luis,fernandezcueto,1981-07-18,L2F61981,1.0,1.0,1,1,1
19046,19044,37622,william,surl,1953-07-15,W4S61953,37622,william,short,1953-07-15,W4S61953,1.0,0.6333333333333333,1,1,1
19073,19071,56305,andre,viruez,1977-11-12,A5V61977,56305,andre,viruez,1977-11-12,A5V61977,1.0,1.0,1,1,1
19107,16296,56328,jose,rz,1975-06-09,J2R21975,55439,jacques,rgin,1975-08-20,J2R21975,0.5952380952380952,0.5833333333333334,0,0,0
19109,19108,56328,jose,rivera,1975-06-05,J2R11975,56328,jose,rivera,1975-06-05,J2R11975,1.0,1.0,1,1,1
19113,5642,43504,terrence,johnson,1977-04-14,T6J51977,32047,terrance,jones,1977-11-22,T6J51977,0.9214285714285716,0.8323809523809523,0,0,0
19166,19164,56375,leticia,wa,1983-08-11,L3W01983,56375,leticia,w,1983-08-11,L3W01983,1.0,0.8500000000000001,1,1,1
19169,19167,46822,timothy,towns,1994-09-12,T5T51994,46822,timothy,towns,1994-06-12,T5T51994,1.0,1.0,0,1,1
19177,19176,56371,nadine,chambers,1965-08-08,N3C51965,56371,nwd,chambers,1965-08-08,N3C51965,0.6666666666666666,1.0,1,1,1
19181,19180,32537,george,martinez,1972-07-08,G6M61972,32537,george,martinez,1972-07-03,G6M61972,1.0,1.0,0,1,1
19195,6471,56376,tyisha,jenkins,1989-01-28,T2J51989,52708,tz,jones,1989-01-09,T2J51989,0.5555555555555555,0.7364285714285714,0,0,0
19199,19197,56351,potqmc,morris,1994-01-11,P3M61994,56351,patrick,morris,1994-01-11,P3M61994,0.6428571428571429,1.0,1,1,1
19211,19210,56367,kevin,chapman,1986-09-21,K1C11986,56367,kevin,chapman,1986-07-21,K1C11986,1.0,1.0,0,1,1
19226,3178,56363,wilkens,clermond,1984-05-12,W4C41984,51778,william,celowanchick,1984-03-24,W4C41984,0.6190476190476191,0.6138888888888889,0,0,0
19226,3179,56363,wilkens,clermond,1984-05-12,W4C41984,51778,william,celowanchick,1984-01-24,W4C41984,0.6190476190476191,0.6138888888888889,0,0,0
19229,19228,56349,clara,torres,1982-08-12,C4T61982,56349,clara,torres,1982-08-19,C4T61982,1.0,1.0,0,1,1
19232,19231,56370,eduardo,izquierdo,1966-11-27,E3I21966,56370,eduardo,izquierdo,1966-11-24,E3I21966,1.0,1.0,0,1,1
19283,19281,1296,darrel,mims,1984-09-25,D6M51984,1296,darrel,mims,1984-09-25,D6M51984,1.0,1.0,1,1,1
19288,19287,56353,tuhfau,bx,1995-04-07,T1B21995,56353,tehp,baker,1995-04-07,T1B21995,0.611111111111111,0.5666666666666667,1,0,1
19306,19305,56386,cedric,carson,1970-09-26,C3C61970,56386,cedric,chri,1970-09-22,C3C61970,1.0,0.611111111111111,0,0,1
19307,19305,56386,cedric,carson,1970-06-22,C3C61970,56386,cedric,chri,1970-09-22,C3C61970,1.0,0.611111111111111,0,0,1
19307,19306,56386,cedric,carson,1970-06-22,C3C61970,56386,cedric,carson,1970-09-26,C3C61970,1.0,1.0,0,1,1
19310,19308,56397,james,bryant,1987-04-29,J5B61987,56397,james,bryant,1987-04-22,J5B61987,1.0,1.0,0,1,1
19319,19317,56410,victor,lozada,1951-05-12,V2L21951,56410,victor,lozada,1951-05-12,V2L21951,1.0,1.0,1,1,1
19331,19330,48451,harold,bryant,1984-07-12,H6B61984,48451,harold,bryant,1984-07-12,H6B61984,1.0,1.0,1,1,1
19342,19341,56387,christopher,lokai,1990-12-01,C6L21990,56387,christopher,lokai,1990-12-01,C6L21990,1.0,1.0,1,1,1
19371,13003,56390,donovam,r,1987-11-29,D5R01987,44649,deanna,rh,1987-12-27,D5R01987,0.6428571428571429,0.8500000000000001,0,0,0
19376,19374,56395,yvon,rancourt,1981-07-14,Y1R51981,56395,yvon,rancourt,1981-07-04,Y1R51981,1.0,1.0,0,1,1
19415,2073,56412,dm,r,1991-11-27,D5R01991,42501,donnell,r,1991-08-16,D5R01991,0.5476190476190476,1.0,0,0,0
19420,19419,56393,peter,vansiclen,1977-08-04,P3V51977,56393,peter,vansiclen,1977-09-04,P3V51977,1.0,1.0,0,1,1
19430,3561,51846,evenson,morency,1993-06-07,E1M61993,51846,evenson,morency,1993-06-07,E1M61993,1.0,1.0,1,1,1
19439,19437,56426,nikesha,young,1986-05-04,N2Y51986,56426,nikesha,young,1986-05-04,N2Y51986,1.0,1.0,1,1,1
19441,2805,56428,nicholas,kackl,1983-04-10,N2K21983,51647,nicole,kuqgz,1983-09-20,N2K21983,0.8736111111111112,0.4666666666666666,0,0,0
19446,8115,56440,robert,mcfadden,1977-03-22,R1M21977,53170,rafael,mj,1977-12-12,R1M21977,0.5555555555555555,0.5416666666666666,0,0,0
19448,8115,56440,robert,mcfadden,1977-03-22,R1M21977,53170,rafael,mj,1977-12-12,R1M21977,0.5555555555555555,0.5416666666666666,0,0,0
19448,19446,56440,robert,mcfadden,1977-03-22,R1M21977,56440,robert,mcfadden,1977-03-22,R1M21977,1.0,1.0,1,1,1
19451,19450,56423,tj,denham,1992-09-14,T2D51992,56423,tj,denham,1992-09-14,T2D51992,1.0,1.0,1,1,1
19458,10409,56420,mnr,dqq,1993-12-06,M6D21993,53876,mrr,doj,1993-05-24,M6D21993,0.7999999999999999,0.5555555555555555,0,0,0
19462,1418,43081,willie,harris,1986-12-13,W4H61986,51220,walter,hernandez,1986-04-02,W4H61986,0.6666666666666666,0.5,0,0,0
19469,19468,56418,miguel,hernandez,1947-04-18,M2H61947,56418,miguel,hernandez,1947-04-18,M2H61947,1.0,1.0,1,1,1
19471,19470,56438,jose,rodriguez,1974-03-28,J2R31974,56438,jose,rodriguez,1974-03-28,J2R31974,1.0,1.0,1,1,1
19487,13717,55743,kristin,r,1987-02-17,K6R01987,54758,karen,r,1987-04-03,K6R01987,0.6761904761904761,1.0,0,0,0
19490,19489,56425,erika,marinucci,1977-03-02,E6M61977,56425,erika,marinucci,1977-03-02,E6M61977,1.0,1.0,1,1,1
19495,19494,56432,kristin,krall,1973-01-16,K6K61973,56432,kristin,krall,1973-01-16,K6K61973,1.0,1.0,1,1,1
19496,19494,56432,krusu,krall,1973-01-16,K6K61973,56432,kristin,krall,1973-01-16,K6K61973,0.6761904761904761,1.0,1,1,1
19496,19495,56432,krusu,krall,1973-01-16,K6K61973,56432,kristin,krall,1973-01-16,K6K61973,0.6761904761904761,1.0,1,1,1
19503,4339,56439,katelyn,dest,1993-05-01,K3D21993,51451,kaitlyn,daheac,1993-11-02,K3D21993,0.923809523809524,0.611111111111111,0,0,0
19537,19536,48563,zach,elliot-butts,1984-07-07,Z2E41984,48563,zach,elliot-butts,1984-07-07,Z2E41984,1.0,1.0,1,1,1
19538,19536,48563,zach,ellyoj-bu,1984-07-07,Z2E41984,48563,zach,elliot-butts,1984-07-07,Z2E41984,1.0,0.850925925925926,1,1,1
19538,19537,48563,zach,ellyoj-bu,1984-07-07,Z2E41984,48563,zach,elliot-butts,1984-07-07,Z2E41984,1.0,0.850925925925926,1,1,1
19541,19540,56460,michael,cerniglia,1993-07-19,M2C61993,56460,michael,cerniglia,1993-07-19,M2C61993,1.0,1.0,1,1,1
19568,19567,56480,robert,byt,1965-07-12,R1B31965,56480,rb,butler,1965-02-12,R1B31965,0.7999999999999999,0.6666666666666666,0,0,1
19578,4092,56457,dc,jackson,1995-04-27,D2J21995,52036,dso,joseph,1995-01-20,D2J21995,0.611111111111111,0.5396825396825397,0,0,0
19606,11762,56453,maria,mazmicwt,1951-12-04,M6M21951,54234,mrl,mizrachi,1951-01-16,M6M21951,0.6888888888888888,0.6833333333333332,0,0,0
19612,17185,56467,k,hansen,1993-06-26,K0H51993,55748,k,hamilton,1993-06-18,K0H51993,1.0,0.625,0,0,0
19613,19611,56467,kelsey,hansen,1993-06-26,K4H51993,56467,kelsey,haohm,1993-06-26,K4H51993,1.0,0.5777777777777778,1,1,1
19645,4241,52090,anthony,yondolino,1987-01-04,A5Y51987,52090,anthony,yondolino,1987-05-04,A5Y51987,1.0,1.0,0,1,1
19656,17396,56445,angel,dmmgld,1965-02-14,A5D51965,55800,angela,danson,1965-08-19,A5D51965,0.9666666666666668,0.4444444444444444,0,0,0
19667,19666,56489,gary,stdzelk,1955-09-19,G6S31955,56489,gary,stypelkoski,1955-09-19,G6S31955,1.0,0.7783549783549784,1,1,1
19676,19674,56483,adrien,petit,1988-05-01,A3P31988,56483,adrien,petit,1988-04-09,A3P31988,1.0,1.0,0,1,1
19677,11591,56503,justin,morales,1986-06-29,J2M61986,54184,jose,mayorquin- tellez,1986-10-17,J2M61986,0.611111111111111,0.6028011204481792,0,0,0
19677,15492,56503,justin,morales,1986-06-29,J2M61986,54754,joseph,marvf,1986-07-30,J2M61986,0.5555555555555555,0.565079365079365,0,0,0
19678,11591,56503,justin,morales,1986-06-29,J2M61986,54184,jose,mayorquin- tellez,1986-10-17,J2M61986,0.611111111111111,0.6028011204481792,0,0,0
19678,15492,56503,justin,morales,1986-06-29,J2M61986,54754,joseph,marvf,1986-07-30,J2M61986,0.5555555555555555,0.565079365079365,0,0,0
19678,19677,56503,justin,morales,1986-06-29,J2M61986,56503,justin,morales,1986-06-29,J2M61986,1.0,1.0,1,1,1
19690,19689,11131,whatlny/emo,nordelus,1986-03-18,W3N61986,11131,whatley/ ronie,nordelus,1986-03-16,W3N61986,0.9046753246753249,1.0,0,1,1
19706,19704,56484,junior,belice,1993-07-18,J5B41993,56484,junior,belice,1993-07-16,J5B41993,1.0,1.0,0,1,1
19713,13833,43501,joshua,johnson,1986-08-28,J2J51986,54764,jazze,johnson,1986-09-29,J2J51986,0.4555555555555555,1.0,0,0,0
19724,19723,46498,emelio,bien-aime,1975-03-25,E5B51975,46498,emelio,bien-aime,1975-03-21,E5B51975,1.0,1.0,0,1,1
19741,19740,56507,melissa,bxnj,1979-08-09,M4B21979,56507,melissa,bgn,1979-02-02,M4B21979,1.0,0.75,0,0,1
19745,19744,56500,michael,pr,1978-07-08,M2P61978,56500,michael,preston,1978-07-08,M2P61978,1.0,0.8095238095238095,1,1,1
19751,19749,33607,laquetta,jackson,1979-10-19,L2J21979,33607,laquetta,jackson,1979-10-19,L2J21979,1.0,1.0,1,1,1
19779,18478,56495,dane,lombardi,1989-12-15,D5L51989,56141,deandre,lindsey,1989-08-04,D5L51989,0.7964285714285714,0.5119047619047619,0,0,0
19780,18478,56495,dane,lombardi,1989-12-15,D5L51989,56141,deandre,lindsey,1989-08-04,D5L51989,0.7964285714285714,0.5119047619047619,0,0,0
19780,19779,56495,dane,lombardi,1989-12-15,D5L51989,56495,dane,lombardi,1989-12-15,D5L51989,1.0,1.0,1,1,1
19781,18478,56495,dane,lombardi,1989-12-15,D5L51989,56141,deandre,lindsey,1989-08-04,D5L51989,0.7964285714285714,0.5119047619047619,0,0,0
19781,19779,56495,dane,lombardi,1989-12-15,D5L51989,56495,dane,lombardi,1989-12-15,D5L51989,1.0,1.0,1,1,1
19781,19780,56495,dane,lombardi,1989-12-15,D5L51989,56495,dane,lombardi,1989-12-15,D5L51989,1.0,1.0,1,1,1
19819,10203,56519,antwon,hyman,1984-09-04,A5H51984,9674,ankd,ham,1984-09-19,A5H51984,0.611111111111111,0.6888888888888888,0,0,0
19819,10204,56519,antwon,hyman,1984-09-04,A5H51984,9674,anthony,hansberry,1984-09-19,A5H51984,0.8944444444444445,0.6444444444444445,0,0,0
19822,19821,56524,lorene,dennis,1969-09-26,L6D51969,56524,lorene,dennis,1969-05-26,L6D51969,1.0,1.0,0,1,1
19835,19834,56532,trevor,russell,1974-02-13,T6R21974,56532,trevor,russell,1974-02-13,T6R21974,1.0,1.0,1,1,1
19839,7746,9038,james,hio,1964-05-11,J5H01964,53116,juan,he,1964-05-18,J5H01964,0.6333333333333333,0.611111111111111,0,0,0
19849,19848,56531,wesley,rembert,1987-03-16,W2R51987,56531,wesley,rembert,1987-02-16,W2R51987,1.0,1.0,0,1,1
19850,19848,56531,wesley,rembert,1987-03-16,W2R51987,56531,wesley,rembert,1987-02-16,W2R51987,1.0,1.0,0,1,1
19850,19849,56531,wesley,rembert,1987-03-16,W2R51987,56531,wesley,rembert,1987-03-16,W2R51987,1.0,1.0,1,1,1
19864,19863,56550,amy,romain,1978-06-23,A5R51978,56550,amy,romain,1978-06-22,A5R51978,1.0,1.0,0,1,1
19868,19867,56548,marilia,olive,1982-04-14,M6O41982,56548,marilia,olive,1982-04-14,M6O41982,1.0,1.0,1,1,1
19871,19869,56553,peter,car,1980-07-07,P3C61980,56553,pd,carbone,1980-07-02,P3C61980,0.5666666666666667,0.8666666666666668,0,0,1
19882,4520,56544,jarvis,tmgw,1989-10-31,J6T51989,15371,jermaine,thomas,1989-11-07,J6T51989,0.6388888888888888,0.611111111111111,0,0,0
19892,19891,47935,andson,gilles,1976-10-02,A5G41976,47935,andson,gilles,1976-10-02,A5G41976,1.0,1.0,1,1,1
19901,17061,55928,micyen,mixi,1988-06-27,M2M21988,55692,michael,mazzarella,1988-10-25,M2M21988,0.8222222222222222,0.45,0,0,0
19918,19917,10467,jason,brantman,1977-02-11,J2B61977,10467,jason,brmnl,1977-02-11,J2B61977,1.0,0.6833333333333332,1,1,1
19949,19948,56545,jesus,valencia,1986-07-26,J2V41986,56545,jesus,valencia,1986-07-26,J2V41986,1.0,1.0,1,1,1
19982,19980,56566,henry,tome,1985-09-24,H5T51985,56566,henry,tome,1985-09-25,H5T51985,1.0,1.0,0,1,1
19991,19990,56534,ns,walling,1995-01-09,N2W41995,56534,nicole,walling,1995-05-09,N2W41995,0.5555555555555555,1.0,0,0,1
19992,1905,56567,mirkl,escobar deleon,1977-05-11,M6E21977,51378,marie,exume,1977-07-26,M6E21977,0.6,0.5142857142857143,0,0,0
19992,1907,56567,mirkl,escobar deleon,1977-05-11,M6E21977,51378,marie,exume,1977-07-26,M6E21977,0.6,0.5142857142857143,0,0,0
20030,20028,56609,kathleen,lopez,1986-10-11,K3L11986,56609,kathleen,lopez,1986-10-10,K3L11986,1.0,1.0,0,1,1
20062,2627,49938,david,seymoure,1991-01-24,D1S51991,36720,david,sma,1991-01-01,D1S51991,1.0,0.6388888888888888,0,0,0
20085,15438,49346,walter,s,1959-05-22,W4S01959,10097,wallnf,shaw,1959-12-21,W4S01959,0.6666666666666666,0.775,0,0,0
20088,294,56606,kisanne,ranglin,1982-10-12,K2R51982,50935,kex,ramos,1982-12-15,K2R51982,0.4920634920634921,0.5619047619047619,0,0,0
20090,294,56606,kisanne,ranglin,1982-10-16,K2R51982,50935,kex,ramos,1982-12-15,K2R51982,0.4920634920634921,0.5619047619047619,0,0,0
20090,20088,56606,kisanne,ranglin,1982-10-16,K2R51982,56606,kisanne,ranglin,1982-10-12,K2R51982,1.0,1.0,0,1,1
20095,9444,56602,alejandro,moralez,1985-01-10,A4M61985,44662,alicia,maring,1985-12-31,A4M61985,0.611111111111111,0.5317460317460317,0,0,0
20099,19641,56611,andre,cuw,1985-11-25,A5C01985,56462,annita,c,1985-01-30,A5C01985,0.5777777777777778,0.7999999999999999,0,0,0
20118,10747,56607,s,campbell,1985-11-18,S0C51985,53927,sw,chambers,1985-08-01,S0C51985,0.8500000000000001,0.775,0,0,0
20124,18509,56597,david,po,1984-06-27,D1P01984,56155,david,p,1984-07-04,D1P01984,1.0,0.8500000000000001,0,1,0
20147,20145,56603,jaime,roa,1978-12-09,J5R01978,56603,jaime,roa,1978-12-09,J5R01978,1.0,1.0,1,1,1
20178,3376,56620,dwaine,c,1990-02-23,D5C01990,13097,daniel,c,1990-04-29,D5C01990,0.8400000000000001,1.0,0,1,0
20198,20196,56637,charles,ott,1963-01-17,C6O31963,56637,charles,ott,1963-01-17,C6O31963,1.0,1.0,1,1,1
20221,20220,56616,adriana,valencia,1969-08-29,A3V41969,56616,adriana,vulsng,1969-08-29,A3V41969,1.0,0.625,1,1,1
20226,14127,56621,richard,huuy,1993-08-14,R2H01993,54832,richard,h,1993-09-09,R2H01993,1.0,0.775,0,1,0
20244,13159,56619,joc,walker,1994-02-20,J2W41994,46514,joky,walker,1994-05-30,J2W41994,0.7777777777777778,1.0,0,1,0
20249,20248,56645,arthur,ferr,1956-10-14,A6F61956,56645,arthur,fernandez,1956-10-14,A6F61956,1.0,0.6944444444444443,1,1,1
20252,20250,56647,hanghelis,guzmanoran,1982-12-15,H5G21982,56647,hanghelis,guzmanoran,1982-12-15,H5G21982,1.0,1.0,1,1,1
20257,20256,56639,stephanie,sherwood,1992-10-12,S3S61992,56639,soet,sherwood,1992-10-12,S3S61992,0.5833333333333334,1.0,1,1,1
20279,20277,56622,beliard,meus,1956-02-12,B4M21956,56622,beliard,meus,1956-02-12,B4M21956,1.0,1.0,1,1,1
20282,20280,47135,reshaud,bowens,1991-12-04,R2B51991,47135,reshaud,bowens,1991-12-08,R2B51991,1.0,1.0,0,1,1
20290,20289,56636,bobby,neil,1984-07-17,B1N41984,56636,bobby,neil,1984-07-17,B1N41984,1.0,1.0,1,1,1
20291,20289,56636,bobby,neil,1984-07-17,B1N41984,56636,bobby,neil,1984-07-17,B1N41984,1.0,1.0,1,1,1
20291,20290,56636,bobby,neil,1984-07-17,B1N41984,56636,bobby,neil,1984-07-17,B1N41984,1.0,1.0,1,1,1
20303,20302,56644,anthony,hinds,1988-06-21,A5H51988,56644,anthony,hinds,1988-05-23,A5H51988,1.0,1.0,0,1,1
20324,20323,28374,percel,kinder,1976-02-22,P6K51976,28374,percel,kinder,1976-07-22,P6K51976,1.0,1.0,0,1,1
20333,20170,47327,jeremy,g,1990-08-18,J6G01990,56638,jruf,g,1990-05-12,J6G01990,0.611111111111111,1.0,0,0,0
20338,16538,56671,frantz,lamour jr.,1983-01-31,F6L51983,32337,frantz,lamour,1983-01-21,F6L51983,1.0,0.92,0,1,0
20341,8457,56674,nicholas,covar,1994-03-20,N2C11994,53288,nicholas,caffarilla,1994-12-06,N2C11994,1.0,0.6333333333333333,0,0,0
20345,20344,39434,clifton,dyer,1989-10-27,C4D61989,39434,cl,dyer,1989-10-27,C4D61989,0.8095238095238095,1.0,1,1,1
20360,20359,56652,timothy,gordon,1984-07-22,T5G61984,56652,timothy,gordon,1984-07-22,T5G61984,1.0,1.0,1,1,1
20368,10300,56682,jx,d,1964-07-28,J0D01964,53824,j,d,1964-09-21,J0D01964,0.8500000000000001,1.0,0,1,0
20370,11987,9659,antonio,murray,1985-01-25,A5M61985,9659,antonio,murray,1985-05-25,A5M61985,1.0,1.0,0,1,1
20370,17873,9659,antonio,murray,1985-01-25,A5M61985,55940,andrew,mireles,1985-06-02,A5M61985,0.5396825396825397,0.5396825396825397,0,0,0
20374,20373,56659,eric,wardlaw,1990-01-06,E6W61990,56659,eric,wardlaw,1990-01-06,E6W61990,1.0,1.0,1,1,1
20396,33,56662,maritza,mx,1980-07-28,M6M21980,50854,martin,ms,1980-01-06,M6M21980,0.8477777777777777,0.6666666666666666,0,0,0
20407,20406,39651,edwin,ramirez,1963-08-17,E3R51963,39651,edwin,rmeil,1963-08-17,E3R51963,1.0,0.6761904761904761,1,1,1
20435,20433,56672,romario,eliacin,1994-09-29,R5E41994,56672,romario,eliacin,1994-09-29,R5E41994,1.0,1.0,1,1,1
20440,20439,56653,david,kennedy,1993-01-07,D1K51993,56653,david,kennedy,1993-01-07,D1K51993,1.0,1.0,1,1,1
20458,819,56686,tinikka,humphrey,1983-10-05,T5H51983,51067,timothy,henry,1983-07-10,T5H51983,0.5238095238095238,0.6583333333333333,0,0,0
20470,20469,56709,claudette,jcp,1965-11-21,C4J11965,56709,claqd,jpoc,1965-11-21,C4J11965,0.8237037037037037,0.75,1,1,1
20506,20505,21479,christian,caminocasanova,1988-09-13,C6C51988,21479,christian,caminocasanova,1988-09-23,C6C51988,1.0,1.0,0,1,1
20518,11826,53108,timothy,newson,1989-06-13,T5N21989,53108,timothy,newson,1989-06-13,T5N21989,1.0,1.0,1,1,1
20518,11827,53108,timothy,newson,1989-06-13,T5N21989,53108,timothy,newson,1989-06-13,T5N21989,1.0,1.0,1,1,1
20518,11828,53108,timothy,newson,1989-06-13,T5N21989,53108,timothy,newson,1989-03-13,T5N21989,1.0,1.0,0,1,1
20519,11826,53108,timothy,newson,1989-06-13,T5N21989,53108,timothy,newson,1989-06-13,T5N21989,1.0,1.0,1,1,1
20519,11827,53108,timothy,newson,1989-06-13,T5N21989,53108,timothy,newson,1989-06-13,T5N21989,1.0,1.0,1,1,1
20519,11828,53108,timothy,newson,1989-06-13,T5N21989,53108,timothy,newson,1989-03-13,T5N21989,1.0,1.0,0,1,1
20519,20518,53108,timothy,newson,1989-06-13,T5N21989,53108,timothy,newson,1989-06-13,T5N21989,1.0,1.0,1,1,1
20530,20529,8041,patrick,myree,1989-11-18,P3M61989,8041,patrick,myree,1989-11-18,P3M61989,1.0,1.0,1,1,1
20534,20533,55964,ronald,mccloud,1989-10-25,R5M21989,55964,ronald,mccloud,1989-10-25,R5M21989,1.0,1.0,1,1,1
20549,20548,56702,sean,roberts,1970-08-14,S5R11970,56702,sean,roberts,1970-08-11,S5R11970,1.0,1.0,0,1,1
20553,12388,48557,stephen,greene,1986-09-02,S3G61986,19693,sieyd,grkpwk,1986-03-01,S3G61986,0.5619047619047619,0.5555555555555555,0,0,0
20598,16166,56713,shawanda,johnson,1981-01-12,S5J51981,55402,shemise,johnson,1981-03-04,S5J51981,0.5119047619047619,1.0,0,0,0
20606,20604,56719,dante,capezzuto,1979-04-17,D5C11979,56719,dumd,capezzuto,1979-09-17,D5C11979,0.4833333333333333,1.0,0,0,1
20611,4836,56722,justin,gle,1994-11-24,J2G41994,52253,jason,glrwscg,1994-03-08,J2G41994,0.7300000000000001,0.6507936507936508,0,0,0
20620,20619,56714,epifania,roman,1982-10-10,E1R51982,56714,epifania,roman,1982-10-10,E1R51982,1.0,1.0,1,1,1
20625,7729,56720,robert,ui,1989-10-25,R1U01989,53081,ruben,u,1989-09-01,R1U01989,0.7300000000000001,0.8500000000000001,0,0,0
20648,20647,32528,joel,curj,1977-11-24,J4C61977,32528,joel,curtiss,1977-11-04,J4C61977,1.0,0.8083333333333333,0,1,1
20651,20649,42656,bradley,quimbley,1986-05-11,B6Q51986,42656,bradley,quimbley,1986-05-31,B6Q51986,1.0,1.0,0,1,1
20704,20703,56745,eric,mckenzie,1990-03-15,E6M21990,56745,eric,mckenzie,1990-03-05,E6M21990,1.0,1.0,0,1,1
20705,20703,56745,eric,mckenzie,1990-03-15,E6M21990,56745,eric,mckenzie,1990-03-05,E6M21990,1.0,1.0,0,1,1
20705,20704,56745,eric,mckenzie,1990-03-15,E6M21990,56745,eric,mckenzie,1990-03-15,E6M21990,1.0,1.0,1,1,1
20716,20715,49427,antoine,morris,1988-11-24,A5M61988,49427,antoine,morris,1988-11-29,A5M61988,1.0,1.0,0,1,1
20729,8622,56744,barnabas,mjbh,1984-07-13,B6M21984,53354,brandon,mcneil,1984-11-30,B6M21984,0.6071428571428571,0.4722222222222221,0,0,0
20729,13145,56744,barnabas,mjbh,1984-07-13,B6M21984,54558,bryeon,mack,1984-06-06,B6M21984,0.625,0.5,0,0,0
20731,20730,48935,jobany,florez,1970-10-19,J1F41970,48935,jobany,florez,1970-10-13,J1F41970,1.0,1.0,0,1,1
20732,20730,48935,jobany,florez,1970-10-19,J1F41970,48935,jobany,florez,1970-10-13,J1F41970,1.0,1.0,0,1,1
20732,20731,48935,jobany,florez,1970-10-19,J1F41970,48935,jobany,florez,1970-10-19,J1F41970,1.0,1.0,1,1,1
20738,20737,56747,wayne,jwnh,1966-07-22,W5J51966,56747,wayne,jensen,1966-07-22,W5J51966,1.0,0.611111111111111,1,1,1
20756,20754,56752,alex,carrio,1985-03-31,A4C61985,56752,alex,carrio,1985-03-31,A4C61985,1.0,1.0,1,1,1
20758,20757,56760,estefania,meneses,1989-05-21,E2M51989,56760,eseefb,meneses,1989-05-22,E2M51989,0.762962962962963,1.0,0,1,1
20759,20757,56760,estefania,meneses,1989-05-22,E2M51989,56760,eseefb,meneses,1989-05-22,E2M51989,0.762962962962963,1.0,1,1,1
20759,20758,56760,estefania,meneses,1989-05-22,E2M51989,56760,estefania,meneses,1989-05-21,E2M51989,1.0,1.0,0,1,1
20761,20760,56753,james,stubbs,1946-02-02,J5S31946,56753,james,stubbs,1946-02-03,J5S31946,1.0,1.0,0,1,1
20772,19617,56746,semisi,mgg,1986-04-19,S5M21986,56448,sean,mccabe,1986-04-17,S5M21986,0.611111111111111,0.5,0,0,0
20782,7790,55971,jose,d,1990-05-03,J2D01990,53099,justin,de,1990-08-03,J2D01990,0.611111111111111,0.8500000000000001,0,0,0
20782,17658,55971,jose,d,1990-05-03,J2D01990,55868,jake,dei,1990-10-09,J2D01990,0.6666666666666666,0.7999999999999999,0,0,0
20794,13702,54708,jenice,ki,1974-03-04,J5K01974,54708,jenice,kwsj,1974-03-04,J5K01974,1.0,0.5833333333333334,1,1,1
20816,11082,56740,matthew,bumpers,1994-11-12,M3B51994,54020,mtd,benitez,1994-09-23,M3B51994,0.6507936507936508,0.5238095238095238,0,0,0
20828,20827,56797,marlon,miller,1978-10-14,M6M41978,56797,marlon,miller,1978-10-13,M6M41978,1.0,1.0,0,1,1
20840,20838,56775,sammy,garcia,1981-11-29,S5G61981,56775,sammy,garcia,1981-11-29,S5G61981,1.0,1.0,1,1,1
20863,18723,49739,tb,wallace,1994-10-02,T1W41994,56218,tevin,williams,1994-08-24,T1W41994,0.5666666666666667,0.6904761904761904,0,0,0
20863,18725,49739,tb,wallace,1994-10-02,T1W41994,56218,tevin,williams,1994-08-24,T1W41994,0.5666666666666667,0.6904761904761904,0,0,0
20871,9956,56788,tanesha,mcintyre,1984-02-10,T5M21984,53727,timothy,mcccluk,1984-08-03,T5M21984,0.5238095238095238,0.5119047619047619,0,0,0
20881,13220,13306,john,mcmp,1963-11-12,J5M21963,46508,james,mcfarlane,1963-10-22,J5M21963,0.4833333333333333,0.5740740740740741,0,0,0
20896,16416,56798,ajb,perez,1987-01-13,A2P61987,55482,azp,pereira,1987-04-17,A2P61987,0.5555555555555555,0.8742857142857143,0,0,0
20901,2358,51502,dwight,gray,1979-06-29,D2G61979,51502,dwight,gray,1979-06-29,D2G61979,1.0,1.0,1,1,1
20903,2358,51502,dwight,gray,1979-06-29,D2G61979,51502,dwight,gray,1979-06-29,D2G61979,1.0,1.0,1,1,1
20903,20901,51502,dwight,gray,1979-06-29,D2G61979,51502,dwight,gray,1979-06-29,D2G61979,1.0,1.0,1,1,1
20907,19387,56820,albert,q,1983-04-12,A4Q01983,56392,alan,q,1983-02-25,A4Q01983,0.611111111111111,1.0,0,0,0
20924,20922,56801,philip,tiahrt,1988-07-20,P4T61988,56801,philip,tiahrt,1988-07-20,P4T61988,1.0,1.0,1,1,1
20930,14825,40810,robert,ellis,1987-09-14,R1E41987,40810,robert,ellis,1987-09-14,R1E41987,1.0,1.0,1,1,1
20931,2932,40374,j,garland,1993-10-14,J0G61993,51679,j,gordon-taylor,1993-04-07,J0G61993,1.0,0.632967032967033,0,0,0
20942,13654,56803,wilkins,ohen,1985-01-04,W4O51985,54714,williams,onique,1985-01-23,W4O51985,0.8458333333333333,0.611111111111111,0,0,0
20972,11540,56780,leon,masr,1975-11-08,L5M21975,54177,linda,mnxidye,1975-02-10,L5M21975,0.6333333333333333,0.4642857142857142,0,0,0
20992,20991,56799,roberto,teruggi,1990-07-13,R1T61990,56799,roep,teruggi,1990-07-13,R1T61990,0.7809523809523811,1.0,1,1,1
21002,21001,56847,christina,broder,1974-01-18,C6B61974,56847,christina,broder,1974-01-19,C6B61974,1.0,1.0,0,1,1
21012,10596,56841,jec,haynes,1988-09-25,J2H51988,53899,joshua,hmu,1988-02-12,J2H51988,0.5,0.5,0,0,0
21034,21033,55726,melanie,loy,1985-09-02,M4L01985,55726,melanie,loy,1985-08-02,M4L01985,1.0,1.0,0,1,1
21047,21046,56828,jonathan,christman,1994-03-25,J5C61994,56828,jonathan,christman,1994-03-29,J5C61994,1.0,1.0,0,1,1
21074,21073,55865,anthony,cardullo,1957-06-15,A5C61957,55865,anthony,cardullo,1957-06-15,A5C61957,1.0,1.0,1,1,1
21086,7464,53005,chandler,jeanbaptiste,1994-11-15,C5J51994,53005,chandler,jeanbaptiste,1994-11-15,C5J51994,1.0,1.0,1,1,1
21095,21094,56843,yanderi,soto,1983-04-03,Y5S31983,56843,yanderi,soto,1983-02-03,Y5S31983,1.0,1.0,0,1,1
21103,9691,56823,devonte,va,1993-09-11,D1V01993,53686,david,v,1993-11-14,D1V01993,0.5619047619047619,0.8500000000000001,0,0,0
21105,10632,18100,freddy,crespo,1984-11-11,F6C61984,18100,freddy,crespo,1984-11-11,F6C61984,1.0,1.0,1,1,1
21106,10632,18100,freddy,crespo,1984-11-11,F6C61984,18100,freddy,crespo,1984-11-11,F6C61984,1.0,1.0,1,1,1
21106,21105,18100,freddy,crespo,1984-11-11,F6C61984,18100,freddy,crespo,1984-11-11,F6C61984,1.0,1.0,1,1,1
21107,10632,18100,freddy,crespo,1984-11-11,F6C61984,18100,freddy,crespo,1984-11-11,F6C61984,1.0,1.0,1,1,1
21107,21105,18100,freddy,crespo,1984-11-11,F6C61984,18100,freddy,crespo,1984-11-11,F6C61984,1.0,1.0,1,1,1
21107,21106,18100,freddy,crespo,1984-11-11,F6C61984,18100,freddy,crespo,1984-11-11,F6C61984,1.0,1.0,1,1,1
21113,21112,56856,keithdrain,lewis,1994-09-26,K3L21994,56856,keuthq,lewis,1994-09-26,K3L21994,0.6888888888888888,1.0,1,1,1
21115,21114,51670,fidel,salnave,1978-07-04,F3S41978,51670,fidel,salnave,1978-07-04,F3S41978,1.0,1.0,1,1,1
21119,21117,56884,jose,alfonso,1968-01-25,J2A41968,56884,jose,alfonso,1968-01-15,J2A41968,1.0,1.0,0,1,1
21135,20869,56861,daniel,dox,1991-12-03,D5D21991,56810,diamond,dukes,1991-04-23,D5D21991,0.5317460317460317,0.5111111111111111,0,0,0
21145,14034,53655,marquis,saunders,1992-03-23,M6S51992,54862,marquez,simon,1992-11-23,M6S51992,0.8857142857142858,0.5499999999999999,0,0,0
21145,14035,53655,marquis,saunders,1992-03-23,M6S51992,54862,marquez,simon,1992-11-23,M6S51992,0.8857142857142858,0.5499999999999999,0,0,0
21146,14034,53655,marquis,saunders,1992-03-23,M6S51992,54862,marquez,simon,1992-11-23,M6S51992,0.8857142857142858,0.5499999999999999,0,0,0
21146,14035,53655,marquis,saunders,1992-03-23,M6S51992,54862,marquez,simon,1992-11-23,M6S51992,0.8857142857142858,0.5499999999999999,0,0,0
21146,21145,53655,marquis,saunders,1992-03-23,M6S51992,53655,marquis,saunders,1992-03-23,M6S51992,1.0,1.0,1,1,1
21158,21156,22564,o,llfrx,1962-06-15,O0L11962,22564,o,llof,1962-06-15,O0L11962,1.0,0.8266666666666667,1,1,1
21167,21166,56879,micado,whiteman,1987-08-03,M2W31987,56879,michael,whiteman,1987-08-23,M2W31987,0.8222222222222222,1.0,0,1,1
21184,21183,56853,joel,stokes,1993-10-14,J4S31993,56853,joel,stokes,1993-10-14,J4S31993,1.0,1.0,1,1,1
21191,16963,43957,e,harper,1978-10-02,E0H61978,39319,ew,hrggld,1978-12-10,E0H61978,0.8500000000000001,0.5555555555555555,0,0,0
21213,1733,56854,zyow,frederick,1993-10-22,Z0F61993,51287,z,freeborn-hanks,1993-05-27,Z0F61993,0.775,0.6984126984126983,0,0,0
21215,21214,56854,parker,frederick,1993-10-22,P6F61993,56854,parker,frederick,1993-10-22,P6F61993,1.0,1.0,1,1,1
21233,21231,56860,bravon,newsome,1995-04-23,B6N21995,56860,bravon,newsome,1995-04-22,B6N21995,1.0,1.0,0,1,1
21242,576,56875,jayne,mg,1985-12-09,J5M21985,50983,johnny,masses,1985-03-20,J5M21985,0.5777777777777778,0.5555555555555555,0,0,0
21242,13997,56875,jayne,mg,1985-12-09,J5M21985,54802,jennifer,mclaughlin,1985-07-11,J5M21985,0.5472222222222222,0.76,0,0,0
21242,16493,56875,jayne,mg,1985-12-09,J5M21985,55508,jnvr,mectura qsp,1985-05-10,J5M21985,0.4833333333333333,0.5303030303030303,0,0,0
21247,13802,18891,jn,rkeg,1979-09-27,J5R21979,54733,john,rjxr,1979-10-27,J5R21979,0.5833333333333334,0.5,0,0,0
21251,21249,52153,kenneth,sk,1993-02-11,K5S01993,52153,kenneth,sa,1993-02-11,K5S01993,1.0,0.6666666666666666,1,1,1
21278,11133,32615,dtl,washington,1993-02-08,D4W21993,54022,dlfd,wc,1993-05-21,D4W21993,0.75,0.5333333333333333,0,0,0
21289,21288,56906,juan,remediossanchez,1983-07-02,J5R51983,56906,juan,remedilwh,1983-07-02,J5R51983,1.0,0.8488888888888889,1,1,1
21290,21288,56906,juan,remedcossanrh,1983-07-02,J5R51983,56906,juan,remedilwh,1983-07-02,J5R51983,1.0,0.8256410256410257,1,1,1
21290,21289,56906,juan,remedcossanrh,1983-07-02,J5R51983,56906,juan,remediossanchez,1983-07-02,J5R51983,1.0,0.9112820512820512,1,1,1
21300,7219,29601,tony,daniels,1986-09-30,T5D51986,15638,thomas,dunham,1986-07-24,T5D51986,0.611111111111111,0.5396825396825397,0,0,0
21316,21315,56896,alan,harrold,1975-02-11,A4H61975,56896,alan,harrold,1975-12-12,A4H61975,1.0,1.0,0,1,1
21326,21324,56911,lydia,mosssolomon,1975-04-05,L3M21975,56911,lydia,mosssolym,1975-04-05,L3M21975,1.0,0.9232323232323232,1,1,1
21335,21334,43819,jalen,la,1993-04-28,J4L01993,43819,jalen,l,1993-04-24,J4L01993,1.0,0.8500000000000001,0,1,1
21341,3976,55548,igor,tjq,1990-11-09,I2T21990,9014,ixm,tjo,1990-11-27,I2T21990,0.5277777777777778,0.8222222222222222,0,0,0
21375,1433,56925,ameer,badal,1992-05-06,A5B31992,51230,antwon,boyd,1992-09-02,A5B31992,0.4555555555555555,0.6333333333333333,0,0,0
21378,10879,56944,nanao,fouche,1981-08-21,N5F21981,41842,naomi,ffci,1981-06-13,N5F21981,0.6,0.611111111111111,0,0,0
21385,21384,56932,kevin,connors,1959-05-26,K1C51959,56932,kevin,connors,1959-05-26,K1C51959,1.0,1.0,1,1,1
21410,21409,56942,dane,wells,1968-10-04,D5W41968,56942,dane,wells,1968-10-04,D5W41968,1.0,1.0,1,1,1
21422,21420,56933,cheyenne,dow,1994-10-22,C5D01994,56933,cheyenne,dow,1994-10-02,C5D01994,1.0,1.0,0,1,1
21425,21424,56943,philip,stach,1961-12-17,P4S31961,56943,philip,stach,1961-12-17,P4S31961,1.0,1.0,1,1,1
21454,21453,56969,jerod,mcdade,1984-03-27,J6M21984,56969,jerod,mcdade,1984-03-27,J6M21984,1.0,1.0,1,1,1
21472,21471,40942,johnie,wilson,1979-07-09,J5W41979,40942,johnie,wilson,1979-07-09,J5W41979,1.0,1.0,1,1,1
21475,16121,41174,alberlin,hernandez,1981-05-29,A4H61981,55377,aulbq,heard,1981-02-06,A4H61981,0.6583333333333333,0.8281481481481482,0,0,0
21477,21195,56863,jordane,kerr,1995-03-28,J6K61995,56863,jordane,kerr,1995-03-28,J6K61995,1.0,1.0,1,1,1
21478,21195,56863,jordane,kerr,1995-03-28,J6K61995,56863,jordane,kerr,1995-03-28,J6K61995,1.0,1.0,1,1,1
21478,21477,56863,jordane,kerr,1995-03-28,J6K61995,56863,jordane,kerr,1995-03-28,J6K61995,1.0,1.0,1,1,1
21488,21486,56954,antwjaun,herring,1981-10-02,A5H61981,56954,antwjaun,herring,1981-10-12,A5H61981,1.0,1.0,0,1,1
21495,10078,56972,johnnie,stevenson,1971-12-18,J5S31971,53782,john,stko,1971-01-14,J5S31971,0.9142857142857144,0.5740740740740741,0,0,0
21511,21510,56975,jorge,burleigh,1994-04-20,J6B61994,56975,jorge,burleigh,1994-04-20,J6B61994,1.0,1.0,1,1,1
21513,13306,26591,ct,brown,1988-11-16,C3B61988,54621,ctpzipno,brhn,1988-12-05,C3B61988,0.8,0.8266666666666667,0,0,0
21538,21537,56773,shawanna,blue,1985-08-13,S5B41985,56773,shawanna,blue,1985-01-13,S5B41985,1.0,1.0,0,1,1
21551,21549,56955,bryan,mcdwag,1985-05-12,B6M21985,56955,bryan,mcdougle,1985-04-12,B6M21985,1.0,0.8055555555555556,0,1,1
21605,21604,56991,karan,raj,1994-12-26,K6R21994,56991,karan,raj,1994-12-28,K6R21994,1.0,1.0,0,1,1
21629,21627,56997,johny,dabrezil,1984-12-12,J5D11984,56997,johny,dabrezil,1984-12-12,J5D11984,1.0,1.0,1,1,1
21638,5077,57002,breon,brown,1994-11-06,B6B61994,52341,breon,brown,1994-11-06,B6B61994,1.0,1.0,1,1,0
21645,18783,49819,charleston,wileh,1993-12-11,C6W41993,56231,corey,williams,1993-01-09,C6W41993,0.6333333333333333,0.6583333333333333,0,0,0
21645,18785,49819,charleston,wileh,1993-12-11,C6W41993,56231,corey,wilwqb,1993-01-09,C6W41993,0.6333333333333333,0.79,0,0,0
21660,16450,57027,jim,me,1981-04-06,J5M01981,55506,juan,m,1981-02-21,J5M01981,0.5277777777777778,0.8500000000000001,0,0,0
21680,21679,57024,portia,cooper,1981-01-16,P6C11981,57024,portia,cooper,1981-04-16,P6C11981,1.0,1.0,0,1,1
21721,5133,57044,john,provenzano,1984-04-04,J5P61984,52347,james,pierrelouis,1984-09-25,J5P61984,0.4833333333333333,0.5045454545454545,0,0,0
21721,15391,57044,john,provenzano,1984-04-04,J5P61984,55196,james,pierre,1984-10-20,J5P61984,0.4833333333333333,0.4888888888888889,0,0,0
21748,21747,30141,mark,blanchette,1957-10-16,M6B41957,30141,mark,blanchette,1957-10-16,M6B41957,1.0,1.0,1,1,1
21764,12668,57025,angelita,diaz,1972-07-19,A5D21972,54453,angel,dejesus,1972-09-13,A5D21972,0.925,0.4642857142857142,0,0,0
21770,4332,57037,o,d,1969-08-24,O0D01969,52101,o,d,1969-03-03,O0D01969,1.0,1.0,0,1,0
21774,6109,57050,z,cfn,1984-10-17,Z0C11984,52611,zq,cp,1984-09-14,Z0C11984,0.8500000000000001,0.611111111111111,0,0,0
21785,21784,57042,fabio,santos,1972-08-01,F1S51972,57042,fabio,santos,1972-01-01,F1S51972,1.0,1.0,0,1,1
21794,8714,57063,jessica,brown,1989-05-28,J2B61989,8021,joseph,brock,1989-10-20,J2B61989,0.5317460317460317,0.8133333333333334,0,0,0
21829,20075,57072,n,beldunord,1961-06-15,N0B41961,56582,ni,black,1961-11-22,N0B41961,0.8500000000000001,0.5407407407407407,0,0,0
21832,21831,13032,christopher,bryant,1985-09-01,C6B61985,13032,christopher,bryant,1985-09-13,C6B61985,1.0,1.0,0,1,1
21840,6902,11150,markei,smith,1986-11-05,M6S51986,52843,merb,singletary,1986-06-03,M6S51986,0.611111111111111,0.6333333333333333,0,0,0
21841,6902,11150,markei,smith,1986-11-01,M6S51986,52843,merb,singletary,1986-06-03,M6S51986,0.611111111111111,0.6333333333333333,0,0,0
21841,21840,11150,markei,smith,1986-11-01,M6S51986,11150,markei,smith,1986-11-05,M6S51986,1.0,1.0,0,1,1
21845,21843,57069,nikole,curiel,1989-12-18,N2C61989,57069,nikole,csjry,1989-12-13,N2C61989,1.0,0.5777777777777778,0,0,1
21846,7929,57073,dana,bruna,1994-07-05,D5B61994,53150,daniel,barrett,1994-02-11,D5B61994,0.825,0.5619047619047619,0,0,0
21855,9355,8206,renard,mccloud,1985-01-30,R5M21985,8206,renard,mccloud,1985-07-30,R5M21985,1.0,1.0,0,1,1
21862,9264,37721,broderick,westbrook,1987-05-02,B6W21987,37721,broderick,wcst,1987-05-02,B6W21987,1.0,0.6944444444444443,1,1,1
21862,9266,37721,broderick,westbrook,1987-05-02,B6W21987,37721,broderick,westbrook,1987-05-02,B6W21987,1.0,1.0,1,1,1
21873,20558,33818,alexander,hacv,1991-07-20,A4H21991,47225,alrick,haq,1991-12-12,A4H21991,0.5185185185185185,0.7777777777777778,0,0,0
21881,21879,57102,audencio,chilel,1971-03-30,A3C41971,57102,audencio,chilel,1971-03-30,A3C41971,1.0,1.0,1,1,1
21904,10507,57111,df,obsaint,1988-08-25,D1O11988,53868,david,ovr,1988-05-01,D1O11988,0.5666666666666667,0.4920634920634921,0,0,0
21915,13158,57094,joe,williams,1994-10-22,J0W41994,46514,je,walker,1994-05-30,J0W41994,0.611111111111111,0.5277777777777778,0,0,0
21923,21922,53913,lo,running,1962-12-08,L0R51962,53913,l,running,1962-12-08,L0R51962,0.8500000000000001,1.0,1,1,1
21946,17573,55840,bridty,oberman,1972-12-11,B6O11972,55840,bridgette,oberman,1972-12-11,B6O11972,0.8777777777777778,1.0,1,1,1
21949,21948,57096,thomas,mertz,1971-12-01,T5M61971,57096,thomas,mertz,1971-12-01,T5M61971,1.0,1.0,1,1,1
21953,21951,16235,lv,smith,1978-09-08,L1S51978,16235,levar,smith,1978-09-08,L1S51978,0.82,1.0,1,1,1
21967,19100,36931,terrace,bedford,1988-12-11,T6B31988,56320,tyrone,boyd,1988-03-12,T6B31988,0.6428571428571429,0.5952380952380952,0,0,0
21988,21987,5911,belinda,poplin,1969-09-26,B4P11969,5911,belinda,poplin,1969-09-26,B4P11969,1.0,1.0,1,1,1
21991,1165,57079,christopher,mgnm,1984-01-13,C6M21984,51166,christian,mcdaniel,1984-11-25,C6M21984,0.8424242424242424,0.5833333333333334,0,0,0
21992,16708,57079,christopher,vfnzx,1982-01-13,C6V51982,11871,courtney,vanhorne,1982-10-07,C6V51982,0.6212121212121212,0.5499999999999999,0,0,0
22010,22009,57093,lhmaiui,mcmillian,1977-12-10,L5M21977,57093,lemanuel,mcmillian,1977-12-10,L5M21977,0.6904761904761904,1.0,1,1,1
22013,22011,57095,cameron,brown,1983-06-10,C5B61983,57095,cameron,brown,1983-06-10,C5B61983,1.0,1.0,1,1,1
22021,14463,45325,joshua,fcmcall,1991-04-01,J2F21991,25778,joshua,fgazwl,1991-04-21,J2F21991,1.0,0.6428571428571429,0,0,0
22021,14496,45325,joshua,fcmcall,1991-04-01,J2F21991,54928,justin,fvg,1991-01-26,J2F21991,0.5555555555555555,0.4920634920634921,0,0,0
22031,22029,57123,jw,munoz,1976-05-24,J0M51976,57123,ja,munoz,1976-05-20,J0M51976,0.6666666666666666,1.0,0,0,1
22085,22084,57116,ashanna,simms,1995-06-27,A2S51995,57116,akh,simms,1995-06-27,A2S51995,0.6507936507936508,1.0,1,1,1
22087,22086,57140,grerory,king,1958-10-09,G6K51958,57140,grerory,king,1958-10-29,G6K51958,1.0,1.0,0,1,1
22093,22092,57136,javier,v,1974-10-03,J1V01974,57136,javier,v,1974-10-03,J1V01974,1.0,1.0,1,1,1
22106,22105,57135,kathy,holmes,1981-11-01,K3H41981,57135,kathy,holmes,1981-11-03,K3H41981,1.0,1.0,0,1,1
22108,22107,57129,victor,marmolejo,1968-04-12,V2M61968,57129,vhq,marmolejo,1968-05-12,V2M61968,0.5,1.0,0,0,1
22109,22107,57129,victor,marmolejo,1968-05-12,V2M61968,57129,vhq,marmolejo,1968-05-12,V2M61968,0.5,1.0,1,1,1
22109,22108,57129,victor,marmolejo,1968-05-12,V2M61968,57129,victor,marmolejo,1968-04-12,V2M61968,1.0,1.0,0,1,1
22112,22111,49884,eliezer,rosario,1992-05-17,E4R21992,49884,eliezer,rosario,1992-05-18,E4R21992,1.0,1.0,0,1,1
22178,22176,6719,traveon,ortiz,1991-01-09,T6O61991,6719,traveon,ortiz,1991-01-09,T6O61991,1.0,1.0,1,1,1
22181,22179,58028,larhonda,mcmillian,1964-10-04,L6M21964,58028,lergoq,mcmillian,1964-10-04,L6M21964,0.625,1.0,1,1,1
22193,22192,57167,lester,lucas,1965-12-28,L2L21965,57167,lester,lucas,1965-12-23,L2L21965,1.0,1.0,0,1,1
22201,16372,57164,gerald,mackey,1984-04-17,G6M21984,55465,gary,mass,1984-08-18,G6M21984,0.6388888888888888,0.611111111111111,0,0,0
22231,11915,57150,oo,williams,1975-12-12,O0W41975,53196,o,williams,1975-01-06,O0W41975,0.8500000000000001,1.0,0,1,0
22257,1853,57211,james,scott,1975-09-24,J5S31975,51320,johhnie,scott,1975-06-13,J5S31975,0.4476190476190476,1.0,0,0,0
22281,21720,57228,michel,proea,1984-09-07,M2P61984,57044,mc,provenzano,1984-04-04,M2P61984,0.7999999999999999,0.8833333333333334,0,0,0
22301,22300,57193,christopher,vanburen,1991-09-10,C6V51991,57193,christopher,vanburen,1991-09-10,C6V51991,1.0,1.0,1,1,1
22306,7812,57215,jessica,hoepker,1991-04-26,J2H11991,53078,joshua,hbyto,1991-04-21,J2H11991,0.6428571428571429,0.4476190476190476,0,0,0
22313,22311,57203,paulo,mota,1978-04-10,P4M31978,57203,paulo,mota,1978-04-10,P4M31978,1.0,1.0,1,1,1
22343,19356,57197,edward,barrios,1976-11-27,E3B61976,56413,etim,byrd,1976-12-08,E3B61976,0.4722222222222221,0.5952380952380952,0,0,0
22371,3583,53047,charles,rogers,1954-12-15,C6R21954,50375,crs,ross,1954-02-20,C6R21954,0.6507936507936508,0.8,0,0,0
22371,7683,53047,charles,rogers,1954-12-15,C6R21954,53047,charles,rogers,1954-12-13,C6R21954,1.0,1.0,0,1,1
22395,11556,57256,z,mckinley,1979-06-07,Z0M21979,54174,z,mccarthy,1979-11-26,Z0M21979,1.0,0.5833333333333334,0,0,0
22417,22416,57247,jermaine,tramun,1974-01-03,J6T61974,57247,jermaine,tramun,1974-09-03,J6T61974,1.0,1.0,0,1,1
22419,6051,49557,mkem,iewj,1992-06-12,M2I21992,44688,michael,is,1992-03-03,M2I21992,0.4642857142857142,0.5833333333333334,0,0,0
22435,3247,57255,s,l,1989-06-15,S0L01989,51768,s,lha,1989-04-25,S0L01989,1.0,0.7999999999999999,0,1,0
22435,16659,57255,s,l,1989-06-15,S0L01989,1356,s,lay,1989-08-13,S0L01989,1.0,0.7999999999999999,0,1,0
22448,22447,57196,stephen,laganella,1979-06-21,S3L21979,57196,stephen,lwgvh,1979-06-21,S3L21979,1.0,0.5407407407407407,1,1,1
22480,197,57272,uyr,dqc,1990-08-04,U6D21990,50891,uhris,dk,1990-09-03,U6D21990,0.6888888888888888,0.611111111111111,0,0,0
22508,22506,57292,christopher,metcalf,1976-03-12,C6M31976,57292,christopher,metcalf,1976-03-12,C6M31976,1.0,1.0,1,1,1
22514,22512,57279,jeremy,q,1985-11-02,J6Q01985,57279,jeremy,quo,1985-11-02,J6Q01985,1.0,0.7999999999999999,1,1,1
22544,8791,57302,fatimah,cooper,1991-07-14,F3C11991,53379,fatimah,cooper,1991-07-14,F3C11991,1.0,1.0,1,1,0
22547,8866,57308,wascar,sanchez,1980-08-17,W2S51980,27631,wkuni,simpson,1980-02-16,W2S51980,0.4555555555555555,0.4285714285714285,0,0,0
22587,12747,57313,rosario,bartra,1988-09-16,R2B61988,54457,rashid,barrett,1988-01-08,R2B61988,0.6626984126984127,0.8477777777777777,0,0,0
22587,12748,57313,rosario,bartra,1988-09-16,R2B61988,54457,rashid,barrett,1988-01-08,R2B61988,0.6626984126984127,0.8477777777777777,0,0,0
22590,21101,57315,charme,sh,1955-05-27,C6S01955,55539,charlie,s,1955-05-17,C6S01955,0.9095238095238096,0.8500000000000001,0,0,0
22604,22602,57311,carlos,posada,1967-05-05,C6P21967,57311,carlos,posada,1967-05-06,C6P21967,1.0,1.0,0,1,1
22610,14036,29315,m,smith,1992-08-15,M0S51992,54862,mw,simon,1992-11-21,M0S51992,0.8500000000000001,0.6222222222222222,0,0,0
22622,22620,57297,chad,hohle,1965-05-14,C3H41965,57297,chad,hohle,1965-05-14,C3H41965,1.0,1.0,1,1,1
22645,22644,57314,levert,jackson,1957-07-13,L1J21957,57314,levert,jackson,1957-07-23,L1J21957,1.0,1.0,0,1,1
22646,22644,57314,levert,jackson,1957-07-28,L1J21957,57314,levert,jackson,1957-07-23,L1J21957,1.0,1.0,0,1,1
22646,22645,57314,levert,jackson,1957-07-28,L1J21957,57314,levert,jackson,1957-07-13,L1J21957,1.0,1.0,0,1,1
22656,11114,57320,kr,w,1949-03-24,K6W01949,54034,karl,wa,1949-03-20,K6W01949,0.8500000000000001,0.8500000000000001,0,0,0
22675,22674,57339,deandre,arnold,1990-09-19,D5A61990,57339,deandre,arnold,1990-09-19,D5A61990,1.0,1.0,1,1,1
22718,16484,57337,marlon,buil,1976-10-02,M6B41976,55496,mnr,belloso,1976-03-15,M6B41976,0.6666666666666666,0.5952380952380952,0,0,0
22735,22734,8556,jose,monsalve,1981-06-15,J2M51981,8556,jose,monsalve,1981-09-15,J2M51981,1.0,1.0,0,1,1
22741,1899,29911,mushirley,brinkley,1963-02-13,M2B61963,51364,micheal,bowers,1963-03-30,M2B61963,0.6232804232804233,0.5138888888888888,0,0,0
22741,1900,29911,mushirley,brinkley,1963-02-13,M2B61963,51364,mnchag,bowers,1963-03-31,M2B61963,0.5185185185185185,0.5138888888888888,0,0,0
22741,8480,29911,mushirley,brinkley,1963-02-13,M2B61963,53281,mslln,brown,1963-07-31,M2B61963,0.6444444444444445,0.6583333333333333,0,0,0
22741,10668,29911,mushirley,brinkley,1963-02-13,M2B61963,53928,michael,burgess,1963-03-17,M2B61963,0.6232804232804233,0.6011904761904762,0,0,0
22749,618,57334,adrian,grey,1990-05-07,A3G61990,45298,adq,gsr,1990-01-14,A3G61990,0.6666666666666666,0.75,0,0,0
22760,22759,57338,faris,roperto,1984-09-19,F6R11984,57338,faris,roperto,1984-07-19,F6R11984,1.0,1.0,0,1,1
22763,22761,57343,desmond,blocker,1987-11-07,D2B41987,57343,dcs,blocker,1987-11-03,D2B41987,0.6507936507936508,1.0,0,0,1
22783,2597,57374,oscar,montenegro,1986-03-13,O2M51986,31233,ozofg,monos,1986-10-03,O2M51986,0.4666666666666666,0.6333333333333333,0,0,0
22802,11826,53108,timothy,newson,1989-06-16,T5N21989,53108,timothy,newson,1989-06-13,T5N21989,1.0,1.0,0,1,1
22802,11827,53108,timothy,newson,1989-06-16,T5N21989,53108,timothy,newson,1989-06-13,T5N21989,1.0,1.0,0,1,1
22802,11828,53108,timothy,newson,1989-06-16,T5N21989,53108,timothy,newson,1989-03-13,T5N21989,1.0,1.0,0,1,1
22802,20518,53108,timothy,newson,1989-06-16,T5N21989,53108,timothy,newson,1989-06-13,T5N21989,1.0,1.0,0,1,1
22802,20519,53108,timothy,newson,1989-06-16,T5N21989,53108,timothy,newson,1989-06-13,T5N21989,1.0,1.0,0,1,1
22813,22812,25709,adrian,wolyeac,1981-03-19,A3W41981,25709,adrian,wil,1981-03-09,A3W41981,1.0,0.6507936507936508,0,0,1
22824,15518,57363,joseph,kimball,1993-09-27,J2K51993,55222,jazmin,konz,1993-10-12,J2K51993,0.4444444444444444,0.4642857142857142,0,0,0
22831,22830,57365,russell,belisario,1964-10-19,R2B41964,57365,russell,belisario,1964-10-19,R2B41964,1.0,1.0,1,1,1
22832,22830,57365,russell,belisario,1964-10-18,R2B41964,57365,russell,belisario,1964-10-19,R2B41964,1.0,1.0,0,1,1
22832,22831,57365,russell,belisario,1964-10-18,R2B41964,57365,russell,belisario,1964-10-19,R2B41964,1.0,1.0,0,1,1
22838,22836,30162,ibrahim,yilmaz,1970-02-13,I1Y41970,30162,ibrahim,yilmaz,1970-02-13,I1Y41970,1.0,1.0,1,1,1
22857,6069,52591,jean,felinor,1992-02-29,J5F41992,52591,jean,felinor,1992-02-26,J5F41992,1.0,1.0,0,1,1
22857,6071,52591,jean,felinor,1992-02-29,J5F41992,52591,jean,felinor,1992-02-26,J5F41992,1.0,1.0,0,1,1
22858,10271,52591,gu,jeq,1992-02-26,G0J21992,47963,g,jackson,1992-04-26,G0J21992,0.8500000000000001,0.4920634920634921,0,0,0
22859,6069,52591,jean,felinor,1992-02-26,J5F41992,52591,jean,felinor,1992-02-26,J5F41992,1.0,1.0,1,1,1
22859,6071,52591,jean,felinor,1992-02-26,J5F41992,52591,jean,felinor,1992-02-26,J5F41992,1.0,1.0,1,1,1
22859,22857,52591,jean,felinor,1992-02-26,J5F41992,52591,jean,felinor,1992-02-29,J5F41992,1.0,1.0,0,1,1
22865,3773,57377,jesus,dz,1951-10-03,J2D21951,51958,jose,diz,1951-01-28,J2D21951,0.6333333333333333,0.611111111111111,0,0,0
22874,22872,24318,eric,lodenquai,1986-10-17,E6L31986,24318,eric,lodenquai,1986-10-17,E6L31986,1.0,1.0,1,1,1
22882,16295,53267,teisy,davis,1985-05-06,T2D11985,55432,tx,davis,1985-04-21,T2D11985,0.5666666666666667,1.0,0,0,0
22948,14898,57380,amber,piqs,1993-12-04,A5P21993,55053,andres,pk,1993-07-16,A5P21993,0.5888888888888889,0.5833333333333334,0,0,0
22955,4362,57387,ramainson,joseph,1980-01-20,R5J21980,52092,rnk,jackson,1980-08-30,R5J21980,0.4814814814814814,0.5396825396825397,0,0,0
22981,22980,55792,ambrosia,sherrell,1993-01-24,A5S61993,55792,amb,shgyrb,1993-01-24,A5S61993,0.8541666666666666,0.625,1,1,1
22989,8809,10630,shimeko,johnson,1983-02-01,S5J51983,53376,samantha,johnson,1983-03-03,S5J51983,0.5119047619047619,1.0,0,0,0
22989,8810,10630,shimeko,johnson,1983-02-01,S5J51983,53376,samantha,johnson,1983-03-03,S5J51983,0.5119047619047619,1.0,0,0,0
22991,8809,10630,shimeko,johnson,1983-02-01,S5J51983,53376,samantha,johnson,1983-03-03,S5J51983,0.5119047619047619,1.0,0,0,0
22991,8810,10630,shimeko,johnson,1983-02-01,S5J51983,53376,samantha,johnson,1983-03-03,S5J51983,0.5119047619047619,1.0,0,0,0
22991,22989,10630,shimeko,johnson,1983-02-01,S5J51983,10630,shimeko,johnson,1983-02-01,S5J51983,1.0,1.0,1,1,1
23035,23034,57418,courtney,brown,1955-07-02,C6B61955,57418,courtney,brown,1955-07-08,C6B61955,1.0,1.0,0,1,1
23048,23047,57431,stephen,hyde,1988-09-02,S3H31988,57431,stephen,hyde,1988-09-02,S3H31988,1.0,1.0,1,1,1
23052,19164,21599,latmo,wi,1983-09-24,L3W01983,56375,leticia,w,1983-08-11,L3W01983,0.5619047619047619,0.8500000000000001,0,0,0
23052,19166,21599,latmo,wi,1983-09-24,L3W01983,56375,leticia,wa,1983-08-11,L3W01983,0.5619047619047619,0.6666666666666666,0,0,0
23073,21043,57454,tremaine,johnson,1992-05-09,T6J51992,30751,traolq,johnson,1992-05-12,T6J51992,0.625,1.0,0,0,0
23080,23079,57445,ricardo,philibert,1981-06-22,R2P41981,57445,ricardo,philibert,1981-07-21,R2P41981,1.0,1.0,0,1,1
23088,10755,57463,i,hurlock,1991-09-29,I0H61991,53914,i,harden,1991-10-04,I0H61991,1.0,0.5396825396825397,0,0,0
23120,23118,57473,megan,mcnulty,1991-07-28,M2M21991,57473,megan,mcnulty,1991-07-28,M2M21991,1.0,1.0,1,1,1
23135,13867,57472,h,penalopez,1988-06-15,H0P51988,54778,h,penn,1988-04-10,H0P51988,1.0,0.6944444444444443,0,0,0
23137,15519,55217,noruwom,nieves,1985-01-19,N6N11985,55217,norberto,nieves,1985-01-19,N6N11985,0.6904761904761904,1.0,1,1,1
23138,15519,55217,norberto,nieves,1985-01-19,N6N11985,55217,norberto,nieves,1985-01-19,N6N11985,1.0,1.0,1,1,1
23138,23137,55217,norberto,nieves,1985-01-19,N6N11985,55217,noruwom,nieves,1985-01-19,N6N11985,0.6904761904761904,1.0,1,1,1
23156,16929,57510,ekrf,vpvr,1961-01-02,E2V61961,55642,eugene,varwz,1961-06-10,E2V61961,0.4722222222222221,0.6333333333333333,0,0,0
23168,2882,57505,au,jesl,1985-10-28,A0J21985,51666,a,jacques,1985-12-23,A0J21985,0.8500000000000001,0.4642857142857142,0,0,0
23177,23176,57476,roland,voltaire,1967-10-04,R4V41967,57476,roland,voltaire,1967-10-04,R4V41967,1.0,1.0,1,1,1
23185,11904,57521,don,ruqs,1990-01-05,D5R21990,54228,demetris,russaw,1990-05-24,D5R21990,0.4861111111111111,0.8,0,0,0
23195,23194,57490,guillermo,mena,1959-02-10,G4M51959,57490,guillermo,mena,1959-02-10,G4M51959,1.0,1.0,1,1,1
23207,5637,57483,kimberly,cartright,1988-09-20,K5C61988,52479,kimberly,carter,1988-08-10,K5C61988,1.0,0.8777777777777778,0,1,0
23207,5638,57483,kimberly,cartright,1988-09-20,K5C61988,52479,kimberly,carter,1988-08-10,K5C61988,1.0,0.8777777777777778,0,1,0
23230,5865,42194,dominica,mclaughlin,1985-10-18,D5M21985,52553,daniel,mwj,1985-06-15,D5M21985,0.5138888888888888,0.4777777777777778,0,0,0
23237,23236,57480,jessica,cajete,1992-08-11,J2C21992,57480,jeyzcc,cajete,1992-08-11,J2C21992,0.6428571428571429,1.0,1,1,1
23261,23259,57504,zachary,valentine,1981-03-04,Z2V41981,57504,zachary,valentine,1981-09-24,Z2V41981,1.0,1.0,0,1,1
23275,18955,57509,joshua,su,1990-01-30,J2S01990,56290,jessica,s,1990-05-04,J2S01990,0.6428571428571429,0.8500000000000001,0,0,0
23287,23286,9585,travers,terrell,1990-10-11,T6T61990,9585,travers,terrell,1990-10-11,T6T61990,1.0,1.0,1,1,1
23289,14635,57517,tariq,smith,1994-02-19,T6S51994,54977,travis,smith,1994-06-28,T6S51994,0.765,1.0,0,1,0
23298,23191,57487,carlos,delcid,1996-05-11,C6D41996,57487,carlos,delcid,1996-05-11,C6D41996,1.0,1.0,1,1,1
23312,23310,57506,rosalind,townsend,1963-03-28,R2T51963,57506,rosalind,townsend,1963-03-28,R2T51963,1.0,1.0,1,1,1
23318,23316,57550,robert,harris,1967-12-16,R1H61967,57550,rvl,harris,1967-12-16,R1H61967,0.5,1.0,1,1,1
23321,23320,57544,jorge,mp,1982-09-16,J6M11982,57544,jorge,mhvtm,1982-09-16,J6M11982,1.0,0.5666666666666667,1,1,1
23331,17669,6768,william,bhumgbynw,1987-07-27,W4B51987,6768,william,baumgrtner,1987-06-27,W4B51987,1.0,0.6851851851851851,0,0,1
23362,23361,57551,oscar,calvino,1981-08-29,O2C41981,57551,oscar,calvino,1981-03-29,O2C41981,1.0,1.0,0,1,1
23371,2234,57530,javier,sanchez,1969-05-21,J1S51969,51469,jeffrey,simmons,1969-01-13,J1S51969,0.5317460317460317,0.4285714285714285,0,0,0
23391,16954,39058,lcmzt,sor,1964-07-21,L2S61964,55635,luis,serrano,1964-01-22,L2S61964,0.4833333333333333,0.6507936507936508,0,0,0
23408,417,2047,svcho,brown,1989-11-02,S1B61989,50947,shafc,brown,1989-08-14,S1B61989,0.4666666666666666,1.0,0,0,0
23408,8749,2047,svcho,brown,1989-11-02,S1B61989,17015,shbn,bristol,1989-12-11,S1B61989,0.4833333333333333,0.5619047619047619,0,0,0
23411,814,57548,qwo,donelson,1983-06-13,Q0D51983,6727,q,daniels,1983-11-20,Q0D51983,0.7999999999999999,0.8017857142857143,0,0,0
23486,23485,57567,steven,rodriguez,1974-01-02,S3R31974,57567,steven,rodriguez,1974-01-02,S3R31974,1.0,1.0,1,1,1
23522,23521,57620,john,ochart,1958-07-09,J5O21958,57620,john,ochart,1958-07-09,J5O21958,1.0,1.0,1,1,1
23529,2982,57603,michael,hernandez,1993-06-23,M2H61993,50843,michael,hahr,1993-11-09,M2H61993,1.0,0.5833333333333334,0,0,0
23531,2982,57603,mikmb,hernandez,1993-06-23,M2H61993,50843,michael,hahr,1993-11-09,M2H61993,0.5619047619047619,0.5833333333333334,0,0,0
23531,23529,57603,mikmb,hernandez,1993-06-23,M2H61993,57603,michael,hernandez,1993-06-23,M2H61993,0.5619047619047619,1.0,1,1,1
23538,3477,57622,qn,fuller,1983-12-07,Q5F41983,51823,qamc,florial,1983-04-18,Q5F41983,0.5833333333333334,0.6428571428571429,0,0,0
23560,2054,49787,jsp,thibault,1993-04-24,J1T11993,51446,jovc,tabraue,1993-01-21,J1T11993,0.5277777777777778,0.6071428571428571,0,0,0
23584,15684,45848,mark,mannino,1962-08-13,M6M51962,55264,marc,manuel,1962-07-23,M6M51962,0.8833333333333334,0.6428571428571429,0,0,0
23590,23589,57584,michael,cormier,1967-08-11,M2C61967,57584,michael,cormier,1967-08-21,M2C61967,1.0,1.0,0,1,1
23592,7699,14639,icazane,perry,1985-06-16,I2P61985,53052,isaac,pardo,1985-01-17,I2P61985,0.6761904761904761,0.6,0,0,0
23604,13475,57615,willie,reaves,1987-04-25,W4R11987,44276,wlii,rivers,1987-07-31,W4R11987,0.825,0.6944444444444443,0,0,0
23633,6176,57611,zrfc,martinez reyes,1981-08-06,Z6M61981,52630,zru,mrkeyd,1981-06-16,Z6M61981,0.7777777777777778,0.5714285714285715,0,0,0
23635,12963,57582,demyrih,camel,1987-09-05,D5C51987,54515,donald,conjpj,1987-12-15,D5C51987,0.4365079365079365,0.4555555555555555,0,0,0
23637,16827,57604,michael,john,1983-04-05,M2J51983,55609,michy,jean-pierre,1983-07-02,M2J51983,0.8742857142857143,0.5606060606060607,0,0,0
23639,16827,57604,michael,john,1983-05-05,M2J51983,55609,michy,jean-pierre,1983-07-02,M2J51983,0.8742857142857143,0.5606060606060607,0,0,0
23639,23637,57604,michael,john,1983-05-05,M2J51983,57604,michael,john,1983-04-05,M2J51983,1.0,1.0,0,1,1
23640,11789,49092,joshua,ei,1984-05-26,J2E01984,38573,joseph,eu,1984-09-28,J2E01984,0.8444444444444443,0.6666666666666666,0,0,0
23642,23641,49092,joshua,rivera,1984-05-24,J2R11984,49092,joshua,rivera,1984-05-26,J2R11984,1.0,1.0,0,1,1
23647,9605,57587,bei,sheng,1968-09-10,B0S51968,53652,b,schindler,1968-12-03,B0S51968,0.7999999999999999,0.6444444444444445,0,0,0
23647,12025,57587,bei,sheng,1968-09-10,B0S51968,31100,b,sxnz,1968-08-17,B0S51968,0.7999999999999999,0.6333333333333333,0,0,0
23665,23664,57600,kei,monestime,1974-07-20,K0M51974,57600,k,monestime,1974-01-20,K0M51974,0.7999999999999999,1.0,0,1,1
23712,1233,57626,nagn,s,1988-10-04,N2S01988,51173,nqt,s,1988-06-19,N2S01988,0.5277777777777778,1.0,0,0,0
23714,13242,57626,alonso,u,1988-10-04,A4U01988,54594,aleksandr,uy,1988-09-01,A4U01988,0.6203703703703703,0.8500000000000001,0,0,0
23719,23718,57641,theo,grice,1972-09-26,T0G61972,57641,theo,grice,1972-09-20,T0G61972,1.0,1.0,0,1,1
23738,8845,57663,brian,fartxwu,1986-09-16,B6F61986,53382,bryan,frasier,1986-05-12,B6F61986,0.8933333333333333,0.5079365079365079,0,0,0
23755,23754,49306,jamie,cornell,1989-04-03,J5C61989,49306,jamie,cornell,1989-04-03,J5C61989,1.0,1.0,1,1,1
23772,6691,57666,mark,depalma,1954-06-24,M6D11954,52797,margaret,dby,1954-09-15,M6D11954,0.7958333333333334,0.4920634920634921,0,0,0
23773,6691,57666,mark,depalma,1954-07-24,M6D11954,52797,margaret,dby,1954-09-15,M6D11954,0.7958333333333334,0.4920634920634921,0,0,0
23773,23772,57666,mark,depalma,1954-07-24,M6D11954,57666,mark,depalma,1954-06-24,M6D11954,1.0,1.0,0,1,1
23836,23835,57677,william,rodman,1970-09-24,W4R31970,57677,william,rodman,1970-09-23,W4R31970,1.0,1.0,0,1,1
23837,23835,57677,william,rodman,1970-05-24,W4R31970,57677,william,rodman,1970-09-23,W4R31970,1.0,1.0,0,1,1
23837,23836,57677,william,rodman,1970-05-24,W4R31970,57677,william,rodman,1970-09-24,W4R31970,1.0,1.0,0,1,1
23845,23844,57682,patrick,salcedo,1990-07-08,P3S41990,57682,patrick,salcedo,1990-07-08,P3S41990,1.0,1.0,1,1,1
23849,23847,23992,eddie,foster,1966-04-06,E3F21966,23992,eddie,foster,1966-04-08,E3F21966,1.0,1.0,0,1,1
23863,1993,49873,almond,duncan,1988-06-03,A4D51988,49873,almond,duncan,1988-06-03,A4D51988,1.0,1.0,1,1,1
23868,19374,56395,yvon,rancourt,1981-07-04,Y1R51981,56395,yvon,rancourt,1981-07-04,Y1R51981,1.0,1.0,1,1,1
23868,19376,56395,yvon,rancourt,1981-07-04,Y1R51981,56395,yvon,rancourt,1981-07-14,Y1R51981,1.0,1.0,0,1,1
23869,19374,56395,yvon,rancourt,1981-07-24,Y1R51981,56395,yvon,rancourt,1981-07-04,Y1R51981,1.0,1.0,0,1,1
23869,19376,56395,yvon,rancourt,1981-07-24,Y1R51981,56395,yvon,rancourt,1981-07-14,Y1R51981,1.0,1.0,0,1,1
23869,23868,56395,yvon,rancourt,1981-07-24,Y1R51981,56395,yvon,rancourt,1981-07-04,Y1R51981,1.0,1.0,0,1,1
23877,14760,57714,ricardo,to,1961-06-15,R2T01961,52232,richard,t,1961-11-18,R2T01961,0.9333333333333332,0.8500000000000001,0,1,0
23885,23883,57695,erica,johnson,1982-06-23,E6J51982,57695,erica,johnson,1982-06-23,E6J51982,1.0,1.0,1,1,1
23932,23931,57688,anpherny,simpson,1994-10-15,A5S51994,57688,anpherny,simpson,1994-10-15,A5S51994,1.0,1.0,1,1,1
23933,10263,57688,inp,simpson,1994-10-15,I5S51994,52799,indiana,smith,1994-02-16,I5S51994,0.6507936507936508,0.565079365079365,0,0,0
23933,10265,57688,inp,simpson,1994-10-15,I5S51994,52799,indiana,smith,1994-02-16,I5S51994,0.6507936507936508,0.565079365079365,0,0,0
23963,23961,39354,thomas,lathrop,1947-01-20,T5L31947,39354,thomas,lathrop,1947-03-25,T5L31947,1.0,1.0,0,1,1
23966,23965,57680,lansberth,blackwood,1995-07-22,L5B41995,57680,lansberth,blackwood,1995-07-22,L5B41995,1.0,1.0,1,1,1
23970,15099,20922,steven,coney,1989-08-02,S3C51989,20922,steven,coney,1989-04-02,S3C51989,1.0,1.0,0,1,1
23974,18469,57702,sjak,smith,1987-01-31,S2S51987,56136,saschelle,simms,1987-04-22,S2S51987,0.5740740740740741,0.6222222222222222,0,0,0
23988,10813,11206,pf,martin,1982-03-19,P0M61982,53969,p,mrxm,1982-11-24,P0M61982,0.8500000000000001,0.611111111111111,0,0,0
23999,23998,57719,glen,diefenderfer,1969-04-08,G4D11969,57719,glen,diefenderfer,1969-04-28,G4D11969,1.0,1.0,0,1,1
24011,24009,57737,shoaib,khan,1975-08-13,S1K51975,57737,spqe,khan,1975-08-13,S1K51975,0.4722222222222221,1.0,1,1,1
24013,13366,57689,vbfp,walls,1989-09-06,V0W41989,54623,v,williams,1989-09-08,V0W41989,0.775,0.7899999999999999,0,0,0
24037,1862,9264,adozk,whipple,1985-01-15,A3W11985,10944,adtbi,whipple,1985-01-15,A3W11985,0.6,1.0,1,1,0
24051,23784,57752,amanda,zu,1983-02-23,A5Z01983,57647,antonio,z,1983-01-12,A5Z01983,0.5396825396825397,0.8500000000000001,0,0,0
24059,24058,57765,carolllald,vanessa,1993-06-03,C6V51993,57765,cardellaadams,vanessa,1993-06-03,C6V51993,0.8223076923076923,1.0,1,1,1
24061,24060,51620,jennifer,oneal,1974-11-15,J5O51974,51620,jennifer,oneal,1974-11-16,J5O51974,1.0,1.0,0,1,1
24072,24060,51620,jennifer,oneal,1974-12-16,J5O51974,51620,jennifer,oneal,1974-11-16,J5O51974,1.0,1.0,0,1,1
24072,24061,51620,jennifer,oneal,1974-12-16,J5O51974,51620,jennifer,oneal,1974-11-15,J5O51974,1.0,1.0,0,1,1
24078,5369,57744,dovn,philus,1986-11-20,D1P41986,52394,daflr,pl,1986-08-27,D1P41986,0.4833333333333333,0.7999999999999999,0,0,0
24078,8491,57744,dovn,philus,1986-11-20,D1P41986,53285,david,pel,1986-03-11,D1P41986,0.6333333333333333,0.6666666666666666,0,0,0
24118,24117,51273,kalif,fletcher,1994-06-07,K4F41994,51273,kalif,fletcher,1994-06-07,K4F41994,1.0,1.0,1,1,1
24127,24126,57740,angel,hernandez,1978-09-04,A5H61978,57740,angel,hernandez,1978-09-04,A5H61978,1.0,1.0,1,1,1
24144,14585,37772,keon,snqmpsa,1992-07-03,K5S51992,54956,kamal,smith,1992-05-02,K5S51992,0.4833333333333333,0.5619047619047619,0,0,0
24147,24060,51620,jennifer,oneal,1974-11-16,J5O51974,51620,jennifer,oneal,1974-11-16,J5O51974,1.0,1.0,1,1,1
24147,24061,51620,jennifer,oneal,1974-11-16,J5O51974,51620,jennifer,oneal,1974-11-15,J5O51974,1.0,1.0,0,1,1
24147,24072,51620,jennifer,oneal,1974-11-16,J5O51974,51620,jennifer,oneal,1974-12-16,J5O51974,1.0,1.0,0,1,1
24149,24060,51620,jennifer,oneal,1974-11-19,J5O51974,51620,jennifer,oneal,1974-11-16,J5O51974,1.0,1.0,0,1,1
24149,24061,51620,jennifer,oneal,1974-11-19,J5O51974,51620,jennifer,oneal,1974-11-15,J5O51974,1.0,1.0,0,1,1
24149,24072,51620,jennifer,oneal,1974-11-19,J5O51974,51620,jennifer,oneal,1974-12-16,J5O51974,1.0,1.0,0,1,1
24149,24147,51620,jennifer,oneal,1974-11-19,J5O51974,51620,jennifer,oneal,1974-11-16,J5O51974,1.0,1.0,0,1,1
24161,23018,57773,jamal,x,1992-03-26,J5X01992,33922,jmkvu,xw,1992-06-15,J5X01992,0.6,0.8500000000000001,0,0,0
24180,819,57770,timar,honewell,1983-11-14,T5H51983,51067,timothy,henry,1983-07-10,T5H51983,0.6761904761904761,0.5472222222222222,0,0,0
24180,20458,57770,timar,honewell,1983-11-14,T5H51983,56686,tinikka,humphrey,1983-10-05,T5H51983,0.5619047619047619,0.5,0,0,0
24185,24184,57790,joseph,alq,1970-03-03,J2A41970,57790,joseph,altimar,1970-03-03,J2A41970,1.0,0.6507936507936508,1,1,1
24196,24195,57775,vincenzo,dilullo,1958-04-09,V5D41958,57775,vincenzo,dilullo,1958-04-09,V5D41958,1.0,1.0,1,1,1
24202,24201,57798,cynthia,detres,1995-08-01,C5D31995,57798,cynthia,detres,1995-08-01,C5D31995,1.0,1.0,1,1,1
24203,24201,57798,cynthia,detres,1995-08-01,C5D31995,57798,cynthia,detres,1995-08-01,C5D31995,1.0,1.0,1,1,1
24203,24202,57798,cynthia,detres,1995-08-01,C5D31995,57798,cynthia,detres,1995-08-01,C5D31995,1.0,1.0,1,1,1
24207,22454,57789,croe,white,1987-06-04,C6W31987,57257,corey,watson,1987-06-16,C6W31987,0.865,0.5777777777777778,0,0,0
24226,24225,57791,michael,waddell,1982-03-12,M2W31982,57791,michael,waddell,1982-03-12,M2W31982,1.0,1.0,1,1,1
24240,17624,57776,sabrtti,bocanegra,1992-05-04,S1B21992,55869,sebastian,bos,1992-12-01,S1B21992,0.6899470899470899,0.6296296296296297,0,0,0
24254,24253,21458,john,walker,1960-08-31,J5W41960,21458,john,walker,1960-08-31,J5W41960,1.0,1.0,1,1,1
24263,24261,57809,dennis,figue,1981-06-25,D5F21981,57809,dennis,figueroalopez,1981-06-25,D5F21981,1.0,0.8769230769230769,1,1,1
24286,24285,57813,jose,romeroarroyo,1963-05-07,J2R51963,57813,jose,romeroarroyo,1963-05-07,J2R51963,1.0,1.0,1,1,1
24295,24294,57828,vivaldo,mascarenhas,1992-08-02,V1M21992,57828,vifg,mascarenhas,1992-08-02,V1M21992,0.5952380952380952,1.0,1,1,1
24305,24303,11871,courtney,vanhorne,1983-10-07,C6V51983,11871,courtney,vanhorne,1983-10-07,C6V51983,1.0,1.0,1,1,1
24333,22485,57801,don,thubsty,1982-09-16,D5T11982,57271,dane,tv,1982-08-13,D5T11982,0.75,0.5476190476190476,0,0,0
24354,12976,57831,steven,baggiero,1956-03-28,S3B21956,54543,sdayu,baix,1956-05-27,S3B21956,0.4555555555555555,0.7666666666666667,0,0,0
24359,24358,57827,willie,brown,1953-04-27,W4B61953,57827,willie,brown,1953-04-27,W4B61953,1.0,1.0,1,1,1
24373,4553,46306,matp,meor,1981-01-04,M3M61981,52191,matthew,moore,1981-02-10,M3M61981,0.8083333333333333,0.8049999999999999,0,0,0
24386,24384,57861,eric,alston,1988-05-07,E6A41988,57861,eric,alston,1988-05-01,E6A41988,1.0,1.0,0,1,1
24400,23092,57865,marcus,smith,1989-05-19,M6S51989,57455,markee,singletary,1989-04-13,M6S51989,0.6666666666666666,0.6333333333333333,0,0,0
24412,24411,57859,alfonso,rivera-vasquez,1989-02-10,A4R11989,57859,alfonso,riverapozsqu,1989-02-10,A4R11989,1.0,0.8695238095238096,1,1,1
24427,24426,47525,michael,gardner,1977-08-24,M2G61977,47525,michael,gardner,1977-08-25,M2G61977,1.0,1.0,0,1,1
24428,24426,47525,michael,gardner,1977-08-25,M2G61977,47525,michael,gardner,1977-08-25,M2G61977,1.0,1.0,1,1,1
24428,24427,47525,michael,gardner,1977-08-25,M2G61977,47525,michael,gardner,1977-08-24,M2G61977,1.0,1.0,0,1,1
24433,24432,57874,samid,saudi,1974-11-13,S5S31974,57874,samid,saudi,1974-11-19,S5S31974,1.0,1.0,0,1,1
24446,24445,57844,darryl,st,1960-11-16,D6S31960,57844,darryl,stringer,1960-11-16,D6S31960,1.0,0.8,1,1,1
24459,9400,42277,pedro,previlus,1990-04-02,P3P61990,53628,pedro,previlus,1990-04-02,P3P61990,1.0,1.0,1,1,0
24461,9400,42277,pedro,prgvf,1990-04-02,P3P61990,53628,pedro,previlus,1990-04-02,P3P61990,1.0,0.6583333333333333,1,1,0
24461,24459,42277,pedro,prgvf,1990-04-02,P3P61990,42277,pedro,previlus,1990-04-02,P3P61990,1.0,0.6583333333333333,1,1,1
24465,12049,57863,mark,asbell,1980-11-13,M6A21980,54287,mario,ak,1980-01-19,M6A21980,0.8483333333333334,0.5555555555555555,0,0,0
24470,24469,57866,alex,ramirez,1970-03-27,A4R51970,57866,alex,ramirez,1970-03-29,A4R51970,1.0,1.0,0,1,1
24505,4427,57870,stephen,smith,1993-05-30,S3S51993,52153,setx,san,1993-02-11,S3S51993,0.6150793650793651,0.5111111111111111,0,0,0
24526,3676,57880,mefsr,jead,1982-10-06,M1J31982,51892,mabim,jtel,1982-02-12,M1J31982,0.4666666666666666,0.6666666666666666,0,0,0
24568,11600,19078,eyzzaquirre,walquer,1989-12-13,E2W41989,30613,ekby,wells,1989-08-08,E2W41989,0.5606060606060607,0.5619047619047619,0,0,0
24580,24579,57943,dijohn,frazier,1990-02-04,D2F61990,57943,dijohn,frazier,1990-05-05,D2F61990,1.0,1.0,0,1,1
24589,7768,57924,mnc,mayweather,1985-05-15,M2M31985,53079,michael,mitchell,1985-05-14,M2M31985,0.6507936507936508,0.5499999999999999,0,0,0
24596,11145,57907,b,scunziano,1954-10-30,B0S51954,54067,b,sims,1954-02-01,B0S51954,1.0,0.4537037037037037,0,0,0
24601,24600,41977,richard,lindo,1969-02-05,R2L51969,41977,riqe,lindo,1969-02-05,R2L51969,0.5952380952380952,1.0,1,1,1
24604,24603,48206,vanessa,gause,1962-02-25,V5G21962,48206,vanessa,gause,1962-02-25,V5G21962,1.0,1.0,1,1,1
24670,23182,57942,s,clmmr,1994-07-03,S0C41994,57511,s,click,1994-05-25,S0C41994,1.0,0.6,0,0,0
24677,24676,57925,luis,salazarquinones,1988-01-27,L2S41988,57925,luis,salazarquinones,1988-01-21,L2S41988,1.0,1.0,0,1,1
24686,21854,57913,tonya,hkq,1975-12-29,T5H21975,57071,tawanna,hawkins,1975-12-05,T5H21975,0.565079365079365,0.6507936507936508,0,0,0
24690,11600,19078,eyzim,whl,1989-12-13,E2W41989,30613,ekby,wells,1989-08-08,E2W41989,0.4833333333333333,0.6888888888888888,0,0,0
24690,24568,19078,eyzim,whl,1989-12-13,E2W41989,19078,eyzzaquirre,walquer,1989-12-13,E2W41989,0.8048484848484848,0.6507936507936508,1,1,1
24707,15028,57920,jose,mwnt,1962-12-02,J2M31962,55088,joseph,md,1962-11-15,J2M31962,0.9333333333333332,0.5833333333333334,0,0,0
24713,24711,57902,alyza,rio,1991-04-25,A4R01991,57902,alyza,r,1991-04-26,A4R01991,1.0,0.7999999999999999,0,1,1
24724,7140,52906,mermvog,brown,1995-12-15,M6B61995,52906,myrma,brown,1995-12-15,M6B61995,0.6761904761904761,1.0,1,1,1
24746,7603,27745,reginald,johnson,1972-07-18,R2J51972,53036,roscoe,jinglmqad,1972-07-16,R2J51972,0.4305555555555555,0.5026455026455027,0,0,0
24750,6739,38662,raymond,rgk,1968-06-09,R5R21968,52790,rma,reyes,1968-11-05,R5R21968,0.6984126984126985,0.5111111111111111,0,0,0
24768,20921,57961,a,pierre,1990-07-02,A0P61990,56812,ay,perez,1990-01-06,A0P61990,0.8500000000000001,0.8400000000000001,0,0,0
24796,19308,57957,james,barona,1987-07-24,J5B61987,56397,james,bryant,1987-04-22,J5B61987,1.0,0.6944444444444443,0,0,0
24796,19310,57957,james,barona,1987-07-24,J5B61987,56397,james,bryant,1987-04-29,J5B61987,1.0,0.6944444444444443,0,0,0
24841,24840,57981,tara,leconte,1995-01-08,T6L21995,57981,tara,laqonm,1995-01-08,T6L21995,1.0,0.6428571428571429,1,1,1
24847,11079,57992,mj,massaro,1981-03-30,M2M21981,54042,michael,mxs,1981-07-01,M2M21981,0.5476190476190476,0.6507936507936508,0,0,0
24849,22416,57976,jarrod,turbe,1974-12-02,J6T61974,57247,jermaine,tramun,1974-09-03,J6T61974,0.5138888888888888,0.5777777777777778,0,0,0
24849,22417,57976,jarrod,turbe,1974-12-02,J6T61974,57247,jermaine,tramun,1974-01-03,J6T61974,0.5138888888888888,0.5777777777777778,0,0,0
24853,7603,57988,reginald,jn,1972-07-14,R2J51972,53036,roscoe,jinglmqad,1972-07-16,R2J51972,0.4305555555555555,0.7666666666666667,0,0,0
24853,24746,57988,reginald,jn,1972-07-14,R2J51972,27745,reginald,johnson,1972-07-18,R2J51972,1.0,0.7857142857142857,0,1,0
24860,24858,57982,tishawna,stewart,1995-05-11,T2S31995,57982,tishawna,stewart,1995-05-16,T2S31995,1.0,1.0,0,1,1
24871,20933,57990,sui,clarke,1993-01-25,S0C41993,40374,sa,ceilaf,1993-10-19,S0C41993,0.611111111111111,0.6666666666666666,0,0,0
24887,15150,33123,krista,roaches,1993-03-22,K6R21993,54248,krancist,rousseau,1993-04-28,K6R21993,0.8444444444444443,0.6071428571428571,0,0,0
24904,24903,57989,alxz,jackson,1991-09-02,A4J21991,57989,alicia,jackson,1991-09-02,A4J21991,0.611111111111111,1.0,1,1,1
24905,24903,57989,alicia,jackson,1991-07-02,A4J21991,57989,alicia,jackson,1991-09-02,A4J21991,1.0,1.0,0,1,1
24905,24904,57989,alicia,jackson,1991-07-02,A4J21991,57989,alxz,jackson,1991-09-02,A4J21991,0.611111111111111,1.0,0,0,1
24923,24921,58004,saul,carrion,1977-11-19,S4C61977,58004,saul,carrion,1977-11-19,S4C61977,1.0,1.0,1,1,1
24928,24927,58007,virgini,ocio,1986-03-12,V6O21986,58007,vurqih,ocio,1986-03-12,V6O21986,0.6428571428571429,1.0,1,1,1
24929,24927,58007,virgini,ocio,1986-03-12,V6O21986,58007,vurqih,ocio,1986-03-12,V6O21986,0.6428571428571429,1.0,1,1,1
24929,24928,58007,virgini,ocio,1986-03-12,V6O21986,58007,virgini,ocio,1986-03-12,V6O21986,1.0,1.0,1,1,1
24979,1306,58009,brian,schunk,1987-04-13,B6S51987,12229,brain,semil,1987-10-08,B6S51987,0.9466666666666664,0.4555555555555555,0,0,0
24979,1307,58009,brian,schunk,1987-04-13,B6S51987,12229,brain,semil,1987-10-08,B6S51987,0.9466666666666664,0.4555555555555555,0,0,0
25015,25014,22874,richard,harris,1987-12-06,R2H61987,22874,rgmlar,harris,1987-12-06,R2H61987,0.6428571428571429,1.0,1,1,1
25028,16926,58026,josue,davilla,1978-07-19,J2D11978,55637,joseph,dept,1978-09-17,J2D11978,0.8755555555555556,0.4642857142857142,0,0,0
25043,25041,37115,ronald,drew,1964-11-16,R5D61964,37115,rin,drew,1964-11-16,R5D61964,0.6666666666666666,1.0,1,1,1
25095,2007,58059,lavo,perry,1983-05-01,L1P61983,42171,leoplean,price,1983-08-19,L1P61983,0.5833333333333334,0.6,0,0,0
25118,15873,58046,juf,b,1990-12-20,J1B01990,29143,jop,b,1990-09-05,J1B01990,0.5555555555555555,1.0,0,0,0
25139,11346,54122,lrb,cash,1990-04-05,L6C21990,54122,leroy,cash,1990-04-05,L6C21990,0.6888888888888888,1.0,1,1,1
25139,11348,54122,lrb,cash,1990-04-05,L6C21990,54122,leroy,cash,1990-04-05,L6C21990,0.6888888888888888,1.0,1,1,1
25145,24794,58060,terrance,wrrm,1984-04-18,T6W61984,57956,taryn,wrixem,1984-12-12,T6W61984,0.6833333333333332,0.8,0,0,0
25199,18283,58074,dominic,rayoni,1988-03-15,D5R51988,41140,daniel,rmranl,1988-05-08,D5R51988,0.5317460317460317,0.6666666666666666,0,0,0
25200,9081,58075,myquavis,singletary,1994-01-02,M2S51994,53434,mk,smith,1994-04-16,M2S51994,0.5416666666666666,0.6333333333333333,0,0,0
25201,9081,58075,myquavis,snngle,1994-05-02,M2S51994,53434,mk,smith,1994-04-16,M2S51994,0.5416666666666666,0.4555555555555555,0,0,0
25201,25200,58075,myquavis,snngle,1994-05-02,M2S51994,58075,myquavis,singletary,1994-01-02,M2S51994,1.0,0.8,0,1,1
25225,4206,47287,je,jean-francois,1987-10-15,J0J51987,7560,jgoh,jones,1987-04-17,J0J51987,0.5833333333333334,0.4991452991452991,0,0,0
25226,25224,47287,jermaine,jean-francois,1980-10-15,J6J51980,47287,jer,jean-francois,1980-10-15,J6J51980,0.8541666666666666,1.0,1,1,1
25246,12336,58085,then,stinson,1992-03-13,T5S31992,46563,timothy,stevens,1992-07-09,T5S31992,0.4642857142857142,0.7714285714285715,0,0,0
25250,25248,58091,dathmus,lane,1982-01-03,D3L51982,58091,dathmus,lane,1982-01-03,D3L51982,1.0,1.0,1,1,1
25262,2349,38239,lus,stevenson,1956-04-15,L2S31956,6588,lzo,sweetings,1956-08-13,L2S31956,0.5555555555555555,0.75,0,0,0
25269,11681,58103,jose,mi,1991-02-14,J2M01991,54189,jasmine,meu,1991-04-03,J2M01991,0.5952380952380952,0.611111111111111,0,0,0
25273,14935,54379,cor,sohit,1989-08-12,C6S31989,15347,carolyn,sydiso,1989-10-25,C6S31989,0.6984126984126985,0.5777777777777778,0,0,0
25275,928,4411,nafisa,picou,1983-04-18,N1P21983,4411,nafisa,picou,1983-04-18,N1P21983,1.0,1.0,1,1,1
25277,928,4411,nafisa,picou,1983-04-18,N1P21983,4411,nafisa,picou,1983-04-18,N1P21983,1.0,1.0,1,1,1
25277,25275,4411,nafisa,picou,1983-04-18,N1P21983,4411,nafisa,picou,1983-04-18,N1P21983,1.0,1.0,1,1,1
25283,25282,58113,voxakeveia,glenn,1980-09-06,V2G41980,58113,voxakeveia,glenn,1980-09-06,V2G41980,1.0,1.0,1,1,1
25337,25335,58084,natasha,brown,1980-05-24,N3B61980,58084,natasha,brown,1980-05-28,N3B61980,1.0,1.0,0,1,1
25374,17162,58127,andrew,martinez,1989-05-25,A5M61989,55717,amfj,mirw,1989-10-08,A5M61989,0.4722222222222221,0.5972222222222222,0,0,0
25391,25389,58132,fernando,mhrqgnez-sa,1977-05-30,F6M61977,58132,fernando,martinez-salas,1977-05-30,F6M61977,1.0,0.7896103896103897,1,1,1
25396,25395,58120,carlos,rosario,1980-04-10,C6R21980,58120,carlos,rosario,1980-04-10,C6R21980,1.0,1.0,1,1,1
25405,25404,58126,travoy,flores,1980-07-09,T6F41980,58126,travoy,flores,1980-07-09,T6F41980,1.0,1.0,1,1,1
25409,25407,58139,tesheyra,jackson,1988-08-14,T2J21988,58139,tesheyra,jackson,1988-08-14,T2J21988,1.0,1.0,1,1,1
25417,4499,52133,lakeinyas,david,1992-01-17,L2D11992,52133,lakeinyas,david,1992-01-17,L2D11992,1.0,1.0,1,1,1
25426,8464,16814,rafael,torres,1992-04-20,R1T61992,16814,rafael,torres,1992-02-20,R1T61992,1.0,1.0,0,1,1
25450,25449,58147,reginald,lockwood,1969-10-23,R2L21969,58147,reginald,lockwood,1969-11-23,R2L21969,1.0,1.0,0,1,1
25451,25449,58147,reginald,lockwood,1969-11-23,R2L21969,58147,reginald,lockwood,1969-11-23,R2L21969,1.0,1.0,1,1,1
25451,25450,58147,reginald,lockwood,1969-11-23,R2L21969,58147,reginald,lockwood,1969-10-23,R2L21969,1.0,1.0,0,1,1
25452,22400,58121,bernard,bellamy,1994-11-10,B6B41994,57258,britton,blackwood,1994-05-25,B6B41994,0.5238095238095238,0.5873015873015873,0,0,0
25453,22400,58121,bernard,bellamy,1994-12-10,B6B41994,57258,britton,blackwood,1994-05-25,B6B41994,0.5238095238095238,0.5873015873015873,0,0,0
25453,25452,58121,bernard,bellamy,1994-12-10,B6B41994,58121,bernard,bellamy,1994-11-10,B6B41994,1.0,1.0,0,1,1
25454,22400,58121,bernard,bellamy,1994-11-10,B6B41994,57258,britton,blackwood,1994-05-25,B6B41994,0.5238095238095238,0.5873015873015873,0,0,0
25454,25452,58121,bernard,bellamy,1994-11-10,B6B41994,58121,bernard,bellamy,1994-11-10,B6B41994,1.0,1.0,1,1,1
25454,25453,58121,bernard,bellamy,1994-11-10,B6B41994,58121,bernard,bellamy,1994-12-10,B6B41994,1.0,1.0,0,1,1
25465,25464,58125,mitchell,miller,1966-08-19,M3M41966,58125,mutkh,miller,1966-08-19,M3M41966,0.6583333333333333,1.0,1,1,1
25466,25464,58125,mitchell,miller,1966-08-19,M3M41966,58125,mutkh,miller,1966-08-19,M3M41966,0.6583333333333333,1.0,1,1,1
25466,25465,58125,mitchell,miller,1966-08-19,M3M41966,58125,mitchell,miller,1966-08-19,M3M41966,1.0,1.0,1,1,1
25474,6473,58171,trx,jnhw,1989-10-17,T6J51989,52708,tierra,jones,1989-01-09,T6J51989,0.6666666666666666,0.6333333333333333,0,0,0
25474,18150,58171,trx,jnhw,1989-10-17,T6J51989,56052,terry,jnks,1989-02-05,T6J51989,0.6888888888888888,0.6666666666666666,0,0,0
25484,25483,47214,dam,fr,1992-11-25,D5F61992,47214,damian,fernandez,1992-11-25,D5F61992,0.8833333333333334,0.7666666666666667,1,1,1
25488,6168,58153,omar,capci,1993-06-17,O5C11993,52631,ont,cp,1993-06-17,O5C11993,0.5277777777777778,0.82,1,1,0
25496,25495,57618,jamaree,moreland,1995-08-31,J5M61995,57618,jamaree,moreland,1995-08-31,J5M61995,1.0,1.0,1,1,1
25498,25497,58163,francisco,fernandezperez,1953-12-12,F6F61953,58163,francisco,fernandezperez,1953-12-12,F6F61953,1.0,1.0,1,1,1
25510,23757,58172,robert,sheets,1961-08-16,R1S31961,57640,roberta,stealy,1961-01-08,R1S31961,0.9714285714285714,0.5555555555555555,0,0,0
25517,25515,58168,elsie,mg,1992-02-20,E4M21992,58168,elsie,mxi,1992-05-20,E4M21992,1.0,0.611111111111111,0,0,1
25520,25519,58162,elizabeth,mahoney,1982-05-30,E4M51982,58162,elizabeth,mahoney,1982-04-30,E4M51982,1.0,1.0,0,1,1
25527,17432,58175,jt,shirey,1988-04-02,J3S61988,55818,jd,ser,1988-08-16,J3S61988,0.6666666666666666,0.6666666666666666,0,0,0
25532,25530,58154,carla,myers,1963-12-14,C6M61963,58154,carla,myers,1963-12-24,C6M61963,1.0,1.0,0,1,1
25576,14870,4619,kh,sbroe,1989-11-30,K0S11989,55058,ks,sp,1989-05-07,K0S11989,0.6666666666666666,0.5666666666666667,0,0,0
25580,25578,58182,jamal,hanna,1986-01-17,J5H51986,58182,jamal,hanna,1986-01-17,J5H51986,1.0,1.0,1,1,1
25594,2461,58203,vsitigk,adderley,1984-05-13,V2A31984,51558,vyj,adg,1984-01-08,V2A31984,0.4920634920634921,0.6388888888888888,0,0,0
25601,25600,58179,jonathon,wgnu,1989-05-26,J5W21989,58179,jonathon,wcnt,1989-04-26,J5W21989,1.0,0.6666666666666666,0,0,1
25641,21249,58178,keandra,seay,1993-04-07,K5S01993,52153,kenneth,sa,1993-02-11,K5S01993,0.6190476190476191,0.8500000000000001,0,0,0
25641,21251,58178,keandra,seay,1993-04-07,K5S01993,52153,kenneth,sk,1993-02-11,K5S01993,0.6190476190476191,0.5833333333333334,0,0,0
25670,25669,58205,vincent,defazio,1955-01-12,V5D11955,58205,vvm,dpwu,1955-01-12,V5D11955,0.4920634920634921,0.4642857142857142,1,0,1
25700,1008,58210,c,sabino,1991-04-22,C0S11991,51099,c,spr,1991-07-16,C0S11991,1.0,0.5,0,0,0
25757,25755,58227,dean,serfis,1959-05-27,D5S61959,58227,dean,serfis,1959-03-23,D5S61959,1.0,1.0,0,1,1
25765,19158,58232,anthony,latimore,1988-04-26,A5L31988,56332,antonio,lytle,1988-07-28,A5L31988,0.8666666666666668,0.6583333333333333,0,0,0
25766,12250,58232,anthony,laggowr,1988-04-26,A5L21988,54330,antonio,lightbourn,1988-07-19,A5L21988,0.8666666666666668,0.6571428571428571,0,0,0
25768,25767,58235,desmond,rolle,1979-03-04,D2R41979,58235,desmond,rolle,1979-03-01,D2R41979,1.0,1.0,0,1,1
25779,6202,58242,raheem,smith,1995-06-28,R5S51995,52617,romaine,smith,1995-01-17,R5S51995,0.6428571428571429,1.0,0,0,0
25789,25788,58236,leontae,williams,1994-11-01,L5W41994,58236,leontae,williams,1994-11-05,L5W41994,1.0,1.0,0,1,1
25790,25788,58236,leontae,williams,1994-11-01,L5W41994,58236,leontae,williams,1994-11-05,L5W41994,1.0,1.0,0,1,1
25790,25789,58236,leontae,williams,1994-11-01,L5W41994,58236,leontae,williams,1994-11-01,L5W41994,1.0,1.0,1,1,1
25805,25803,58239,bernard,miller,1989-12-13,B6M41989,58239,bernard,miller,1989-12-13,B6M41989,1.0,1.0,1,1,1
25841,25840,12038,kevin,banning,1968-01-12,K1B51968,12038,kevin,banning,1968-01-12,K1B51968,1.0,1.0,1,1,1
25851,15413,34006,l,ga,1992-08-18,L0G01992,55195,li,g,1992-02-19,L0G01992,0.8500000000000001,0.8500000000000001,0,0,0
25853,25852,34006,jessica,garciamarino,1992-08-10,J2G61992,34006,jessica,garciamarino,1992-08-18,J2G61992,1.0,1.0,0,1,1
25862,10871,58264,jo,hepburn,1947-06-27,J0H11947,39369,j,hope,1947-01-19,J0H11947,0.8500000000000001,0.6150793650793651,0,0,0
25865,2622,35545,curtis,june,1954-08-26,C6J51954,51603,christopher,johnston,1954-03-02,C6J51954,0.695959595959596,0.5833333333333334,0,0,0
25867,10530,45913,rgc,hughes,1977-01-15,R2H21977,53888,rg,hayas,1977-10-31,R2H21977,0.9111111111111112,0.5777777777777778,0,0,0
25887,9085,7109,brandon,barther,1982-09-23,B6B61982,27923,brandon,burwell,1982-08-20,B6B61982,1.0,0.6190476190476191,0,0,0
25889,9085,7109,brandon,barther,1982-09-28,B6B61982,27923,brandon,burwell,1982-08-20,B6B61982,1.0,0.6190476190476191,0,0,0
25889,25887,7109,brandon,barther,1982-09-28,B6B61982,7109,brandon,barther,1982-09-23,B6B61982,1.0,1.0,0,1,1
25922,25921,58275,jennie,mcfadden,1952-06-13,J5M21952,58275,jennie,mcnzda,1952-02-13,J5M21952,1.0,0.6388888888888888,0,0,1
25927,25926,58278,adriel,ovadia,1992-12-28,A3O11992,58278,adriel,ovadia,1992-12-28,A3O11992,1.0,1.0,1,1,1
25940,25938,58254,tiffany,torres,1982-05-12,T1T61982,58254,tiffany,torres,1982-05-12,T1T61982,1.0,1.0,1,1,1
25985,25983,58298,gwendolyn,way,1962-04-25,G5W01962,58298,gwendolyn,way,1962-04-25,G5W01962,1.0,1.0,1,1,1
25986,19764,56497,mico,bs,1977-12-25,M2B21977,56497,michelle,baker,1977-12-26,M2B21977,0.7958333333333334,0.5666666666666667,0,0,1
25987,21706,56497,mi,baker,1977-12-26,M0B21977,57038,mi,bosi-godomar,1977-11-06,M0B21977,1.0,0.4277777777777777,0,0,0
25988,19764,56497,michelle,baker,1977-12-26,M2B21977,56497,michelle,baker,1977-12-26,M2B21977,1.0,1.0,1,1,1
25988,25986,56497,michelle,baker,1977-12-26,M2B21977,56497,mico,bs,1977-12-25,M2B21977,0.7958333333333334,0.5666666666666667,0,0,1
26014,26013,48566,damian,francis,1983-01-03,D5F61983,48566,damian,francis,1983-01-03,D5F61983,1.0,1.0,1,1,1
26024,26022,58304,john,paniccia,1983-05-13,J5P51983,58304,john,paniccia,1983-05-13,J5P51983,1.0,1.0,1,1,1
26051,20599,58325,s,jimison,1981-08-05,S0J51981,56713,shie,johnson,1981-01-12,S0J51981,0.775,0.7428571428571429,0,0,0
26055,14233,58319,jr,rs,1990-07-16,J6R21990,30033,jerome,russell,1990-01-24,J6R21990,0.7999999999999999,0.7857142857142857,0,0,0
26069,26067,58317,rbbsc,miller,1966-06-03,R1M41966,58317,robert,miller,1966-06-13,R1M41966,0.5777777777777778,1.0,0,0,1
26099,26097,58332,josg,humlick,1962-09-17,J2H51962,58332,joseph,humlick,1962-09-17,J2H51962,0.825,1.0,1,1,1
26109,112,58318,carson,seavey,1991-04-21,C6S11991,50863,charles,sf,1991-04-18,C6S11991,0.6428571428571429,0.5555555555555555,0,0,0
26109,11974,58318,carson,seavey,1991-04-21,C6S11991,54291,christopher,skwv,1991-12-29,C6S11991,0.6767676767676768,0.611111111111111,0,0,0
26110,112,58318,carson,seavey,1991-09-21,C6S11991,50863,charles,sf,1991-04-18,C6S11991,0.6428571428571429,0.5555555555555555,0,0,0
26110,11974,58318,carson,seavey,1991-09-21,C6S11991,54291,christopher,skwv,1991-12-29,C6S11991,0.6767676767676768,0.611111111111111,0,0,0
26110,26109,58318,carson,seavey,1991-09-21,C6S11991,58318,carson,seavey,1991-04-21,C6S11991,1.0,1.0,0,1,1
26111,1008,58318,c,seavey,1991-04-21,C0S11991,51099,c,spr,1991-07-16,C0S11991,1.0,0.5,0,0,0
26111,25700,58318,c,seavey,1991-04-21,C0S11991,58210,c,sabino,1991-04-22,C0S11991,1.0,0.5555555555555555,0,0,0
26114,26112,58339,alan,bridges,1965-08-30,A4B61965,58339,alan,bridges,1965-08-30,A4B61965,1.0,1.0,1,1,1
26123,8935,53411,justin,terri,1985-07-31,J2T61985,53411,justin,terri,1985-07-31,J2T61985,1.0,1.0,1,1,1
26126,6949,52854,maurib,molina,1983-01-03,M6M41983,52854,mauricio,molina,1983-01-03,M6M41983,0.8916666666666667,1.0,1,1,1
26131,26130,58328,brandon,marshall,1989-04-10,B6M61989,58328,brandon,marshall,1989-08-10,B6M61989,1.0,1.0,0,1,1
26132,26130,58328,brandon,marshall,1989-04-10,B6M61989,58328,brandon,marshall,1989-08-10,B6M61989,1.0,1.0,0,1,1
26132,26131,58328,brandon,marshall,1989-04-10,B6M61989,58328,brandon,marshall,1989-04-10,B6M61989,1.0,1.0,1,1,1
26150,26148,58346,amos,robertshudson,1986-07-17,A5R11986,58346,amos,robertshudson,1986-04-17,A5R11986,1.0,1.0,0,1,1
26183,5114,58369,clifford,smith,1972-10-24,C4S51972,52339,claesgens,sean,1972-08-02,C4S51972,0.4907407407407407,0.4833333333333333,0,0,0
26197,17694,58372,charmaine,rimkhtjaw,1964-04-16,C6R51964,55870,charmaine,ramkhelawan,1964-04-14,C6R51964,1.0,0.7636363636363637,0,0,0
26197,17696,58372,charmaine,rimkhtjaw,1964-04-16,C6R51964,55870,charmaine,ramkhelawan,1964-04-16,C6R51964,1.0,0.7636363636363637,1,1,0
26201,26200,52570,s,peeples,1969-06-29,S0P11969,52570,sh,peeples,1969-06-29,S0P11969,0.8500000000000001,1.0,1,1,1
26224,25583,57329,marquis,l,1982-09-21,M6L01982,5745,marce,lh,1982-09-25,M6L01982,0.6761904761904761,0.8500000000000001,0,0,0
26234,26232,30000,tommy,binion,1968-07-23,T5B51968,30000,tommy,binion,1968-07-23,T5B51968,1.0,1.0,1,1,1
26235,13529,54690,asmwz,davis,1995-03-16,A2D11995,54690,ak,davis,1995-03-06,A2D11995,0.5666666666666667,1.0,0,0,1
26237,26236,54690,antwan,davis,1995-03-12,A5D11995,54690,antwan,davis,1995-03-19,A5D11995,1.0,1.0,0,1,1
26267,26266,58361,kara,quick,1984-05-23,K6Q21984,58361,kara,quick,1984-09-23,K6Q21984,1.0,1.0,0,1,1
26268,20893,58364,kenneth,tommie,1967-01-25,K5T51967,56817,kenton,thomas,1967-07-07,K5T51967,0.8477777777777777,0.6666666666666666,0,0,0
26269,20893,58364,kenneth,tommie,1967-01-25,K5T51967,56817,kenton,thomas,1967-07-07,K5T51967,0.8477777777777777,0.6666666666666666,0,0,0
26269,26268,58364,kenneth,tommie,1967-01-25,K5T51967,58364,kenneth,tommie,1967-01-25,K5T51967,1.0,1.0,1,1,1
26278,11322,58403,cale,parrish,1992-01-27,C4P61992,32226,calvin,parker,1992-05-17,C4P61992,0.825,0.8222222222222222,0,0,0
26278,11323,58403,cale,parrish,1992-01-27,C4P61992,32226,calvin,parker,1992-03-17,C4P61992,0.825,0.8222222222222222,0,0,0
26302,26301,58397,ty-shawn,smith,1985-12-31,T2S51985,58397,ty-shawn,smith,1985-12-31,T2S51985,1.0,1.0,1,1,1
26313,21114,51670,fidel,salnave,1978-07-04,F3S41978,51670,fidel,salnave,1978-07-04,F3S41978,1.0,1.0,1,1,1
26313,21115,51670,fidel,salnave,1978-07-04,F3S41978,51670,fidel,salnave,1978-07-04,F3S41978,1.0,1.0,1,1,1
26318,26316,58389,steve,stanley,1964-03-18,S3S31964,58389,steve,stanley,1964-03-18,S3S31964,1.0,1.0,1,1,1
26342,24411,2105,alexander,rv,1989-03-28,A4R11989,57859,alfonso,riverapozsqu,1989-02-10,A4R11989,0.5873015873015873,0.7500000000000001,0,0,0
26342,24412,2105,alexander,rv,1989-03-28,A4R11989,57859,alfonso,rivera-vasquez,1989-02-10,A4R11989,0.5873015873015873,0.7428571428571429,0,0,0
26344,1536,58408,ronald,rastov,1958-05-31,R5R21958,51268,rmb,rqkrii,1958-08-17,R5R21958,0.5,0.4444444444444444,0,0,0
26347,20102,57621,amg,crespo,1980-07-23,A5C61980,56593,anthony,cirrincione,1980-02-01,A5C61980,0.4920634920634921,0.5909090909090909,0,0,0
26350,20228,56621,ric,d,1993-08-14,R2D01993,56621,richard,dd,1993-08-14,R2D01993,0.8666666666666668,0.8500000000000001,1,1,1
26362,900,52569,dxic,lewis,1990-08-16,D2L21990,5748,dcnz,lqb,1990-07-30,D2L21990,0.5,0.5111111111111111,0,0,0
26365,26364,48838,nadia,grant,1989-02-01,N3G61989,48838,nadia,grant,1989-02-01,N3G61989,1.0,1.0,1,1,1
26369,23451,58385,justin,bsrt,1990-09-11,J2B21990,57574,justin,bkcns,1990-10-30,J2B21990,1.0,0.4833333333333333,0,0,0
26371,26370,58388,martez,cooper,1995-05-13,M6C11995,58388,martez,cooper,1995-05-13,M6C11995,1.0,1.0,1,1,1
26372,26370,58388,martez,cooper,1995-05-13,M6C11995,58388,martez,cooper,1995-05-13,M6C11995,1.0,1.0,1,1,1
26372,26371,58388,martez,cooper,1995-05-13,M6C11995,58388,martez,cooper,1995-05-13,M6C11995,1.0,1.0,1,1,1
26386,10297,58413,v,ui,1988-11-15,V0U01988,53839,v,u,1988-06-29,V0U01988,1.0,0.8500000000000001,0,1,0
26396,26394,58410,zulimay,lizcano,1972-02-27,Z4L21972,58410,zulimay,lizcano,1972-02-27,Z4L21972,1.0,1.0,1,1,1
26405,26404,58414,addlin,etienne,1984-07-26,A3E31984,58414,addlin,etienne,1984-09-26,A3E31984,1.0,1.0,0,1,1
26414,26412,58417,christopher,lanclg,1985-10-02,C6L51985,58417,christopher,landsgard,1985-10-02,C6L51985,1.0,0.7925925925925926,1,1,1
26425,24945,50808,cawdvn,james,1977-09-28,C3J51977,58021,cdiql,jones,1977-12-20,C3J51977,0.5777777777777778,0.76,0,0,0
26426,26424,50808,tawanna,james,1977-09-28,T5J51977,50808,tyyanu,james,1977-09-28,T5J51977,0.6428571428571429,1.0,1,1,1
26453,26452,58437,v,quinones,1975-07-30,V0Q51975,58437,via,quinones,1975-09-30,V0Q51975,0.7999999999999999,1.0,0,1,1
26476,26475,58457,caz,zayas,1980-09-04,C2Z21980,58457,caz,zayas,1980-09-04,C2Z21980,1.0,1.0,1,1,1
26478,1679,58470,jimmesha,burton,1989-06-19,J5B61989,51275,jennifer,brown,1989-05-04,J5B61989,0.4722222222222221,0.8400000000000001,0,0,0
26480,1679,58470,jimmesha,burton,1989-06-19,J5B61989,51275,jennifer,brown,1989-05-04,J5B61989,0.4722222222222221,0.8400000000000001,0,0,0
26480,26478,58470,jimmesha,burton,1989-06-19,J5B61989,58470,jimmesha,burton,1989-06-19,J5B61989,1.0,1.0,1,1,1
26506,26505,58427,raul,raphael,1986-04-18,R4R11986,58427,raul,raphael,1986-04-19,R4R11986,1.0,1.0,0,1,1
26533,21185,33063,eu,st,1993-06-23,E0S31993,56853,e,stokes,1993-10-14,E0S31993,0.8500000000000001,0.8222222222222222,0,0,0
26534,26532,33063,eugene,stlouis,1993-06-23,E2S31993,33063,euza,stlouis,1993-06-23,E2S31993,0.611111111111111,1.0,1,1,1
26551,13924,58507,qzce,o,1978-07-19,Q0O01978,54366,qcz,oe,1978-07-13,Q0O01978,0.825,0.8500000000000001,0,0,0
26566,26565,58495,priscilla,pierce,1970-02-12,P6P61970,58495,prds,pierce,1970-02-12,P6P61970,0.6944444444444443,1.0,1,1,1
26570,26568,58500,fhl,dealmedia-vaz,1983-08-21,F4D41983,58500,filipe,dealmedia-vaz,1983-08-21,F4D41983,0.6666666666666666,1.0,1,1,1
26581,26580,26341,johnny,sawyer,1986-01-23,J5S61986,26341,johnny,sawyer,1986-01-03,J5S61986,1.0,1.0,0,1,1
26589,9368,58503,ohwa,thomas,1980-04-07,O0T51980,53511,o,thomas,1980-05-17,O0T51980,0.775,1.0,0,1,0
26641,26640,58536,gervaise,hylton,1966-06-26,G6H41966,58536,gervaise,hylton,1966-06-26,G6H41966,1.0,1.0,1,1,1
26649,7448,53004,issac,tisdale,1987-11-18,I2T21987,53004,issac,tisdale,1987-10-18,I2T21987,1.0,1.0,0,1,1
26651,7448,53004,issac,tqselc,1987-10-15,I2T21987,53004,issac,tisdale,1987-10-18,I2T21987,1.0,0.6428571428571429,0,0,1
26651,26649,53004,issac,tqselc,1987-10-15,I2T21987,53004,issac,tisdale,1987-11-18,I2T21987,1.0,0.6428571428571429,0,0,1
26653,25449,58491,rec,llaguna,1969-04-12,R2L21969,58147,reginald,lockwood,1969-11-23,R2L21969,0.6388888888888888,0.4226190476190476,0,0,0
26653,25450,58491,rec,llaguna,1969-04-12,R2L21969,58147,reginald,lockwood,1969-10-23,R2L21969,0.6388888888888888,0.4226190476190476,0,0,0
26653,25451,58491,rec,llaguna,1969-04-12,R2L21969,58147,reginald,lockwood,1969-11-23,R2L21969,0.6388888888888888,0.4226190476190476,0,0,0
26660,26327,58494,kpgi,tavarez,1992-10-09,K1T11992,58402,kwbtfv,tafpxe,1992-04-26,K1T11992,0.4722222222222221,0.6428571428571429,0,0,0
26693,26692,36929,mueller,terry,1966-01-17,M4T61966,36929,mueller,terry,1966-11-17,M4T61966,1.0,1.0,0,1,1
26704,26703,58560,nicole,daley,1974-01-12,N2D41974,58560,nicole,daley,1974-01-16,N2D41974,1.0,1.0,0,1,1
26709,1886,58544,alex,diaz,1992-05-11,A4D21992,40605,alexus,dacq,1992-06-10,A4D21992,0.9333333333333332,0.6666666666666666,0,0,0
26727,19417,46634,cx,russell,1990-05-18,C0R21990,56381,css,rocha,1990-09-11,C0R21990,0.611111111111111,0.4476190476190476,0,0,0
26746,20808,47168,michael,doyle,1986-09-24,M2D41986,49911,mike,delgado,1986-08-03,M2D41986,0.7809523809523811,0.5619047619047619,0,0,0
26753,26752,29728,nelson,cajas,1988-01-06,N4C21988,29728,nelson,cajas,1988-03-07,N4C21988,1.0,1.0,0,1,1
26767,26766,58570,albert,morrisseau,1956-06-23,A4M61956,58570,albert,morrisseau,1956-06-22,A4M61956,1.0,1.0,0,1,1
26773,2679,58572,justin,x,1990-12-02,J2X01990,51637,josue,xe,1990-04-04,J2X01990,0.5888888888888889,0.8500000000000001,0,0,0
26774,22158,58572,justin,williams,1990-12-02,J2W41990,57156,jazzlin,walker,1990-12-11,J2W41990,0.6428571428571429,0.5277777777777778,0,0,0
26794,26793,58557,yolanda,allen,1966-05-04,Y4A41966,58557,yolanda,allen,1966-09-04,Y4A41966,1.0,1.0,0,1,1
26798,26797,58567,angmvip,r,1993-10-21,A5R01993,58567,angelika,r,1993-10-21,A5R01993,0.6904761904761904,1.0,1,1,1
26801,26799,949,chedline,moise,1987-05-25,C3M21987,949,chedline,moise,1987-05-05,C3M21987,1.0,1.0,0,1,1
26818,21661,58586,john,ballew,1981-10-21,J5B41981,57027,jim,beaolepou,1981-03-06,J5B41981,0.5277777777777778,0.6203703703703703,0,0,0
26819,21661,58586,john,ballew,1981-10-21,J5B41981,57027,jim,beaolepou,1981-03-06,J5B41981,0.5277777777777778,0.6203703703703703,0,0,0
26819,26818,58586,john,ballew,1981-10-21,J5B41981,58586,john,ballew,1981-10-21,J5B41981,1.0,1.0,1,1,1
26822,15574,58603,jose,l,1981-05-09,J2L01981,55229,jessica,lee,1981-06-18,J2L01981,0.6150793650793651,0.7999999999999999,0,0,0
26828,26826,58606,alyssa,verola,1993-05-05,A4V61993,58606,alyssa,verola,1993-05-05,A4V61993,1.0,1.0,1,1,1
26829,19099,58575,z,n,1988-04-22,Z0N01988,56320,z,n,1988-03-12,Z0N01988,1.0,1.0,0,1,0
26831,25046,58575,barry,williams,1988-04-22,B6W41988,58003,briteny,williams,1988-08-12,B6W41988,0.6761904761904761,1.0,0,0,0
26833,26832,58581,nyisha,register,1982-06-13,N2R21982,58581,nyisha,register,1982-06-13,N2R21982,1.0,1.0,1,1,1
26834,26832,58581,nyisha,register,1982-01-13,N2R21982,58581,nyisha,register,1982-06-13,N2R21982,1.0,1.0,0,1,1
26834,26833,58581,nyisha,register,1982-01-13,N2R21982,58581,nyisha,register,1982-06-13,N2R21982,1.0,1.0,0,1,1
26866,9758,58604,david,lwp,1987-08-23,D1L11987,42445,dewp,labprd,1987-04-28,D1L11987,0.4833333333333333,0.6666666666666666,0,0,0
26869,26868,58596,rhonda,mcdonald,1973-07-03,R5M21973,58596,rhonda,mcdonald,1973-07-01,R5M21973,1.0,1.0,0,1,1
26914,26913,26329,chad,xavier,1992-04-28,C3X11992,26329,chad,xavier,1992-04-08,C3X11992,1.0,1.0,0,1,1
26921,13990,58588,ba,mojica,1989-07-15,B0M21989,54797,b,maxmaz,1989-11-05,B0M21989,0.8500000000000001,0.5555555555555555,0,0,0
26939,15455,58648,dwayne,reynolds,1980-09-25,D5R51980,52746,daniel,ranbxmwkhor,1980-05-15,D5R51980,0.7999999999999999,0.4772727272727273,0,0,0
26941,3638,58633,james,parker,1991-07-22,J5P61991,10298,jamal,perry,1991-03-21,J5P61991,0.8133333333333334,0.7300000000000001,0,0,0
26942,3302,58633,jlgr,i,1991-07-22,J4I01991,42967,juliet,i,1991-06-26,J4I01991,0.611111111111111,1.0,0,0,0
26943,19475,56686,ncbik,hrms,1981-10-05,N2H61981,49671,nicole,howard,1981-04-10,N2H61981,0.5888888888888889,0.4722222222222221,0,0,0
26944,819,56686,tinikka,humphrey,1983-10-05,T5H51983,51067,timothy,henry,1983-07-10,T5H51983,0.5238095238095238,0.6583333333333333,0,0,0
26944,20458,56686,tinikka,humphrey,1983-10-05,T5H51983,56686,tinikka,humphrey,1983-10-05,T5H51983,1.0,1.0,1,1,1
26944,24180,56686,tinikka,humphrey,1983-10-05,T5H51983,57770,timar,honewell,1983-11-14,T5H51983,0.5619047619047619,0.5,0,0,0
26948,26947,58055,calvin,crawford,1951-10-27,C4C61951,58055,calvin,crawford,1951-10-27,C4C61951,1.0,1.0,1,1,1
26951,26950,58626,eric,mckinney,1994-01-08,E6M21994,58626,eric,mcka,1994-01-08,E6M21994,1.0,0.7958333333333334,1,1,1
26971,26970,43241,franklin,beckwith,1986-05-17,F6B21986,43241,franklin,beckwith,1986-05-18,F6B21986,1.0,1.0,0,1,1
27028,26947,58055,calvin,crawford,1951-10-27,C4C61951,58055,calvin,crawford,1951-10-27,C4C61951,1.0,1.0,1,1,1
27028,26948,58055,calvin,crawford,1951-10-27,C4C61951,58055,calvin,crawford,1951-10-27,C4C61951,1.0,1.0,1,1,1
27029,26947,58055,calvin,crawford,1951-10-27,C4C61951,58055,calvin,crawford,1951-10-27,C4C61951,1.0,1.0,1,1,1
27029,26948,58055,calvin,crawford,1951-10-27,C4C61951,58055,calvin,crawford,1951-10-27,C4C61951,1.0,1.0,1,1,1
27029,27028,58055,calvin,crawford,1951-10-27,C4C61951,58055,calvin,crawford,1951-10-27,C4C61951,1.0,1.0,1,1,1
27062,27061,58661,re,robinson,1956-09-14,R0R11956,58661,ro,robinson,1956-09-27,R0R11956,0.6666666666666666,1.0,0,0,1
27064,27063,58653,raul,enguita,1985-11-11,R4E51985,58653,raul,enguita,1985-11-14,R4E51985,1.0,1.0,0,1,1
27077,27076,58654,shxke,fitpatrick,1988-03-01,S0F31988,58654,shxke,fit,1988-06-01,S0F31988,1.0,0.8366666666666667,0,1,1
27091,118,58669,crnu,leon,1977-11-13,C6L51977,42067,craig,lanse,1977-05-26,C6L51977,0.6333333333333333,0.6333333333333333,0,0,0
27093,14664,58662,mark,sannino,1960-04-08,M6S51960,54994,mrpen,singh,1960-04-10,M6S51960,0.6333333333333333,0.5619047619047619,0,0,0
27100,14912,58670,u,gonzalezsanchez,1985-07-11,U0G51985,55047,u,gonzalez,1985-03-04,U0G51985,1.0,0.9066666666666666,0,1,0
27111,14513,58676,michael,ljgiup,1960-01-23,M2L21960,54940,mg,lis,1960-09-15,M2L21960,0.5476190476190476,0.6666666666666666,0,0,0
27133,12714,58707,ifxii,milton,1985-11-07,I1M41985,54431,ivory,miller,1985-12-17,I1M41985,0.4666666666666666,0.6666666666666666,0,0,0
27150,6294,58709,marit,m,1992-08-27,M6M01992,52681,mnor,m,1992-10-06,M6M01992,0.6333333333333333,1.0,0,0,0
27152,27151,58709,marvis,washington,1992-08-28,M6W21992,58709,marvis,washington,1992-08-28,M6W21992,1.0,1.0,1,1,1
27167,27165,58691,harold,correa,1965-08-11,H6C61965,58691,harold,correa,1965-08-11,H6C61965,1.0,1.0,1,1,1
27175,880,18532,la,thomas,1989-12-20,L0T51989,51066,l,thomas,1989-07-15,L0T51989,0.8500000000000001,1.0,0,1,0
27177,14567,34467,mike,douze,1989-11-03,M2D21989,54982,mxy,dsak,1989-09-05,M2D21989,0.5277777777777778,0.4833333333333333,0,0,0
27189,6738,58692,glenn,riq,1963-02-12,G4R21963,52790,gladys,reyes,1963-11-05,G4R21963,0.5777777777777778,0.5111111111111111,0,0,0
27200,27198,58703,ashley,axrnzvi,1988-08-15,A2A21988,58703,ashley,axonovitz,1988-08-15,A2A21988,1.0,0.8052910052910053,1,1,1
27207,3006,51741,daniel,perez,1988-03-24,D5P61988,51741,daniel,prb,1988-03-24,D5P61988,1.0,0.6888888888888888,1,1,1
27221,27220,58677,renee,sopon,1995-05-23,R5S11995,58677,renee,sopon,1995-05-23,R5S11995,1.0,1.0,1,1,1
27226,17312,58742,d,jones,1978-08-18,D0J51978,55761,d,janes,1978-07-26,D0J51978,1.0,0.88,0,1,0
27234,25086,58054,patrick,foy,1993-02-10,P3F01993,58054,patrick,foy,1993-02-10,P3F01993,1.0,1.0,1,1,1
27251,27250,58739,devon,walcott,1986-05-22,D1W41986,58739,devon,walcott,1986-05-25,D1W41986,1.0,1.0,0,1,1
27259,27258,58759,oglathe,health,1993-10-27,O2H41993,58759,oglathe,health,1993-10-27,O2H41993,1.0,1.0,1,1,1
27275,19489,56425,erika,marinucci,1977-03-02,E6M61977,56425,erika,marinucci,1977-03-02,E6M61977,1.0,1.0,1,1,1
27275,19490,56425,erika,marinucci,1977-03-02,E6M61977,56425,erika,marinucci,1977-03-02,E6M61977,1.0,1.0,1,1,1
27294,14456,54345,kr,marfiwr,1992-04-06,K6M61992,54345,kristen,marciniak,1992-04-06,K6M61992,0.8095238095238095,0.671957671957672,1,1,1
27331,16005,55346,shawn,harris,1983-06-14,S5H61983,55346,shawn,harris,1983-06-14,S5H61983,1.0,1.0,1,1,1
27331,16006,55346,shawn,harris,1983-06-14,S5H61983,55346,shawn,harris,1983-06-14,S5H61983,1.0,1.0,1,1,1
27332,7874,55346,shawn,hpacl,1993-06-14,S5H11993,53131,sayon,hb,1993-06-20,S5H11993,0.76,0.5666666666666667,0,0,0
27335,27334,58753,sebastian,piceepurfe,1988-11-04,S1P21988,58753,seyvs,psne,1988-11-04,S1P21988,0.6444444444444445,0.5666666666666667,1,0,1
27345,1935,58743,theodore,vukelich,1976-10-13,T3V21976,51379,tedra,voka,1976-03-31,T3V21976,0.7899999999999999,0.5833333333333334,0,0,0
27346,1935,58743,theodore,vukelich,1976-10-13,T3V21976,51379,tedra,voka,1976-03-31,T3V21976,0.7899999999999999,0.5833333333333334,0,0,0
27346,27345,58743,theodore,vukelich,1976-10-13,T3V21976,58743,theodore,vukelich,1976-10-13,T3V21976,1.0,1.0,1,1,1
27350,27349,58724,rixo,vasquezlimas,1964-01-19,R2V21964,58724,rigoberto,vasquezlimas,1964-01-19,R2V21964,0.6944444444444443,1.0,1,1,1
27382,23158,20612,gibran,assad,1990-10-02,G1A21990,57519,gabriella,akh,1990-06-10,G1A21990,0.7566666666666668,0.5111111111111111,0,0,0
27385,6810,58785,charles,mccoy,1979-11-13,C6M21979,46582,charles,mcintyre,1979-11-16,C6M21979,1.0,0.6583333333333333,0,0,0
27395,9529,56322,pa,bs,1986-10-24,P0B21986,53565,p,bwj,1986-11-25,P0B21986,0.8500000000000001,0.611111111111111,0,0,0
27418,27417,58777,rodney,alvarez,1971-10-20,R3A41971,58777,rodney,alvarez,1971-10-20,R3A41971,1.0,1.0,1,1,1
27419,27417,58777,rodney,alya,1971-10-20,R3A41971,58777,rodney,alvarez,1971-10-20,R3A41971,1.0,0.7809523809523811,1,1,1
27419,27418,58777,rodney,alya,1971-10-20,R3A41971,58777,rodney,alvarez,1971-10-20,R3A41971,1.0,0.7809523809523811,1,1,1
27421,27420,4334,michael,murdough,1975-09-23,M2M61975,4334,mx,murdough,1975-09-23,M2M61975,0.5476190476190476,1.0,1,1,1
27437,1019,58786,alvin,singh,1996-03-22,A4S51996,51089,alexander,sjm,1996-02-27,A4S51996,0.6444444444444445,0.5111111111111111,0,0,0
27451,16892,18129,michael,go,1981-09-13,M2G01981,55624,miwza,g,1981-07-16,M2G01981,0.6761904761904761,0.8500000000000001,0,0,0
27452,16892,18129,michael,go,1981-01-13,M2G01981,55624,miwza,g,1981-07-16,M2G01981,0.6761904761904761,0.8500000000000001,0,0,0
27452,27451,18129,michael,go,1981-01-13,M2G01981,18129,michael,go,1981-09-13,M2G01981,1.0,1.0,0,1,1
27478,15016,58797,ann,svra,1978-03-16,A5S11978,55083,angel,sf,1978-04-27,A5S11978,0.6888888888888888,0.5833333333333334,0,0,0
27487,27486,58805,mansoor,hussain,1977-06-10,M5H21977,58805,mansoor,hussain,1977-06-10,M5H21977,1.0,1.0,1,1,1
27490,27489,58817,ebony,mcphee,1987-10-04,E1M21987,58817,ebony,mcphee,1987-10-01,E1M21987,1.0,1.0,0,1,1
27491,27489,58817,ebony,mcphee,1987-10-04,E1M21987,58817,ebony,mcphee,1987-10-01,E1M21987,1.0,1.0,0,1,1
27491,27490,58817,ebony,mcphee,1987-10-04,E1M21987,58817,ebony,mcphee,1987-10-04,E1M21987,1.0,1.0,1,1,1
27497,27496,58799,japhus,jackson,1980-01-01,J1J21980,58799,japhus,jackson,1980-01-11,J1J21980,1.0,1.0,0,1,1
27505,13460,57921,c,ogkp,1988-11-08,C0O21988,32963,c,ozual,1988-07-12,C0O21988,1.0,0.4833333333333333,0,0,0
27537,7893,58820,a,kqrri,1986-05-07,A0K61986,53126,ah,krimmel,1986-02-26,A0K61986,0.8500000000000001,0.6761904761904761,0,0,0
27540,23931,58807,ami,santos,1994-12-03,A5S51994,57688,anpherny,simpson,1994-10-15,A5S51994,0.4861111111111111,0.5317460317460317,0,0,0
27540,23932,58807,ami,santos,1994-12-03,A5S51994,57688,anpherny,simpson,1994-10-15,A5S51994,0.4861111111111111,0.5317460317460317,0,0,0
27544,27543,46473,rashaad,wilson,1985-03-22,R2W41985,46473,rashaad,wilson,1985-03-22,R2W41985,1.0,1.0,1,1,1
27548,26087,58803,cajp,ramautar,1985-02-06,C2R51985,58329,cesar,romero,1985-08-14,C2R51985,0.4833333333333333,0.625,0,0,0
27551,27550,58814,jorge santos,olmedo,1975-07-29,J6O41975,58814,jergeuj,olmedo,1975-07-29,J6O41975,0.5515873015873015,1.0,1,1,1
27555,12450,58800,jdrh,bor,1993-06-27,J3B61993,54373,judpjpn,barthelmy,1993-10-24,J3B61993,0.5952380952380952,0.6296296296296297,0,0,0
27560,27559,58806,kevin,darby,1966-06-07,K1D61966,58806,kevin,darby,1966-09-07,K1D61966,1.0,1.0,0,1,1
27572,27570,58810,onah,allen,1993-08-07,O5A41993,58810,onarjai,allen,1993-08-07,O5A41993,0.8083333333333333,1.0,1,1,1
27574,1072,50027,diana,munoz,1983-08-25,D5M51983,51125,dayna,minder,1983-06-25,D5M51983,0.88,0.5777777777777778,0,0,0
27580,27579,58834,shakay,rivers,1984-01-10,S2R11984,58834,shakay,rivers,1984-01-16,S2R11984,1.0,1.0,0,1,1
27581,27579,58834,shakay,rivers,1984-01-16,S2R11984,58834,shakay,rivers,1984-01-16,S2R11984,1.0,1.0,1,1,1
27581,27580,58834,shakay,rivers,1984-01-16,S2R11984,58834,shakay,rivers,1984-01-10,S2R11984,1.0,1.0,0,1,1
27590,27588,58828,pentara,casaberry,1989-09-01,P5C21989,58828,pentara,cac,1989-09-01,P5C21989,1.0,0.6296296296296297,1,1,1
27610,10459,58827,janet,mccarthy,1960-08-14,J5M21960,53881,jm,mccarthy,1960-01-25,J5M21960,0.5666666666666667,1.0,0,0,0
27610,14512,58827,janet,mccarthy,1960-08-14,J5M21960,54940,jean,michel,1960-02-15,J5M21960,0.8049999999999999,0.625,0,0,0
27616,25012,58020,kiandra,c,1993-10-15,K5C01993,58020,kiandra,c,1993-10-18,K5C01993,1.0,1.0,0,1,1
27617,2505,58020,kiwrqq,cvll,1993-10-18,K6C11993,51550,karl,coferrivera,1993-03-20,K6C11993,0.611111111111111,0.4469696969696969,0,0,0
27617,2506,58020,kiwrqq,cvll,1993-10-18,K6C11993,51550,karl,cbkerriv,1993-01-20,K6C11993,0.611111111111111,0.4583333333333333,0,0,0
27617,2507,58020,kiwrqq,cvll,1993-10-18,K6C11993,51550,karl,coferrivera,1993-03-25,K6C11993,0.611111111111111,0.4469696969696969,0,0,0
27664,17646,58842,f,leon,1965-09-22,F0L51965,55886,fah,lamie,1965-11-24,F0L51965,0.7999999999999999,0.4833333333333333,0,0,0
27689,20715,58854,anthony,myers,1988-07-19,A5M61988,49427,antoine,morris,1988-11-29,A5M61988,0.8666666666666668,0.7300000000000001,0,0,0
27689,20716,58854,anthony,myers,1988-07-19,A5M61988,49427,antoine,morris,1988-11-24,A5M61988,0.8666666666666668,0.7300000000000001,0,0,0
27704,24613,58857,david,moise,1993-06-06,D1M21993,57932,davel,mqbgnpl,1993-05-19,D1M21993,0.8133333333333334,0.4476190476190476,0,0,0
27707,3259,18071,sx,sweet,1990-07-27,S0S31990,51773,s,stnez,1990-04-22,S0S31990,0.8500000000000001,0.6,0,0,0
27707,14714,18071,sx,sweet,1990-07-27,S0S31990,1225,s,sthilaire,1990-03-23,S0S31990,0.8500000000000001,0.5407407407407407,0,0,0
27761,27759,58869,jason,surace,1990-07-24,J2S61990,58869,jason,surace,1990-07-24,J2S61990,1.0,1.0,1,1,1
27785,27783,58879,jennifer,vitulano,1984-10-23,J5V31984,58879,jennifer,vitulano,1984-10-23,J5V31984,1.0,1.0,1,1,1
27806,15307,39707,ma,corbin,1993-02-18,M0C61993,55152,m,corser,1993-05-28,M0C61993,0.8500000000000001,0.6666666666666666,0,0,0
27836,27834,52226,pamela,maclaughlin,1964-09-18,P5M21964,52226,panux,maclaughlin,1964-09-18,P5M21964,0.5777777777777778,1.0,1,1,1
27850,27849,58891,carlos,ramos,1989-02-13,C6R51989,58891,carlos,ramos,1989-02-18,C6R51989,1.0,1.0,0,1,1
27862,27861,58903,ronneshia,robinson,1994-04-12,R5R11994,58903,ronneshia,robinson,1994-02-12,R5R11994,1.0,1.0,0,1,1
27863,27861,58903,ronneshia,robinson,1994-04-12,R5R11994,58903,ronneshia,robinson,1994-02-12,R5R11994,1.0,1.0,0,1,1
27863,27862,58903,ronneshia,robinson,1994-04-12,R5R11994,58903,ronneshia,robinson,1994-04-12,R5R11994,1.0,1.0,1,1,1
27869,27868,58889,gispert,rq,1994-08-20,G2R21994,58889,gispert,reyes,1994-08-20,G2R21994,1.0,0.5666666666666667,1,1,1
27880,12234,58883,michael,s,1995-10-20,M2S01995,54344,michael,s,1995-06-03,M2S01995,1.0,1.0,0,1,0
27883,27882,58888,boston,johnson,1972-07-01,B2J51972,58888,boston,johnson,1972-07-01,B2J51972,1.0,1.0,1,1,1
27889,17716,3832,joe,wallace,1961-05-05,J0W41961,55901,j,whelpley,1961-07-09,J0W41961,0.7999999999999999,0.6904761904761904,0,0,0
27918,20678,58948,andre,pitts,1986-08-30,A5P31986,26082,anthony,peat,1986-03-29,A5P31986,0.5619047619047619,0.6333333333333333,0,0,0
27920,20678,58948,andre,pitts,1986-08-30,A5P31986,26082,anthony,peat,1986-03-29,A5P31986,0.5619047619047619,0.6333333333333333,0,0,0
27920,27918,58948,andre,pitts,1986-08-30,A5P31986,58948,andre,pitts,1986-08-30,A5P31986,1.0,1.0,1,1,1
27942,2897,58956,christian,dume,1982-02-28,C6D51982,51649,crxf,denby,1982-02-23,C6D51982,0.5740740740740741,0.4833333333333333,0,0,0
27944,2897,58956,christian,dume,1982-02-23,C6D51982,51649,crxf,denby,1982-02-23,C6D51982,0.5740740740740741,0.4833333333333333,1,0,0
27944,27942,58956,christian,dume,1982-02-23,C6D51982,58956,christian,dume,1982-02-28,C6D51982,1.0,1.0,0,1,1
27958,16070,58939,e,i,1983-07-10,E0I01983,55374,e,i,1983-11-02,E0I01983,1.0,1.0,0,1,0
27968,27967,21743,marlon,dossantos,1982-12-01,M6D21982,21743,marlon,dossantos,1982-02-01,M6D21982,1.0,1.0,0,1,1
27969,11683,30818,jonathan,mcreed,1992-05-16,J5M21992,30818,jonathan,mcreed,1992-05-16,J5M21992,1.0,1.0,1,1,1
27982,27981,58940,william,brown,1989-05-27,W4B61989,58940,william,brown,1989-05-26,W4B61989,1.0,1.0,0,1,1
27984,11535,58926,summer,sands,1980-03-07,S5S51980,1561,samuels,semper,1980-11-08,S5S51980,0.6626984126984127,0.4555555555555555,0,0,0
27984,15845,58926,summer,sands,1980-03-07,S5S51980,34446,synteria,smith,1980-12-03,S5S51980,0.625,0.4666666666666666,0,0,0
27985,11535,58926,summer,sands,1980-02-07,S5S51980,1561,samuels,semper,1980-11-08,S5S51980,0.6626984126984127,0.4555555555555555,0,0,0
27985,15845,58926,summer,sands,1980-02-07,S5S51980,34446,synteria,smith,1980-12-03,S5S51980,0.625,0.4666666666666666,0,0,0
27985,27984,58926,summer,sands,1980-02-07,S5S51980,58926,summer,sands,1980-03-07,S5S51980,1.0,1.0,0,1,1
28004,28002,58953,tonquese,duncan,1993-09-29,T5D51993,58953,tonquese,duncan,1993-01-21,T5D51993,1.0,1.0,0,1,1
28021,28020,58944,john,sindone,1962-02-02,J5S51962,58944,john,sindone,1962-02-06,J5S51962,1.0,1.0,0,1,1
28022,13321,58944,sz,sjj,1962-02-06,S0S01962,54654,s,s,1962-10-27,S0S01962,0.8500000000000001,0.7999999999999999,0,0,0
28030,15563,46043,candy,c,1969-02-02,C5C01969,55237,chenet,ca,1969-08-27,C5C01969,0.5777777777777778,0.8500000000000001,0,0,0
28043,28042,58938,irving,tepper,1968-07-10,I6T11968,58938,irving,tepper,1968-07-10,I6T11968,1.0,1.0,1,1,1
28055,28054,45960,raymond,rodriguez,1991-12-18,R5R31991,45960,raymond,rodriguez,1991-12-18,R5R31991,1.0,1.0,1,1,1
28066,5472,17106,steven,shalley,1989-12-30,S3S41989,52431,scott,sylvain,1989-03-06,S3S41989,0.5777777777777778,0.5079365079365079,0,0,0
28068,6407,58968,andre,johnson,1975-11-13,A5J51975,52696,andrew,jones,1975-10-04,A5J51975,0.9666666666666668,0.8323809523809523,0,1,0
28070,6407,58968,andre,johnson,1975-01-13,A5J51975,52696,andrew,jones,1975-10-04,A5J51975,0.9666666666666668,0.8323809523809523,0,1,0
28070,28068,58968,andre,johnson,1975-01-13,A5J51975,58968,andre,johnson,1975-11-13,A5J51975,1.0,1.0,0,1,1
28073,28072,58974,patricia,colditz,1970-07-13,P3C41970,58974,patricia,colditz,1970-07-14,P3C41970,1.0,1.0,0,1,1
28076,24290,58978,carlos,perez-zambrano,1973-10-30,C6P61973,57825,cr,perry,1973-12-03,C6P61973,0.7999999999999999,0.6047619047619047,0,0,0
28102,28101,58962,cheriz,bradley,1981-07-17,C6B61981,58962,cheriz,bradley,1981-07-17,C6B61981,1.0,1.0,1,1,1
28116,11590,58964,cx,major,1986-09-08,C0M21986,54184,cs,mgyvrqei,1986-10-17,C0M21986,0.6666666666666666,0.5499999999999999,0,0,0
28118,16677,58964,charles,major,1986-09-08,C6M21986,55584,carlos,mz,1986-05-31,C6M21986,0.8642857142857143,0.5666666666666667,0,0,0
28130,28082,58989,feh,sowtko,1984-12-23,F0S31984,58987,f,sutton,1984-10-18,F0S31984,0.7999999999999999,0.6666666666666666,0,0,0
28157,28156,58960,jasvi,negron,1995-06-19,J2N21995,58960,jasmin,negron,1995-09-19,J2N21995,0.8755555555555556,1.0,0,1,1
28172,28171,58998,dyneisha,smith,1992-01-18,D5S51992,58998,dyneisha,smith,1992-01-18,D5S51992,1.0,1.0,1,1,1
28187,28186,59011,veronica,mahones,1981-01-27,V6M51981,59011,veronica,mahones,1981-01-27,V6M51981,1.0,1.0,1,1,1
28190,28189,59017,charley,cypress,1984-02-23,C6C11984,59017,charley,cypress,1984-02-23,C6C11984,1.0,1.0,1,1,1
28204,28203,59015,charles,smith,1962-08-25,C6S51962,59015,charles,smith,1962-08-25,C6S51962,1.0,1.0,1,1,1
28227,10248,53802,linette,alonso,1986-08-21,L5A41986,53802,linette,alonso,1986-08-21,L5A41986,1.0,1.0,1,1,1
28227,10250,53802,linette,alonso,1986-08-21,L5A41986,53802,linette,alonso,1986-08-21,L5A41986,1.0,1.0,1,1,1
28240,23998,57719,glen,diefh,1969-04-08,G4D11969,57719,glen,diefenderfer,1969-04-28,G4D11969,1.0,0.8266666666666667,0,1,1
28240,23999,57719,glen,diefh,1969-04-08,G4D11969,57719,glen,diefenderfer,1969-04-08,G4D11969,1.0,0.8266666666666667,1,1,1
28247,28245,59012,carlos,garcia,1957-04-14,C6G61957,59012,carlos,garcia,1957-05-14,C6G61957,1.0,1.0,0,1,1
28253,15242,59019,reginald,d,1972-08-16,R2D01972,55139,richard,die,1972-06-16,R2D01972,0.6904761904761904,0.7999999999999999,0,0,0
28259,28257,58994,geranie,barthelemy,1988-12-16,G6B61988,58994,geranie,barthelemy,1988-12-12,G6B61988,1.0,1.0,0,1,1
28261,6762,59001,s,dunn,1982-02-21,S0D51982,7491,swa,domville,1982-12-22,S0D51982,0.7999999999999999,0.4583333333333333,0,0,0
28266,28201,59008,houston,darren,1997-04-13,H2D61997,59008,houston,darren,1997-04-13,H2D61997,1.0,1.0,1,1,1
28284,9369,59025,mjl,mcdougle,1984-01-20,M2M21984,53545,mgh,mikolashek,1984-10-31,M2M21984,0.5555555555555555,0.6333333333333333,0,0,0
28289,28287,38194,omar,wilson,1993-06-23,O5W41993,38194,omar,wlwif,1993-06-23,O5W41993,1.0,0.5888888888888889,1,1,1
28292,28290,34921,jamil,jasmin,1992-10-12,J5J21992,34921,jamil,jasmin,1992-10-12,J5J21992,1.0,1.0,1,1,1
28310,28309,59029,paul,degiovanni,1963-08-23,P4D21963,59029,paul,degiovanni,1963-08-23,P4D21963,1.0,1.0,1,1,1
28313,28312,59026,anthony,santiago,1985-06-28,A5S51985,59026,anthony,santiago,1985-02-28,A5S51985,1.0,1.0,0,1,1
28323,10389,36613,charles,gibson,1983-02-17,C6G11983,53832,chr,gcv,1983-07-06,C6G11983,0.8476190476190477,0.5,0,0,0
28333,28332,59034,sheron,wiwlma,1959-08-15,S6W41959,59034,sheron,williams,1959-08-15,S6W41959,1.0,0.8022222222222223,1,1,1
28334,28332,59034,sheron,wiljz,1959-08-15,S6W41959,59034,sheron,williams,1959-08-15,S6W41959,1.0,0.6583333333333333,1,1,1
28334,28333,59034,sheron,wiljz,1959-08-15,S6W41959,59034,sheron,wiwlma,1959-08-15,S6W41959,1.0,0.76,1,1,1
28338,16989,59036,dmfi,solf,1993-08-07,D5S41993,55652,danielle,slocum,1993-08-27,D5S41993,0.5833333333333334,0.6388888888888888,0,0,0
28338,16990,59036,dmfi,solf,1993-08-07,D5S41993,55652,danielle,slocum,1993-08-27,D5S41993,0.5833333333333334,0.6388888888888888,0,0,0
28343,28342,59042,adriano,suarez,1970-01-02,A3S61970,59042,adriano,suarez,1970-01-02,A3S61970,1.0,1.0,1,1,1
28349,5032,10497,brian,berman,1989-02-21,B6B61989,52305,brain,bruch,1989-05-04,B6B61989,0.9466666666666664,0.5777777777777778,0,0,0
28349,15379,10497,brian,berman,1989-02-21,B6B61989,55175,brantil,brvlimm,1989-07-21,B6B61989,0.8323809523809523,0.6428571428571429,0,0,0
28385,28383,59070,tyrone,palacios,1963-04-07,T6P41963,59070,tyrone,palacios,1963-04-07,T6P41963,1.0,1.0,1,1,1
28386,11806,59054,cristina,weglarz,1972-10-05,C6W21972,54259,christopher,wkchbrds,1972-07-08,C6W21972,0.6931818181818182,0.5119047619047619,0,0,0
28439,28437,59067,jeremy,torres,1995-03-29,J6T61995,59067,jeremy,torres,1995-03-29,J6T61995,1.0,1.0,1,1,1
28454,28453,59059,m,megy,1974-11-23,M0M21974,59059,mi,ms,1974-11-23,M0M21974,0.8500000000000001,0.5833333333333334,1,1,1
28465,6162,59101,cs,cemelus,1994-01-31,C0C51994,52634,c,campodonico,1994-10-04,C0C51994,0.8500000000000001,0.4891774891774891,0,0,0
28469,28467,59086,gregory,calix,1995-10-09,G6C41995,59086,gregory,calix,1995-11-09,G6C41995,1.0,1.0,0,1,1
28487,28485,23292,adam,young,1992-04-24,A3Y51992,23292,adam,young,1992-04-04,A3Y51992,1.0,1.0,0,1,1
28489,28488,59093,jared,nisall,1980-12-25,J6N21980,59093,jared,nisall,1980-12-22,J6N21980,1.0,1.0,0,1,1
28490,28488,59093,jared,nisall,1980-12-22,J6N21980,59093,jared,nisall,1980-12-22,J6N21980,1.0,1.0,1,1,1
28490,28489,59093,jared,nisall,1980-12-22,J6N21980,59093,jared,nisall,1980-12-25,J6N21980,1.0,1.0,0,1,1
28502,28501,59098,ulysses,davis,1959-05-06,U4D11959,59098,ulysses,davis,1959-05-04,U4D11959,1.0,1.0,0,1,1
28515,22432,30929,rickie,williams,1968-06-08,R2W41968,30929,riyxf,williams,1968-03-08,R2W41968,0.5777777777777778,1.0,0,0,1
28547,6901,59090,jerome,smith,1986-12-25,J6S51986,52843,jermain,single,1986-06-03,J6S51986,0.8222222222222222,0.5777777777777778,0,0,0
28563,12107,51061,jryca,marold,1993-05-02,J6M61993,54303,jerry,morival,1993-02-08,J6M61993,0.6,0.6626984126984127,0,0,0
28565,300,51061,mrjh,marold,1990-05-02,M6M61990,50930,maria,moreno,1990-12-24,M6M61990,0.6333333333333333,0.5555555555555555,0,0,0
28573,19753,52635,daniel,brown,1981-12-19,D5B61981,56485,deon,burks,1981-12-29,D5B61981,0.611111111111111,0.6,0,0,0
28576,27074,17894,andre,farman,1972-07-28,A5F61972,17894,andre,farman,1972-06-28,A5F61972,1.0,1.0,0,1,1
28589,28587,59128,alexander,pizza,1967-05-24,A4P21967,59128,alexander,pizza,1967-06-24,A4P21967,1.0,1.0,0,1,1
28625,28623,59108,tiffaney,batson,1981-05-16,T1B31981,59108,tiffaney,batson,1981-05-16,T1B31981,1.0,1.0,1,1,1
28626,6385,45465,chrmetoo,augustinparks,1992-07-08,C6A21992,45465,christopher,auiustunp,1992-07-28,C6A21992,0.6931818181818182,0.8011396011396011,0,0,1
28650,2387,51521,david,burgos,1990-06-20,D1B61990,51521,david,burgos,1990-06-20,D1B61990,1.0,1.0,1,1,1
28711,28710,59139,jorge,vega,1960-07-27,J6V21960,59139,jorge,vega,1960-07-27,J6V21960,1.0,1.0,1,1,1
28718,28716,49194,pt,cacopedro,1952-09-20,P3C21952,49194,peter,cacopedro,1952-09-20,P3C21952,0.82,1.0,1,1,1
28721,23777,59161,afl,granthon,1984-04-02,A1G61984,57631,aubray,gar,1984-08-22,A1G61984,0.5,0.6805555555555555,0,0,0
28730,28728,59154,roger,gr,1980-06-11,R2G61980,59154,roger,garcia,1980-03-11,R2G61980,1.0,0.7999999999999999,0,1,1
28733,28732,59140,nicole,shsap,1991-10-09,N2S11991,59140,nygj,shaver,1991-10-09,N2S11991,0.4722222222222221,0.76,1,0,1
28751,717,53792,courtney,harbison,1989-12-07,C6H61989,45938,curtis,hrxc,1989-11-28,C6H61989,0.75,0.5833333333333334,0,0,0
28751,9548,53792,courtney,harbison,1989-12-07,C6H61989,53643,christian,hernandez,1989-08-12,C6H61989,0.6481481481481481,0.5648148148148148,0,0,0
28751,10121,53792,courtney,harbison,1989-12-07,C6H61989,53792,courtney,harbison,1989-12-07,C6H61989,1.0,1.0,1,1,1
28756,28755,32776,luis,mercado,1982-06-28,L2M61982,32776,luis,mercado,1982-06-28,L2M61982,1.0,1.0,1,1,1
28761,9250,59181,krystal,pccmcch,1986-08-18,K6P21986,53475,krastopb,pcwdueb,1986-02-02,K6P21986,0.7704761904761905,0.5238095238095238,0,0,0
28763,16838,59181,krystal,mccutcheon,1986-08-11,K6M21986,55612,kari,msgenb,1986-10-23,K6M21986,0.5952380952380952,0.5111111111111111,0,0,0
28768,22928,59168,lyndsay,westcott,1980-09-26,L5W21980,57397,lam,wazk,1980-10-02,L5W21980,0.4920634920634921,0.4583333333333333,0,0,0
28771,28770,59172,yolanda,hoff,1974-10-01,Y4H11974,59172,yolanda,hoff,1974-10-01,Y4H11974,1.0,1.0,1,1,1
28772,28770,59172,yolanda,hoff,1974-10-01,Y4H11974,59172,yolanda,hoff,1974-10-01,Y4H11974,1.0,1.0,1,1,1
28772,28771,59172,yolanda,hoff,1974-10-01,Y4H11974,59172,yolanda,hoff,1974-10-01,Y4H11974,1.0,1.0,1,1,1
28774,28773,59176,christian,hgrwk,1983-12-30,C6H21983,59176,christian,hughes,1983-12-30,C6H21983,1.0,0.5777777777777778,1,1,1
28787,28786,56008,agde,persaud,1994-01-07,A2P61994,56008,aix,persaud,1994-09-07,A2P61994,0.5277777777777778,1.0,0,0,1
28846,28845,59188,sgu,bruns,1981-09-07,S0B61981,59188,s,bruns,1981-09-07,S0B61981,0.7999999999999999,1.0,1,1,1
28861,28860,30502,linda,jones,1962-05-03,L5J51962,30502,linda,jones,1962-05-03,L5J51962,1.0,1.0,1,1,1
28862,25002,30502,lylk,jones,1962-05-03,L4J51962,58015,llewellyn,jones,1962-11-23,L4J51962,0.5740740740740741,1.0,0,0,0
28889,28888,866,lashawn,boles,1980-01-05,L2B41980,866,lycc,boles,1980-01-05,L2B41980,0.4642857142857142,1.0,1,1,1
28933,28932,59241,lenna,lacey,1953-03-02,L5L21953,59241,lenna,lacey,1953-02-02,L5L21953,1.0,1.0,0,1,1
28956,5891,8687,marshall,higgs,1988-11-26,M6H21988,8687,marshall,higgs,1988-11-26,M6H21988,1.0,1.0,1,1,1
28964,28962,59221,victor,rqw,1985-03-03,V2R21985,59221,victor,rozier,1985-03-03,V2R21985,1.0,0.5,1,1,1
28972,28971,59224,charles,deas,1986-03-28,C6D21986,59224,charles,deas,1986-08-28,C6D21986,1.0,1.0,0,1,1
29012,17251,32180,luis,lantigua,1987-04-23,L2L51987,55757,lucien,lemelin,1987-09-10,L2L51987,0.8,0.5119047619047619,0,0,0
29012,17252,32180,luis,lantigua,1987-04-23,L2L51987,55757,lucien,lemelin,1987-09-10,L2L51987,0.8,0.5119047619047619,0,0,0
29017,28667,59248,nikeisha,porter,1974-01-16,N2P61974,59132,nicholas,persuad,1974-01-04,N2P61974,0.6833333333333332,0.5396825396825397,0,0,0
29033,29031,46729,tiffany,bymier,1986-12-03,T1B51986,46729,tiffany,bbmb,1986-12-04,T1B51986,1.0,0.611111111111111,0,0,1
29048,29046,59262,kenneth,jaha,1978-05-19,K5J01978,59262,kenneth,j,1978-05-19,K5J01978,1.0,0.775,1,1,1
29049,3329,59251,benjamin,franc,1988-06-01,B5F61988,51786,bmx,ford,1988-08-07,B5F61988,0.4861111111111111,0.6333333333333333,0,0,0
29051,3329,59251,benjamin,franc,1988-06-01,B5F61988,51786,bmx,ford,1988-08-07,B5F61988,0.4861111111111111,0.6333333333333333,0,0,0
29051,29049,59251,benjamin,franc,1988-06-01,B5F61988,59251,benjamin,franc,1988-06-01,B5F61988,1.0,1.0,1,1,1
29063,24452,57876,michael,blum,1970-01-02,M2B41970,57876,michael,blum,1970-01-02,M2B41970,1.0,1.0,1,1,1
29081,29080,59247,marvin,darlington,1980-03-25,M6D61980,59247,marvin,darlington,1980-09-25,M6D61980,1.0,1.0,0,1,1
29085,4716,50236,myrticea,t,1994-06-03,M6T01994,52214,merc,t,1994-05-02,M6T01994,0.7375,1.0,0,0,0
29105,1084,59250,m,davd,1975-03-29,M0D11975,51129,m,davila,1975-03-11,M0D11975,1.0,0.825,0,1,0
29125,29124,59266,keith,thorpe,1995-07-14,K3T61995,59266,keith,thorpe,1995-07-14,K3T61995,1.0,1.0,1,1,1
29136,26275,58393,ridge,kenrick,1988-09-04,R3K51988,58393,ridge,kenrick,1988-01-04,R3K51988,1.0,1.0,0,1,1
29137,26275,58393,ridge,kenrick,1988-01-04,R3K51988,58393,ridge,kenrick,1988-01-04,R3K51988,1.0,1.0,1,1,1
29137,29136,58393,ridge,kenrick,1988-01-04,R3K51988,58393,ridge,kenrick,1988-09-04,R3K51988,1.0,1.0,0,1,1
29141,29140,59274,damian,fletcher,1982-10-23,D5F41982,59274,damian,fleqcdy,1982-10-23,D5F41982,1.0,0.6904761904761904,1,1,1
29150,29149,30369,odrin,francois,1977-05-15,O3F61977,30369,odrin,francois,1977-09-15,O3F61977,1.0,1.0,0,1,1
29166,6352,47251,chris,gm,1989-08-29,C6G51989,52685,christopher,giymo,1989-09-26,C6G51989,0.890909090909091,0.5666666666666667,0,0,0
29170,20701,59273,vk,watts,1986-09-09,V2W31986,56770,vg,watson,1986-05-08,V2W31986,0.6666666666666666,0.8755555555555556,0,0,0
29178,4777,52231,cezzany,louis,1976-02-02,C2L21976,52231,cassandra,louis,1976-02-02,C2L21976,0.5873015873015873,1.0,1,1,1
29178,4778,52231,cezzany,louis,1976-02-02,C2L21976,52231,cassandra,louis,1976-02-02,C2L21976,0.5873015873015873,1.0,1,1,1
29180,4777,52231,cassandra,louis,1976-02-02,C2L21976,52231,cassandra,louis,1976-02-02,C2L21976,1.0,1.0,1,1,1
29180,4778,52231,cassandra,louis,1976-02-02,C2L21976,52231,cassandra,louis,1976-02-02,C2L21976,1.0,1.0,1,1,1
29180,29178,52231,cassandra,louis,1976-02-02,C2L21976,52231,cezzany,louis,1976-02-02,C2L21976,0.5873015873015873,1.0,1,1,1
29216,29214,59296,rabbir,hossain,1987-01-06,R1H21987,59296,rabbir,hossain,1987-01-06,R1H21987,1.0,1.0,1,1,1
29221,29220,59294,angel,dejesus,1983-04-06,A5D21983,59294,angel,daj,1983-04-06,A5D21983,1.0,0.6507936507936508,1,1,1
29256,27671,1013,rav,king,1980-05-04,R1K51980,58852,robert,kingery,1980-05-11,R1K51980,0.5,0.9142857142857144,0,0,0
29288,29286,59326,rdfu,mladjenovic,1961-03-16,R3M41961,59326,radovan,mladjenovic,1961-03-16,R3M41961,0.5952380952380952,1.0,1,1,1
29291,3966,59329,michael,septak,1979-12-15,M2S11979,51979,micqz,spetsieris,1979-12-07,M2S11979,0.6761904761904761,0.6055555555555555,0,0,0
29291,3967,59329,michael,septak,1979-12-15,M2S11979,51979,michael,spetsieris,1979-12-07,M2S11979,1.0,0.6055555555555555,0,0,0
29292,12962,51888,nlpe,garland,1982-01-03,N4G61982,54507,nelson,guerrero,1982-12-01,N4G61982,0.6388888888888888,0.5119047619047619,0,0,0
29299,29298,59338,michael,saunders,1956-05-06,M2S51956,59338,michael,saunders,1956-05-06,M2S51956,1.0,1.0,1,1,1
29305,20991,59324,roberto,teruggi,1990-07-13,R1T61990,56799,roep,teruggi,1990-07-13,R1T61990,0.7809523809523811,1.0,1,1,0
29305,20992,59324,roberto,teruggi,1990-07-13,R1T61990,56799,roberto,teruggi,1990-07-13,R1T61990,1.0,1.0,1,1,0
29306,20991,59324,rhbiyt,teruggi,1990-07-13,R1T61990,56799,roep,teruggi,1990-07-13,R1T61990,0.4722222222222221,1.0,1,1,0
29306,20992,59324,rhbiyt,teruggi,1990-07-13,R1T61990,56799,roberto,teruggi,1990-07-13,R1T61990,0.6428571428571429,1.0,1,1,0
29306,29305,59324,rhbiyt,teruggi,1990-07-13,R1T61990,59324,roberto,teruggi,1990-07-13,R1T61990,0.6428571428571429,1.0,1,1,1
29317,29316,35360,courtney,battle,1987-04-17,C6B31987,35360,courtney,battle,1987-04-16,C6B31987,1.0,1.0,0,1,1
29329,29328,59331,patrick,bulford,1953-05-04,P3B41953,59331,patrick,bulford,1953-07-04,P3B41953,1.0,1.0,0,1,1
29356,16476,59311,letes,brown,1974-10-29,L3B61974,55494,leyden,bartra,1974-03-02,L3B61974,0.76,0.5777777777777778,0,0,0
29357,29355,59311,leverron,brown,1974-10-29,L1B61974,59311,leverron,brown,1974-10-29,L1B61974,1.0,1.0,1,1,1
29363,29361,59342,antonio,fournier,1981-03-16,A5F61981,59342,antonio,fournier,1981-03-26,A5F61981,1.0,1.0,0,1,1
29372,2424,59323,jamie,ha,1987-09-28,J5H01987,51540,jonathan,huo,1987-08-28,J5H01987,0.5499999999999999,0.611111111111111,0,0,0
29386,29385,59321,kenneth,alvpu,1982-08-21,K5A41982,59321,kenneth,alvarez,1982-08-08,K5A41982,1.0,0.6761904761904761,0,0,1
29387,29385,59321,kenneth,alibp,1982-08-28,K5A41982,59321,kenneth,alvarez,1982-08-08,K5A41982,1.0,0.5619047619047619,0,0,1
29387,29386,59321,kenneth,alibp,1982-08-28,K5A41982,59321,kenneth,alvpu,1982-08-21,K5A41982,1.0,0.7866666666666667,0,1,1
29401,27214,20314,sfthpl,lpik,1984-01-03,S1L11984,58690,svxuqes,lvz,1984-02-27,S1L11984,0.4365079365079365,0.5277777777777778,0,0,0
29402,4205,20314,amlj,swint,1984-09-03,A5S51984,30485,antwain,smith,1984-03-17,A5S51984,0.4642857142857142,0.76,0,0,0
29423,3606,59352,gregg,diprima,1965-02-26,G6D11965,51849,gerard,dvx,1965-08-08,G6D11965,0.5888888888888889,0.4920634920634921,0,0,0
29425,29424,46373,levente,hyr,1968-08-13,L1H61968,46373,levente,horvath,1968-08-17,L1H61968,1.0,0.6507936507936508,0,0,1
29438,28329,59344,eric,dpjze,1992-03-10,E6D11992,59044,ernest,davis,1992-08-01,E6D11992,0.611111111111111,0.4666666666666666,0,0,0
29455,10362,54453,c,gxje,1972-09-13,C0G01972,53836,cq,gaw,1972-05-15,C0G01972,0.8500000000000001,0.5277777777777778,0,0,0
29456,12668,54453,angel,djbem,1972-09-12,A5D21972,54453,angel,dejesus,1972-09-13,A5D21972,1.0,0.565079365079365,0,0,1
29456,21764,54453,angel,djbem,1972-09-12,A5D21972,57025,angelita,diaz,1972-07-19,A5D21972,0.925,0.4833333333333333,0,0,0
29457,9995,59361,william,clniongc,1986-04-01,W4C41986,53732,william,calder,1986-08-02,W4C41986,1.0,0.5277777777777778,0,0,0
29482,29481,59348,mgch,tritsch,1983-02-02,M2T61983,59348,michael,tritsch,1983-02-05,M2T61983,0.7535714285714287,1.0,0,0,1
29484,9995,59361,william,cloninger,1986-08-01,W4C41986,53732,william,calder,1986-08-02,W4C41986,1.0,0.7333333333333334,0,0,0
29484,29457,59361,william,cloninger,1986-08-01,W4C41986,59361,william,clniongc,1986-04-01,W4C41986,1.0,0.8693121693121693,0,1,1
29490,11628,54876,raymond,hernandez,1993-06-24,R5H61993,54214,rionne,hrl,1993-01-28,R5H61993,0.6428571428571429,0.6296296296296297,0,0,0
29493,18697,59343,joseph,wwct,1982-01-05,J2W21982,56223,jason,weissbein,1982-05-25,J2W21982,0.5888888888888889,0.4537037037037037,0,0,0
29503,13406,23656,yst,peikes,1979-03-30,Y2P21979,46338,ysr,pesquera,1979-02-09,Y2P21979,0.8222222222222222,0.6388888888888888,0,0,0
29507,29505,59368,mywtde,langan,1969-11-11,M3L51969,59368,matthew,langan,1969-11-11,M3L51969,0.6428571428571429,1.0,1,1,1
29513,29512,59382,alfbqdv,johnson,1971-09-25,A4J51971,59382,alfreddie,johnson,1971-09-25,A4J51971,0.671957671957672,1.0,1,1,1
29519,395,59388,louis,r,1983-12-19,L2R01983,50948,lakemia,ro,1983-06-02,L2R01983,0.5619047619047619,0.8500000000000001,0,0,0
29522,18408,58864,s,sm,1990-09-12,S0S51990,47062,s,smith,1990-02-16,S0S51990,1.0,0.84,0,1,0
29528,23266,57479,irvans,brutus,1988-09-05,I6B61988,57479,irvans,brutus,1988-09-25,I6B61988,1.0,1.0,0,1,1
29545,29544,59399,odxjog,daniel,1979-03-03,O3D51979,59399,odonoghue,daniel,1979-08-03,O3D51979,0.762962962962963,1.0,0,1,1
29550,11051,22888,afred,glinton,1987-04-26,A1G41987,22888,afred,glinton,1987-05-26,A1G41987,1.0,1.0,0,1,1
29566,29565,56551,christopher,baptista,1980-09-20,C6B11980,56551,christopher,baptista,1980-09-27,C6B11980,1.0,1.0,0,1,1
29567,29565,56551,christopher,baptista,1980-09-20,C6B11980,56551,christopher,baptista,1980-09-27,C6B11980,1.0,1.0,0,1,1
29567,29566,56551,christopher,baptista,1980-09-20,C6B11980,56551,christopher,baptista,1980-09-20,C6B11980,1.0,1.0,1,1,1
29578,29577,59377,vladimir,ducard,1981-12-15,V4D21981,59377,vladimir,ducard,1981-12-15,V4D21981,1.0,1.0,1,1,1
29606,2718,59395,eojee,perri,1985-06-25,E2P61985,40315,esvlx,pirkle,1985-10-17,E2P61985,0.4666666666666666,0.5777777777777778,0,0,0
29615,17352,30731,i,george,1983-08-20,I0G61983,55782,i,grayharper,1983-04-25,I0G61983,1.0,0.6,0,0,0
29622,1231,42890,shaderson,joseph,1985-01-28,S3J21985,22566,stacey,jujb,1985-06-14,S3J21985,0.611111111111111,0.4722222222222221,0,0,0
29669,29667,59401,jean,jhamson,1981-10-15,J5J51981,59401,jean,jhamson,1981-10-11,J5J51981,1.0,1.0,0,1,1
29699,2067,51415,alfonso,hamilton,1989-09-20,A4H51989,51415,algubg,hamilton,1989-09-22,A4H51989,0.5396825396825397,1.0,0,0,1
29705,25908,59406,b,brown,1993-10-28,B0B61993,58268,ba,brown,1993-12-30,B0B61993,0.8500000000000001,1.0,0,1,0
29707,29706,59412,anthony,lupo,1964-07-03,A5L11964,59412,anthony,lupo,1964-07-04,A5L11964,1.0,1.0,0,1,1
29718,25356,59421,alvaro,bellidio-deluna,1988-05-03,A4B41988,58130,alvaro,bellidodeluna,1988-05-02,A4B41988,1.0,0.9733333333333334,0,1,0
29736,10283,20209,brandon,montgomery,1984-05-17,B6M51984,42409,bervj,minor,1984-06-29,B6M51984,0.5619047619047619,0.65,0,0,0
29738,10283,20209,brandon,montgomery,1984-05-12,B6M51984,42409,bervj,minor,1984-06-29,B6M51984,0.5619047619047619,0.65,0,0,0
29738,29736,20209,brandon,montgomery,1984-05-12,B6M51984,20209,brandon,montgomery,1984-05-17,B6M51984,1.0,1.0,0,1,1
29774,29772,28633,wiky,jean,1985-06-21,W2J51985,28633,wiky,jean,1985-06-29,W2J51985,1.0,1.0,0,1,1
29779,8335,51399,re,mcmanus,1962-08-03,R0M21962,53241,r,mwc,1962-07-26,R0M21962,0.8500000000000001,0.6507936507936508,0,0,0
29792,29791,59469,cu,baptiste-gilmore,1972-04-10,C0B11972,59469,ce,bapristelgiume,1972-04-10,C0B11972,0.6666666666666666,0.85,1,1,1
29809,25382,59445,stephanie,pg,1968-07-26,S3P21968,58148,stephen,pesss,1968-06-19,S3P21968,0.9269841269841268,0.5666666666666667,0,0,0
29847,19383,56406,christopher,bynes,1977-08-07,C6B51977,56406,chrtsj,bynes,1977-08-07,C6B51977,0.695959595959596,1.0,1,1,1
29857,14935,48433,christopher,stewart,1989-09-23,C6S31989,15347,carolyn,sydiso,1989-10-25,C6S31989,0.5670995670995671,0.4365079365079365,0,0,0
29857,25273,48433,christopher,stewart,1989-09-23,C6S31989,54379,cor,sohit,1989-08-12,C6S31989,0.6161616161616161,0.5619047619047619,0,0,0
29864,29863,52029,albert,baldocchi,1990-01-11,A4B41990,52029,albert,baldocchi,1990-01-11,A4B41990,1.0,1.0,1,1,1
29868,16689,59449,pxo,barnes,1969-08-19,P2B61969,55586,pq,berendowsky,1969-08-08,P2B61969,0.611111111111111,0.695959595959596,0,0,0
29920,29919,59477,ginge,brien,1960-06-05,G5B61960,59477,ginge,brien,1960-06-05,G5B61960,1.0,1.0,1,1,1
29926,18270,59473,dywanda,george,1972-11-25,D5G61972,56088,dn,girata,1972-12-23,D5G61972,0.5476190476190476,0.5555555555555555,0,0,0
29935,29934,7342,james,lapaix,1981-10-09,J5L11981,7342,james,lapaix,1981-10-03,J5L11981,1.0,1.0,0,1,1
29936,29934,7342,james,lapaix,1981-10-03,J5L11981,7342,james,lapaix,1981-10-03,J5L11981,1.0,1.0,1,1,1
29936,29935,7342,james,lapaix,1981-10-03,J5L11981,7342,james,lapaix,1981-10-09,J5L11981,1.0,1.0,0,1,1
29948,29095,59491,frantz,mersier,1992-06-01,F6M61992,59245,fredderick,martin,1992-05-06,F6M61992,0.5111111111111111,0.6428571428571429,0,0,0
29953,19996,59514,jvi,jensen,1985-07-06,J1J51985,56537,jepisma,jenuiot,1985-09-11,J1J51985,0.6507936507936508,0.6428571428571429,0,0,0
29969,11385,59517,cory,dv,1989-12-19,C6D11989,48248,crystal,davis,1989-12-10,C6D11989,0.7535714285714287,0.82,0,0,0
29974,29973,59507,ryan,carr,1994-01-24,R5C61994,59507,ryan,carr,1994-01-24,R5C61994,1.0,1.0,1,1,1
29983,29982,59524,rachel,sajdak,1985-12-18,R2S21985,59524,rachel,sajdak,1985-12-18,R2S21985,1.0,1.0,1,1,1
30000,5268,59525,plp,ef,1967-09-30,P4E11967,52404,paulo,eaypye,1967-09-18,P4E11967,0.5111111111111111,0.5555555555555555,0,0,0
30036,11419,59501,al,brown,1982-10-04,A4B61982,54151,alex,brown,1982-12-01,A4B61982,0.8666666666666667,1.0,0,1,0
30041,30039,59512,kaeron,holness,1983-10-11,K6H41983,59512,kaeron,holness,1983-10-11,K6H41983,1.0,1.0,1,1,1
30052,30051,59523,shellrick,demps,1985-11-06,S4D51985,59523,shellrick,demps,1985-11-06,S4D51985,1.0,1.0,1,1,1
30056,30055,59508,james,brown,1970-03-03,J5B61970,59508,james,brown,1970-01-03,J5B61970,1.0,1.0,0,1,1
30074,18622,29302,joseph,g,1970-07-14,J2G01970,56147,jesus,gqs,1970-07-18,J2G01970,0.5888888888888889,0.7999999999999999,0,0,0
30077,30076,59537,jaime,londono,1957-08-18,J5L51957,59537,jaime,londono,1957-08-18,J5L51957,1.0,1.0,1,1,1
30080,30078,59554,melissa,beckwer,1980-04-23,M4B21980,59554,melissa,bec,1980-04-27,M4B21980,1.0,0.8666666666666668,0,1,1
30095,5891,8687,mar,higgs,1988-11-26,M6H21988,8687,marshall,higgs,1988-11-26,M6H21988,0.8541666666666666,1.0,1,1,1
30095,28956,8687,mar,higgs,1988-11-26,M6H21988,8687,marshall,higgs,1988-11-26,M6H21988,0.8541666666666666,1.0,1,1,1
30098,30096,56195,nikenson,nkccwa,1985-05-06,N2N21985,56195,nikenson,nku,1985-05-06,N2N21985,1.0,0.6666666666666666,1,1,1
30101,29639,59547,kzta,litc,1994-04-18,K3L31994,59407,katavia,latson,1994-03-03,K3L31994,0.6150793650793651,0.611111111111111,0,0,0
30105,2234,59542,jczf,smaglik,1969-08-19,J1S51969,51469,jeffrey,simmons,1969-01-13,J1S51969,0.5952380952380952,0.5238095238095238,0,0,0
30105,23371,59542,jczf,smaglik,1969-08-19,J1S51969,57530,javier,sanchez,1969-05-21,J1S51969,0.4722222222222221,0.5238095238095238,0,0,0
30112,30111,59567,jerald,perry,1989-06-22,J6P61989,59567,jerald,perry,1989-06-22,J6P61989,1.0,1.0,1,1,1
30113,6933,59567,der,perry,1989-06-22,D6P61989,52850,derrick,pierre,1989-02-16,D6P61989,0.8666666666666668,0.8400000000000001,0,0,0
30127,13058,58976,danielle,camargo,1989-03-23,D5C51989,54530,deandrae,czuim,1989-12-08,D5C51989,0.6833333333333332,0.5619047619047619,0,0,0
30139,30138,59563,kenneth,miller,1986-02-06,K5M41986,59563,kenneth,miller,1986-02-06,K5M41986,1.0,1.0,1,1,1
30156,12775,59538,jasmine,st,1987-11-08,J2S31987,52713,joshua,soden,1987-10-01,J2S31987,0.5396825396825397,0.5666666666666667,0,0,0
30156,12776,59538,jasmine,st,1987-11-08,J2S31987,52713,joshua,soden,1987-10-01,J2S31987,0.5396825396825397,0.5666666666666667,0,0,0
30157,4208,59538,jasmine,jones,1987-11-08,J2J51987,7560,joshua,jones,1987-04-17,J2J51987,0.5396825396825397,1.0,0,0,0
30157,14644,59538,jasmine,jones,1987-11-08,J2J51987,7329,jaqueline,jcn,1987-05-30,J2J51987,0.6899470899470899,0.6888888888888888,0,0,0
30170,26030,59530,rstmy,mosiman,1973-07-08,R2M21973,34174,russell,massingill,1973-05-12,R2M21973,0.5619047619047619,0.6714285714285714,0,0,0
30179,30177,52701,rztw,baquedano-rivera,1989-12-09,R2B21989,52701,rj,baquedano-rivera,1989-12-06,R2B21989,0.5833333333333334,1.0,0,0,1
30186,6345,59540,errol,cayrf,1978-01-10,E6C61978,52688,erin,crlj,1978-02-15,E6C61978,0.6333333333333333,0.4833333333333333,0,0,0
30212,29605,59561,juan,perez,1985-10-22,J5P61985,59395,jmskq,perri,1985-01-25,J5P61985,0.4833333333333333,0.8133333333333334,0,0,0
30258,22320,59579,demetris,lewis,1991-10-06,D5L21991,13268,dennis,lsrjv,1991-05-19,D5L21991,0.7777777777777778,0.4666666666666666,0,0,0
30268,5720,59597,anthony,bersk,1983-02-14,A5B61983,40286,anton,bryant,1983-06-10,A5B61983,0.9333333333333332,0.5777777777777778,0,0,0
30289,26368,59586,ys,bfxa,1990-07-15,Y2B21990,58385,yxs,buyjv,1990-09-14,Y2B21990,0.611111111111111,0.4833333333333333,0,0,0
30297,19017,54490,mcgex,bslha,1982-05-08,M2B21982,37741,mnuhze,basile,1982-11-10,M2B21982,0.5777777777777778,0.7300000000000001,0,0,0
30297,19018,54490,mcgex,bslha,1982-05-08,M2B21982,37741,michael,basile,1982-11-17,M2B21982,0.6761904761904761,0.7300000000000001,0,0,0
30298,12876,54490,mcnujz,bienaime,1984-05-08,M2B51984,54490,mckenzy,bienaime,1984-05-08,M2B51984,0.7968253968253969,1.0,1,1,1
30298,12878,54490,mcnujz,bienaime,1984-05-08,M2B51984,54490,mckenzy,bienaime,1984-02-08,M2B51984,0.7968253968253969,1.0,0,1,1
30304,24999,59573,nathan,mcmullen,1974-03-18,N3M21974,11577,nathanel,mogko,1974-05-31,N3M21974,0.95,0.4416666666666666,0,0,0
30307,14699,38601,cassandra,willuv,1970-12-03,C2W41970,38601,castandb,williams,1970-12-03,C2W41970,0.8638888888888888,0.8333333333333334,1,1,1
30311,8110,59575,mnxl,gardner,1970-03-29,M2G61970,53168,michael,grohs,1970-10-31,M2G61970,0.4642857142857142,0.5619047619047619,0,0,0
30338,24634,59630,cr,pwgx,1988-04-19,C6P21988,57904,cerise,pz,1988-01-08,C6P21988,0.7999999999999999,0.5833333333333334,0,0,0
30348,6020,37973,keyon,bolden,1992-04-21,K5B41992,17083,knyy,bile,1992-01-13,K5B41992,0.6333333333333333,0.775,0,0,0
30350,6020,37973,keyon,bolden,1992-04-21,K5B41992,17083,knyy,bile,1992-01-13,K5B41992,0.6333333333333333,0.775,0,0,0
30350,30348,37973,keyon,bolden,1992-04-21,K5B41992,37973,keyon,bolden,1992-04-21,K5B41992,1.0,1.0,1,1,1
30351,2895,8300,brandon,deanda,1982-04-28,B6D51982,51649,brian,denby,1982-02-23,B6D51982,0.8323809523809523,0.76,0,0,0
30366,14848,59604,amaes,raq,1989-11-29,A5R21989,55016,anthony,ressy,1989-06-24,A5R21989,0.4476190476190476,0.5111111111111111,0,0,0
30369,16271,59615,dynesha,mcknkla,1991-11-05,D5M21991,55433,donald,michelin,1991-09-19,D5M21991,0.5396825396825397,0.6011904761904762,0,0,0
30371,16271,59615,dynesha,msrii,1991-11-05,D5M21991,55433,donald,michelin,1991-09-19,D5M21991,0.5396825396825397,0.6583333333333333,0,0,0
30371,30369,59615,dynesha,msrii,1991-11-05,D5M21991,59615,dynesha,mcknkla,1991-11-05,D5M21991,1.0,0.4476190476190476,1,1,1
30383,30382,59613,randolph,soto,1996-04-04,R5S31996,59613,randolph,soto,1996-04-04,R5S31996,1.0,1.0,1,1,1
30384,8556,59626,cvhapt,archibald,1991-08-27,C1A61991,53316,czcbke,aragon,1991-04-05,C1A61991,0.4444444444444444,0.5185185185185185,0,0,0
30384,14471,59626,cvhapt,archibald,1991-08-27,C1A61991,54927,cyfb,arut,1991-07-30,C1A61991,0.4722222222222221,0.5740740740740741,0,0,0
30388,30387,59608,sergio,vasquez,1995-03-28,S6V21995,59608,sergio,vasquez,1995-03-28,S6V21995,1.0,1.0,1,1,1
30399,19809,36040,brittany,wokral,1983-03-23,B6W21983,56525,barry,wwjy,1983-01-10,B6W21983,0.6583333333333333,0.4722222222222221,0,0,0
30406,30405,59605,t,williams,1954-09-16,T0W41954,59605,te,williams,1954-09-13,T0W41954,0.8500000000000001,1.0,0,1,1
30415,1625,59612,eiz,bbntr,1987-11-09,E2B51987,33606,ek,boone,1987-07-26,E2B51987,0.611111111111111,0.6,0,0,0
30442,1087,59660,jimmy,garth,1991-02-10,J5G61991,51130,jonathan,garber,1991-06-03,J5G61991,0.4416666666666666,0.79,0,0,0
30442,1088,59660,jimmy,garth,1991-02-10,J5G61991,51130,jonathan,garber,1991-06-03,J5G61991,0.4416666666666666,0.79,0,0,0
30454,4782,59655,kwiw,sdwp,1986-01-09,K0S31986,52243,k,st,1986-09-27,K0S31986,0.775,0.5833333333333334,0,0,0
30467,1546,19617,tracy,delva,1992-07-16,T6D41992,19617,tracy,delva,1992-07-16,T6D41992,1.0,1.0,1,1,1
30467,5297,19617,tracy,delva,1992-07-16,T6D41992,51365,terrashika,dowling,1992-03-25,T6D41992,0.6333333333333333,0.5619047619047619,0,0,0
30472,20586,59662,louis,vyw,1952-05-06,L2V01952,56688,laque,voo,1952-02-09,L2V01952,0.6,0.5555555555555555,0,0,0
30485,30484,59661,diego,palacio,1987-07-05,D2P41987,59661,diego,palacio,1987-07-05,D2P41987,1.0,1.0,1,1,1
30491,30490,59633,elizabeth,velazquezlugo,1983-05-21,E4V41983,59633,elizabeth,veladqu,1983-05-28,E4V41983,1.0,0.8637362637362637,0,1,1
30492,8126,59636,dominick,jenkins,1993-10-10,D5J51993,36456,dnotvjs,jones,1993-01-07,D5J51993,0.4900793650793651,0.7364285714285714,0,0,0
30501,22325,53789,x,mione,1972-01-28,X0M51972,57226,xjs,montalvan,1972-06-29,X0M51972,0.7999999999999999,0.6444444444444445,0,0,0
30508,30507,31140,eugenio,peschard,1968-03-19,E2P21968,31140,eugenio,pqsc,1968-03-19,E2P21968,1.0,0.7375,1,1,1
30510,17330,59638,antonio,jarrett,1988-05-26,A5J61988,55786,andrea,jordan,1988-09-15,A5J61988,0.5396825396825397,0.5396825396825397,0,0,0
30549,24232,59671,stephanie,williams,1995-10-11,S3W41995,57769,stefan,walters,1995-07-04,S3W41995,0.8574074074074074,0.6011904761904762,0,0,0
30551,17445,59671,st,wilssim,1991-10-11,S3W41991,55811,stephanie,waldrop,1991-11-22,S3W41991,0.7925925925925926,0.5238095238095238,0,0,0
30572,22320,59677,danyelle,lgmxor,1991-08-12,D5L21991,13268,dennis,lsrjv,1991-05-19,D5L21991,0.5138888888888888,0.4555555555555555,0,0,0
30572,30258,59677,danyelle,lgmxor,1991-08-12,D5L21991,59579,demetris,lewis,1991-10-06,D5L21991,0.5,0.4555555555555555,0,0,0
30628,30627,59697,stephen,parsons,1968-01-21,S3P61968,59697,stephen,parsons,1968-01-21,S3P61968,1.0,1.0,1,1,1
30631,3152,59701,rxzun,y,1980-10-31,R2Y01980,38794,rz,y,1980-03-09,R2Y01980,0.82,1.0,0,1,0
30644,30643,45861,chad,laberge,1973-02-27,C3L11973,45861,chad,laberge,1973-02-27,C3L11973,1.0,1.0,1,1,1
30648,331,32788,kvwna,jones,1992-04-25,K1J51992,43496,kevin,jean,1992-11-11,K1J51992,0.76,0.6333333333333333,0,0,0
30648,332,32788,kvwna,jones,1992-04-25,K1J51992,43496,kevin,jean,1992-11-11,K1J51992,0.76,0.6333333333333333,0,0,0
30667,6623,59727,kmxalo,mathis,1991-11-22,K5M31991,52758,kimoy,mat,1991-09-29,K5M31991,0.7300000000000001,0.8833333333333334,0,0,0
30682,30109,19319,lazaro,perez,1985-12-10,L2P61985,59552,lzv,pereljcuju,1985-02-23,L2P61985,0.6666666666666666,0.8400000000000001,0,0,0
30689,30687,59700,victoria,phillips,1961-05-05,V2P41961,59700,victoria,phillips,1961-05-05,V2P41961,1.0,1.0,1,1,1
30693,23203,55439,jacques,planbt,1973-08-29,J2P41973,57526,joycee,plaza,1973-12-20,J2P41973,0.6428571428571429,0.79,0,0,0
30695,16298,55439,jacques,alinstant,1973-06-20,J2A41973,55439,jacques,alinstant,1973-08-20,J2A41973,1.0,1.0,0,1,1
30703,30702,36957,meshack,w,1993-09-01,M2W01993,36957,meshack,w,1993-09-01,M2W01993,1.0,1.0,1,1,1
30704,30702,36957,meshack,w,1993-07-01,M2W01993,36957,meshack,w,1993-09-01,M2W01993,1.0,1.0,0,1,1
30704,30703,36957,meshack,w,1993-07-01,M2W01993,36957,meshack,w,1993-09-01,M2W01993,1.0,1.0,0,1,1
30724,14139,54836,chasity,acevedo,1995-05-26,C2A21995,54836,chasity,ahxv,1995-02-26,C2A21995,1.0,0.5952380952380952,0,0,1
30724,14140,54836,chasity,acevedo,1995-05-26,C2A21995,54836,cecs,acevedo,1995-02-26,C2A21995,0.5952380952380952,1.0,0,0,1
30724,14141,54836,chasity,acevedo,1995-05-26,C2A21995,54836,chasity,acevedo,1995-09-26,C2A21995,1.0,1.0,0,1,1
30755,30753,59770,ronald,wright,1969-05-10,R5W61969,59770,ronald,wright,1969-05-10,R5W61969,1.0,1.0,1,1,1
30764,21423,59737,phillipe,suwt,1981-06-28,P4S31981,56943,philip,stach,1981-12-17,P4S31981,0.95,0.4833333333333333,0,0,0
30773,10439,59732,dominique,gilner,1986-11-29,D5G41986,53883,dennis,gelidon,1986-07-03,D5G41986,0.5,0.5317460317460317,0,0,0
30775,6334,59783,w,wise,1989-01-24,W0W21989,52672,wi,wx,1989-09-25,W0W21989,0.8500000000000001,0.5833333333333334,0,0,0
30787,6951,59786,brabara,magnum,1980-11-06,B6M21980,11169,brandon,meg,1980-07-29,B6M21980,0.6190476190476191,0.6666666666666666,0,0,0
30787,18331,59786,brabara,magnum,1980-11-06,B6M21980,56096,brian,mcclendon,1980-01-25,B6M21980,0.6761904761904761,0.5185185185185185,0,0,0
30787,18332,59786,brabara,magnum,1980-11-06,B6M21980,56096,brian,mcdyeneq,1980-01-25,B6M21980,0.6761904761904761,0.5277777777777778,0,0,0
30796,30795,59781,samantha,brown,1993-04-12,S5B61993,59781,samantha,brown,1993-04-12,S5B61993,1.0,1.0,1,1,1
30797,30795,59781,samantha,brown,1993-04-12,S5B61993,59781,samantha,brown,1993-04-12,S5B61993,1.0,1.0,1,1,1
30797,30796,59781,samantha,brown,1993-04-12,S5B61993,59781,samantha,brown,1993-04-12,S5B61993,1.0,1.0,1,1,1
30799,27488,59733,rns,hxna,1977-10-01,R5H21977,58805,rani,hussain,1977-06-10,R5H21977,0.75,0.5952380952380952,0,0,0
30849,10412,53880,tasheshia,sharpe,1979-07-19,T2S61979,53880,tasheshia,sharpe,1979-07-19,T2S61979,1.0,1.0,1,1,1
30851,10412,53880,tasheshia,sharpe,1979-07-19,T2S61979,53880,tasheshia,sharpe,1979-07-19,T2S61979,1.0,1.0,1,1,1
30851,30849,53880,tasheshia,sharpe,1979-07-19,T2S61979,53880,tasheshia,sharpe,1979-07-19,T2S61979,1.0,1.0,1,1,1
30852,17313,59731,c,sanders,1989-03-17,C0S51989,55774,coo,szntr,1989-09-22,C0S51989,0.7999999999999999,0.6761904761904761,0,0,0
30881,30880,51087,markendy,met,1993-12-31,M6M31993,51087,markendy,metayer,1993-12-31,M6M31993,1.0,0.8666666666666668,1,1,1
30883,30882,33232,sandy,francois,1983-09-18,S5F61983,33232,sandy,francois,1983-09-18,S5F61983,1.0,1.0,1,1,1
30884,30882,33232,sandy,frylmo,1983-09-18,S5F61983,33232,sandy,francois,1983-09-18,S5F61983,1.0,0.625,1,1,1
30884,30883,33232,sandy,frylmo,1983-09-18,S5F61983,33232,sandy,francois,1983-09-18,S5F61983,1.0,0.625,1,1,1
30888,3141,59791,jonathan,d,1992-08-14,J5D01992,51707,jhonatan,d,1992-05-29,J5D01992,0.925,1.0,0,1,0
30890,3127,59791,jonathan,stremy,1992-08-14,J5S31992,51735,james,scott,1992-04-17,J5S31992,0.5499999999999999,0.5777777777777778,0,0,0
30890,11547,59791,jonathan,stremy,1992-08-14,J5S31992,27494,jamal,sty,1992-02-13,J5S31992,0.6583333333333333,0.6666666666666666,0,0,0
30903,7728,53081,ruben,soto,1989-09-01,R1S31989,53081,ruben,soto,1989-09-01,R1S31989,1.0,1.0,1,1,1
30904,7728,53081,ruben,soto,1989-09-01,R1S31989,53081,ruben,soto,1989-09-01,R1S31989,1.0,1.0,1,1,1
30904,30903,53081,ruben,soto,1989-09-01,R1S31989,53081,ruben,soto,1989-09-01,R1S31989,1.0,1.0,1,1,1
30906,10509,59811,ricu,chamberlain,1987-05-31,R2C51987,53864,ricardo,cunt,1987-11-16,R2C51987,0.8083333333333333,0.4469696969696969,0,0,0
30907,10509,59811,rachel,chamberlain,1987-05-31,R2C51987,53864,ricardo,cunt,1987-11-16,R2C51987,0.5317460317460317,0.4469696969696969,0,0,0
30907,30906,59811,rachel,chamberlain,1987-05-31,R2C51987,59811,ricu,chamberlain,1987-05-31,R2C51987,0.611111111111111,1.0,1,1,1
30932,30931,59801,devuan,lee,1981-08-18,D1L01981,59801,devuan,lee,1981-08-18,D1L01981,1.0,1.0,1,1,1
30933,1676,32702,dekorian,dv,1993-03-29,D2D11993,32702,dekorian,dyuhvm,1993-03-29,D2D11993,1.0,0.5555555555555555,1,1,1
30933,9409,32702,dekorian,dv,1993-03-29,D2D11993,12542,dujvq,davey,1993-08-22,D2D11993,0.4416666666666666,0.82,0,0,0
30952,11134,54022,danny,rowe,1993-09-21,D5R01993,54022,danny,rowe,1993-02-21,D5R01993,1.0,1.0,0,1,1
30964,2841,51650,angela,gispert,1978-03-26,A5G21978,51650,angela,gispert,1978-03-26,A5G21978,1.0,1.0,1,1,1
30968,30966,59817,charles,laurie,1957-09-11,C6L61957,59817,charles,laurie,1957-09-11,C6L61957,1.0,1.0,1,1,1
30976,30975,59832,ashlyn,fisher,1985-12-13,A2F21985,59832,as,fisher,1985-12-13,A2F21985,0.8222222222222222,1.0,1,1,1
30986,30984,59857,jessica,knowles,1974-03-24,J2K51974,59857,jessica,km,1974-03-24,J2K51974,1.0,0.5476190476190476,1,1,1
30992,8245,6954,ann,thorpe,1971-10-16,A5T61971,6954,ann,thorpe,1971-10-13,A5T61971,1.0,1.0,0,1,1
30994,30993,59855,ivan,peev,1985-08-23,I1P11985,59855,ivan,peev,1985-01-23,I1P11985,1.0,1.0,0,1,1
30995,30993,59855,ivan,peev,1985-08-13,I1P11985,59855,ivan,peev,1985-01-23,I1P11985,1.0,1.0,0,1,1
30995,30994,59855,ivan,peev,1985-08-13,I1P11985,59855,ivan,peev,1985-08-23,I1P11985,1.0,1.0,0,1,1
31009,31008,59849,elisabel,carnet,1973-07-25,E4C61973,59849,elisabel,carnet,1973-07-25,E4C61973,1.0,1.0,1,1,1
31011,5293,59842,jnslo,hc,1992-01-30,J5H21992,44182,jamel,hughes,1992-05-21,J5H21992,0.6,0.5555555555555555,0,0,0
31031,31029,59831,michael,emanual,1978-01-30,M2E51978,59831,michael,emanual,1978-01-30,M2E51978,1.0,1.0,1,1,1
31033,3308,59861,brian,wx,1978-05-27,B6W21978,51784,brian,wezli,1978-04-21,B6W21978,1.0,0.5666666666666667,0,0,0
31037,5417,59816,jew,glrr,1994-06-29,J0G41994,52453,j,gallo,1994-05-03,J0G41994,0.7999999999999999,0.6333333333333333,0,0,0
31044,2157,59834,hfegh,ogceu,1984-02-15,H1O21984,51457,hvthni,ohka,1984-07-16,H1O21984,0.5777777777777778,0.4833333333333333,0,0,0
31046,21018,59834,gregory,hscycl,1987-02-15,G6H21987,47172,gregory,hassan,1987-04-19,G6H21987,1.0,0.5555555555555555,0,0,0
31070,31069,59848,travis,brown,1991-05-10,T6B61991,59848,travis,brown,1991-05-30,T6B61991,1.0,1.0,0,1,1
31072,31071,59821,michelle,kastner,1975-05-22,M2K21975,59821,michelle,kastner,1975-05-22,M2K21975,1.0,1.0,1,1,1
31111,31110,9358,romoy,ramdeen,1986-02-27,R5R51986,9358,romoy,rwmdn,1986-07-25,R5R51986,1.0,0.8114285714285714,0,1,1
31116,576,51927,jnchrk,mjr,1985-10-09,J5M21985,50983,johnny,masses,1985-03-20,J5M21985,0.5555555555555555,0.5,0,0,0
31116,13997,51927,jnchrk,mjr,1985-10-09,J5M21985,54802,jennifer,mclaughlin,1985-07-11,J5M21985,0.625,0.4777777777777778,0,0,0
31116,16493,51927,jnchrk,mjr,1985-10-09,J5M21985,55508,jnvr,mectura qsp,1985-05-10,J5M21985,0.8,0.6161616161616161,0,0,0
31116,21242,51927,jnchrk,mjr,1985-10-09,J5M21985,56875,jayne,mg,1985-12-09,J5M21985,0.5777777777777778,0.611111111111111,0,0,0
31118,29106,51927,j,mo,1985-10-09,J0M01985,59255,j,m,1985-02-01,J0M01985,1.0,0.8500000000000001,0,1,0
31126,21303,31312,fuw,gorczyca,1966-02-25,F0G61966,22258,f,grande,1966-06-20,F0G61966,0.7999999999999999,0.5277777777777778,0,0,0
31166,31164,59881,erika,machado,1992-03-30,E6M21992,59881,erika,mahjh,1992-03-30,E6M21992,1.0,0.6761904761904761,1,1,1
31169,31167,59875,patrick,vives,1988-09-16,P3V11988,59875,patrick,vives,1988-09-17,P3V11988,1.0,1.0,0,1,1
31172,31171,59865,masoom,ali,1976-05-18,M2A41976,59865,masoom,ali,1976-07-18,M2A41976,1.0,1.0,0,1,1
31178,4590,59869,on,finder,1990-12-07,O5F51990,52205,ominlog,faintir,1990-04-20,O5F51990,0.7857142857142857,0.7714285714285715,0,0,0
31196,19182,56348,branden,williams,1985-08-02,B6W41985,56348,branden,williams,1985-08-02,B6W41985,1.0,1.0,1,1,1
31219,19016,59905,joanne,evans,1982-02-24,J5E11982,43553,jean,efukn,1982-02-28,J5E11982,0.775,0.6,0,0,0
31297,31296,59942,dennis,jac,1977-04-01,D5J21977,59942,dennis,jackson,1977-04-01,D5J21977,1.0,0.8666666666666668,1,1,1
31313,17492,59926,anthony,turk,1961-07-19,A5T61961,55826,anthony,turk,1961-07-19,A5T61961,1.0,1.0,1,1,0
31342,31341,59938,john,noonan,1980-06-09,J5N51980,59938,john,noonan,1980-06-09,J5N51980,1.0,1.0,1,1,1
31352,21038,41688,jessie,mmo,1970-07-11,J2M01970,56833,joseph,m,1970-08-17,J2M01970,0.5555555555555555,0.7999999999999999,0,0,0
31391,31389,59960,flora,valliere,1950-12-04,F4V41950,59960,flora,valliere,1950-12-04,F4V41950,1.0,1.0,1,1,1
31424,31149,59969,kimberly,wisniewski,1975-05-27,K5W21975,59879,kennyal,wks,1975-04-07,K5W21975,0.6071428571428571,0.6222222222222222,0,0,0
31426,25239,59966,samuel,marcus,1974-11-15,S5M61974,58095,shawn,myers,1974-04-04,S5M61974,0.5777777777777778,0.7300000000000001,0,0,0
31459,17787,59973,owen,parchment,1987-04-07,O5P61987,55923,omar,paredes,1987-07-23,O5P61987,0.5,0.671957671957672,0,0,0
31491,8294,59980,john,mauro,1994-03-07,J5M61994,53219,johnny,martinez,1994-01-27,J5M61994,0.9333333333333332,0.6583333333333333,0,0,0
31500,8533,59650,vz,corker,1989-11-20,V2C61989,31948,vsa,charlier,1989-11-16,V2C61989,0.611111111111111,0.75,0,0,0
31506,24536,59983,nlrr,mckinney,1965-06-12,N4M21965,57885,noel,mxhiz,1965-03-25,N4M21965,0.5,0.5499999999999999,0,0,0
31535,31534,59994,willins,louis,1983-05-16,W4L21983,59994,willins,louis,1983-05-16,W4L21983,1.0,1.0,1,1,1
31537,15546,59996,vm,tbtihle,1982-10-19,V5T11982,12418,vn,tv,1982-08-02,V5T11982,0.6666666666666666,0.5476190476190476,0,0,0
31545,27462,60001,lavanda,reiniger,1986-07-31,L1R51986,58764,lvr,raymondvil,1986-03-03,L1R51986,0.6507936507936508,0.5583333333333333,0,0,0
31559,31557,59991,rocco,rombardo,1982-09-28,R2R51982,59991,rocco,rombardo,1982-02-28,R2R51982,1.0,1.0,0,1,1
31562,28249,60005,d,carlo,1959-12-15,D0C61959,59013,d,chery,1959-04-09,D0C61959,1.0,0.6,0,0,0
31577,31575,60002,lance,prevelhomme,1995-01-22,L5P61995,60002,lance,prevelhomme,1995-01-22,L5P61995,1.0,1.0,1,1,1
31582,25163,60018,darius,wilkins,1991-02-19,D6W41991,58071,dersshawn,williams,1991-04-23,D6W41991,0.611111111111111,0.8458333333333333,0,0,0
31585,1109,7022,keion,mickles,1984-10-02,K5M21984,7022,keion,mic,1984-10-02,K5M21984,1.0,0.8666666666666668,1,1,1
31594,31593,60022,lisette,artze,1988-09-23,L2A61988,60022,lihz,artze,1988-09-23,L2A61988,0.5952380952380952,1.0,1,1,1
31601,8162,60017,anthony,j,1961-06-04,A5J01961,53212,anthony,j,1961-04-10,A5J01961,1.0,1.0,0,1,0
31631,31630,60014,eric,floyd,1967-07-12,E6F41967,60014,eric,floyd,1967-07-19,E6F41967,1.0,1.0,0,1,1
31636,23266,57479,irvans,brutus,1988-09-25,I6B61988,57479,irvans,brutus,1988-09-25,I6B61988,1.0,1.0,1,1,1
31636,29528,57479,irvans,brutus,1988-09-25,I6B61988,57479,irvans,brutus,1988-09-05,I6B61988,1.0,1.0,0,1,1
31639,31638,18271,jamar,dixon,1982-07-05,J5D21982,18271,jamar,dixon,1982-07-05,J5D21982,1.0,1.0,1,1,1
31644,29194,20972,danny,bps,1982-12-17,D5B21982,59282,danielle,bgs,1982-05-05,D5B21982,0.6583333333333333,0.7999999999999999,0,0,0
31659,26931,60024,michael,jyx,1988-11-06,M2J21988,50422,mz,jackson,1988-12-24,M2J21988,0.5476190476190476,0.4920634920634921,0,0,0
31672,27159,60034,nicola,spenceburrell,1978-06-30,N2S11978,58717,nicola,svenctb,1978-06-30,N2S11978,1.0,0.6996336996336997,1,1,0
31673,27159,60034,nicola,spenceburrell,1978-06-30,N2S11978,58717,nicola,svenctb,1978-06-30,N2S11978,1.0,0.6996336996336997,1,1,0
31673,31672,60034,nicola,spenceburrell,1978-06-30,N2S11978,60034,nicola,spenceburrell,1978-06-30,N2S11978,1.0,1.0,1,1,1
31674,9846,60051,christopher,henderson,1991-11-06,C6H51991,53709,csrx,henriquez,1991-05-28,C6H51991,0.5631313131313131,0.6370370370370371,0,0,0
31679,31677,60045,jawaun,curry,1993-08-06,J5C61993,60045,jawaun,curry,1993-09-06,J5C61993,1.0,1.0,0,1,1
31691,24430,60043,mxb,yylig,1966-07-18,M2Y41966,57869,mk,yl,1966-10-15,M2Y41966,0.611111111111111,0.82,0,0,0
31732,30938,60032,txhdv,walls,1985-04-18,T2W41985,59798,tix,wallace jr.,1985-03-10,T2W41985,0.6888888888888888,0.8327272727272728,0,0,0
31735,8851,50014,marius,gwmns,1981-10-28,M6G51981,47388,maria,guntert,1981-11-30,M6G51981,0.8933333333333334,0.5619047619047619,0,0,0
31735,10199,50014,marius,gwmns,1981-10-28,M6G51981,47388,maria,guntert,1981-11-30,M6G51981,0.8933333333333334,0.5619047619047619,0,0,0
31737,11103,60029,jason,mcdonald,1987-10-18,J2M21987,44777,josue,moise,1987-03-16,J2M21987,0.6,0.5499999999999999,0,0,0
31737,11105,60029,jason,mcdonald,1987-10-18,J2M21987,44777,josue,moise,1987-03-16,J2M21987,0.6,0.5499999999999999,0,0,0
31739,11103,60029,jason,mcdonald,1987-10-18,J2M21987,44777,josue,moise,1987-03-16,J2M21987,0.6,0.5499999999999999,0,0,0
31739,11105,60029,jason,mcdonald,1987-10-18,J2M21987,44777,josue,moise,1987-03-16,J2M21987,0.6,0.5499999999999999,0,0,0
31739,31737,60029,jason,mcdonald,1987-10-18,J2M21987,60029,jason,mcdonald,1987-10-18,J2M21987,1.0,1.0,1,1,1
31755,83,60071,lyzl,bcawtw,1978-02-07,L2B21978,29205,lkeks,bzsor,1978-11-10,L2B21978,0.4833333333333333,0.4555555555555555,0,0,0
31779,19278,33217,brandon,f,1987-09-06,B6F01987,56368,bryan,ff,1987-06-13,B6F01987,0.8323809523809523,0.8500000000000001,0,0,0
31784,29016,60059,n,a,1974-05-06,N0A01974,59248,ni,aoay,1974-01-16,N0A01974,0.8500000000000001,0.775,0,0,0
31787,31786,60066,carmen,fontes,1963-09-01,C6F51963,60066,carmen,fontes,1963-09-01,C6F51963,1.0,1.0,1,1,1
31812,1612,60069,jaex,sxnhpar,1993-04-30,J2S51993,51313,joshua,sanabria,1993-01-13,J2S51993,0.4722222222222221,0.6904761904761904,0,0,0
31812,2328,60069,jaex,sxnhpar,1993-04-30,J2S51993,51313,joshua,sanabria,1993-01-17,J2S51993,0.4722222222222221,0.6904761904761904,0,0,0
31816,31815,60080,steven,austin,1964-11-02,S3A21964,60080,steven,austin,1964-11-02,S3A21964,1.0,1.0,1,1,1
31823,31821,17011,jehiel,clervius,1987-12-18,J4C41987,17011,jehiel,clervius,1987-12-18,J4C41987,1.0,1.0,1,1,1
31837,13332,60082,ro,mcfadden,1987-05-11,R0M21987,49524,r,mjse,1987-09-14,R0M21987,0.8500000000000001,0.5833333333333334,0,0,0
31840,31839,40508,nicholas,sattjvffef,1970-02-26,N2S31970,40508,niccuky,satterfield,1970-06-26,N2S31970,0.6011904761904762,0.6595959595959596,0,0,1
31841,31839,40508,nicholas,satterfield,1970-06-26,N2S31970,40508,niccuky,satterfield,1970-06-26,N2S31970,0.6011904761904762,1.0,1,1,1
31841,31840,40508,nicholas,satterfield,1970-06-26,N2S31970,40508,nicholas,sattjvffef,1970-02-26,N2S31970,1.0,0.6595959595959596,0,0,1
31847,31839,40508,ncrhol,satterfield,1970-06-26,N2S31970,40508,niccuky,satterfield,1970-06-26,N2S31970,0.5396825396825397,1.0,1,1,1
31847,31840,40508,ncrhol,satterfield,1970-06-26,N2S31970,40508,nicholas,sattjvffef,1970-02-26,N2S31970,0.8375000000000001,0.6595959595959596,0,0,1
31847,31841,40508,ncrhol,satterfield,1970-06-26,N2S31970,40508,nicholas,satterfield,1970-06-26,N2S31970,0.8375000000000001,1.0,1,1,1
31848,9700,60081,christopher,kirby,1979-03-19,C6K61979,52730,christopher,kirwan,1979-04-04,C6K61979,1.0,0.79,0,1,0
31850,9700,60081,christopher,kirby,1979-03-18,C6K61979,52730,christopher,kirwan,1979-04-04,C6K61979,1.0,0.79,0,1,0
31850,31848,60081,christopher,kirby,1979-03-18,C6K61979,60081,christopher,kirby,1979-03-19,C6K61979,1.0,1.0,0,1,1
31857,19753,35374,don,berry,1981-10-29,D5B61981,56485,deon,burks,1981-12-29,D5B61981,0.925,0.6,0,0,0
31857,28573,35374,don,berry,1981-10-29,D5B61981,52635,daniel,brown,1981-12-19,D5B61981,0.6666666666666666,0.6,0,0,0
31863,23756,60100,jxnamla,cooper,1989-01-05,J5C11989,49306,jamie,cxfne,1989-04-08,J5C11989,0.6761904761904761,0.5777777777777778,0,0,0
31871,31869,60102,cordy,richardson,1976-11-09,C6R21976,60102,cordy,richardson,1976-11-09,C6R21976,1.0,1.0,1,1,1
31877,31876,60101,bernadette,fleury,1974-04-28,B6F41974,60101,bernadette,fleury,1974-04-28,B6F41974,1.0,1.0,1,1,1
31887,19753,35374,don,berry,1981-10-24,D5B61981,56485,deon,burks,1981-12-29,D5B61981,0.925,0.6,0,0,0
31887,28573,35374,don,berry,1981-10-24,D5B61981,52635,daniel,brown,1981-12-19,D5B61981,0.6666666666666666,0.6,0,0,0
31887,31857,35374,don,berry,1981-10-24,D5B61981,35374,don,berry,1981-10-29,D5B61981,1.0,1.0,0,1,1
31888,19753,35374,don,berry,1981-10-29,D5B61981,56485,deon,burks,1981-12-29,D5B61981,0.925,0.6,0,0,0
31888,28573,35374,don,berry,1981-10-29,D5B61981,52635,daniel,brown,1981-12-19,D5B61981,0.6666666666666666,0.6,0,0,0
31888,31857,35374,don,berry,1981-10-29,D5B61981,35374,don,berry,1981-10-29,D5B61981,1.0,1.0,1,1,1
31888,31887,35374,don,berry,1981-10-29,D5B61981,35374,don,berry,1981-10-24,D5B61981,1.0,1.0,0,1,1
31890,14256,13663,max,richards,1983-09-20,M2R21983,54884,michael,req,1983-07-16,M2R21983,0.4920634920634921,0.4861111111111111,0,0,0
31892,14256,13663,max,richards,1983-09-20,M2R21983,54884,michael,req,1983-07-16,M2R21983,0.4920634920634921,0.4861111111111111,0,0,0
31892,31890,13663,max,richards,1983-09-20,M2R21983,13663,max,richards,1983-09-20,M2R21983,1.0,1.0,1,1,1
31901,31900,60091,clifton,huggins,1991-11-02,C4H21991,60091,clifton,huggins,1991-11-02,C4H21991,1.0,1.0,1,1,1
31913,2054,60097,jeffrey,tapia,1993-02-14,J1T11993,51446,jovc,tabraue,1993-01-21,J1T11993,0.4642857142857142,0.6761904761904761,0,0,0
31913,23560,60097,jeffrey,tapia,1993-02-14,J1T11993,49787,jsp,thibault,1993-04-24,J1T11993,0.4920634920634921,0.5472222222222222,0,0,0
31924,31923,60105,wilensky,saintil,1980-07-30,W4S51980,60105,wilensky,saintil,1980-04-30,W4S51980,1.0,1.0,0,1,1
31954,31953,60129,herman,robinson,1978-08-25,H6R11978,60129,herman,robinson,1978-08-25,H6R11978,1.0,1.0,1,1,1
31956,21013,60122,jibrael,hindi,1988-04-23,J1H51988,56841,jeffrey,haynes,1988-08-25,J1H51988,0.6190476190476191,0.5777777777777778,0,0,0
31978,23553,60128,tyr,jeanjoseph,1990-06-12,T6J51990,57581,tarell,johnson,1990-09-12,T6J51990,0.6666666666666666,0.5738095238095239,0,0,0
31989,3358,60115,jwr,t,1985-06-23,J6T01985,51807,jerome,to,1985-05-03,J6T01985,0.6666666666666666,0.8500000000000001,0,0,0
31990,1797,60115,jwhj,matamoros,1981-06-23,J0M31981,50081,j,moody,1981-09-27,J0M31981,0.775,0.5407407407407407,0,0,0
31995,15700,55265,jeffery,fetters,1959-07-19,J1F31959,55265,jeffery,fetters,1959-07-18,J1F31959,1.0,1.0,0,1,1
31995,15701,55265,jeffery,fetters,1959-07-19,J1F31959,55265,jeffery,fetters,1959-07-18,J1F31959,1.0,1.0,0,1,1
32009,12375,60123,brent,jawy,1971-05-26,B6J01971,49794,brian,j,1971-12-03,B6J01971,0.7866666666666667,0.775,0,0,0
32011,19287,60117,tiffany,baker,1995-08-15,T1B21995,56353,tehp,baker,1995-04-07,T1B21995,0.4642857142857142,1.0,0,0,0
32011,19288,60117,tiffany,baker,1995-08-15,T1B21995,56353,tuhfau,bx,1995-04-07,T1B21995,0.6428571428571429,0.5666666666666667,0,0,0
32029,32028,60139,reynaldo,rodriguez,1978-09-11,R5R31978,60139,reynaldo,rodriguez,1978-09-11,R5R31978,1.0,1.0,1,1,1
32030,32028,60139,reynaldo,rodriguez,1978-09-11,R5R31978,60139,reynaldo,rodriguez,1978-09-11,R5R31978,1.0,1.0,1,1,1
32030,32029,60139,reynaldo,rodriguez,1978-09-11,R5R31978,60139,reynaldo,rodriguez,1978-09-11,R5R31978,1.0,1.0,1,1,1
32071,32070,60151,marquita,young,1984-07-27,M6Y51984,60151,marquita,young,1984-07-28,M6Y51984,1.0,1.0,0,1,1
32072,32070,60151,marquita,young,1984-07-27,M6Y51984,60151,marquita,young,1984-07-28,M6Y51984,1.0,1.0,0,1,1
32072,32071,60151,marquita,young,1984-07-27,M6Y51984,60151,marquita,young,1984-07-27,M6Y51984,1.0,1.0,1,1,1
32073,28893,60149,czjf,tm,1968-12-10,C1T51968,59206,cob,toney,1968-03-12,C1T51968,0.5277777777777778,0.5666666666666667,0,0,0
32078,18472,60155,alexandrea,mzjp,1992-12-30,A4M21992,45590,alan,messina,1992-05-23,A4M21992,0.84,0.4642857142857142,0,0,0
32078,18473,60155,alexandrea,mzjp,1992-12-30,A4M21992,45590,alan,messina,1992-05-23,A4M21992,0.84,0.4642857142857142,0,0,0
32080,32079,60145,timothy,bedford,1985-01-15,T5B31985,60145,timothy,bedford,1985-01-15,T5B31985,1.0,1.0,1,1,1
32089,10558,60150,jasmine,milan,1981-06-24,J2M41981,53887,jason,mills,1981-05-28,J2M41981,0.8533333333333333,0.8133333333333334,0,0,0
32089,10559,60150,jasmine,milan,1981-06-24,J2M41981,53887,jason,mills,1981-04-28,J2M41981,0.8533333333333333,0.8133333333333334,0,0,0
32093,32091,60154,ativia,grant,1984-07-06,A3G61984,60154,ativia,grant,1984-07-06,A3G61984,1.0,1.0,1,1,1
32096,32094,60146,takeyma,doe,1985-09-11,T2D01985,60146,takeyma,doe,1985-09-11,T2D01985,1.0,1.0,1,1,1
32104,9915,60190,sandra,podrvgce,1988-07-20,S5P31988,23204,shawntavian,pftce,1988-11-25,S5P31988,0.6767676767676768,0.6583333333333333,0,0,0
32116,32115,60187,alberto,lorenzo-luaces,1975-08-24,A4L61975,60187,alberto,lorenzo-luaces,1975-08-24,A4L61975,1.0,1.0,1,1,1
32117,32115,60187,alberto,lorenzo-luaces,1975-08-24,A4L61975,60187,alberto,lorenzo-luaces,1975-08-24,A4L61975,1.0,1.0,1,1,1
32117,32116,60187,alberto,lorenzo-luaces,1975-08-24,A4L61975,60187,alberto,lorenzo-luaces,1975-08-24,A4L61975,1.0,1.0,1,1,1
32122,7836,60165,brenzina,c,1987-02-09,B6C01987,53085,bruce,cz,1987-10-07,B6C01987,0.6583333333333333,0.8500000000000001,0,0,0
32126,25239,60180,sm,myers,1974-04-05,S5M61974,58095,shawn,myers,1974-04-04,S5M61974,0.5666666666666667,1.0,0,0,0
32126,31426,60180,sm,myers,1974-04-05,S5M61974,59966,samuel,marcus,1974-11-15,S5M61974,0.7999999999999999,0.7300000000000001,0,0,0
32128,9023,42796,jose,ortiz,1978-11-17,J2O61978,53432,jason,orh,1978-05-26,J2O61978,0.6333333333333333,0.6888888888888888,0,0,0
32129,6246,42796,qh,erza,1978-11-17,Q0E61978,3656,qi,eeroi,1978-05-21,Q0E61978,0.6666666666666666,0.6333333333333333,0,0,0
32132,7327,60173,angel,morales,1990-03-26,A5M61990,52437,anmz,marold,1990-05-02,A5M61990,0.6333333333333333,0.8042857142857143,0,0,0
32132,7328,60173,angel,morales,1990-03-26,A5M61990,52437,andrew,marold,1990-05-02,A5M61990,0.76,0.8042857142857143,0,0,0
32134,32133,60172,ernesto,chao,1986-09-28,E6C01986,60172,ern,chao,1986-09-28,E6C01986,0.8666666666666668,1.0,1,1,1
32143,21731,60184,summer,christlieb,1977-10-28,S5C61977,57055,shaun,crowley,1977-11-20,S5C61977,0.5777777777777778,0.6571428571428571,0,0,0
32144,21731,60184,summer,christlieb,1977-10-28,S5C61977,57055,shaun,crowley,1977-11-20,S5C61977,0.5777777777777778,0.6571428571428571,0,0,0
32144,32143,60184,summer,christlieb,1977-10-28,S5C61977,60184,summer,christlieb,1977-10-28,S5C61977,1.0,1.0,1,1,1
32147,32146,60189,erol,vantflgoy,1962-09-10,E6V51962,60189,erol,vanterpool,1962-09-19,E6V51962,1.0,0.8200000000000001,0,1,1
32158,32157,60186,gisela,maretinez,1971-03-13,G2M61971,60186,gisela,maretinez,1971-03-14,G2M61971,1.0,1.0,0,1,1
32164,32163,60191,efrain,morales,1985-03-07,E1M61985,60191,efyk,morales,1985-03-07,E1M61985,0.611111111111111,1.0,1,1,1
32171,186,15663,charlie,woyo,1992-04-02,C6W01992,50893,cristina,wy,1992-01-19,C6W01992,0.6011904761904762,0.8500000000000001,0,0,0
32177,32175,60175,virendra,deodat,1983-08-31,V6D31983,60175,virendra,deodat,1983-08-31,V6D31983,1.0,1.0,1,1,1
32190,24166,41905,morris,hernandez,1972-03-13,M6H61972,57793,mauricio,hernandez,1972-07-04,M6H61972,0.625,1.0,0,0,0
32196,23907,33539,matphp,boxer,1961-05-17,M3B21961,57722,mid,box,1961-05-17,M3B21961,0.5,0.9066666666666668,1,1,0
32204,1905,60157,martin,esl,1977-02-23,M6E21977,51378,marie,exume,1977-07-26,M6E21977,0.8755555555555556,0.5111111111111111,0,0,0
32204,1907,60157,martin,esl,1977-02-23,M6E21977,51378,marie,exume,1977-07-26,M6E21977,0.8755555555555556,0.5111111111111111,0,0,0
32204,19992,60157,martin,esl,1977-02-23,M6E21977,56567,mirkl,escobar deleon,1977-05-11,M6E21977,0.5777777777777778,0.6031746031746031,0,0,0
32207,10864,53968,vernee,mckenzie,1977-09-25,V6M21977,53968,vernee,mckenzie,1977-09-23,V6M21977,1.0,1.0,0,1,1
32228,32227,60178,chevane,robinson,1991-04-07,C1R11991,60178,chevane,robinson,1991-04-07,C1R11991,1.0,1.0,1,1,1
32234,32232,60188,mario,lafrance,1990-01-26,M6L11990,60188,mario,lafrance,1990-01-26,M6L11990,1.0,1.0,1,1,1
32247,5490,52425,linda,edwards,1949-07-24,L5E31949,52425,linda,edwards,1949-07-24,L5E31949,1.0,1.0,1,1,1
32301,6735,60233,jessica,harrold,1994-01-24,J2H61994,52785,jessica,harris,1994-05-31,J2H61994,1.0,0.8476190476190476,0,1,0
32318,31465,59982,racquel,lamons,1993-01-23,R2L51993,59982,raquu,lamons,1993-01-27,R2L51993,0.8323809523809523,1.0,0,1,1
32326,14385,60204,ih,mcfadden,1971-07-04,I0M21971,49056,i,mcneal,1971-08-14,I0M21971,0.8500000000000001,0.6388888888888888,0,0,0
32327,32325,60204,shanta,mcfadden,1975-07-04,S5M21975,60204,shanta,mcfadden,1975-07-04,S5M21975,1.0,1.0,1,1,1
32333,32331,60221,royette,lestrade,1963-07-02,R3L21963,60221,royette,lestrade,1963-07-07,R3L21963,1.0,1.0,0,1,1
32338,32337,60259,hector,dicarlo,1958-07-25,H2D21958,60259,hector,dicarlo,1958-09-25,H2D21958,1.0,1.0,0,1,1
32358,29498,60241,ijp,be,1975-01-18,I2B01975,59349,ignacio,b,1975-03-31,I2B01975,0.4920634920634921,0.8500000000000001,0,0,0
32359,14914,60241,joseph,sessa,1975-01-18,J2S21975,55059,jason,soeg,1975-06-25,J2S21975,0.5888888888888889,0.6333333333333333,0,0,0
32360,14914,60241,joseph,sessa,1975-01-18,J2S21975,55059,jason,soeg,1975-06-25,J2S21975,0.5888888888888889,0.6333333333333333,0,0,0
32360,32359,60241,joseph,sessa,1975-01-18,J2S21975,60241,joseph,sessa,1975-01-18,J2S21975,1.0,1.0,1,1,1
32373,3718,51895,aurora,sloan,1965-06-13,A6S41965,51895,aurora,sloan,1965-06-14,A6S41965,1.0,1.0,0,1,1
32375,3718,51895,aurora,sloan,1965-06-14,A6S41965,51895,aurora,sloan,1965-06-14,A6S41965,1.0,1.0,1,1,1
32375,32373,51895,aurora,sloan,1965-06-14,A6S41965,51895,aurora,sloan,1965-06-13,A6S41965,1.0,1.0,0,1,1
32384,32383,60243,patrick,niesterczuk,1995-06-23,P3N21995,60243,patrick,niistamc,1995-06-23,P3N21995,1.0,0.6931818181818182,1,1,1
32425,32424,60255,robert,nubrg,1976-11-19,R1N11976,60255,robert,nabridge,1976-11-19,R1N11976,1.0,0.7899999999999999,1,1,1
32435,3651,60237,luis,n,1994-03-21,L2N01994,51910,lois,nao,1994-06-13,L2N01994,0.8500000000000001,0.7999999999999999,0,0,0
32458,32457,55300,roosevelt,standifer,1958-01-07,R2S31958,55300,raosebt,standifer,1958-01-07,R2S31958,0.780952380952381,1.0,1,1,1
32476,32475,60292,carlton,ellvnl,1960-09-03,C6E41960,60292,carlton,ellington,1960-09-03,C6E41960,1.0,0.7925925925925926,1,1,1
32483,24579,45476,dix,fernandez,1990-03-22,D2F61990,57943,dijohn,frazier,1990-05-05,D2F61990,0.6666666666666666,0.671957671957672,0,0,0
32483,24580,45476,dix,fernandez,1990-03-22,D2F61990,57943,dijohn,frazier,1990-02-04,D2F61990,0.6666666666666666,0.671957671957672,0,0,0
32487,15873,55505,javier,b,1990-03-24,J1B01990,29143,jop,b,1990-09-05,J1B01990,0.5,1.0,0,0,0
32487,25118,55505,javier,b,1990-03-24,J1B01990,58046,juf,b,1990-12-20,J1B01990,0.5,1.0,0,0,0
32492,20715,60295,andres,marquez,1988-11-19,A5M61988,49427,antoine,morris,1988-11-29,A5M61988,0.6428571428571429,0.5396825396825397,0,0,0
32492,20716,60295,andres,marquez,1988-11-19,A5M61988,49427,antoine,morris,1988-11-24,A5M61988,0.6428571428571429,0.5396825396825397,0,0,0
32492,27689,60295,andres,marquez,1988-11-19,A5M61988,58854,anthony,myers,1988-07-19,A5M61988,0.5396825396825397,0.5619047619047619,0,0,0
32514,21603,51910,lois,rcrv,1994-02-13,L2R21994,56991,lakl,raj,1994-12-26,L2R21994,0.5,0.5277777777777778,0,0,0
32528,9190,48677,s,kims,1986-06-29,S0K51986,48677,s,kims,1986-06-29,S0K51986,1.0,1.0,1,1,1
32539,32538,2047,victor,brown,1989-11-09,V2B61989,2047,victor,brown,1989-11-02,V2B61989,1.0,1.0,0,1,1
32557,32556,60270,christopher,lopez,1995-01-02,C6L11995,60270,christopher,lopez,1995-01-02,C6L11995,1.0,1.0,1,1,1
32561,32559,60284,eric,s,1985-07-20,E6S01985,60284,eric,s,1985-02-22,E6S01985,1.0,1.0,0,1,1
32567,17630,60287,dexrqt,ua,1990-08-26,D2U01990,55421,diego,ua,1990-04-13,D2U01990,0.5777777777777778,1.0,0,0,0
32579,32578,60271,latonya,ray,1979-04-05,L3R01979,60271,latonya,ray,1979-04-08,L3R01979,1.0,1.0,0,1,1
32581,8337,53255,walson,prophilis,1984-10-07,W4P61984,53255,walson,prophilis,1984-10-07,W4P61984,1.0,1.0,1,1,1
32587,32586,60305,stephen,vaughn,1993-07-05,S3V21993,60305,stephen,vaughn,1993-07-05,S3V21993,1.0,1.0,1,1,1
32597,16897,46163,wool,altamiranda,1993-12-05,W4A41993,55619,wilberto,alegria,1993-01-14,W4A41993,0.5833333333333334,0.6562770562770562,0,0,0
32607,7284,60327,wt,mcisaac,1986-06-18,W3M21986,52944,wood,mok,1986-03-11,W3M21986,0.5833333333333334,0.4920634920634921,0,0,0
32608,16838,60327,krk,mcisaac,1986-02-16,K6M21986,55612,kari,msgenb,1986-10-23,K6M21986,0.75,0.5396825396825397,0,0,0
32608,28763,60327,krk,mcisaac,1986-02-16,K6M21986,59181,krystal,mccutcheon,1986-08-11,K6M21986,0.6507936507936508,0.5761904761904763,0,0,0
32609,1765,60327,kelly,mcisaac,1986-02-18,K4M21986,20203,keltron,miq,1986-08-28,K4M21986,0.6761904761904761,0.6507936507936508,0,0,0
32619,14247,60315,lashonda,n,1988-04-11,L2N01988,54887,logan,n,1988-11-10,L2N01988,0.6833333333333332,1.0,0,0,0
32621,32620,60315,lashonda,decrumpe,1988-04-11,L2D21988,60315,lashonda,deceqmn,1988-04-14,L2D21988,1.0,0.6904761904761904,0,0,1
32625,30315,59596,sebastian,valcy,1994-06-27,S1V41994,59596,sebastian,valcy,1994-09-27,S1V41994,1.0,1.0,0,1,1
32633,32632,60323,james,burkholder,1985-12-01,J5B61985,60323,james,burkholder,1985-12-01,J5B61985,1.0,1.0,1,1,1
32634,6295,60303,maxima,basil,1992-12-30,M2B21992,52681,michael,baqtuol,1992-10-06,M2B21992,0.6428571428571429,0.6761904761904761,0,0,0
32635,6295,60303,maxima,basil,1992-12-30,M2B21992,52681,michael,baqtuol,1992-10-06,M2B21992,0.6428571428571429,0.6761904761904761,0,0,0
32635,32634,60303,maxima,basil,1992-12-30,M2B21992,60303,maxima,basil,1992-12-30,M2B21992,1.0,1.0,1,1,1
32637,27832,60320,john,sarver,1975-04-28,J5S61975,58901,jean,swrz,1975-02-10,J5S61975,0.6666666666666666,0.611111111111111,0,0,0
32639,27832,60320,john,sarver,1975-05-28,J5S61975,58901,jean,swrz,1975-02-10,J5S61975,0.6666666666666666,0.611111111111111,0,0,0
32639,32637,60320,john,sarver,1975-05-28,J5S61975,60320,john,sarver,1975-04-28,J5S61975,1.0,1.0,0,1,1
32647,25495,60304,jamil,moreland,1995-07-05,J5M61995,57618,jamaree,moreland,1995-08-31,J5M61995,0.6761904761904761,1.0,0,0,0
32647,25496,60304,jamil,moreland,1995-07-05,J5M61995,57618,jamaree,moreland,1995-08-31,J5M61995,0.6761904761904761,1.0,0,0,0
32672,380,60307,brandon,emmert,1986-10-11,B6E51986,6431,br,en,1986-05-24,B6E51986,0.8095238095238095,0.5555555555555555,0,0,0
32697,24426,35894,michael,garcia,1977-08-07,M2G61977,47525,michael,gardner,1977-08-25,M2G61977,1.0,0.6428571428571429,0,0,0
32697,24427,35894,michael,garcia,1977-08-07,M2G61977,47525,michael,gardner,1977-08-24,M2G61977,1.0,0.6428571428571429,0,0,0
32697,24428,35894,michael,garcia,1977-08-07,M2G61977,47525,michael,gardner,1977-08-25,M2G61977,1.0,0.6428571428571429,0,0,0
32699,24426,35894,michael,garcia,1977-08-07,M2G61977,47525,michael,gardner,1977-08-25,M2G61977,1.0,0.6428571428571429,0,0,0
32699,24427,35894,michael,garcia,1977-08-07,M2G61977,47525,michael,gardner,1977-08-24,M2G61977,1.0,0.6428571428571429,0,0,0
32699,24428,35894,michael,garcia,1977-08-07,M2G61977,47525,michael,gardner,1977-08-25,M2G61977,1.0,0.6428571428571429,0,0,0
32699,32697,35894,michael,garcia,1977-08-07,M2G61977,35894,michael,garcia,1977-08-07,M2G61977,1.0,1.0,1,1,1
32711,15117,55105,adam,obrien,1994-11-20,A3O11994,55105,adam,obrien,1994-11-20,A3O11994,1.0,1.0,1,1,1
32718,112,60336,charlie,sv,1991-03-02,C6S11991,50863,charles,sf,1991-04-18,C6S11991,0.9428571428571428,0.6666666666666666,0,0,0
32718,11974,60336,charlie,sv,1991-03-02,C6S11991,54291,christopher,skwv,1991-12-29,C6S11991,0.7783549783549784,0.5833333333333334,0,0,0
32718,26109,60336,charlie,sv,1991-03-02,C6S11991,58318,carson,seavey,1991-04-21,C6S11991,0.6428571428571429,0.7999999999999999,0,0,0
32718,26110,60336,charlie,sv,1991-03-02,C6S11991,58318,carson,seavey,1991-09-21,C6S11991,0.6428571428571429,0.7999999999999999,0,0,0
32722,28829,26135,rdyf,v,1982-05-17,R3V01982,59169,ruth,v,1982-05-17,R3V01982,0.5,1.0,1,1,0
32758,1118,46011,anthony,bones,1993-08-19,A5B51993,46011,anthony,bones,1993-08-19,A5B51993,1.0,1.0,1,1,1
32758,6078,46011,anthony,bones,1993-08-19,A5B51993,46011,anthony,bones,1993-03-19,A5B51993,1.0,1.0,0,1,1
32758,6079,46011,anthony,bones,1993-08-19,A5B51993,46011,anthony,bones,1993-08-19,A5B51993,1.0,1.0,1,1,1
32759,1118,46011,ante,bones,1993-08-19,A5B51993,46011,anthony,bones,1993-08-19,A5B51993,0.8083333333333333,1.0,1,1,1
32759,6078,46011,ante,bones,1993-08-19,A5B51993,46011,anthony,bones,1993-03-19,A5B51993,0.8083333333333333,1.0,0,1,1
32759,6079,46011,ante,bones,1993-08-19,A5B51993,46011,anthony,bones,1993-08-19,A5B51993,0.8083333333333333,1.0,1,1,1
32759,32758,46011,ante,bones,1993-08-19,A5B51993,46011,anthony,bones,1993-08-19,A5B51993,0.8083333333333333,1.0,1,1,1
32774,32773,60347,anil,sohwm,1995-07-04,A5S51995,60347,anil,somwaru,1995-07-04,A5S51995,1.0,0.7657142857142858,1,1,1
32798,19040,7970,u,frsgio,1981-10-21,U0F61981,56296,u,fernandezcueto,1981-07-28,U0F61981,1.0,0.4920634920634921,0,0,0
32806,32805,60387,paulo,mendes,1967-05-19,P4M51967,60387,paulo,mendes,1967-05-19,P4M51967,1.0,1.0,1,1,1
32829,4645,60369,gerardo,ramirez,1982-01-12,G6R51982,40032,gary,ramsaran,1982-08-05,G6R51982,0.6150793650793651,0.6904761904761904,0,0,0
32833,18309,60384,adrian,ward,1992-02-18,A3W61992,56084,at,wright,1992-01-25,A3W61992,0.5555555555555555,0.611111111111111,0,0,0
32837,32835,60355,rebu,dfm,1967-05-11,R1D11967,60355,rabecca,davis,1967-05-11,R1D11967,0.6150793650793651,0.5111111111111111,1,0,1
32839,24372,60374,ns,cyrq,1983-08-10,N2C61983,46306,nceeee,cross,1983-09-04,N2C61983,0.5555555555555555,0.6333333333333333,0,0,0
32877,27721,27887,bradley,bvhdb,1991-04-08,B6B31991,58856,br,bdowl,1991-11-13,B6B31991,0.8095238095238095,0.4666666666666666,0,0,0
32881,20328,60364,mark,allen,1955-12-31,M6A41955,56666,marco,ala,1955-10-04,M6A41955,0.8483333333333334,0.6888888888888888,0,0,0
32891,32890,60353,matthew,martin,1995-07-30,M3M61995,60353,matthew,martin,1995-07-30,M3M61995,1.0,1.0,1,1,1
32911,7675,60386,benjamin,stevens,1984-10-30,B5S31984,53054,benjamin,staab,1984-06-12,B5S31984,1.0,0.5619047619047619,0,0,0
32919,27821,60352,herv,louidor,1992-03-19,H6L31992,22114,hrt,little,1992-06-22,H6L31992,0.75,0.5396825396825397,0,0,0
32920,19533,60352,carmelle,louidor,1992-03-19,C6L31992,56477,corey,littlejohn,1992-10-09,C6L31992,0.6583333333333333,0.5761904761904763,0,0,0
32939,21342,60402,rashaad,willford,1990-10-19,R2W41990,33404,req,williams,1990-05-14,R2W41990,0.4920634920634921,0.6666666666666666,0,0,0
32940,29436,60407,p,rego,1992-10-28,P0R21992,59344,pwe,rszs,1992-03-10,P0R21992,0.7999999999999999,0.5,0,0,0
32943,20281,60415,jasmine,boone,1991-12-18,J2B51991,47135,jysk,bowens,1991-12-08,J2B51991,0.5952380952380952,0.7911111111111111,0,0,0
32954,2244,60398,e,harris,1985-07-11,E0H61985,51464,e,hernandez,1985-06-10,E0H61985,1.0,0.5,0,0,0
32957,18823,60411,pe,brown,1988-04-23,P0B61988,2223,p,barnes,1988-06-03,P0B61988,0.8500000000000001,0.7300000000000001,0,0,0
32959,32958,60416,keith,gagnon,1957-08-04,K3G21957,60416,keith,gagnon,1957-08-04,K3G21957,1.0,1.0,1,1,1
32960,32958,60416,keith,gagnon,1957-08-14,K3G21957,60416,keith,gagnon,1957-08-04,K3G21957,1.0,1.0,0,1,1
32960,32959,60416,keith,gagnon,1957-08-14,K3G21957,60416,keith,gagnon,1957-08-04,K3G21957,1.0,1.0,0,1,1
32962,23864,60413,alexander,d,1986-04-16,A4D01986,49873,alb,d,1986-06-03,A4D01986,0.6296296296296297,1.0,0,0,0
32975,32974,60390,juan,gonzolaz,1992-06-16,J5G51992,60390,juan,gonzolaz,1992-06-16,J5G51992,1.0,1.0,1,1,1
32982,16442,60406,carleron,lrby,1990-08-30,C6L61990,55493,craig,lawrence,1990-09-25,C6L61990,0.5472222222222222,0.5833333333333334,0,0,0
32983,14717,60406,carleron,crozier,1970-01-30,C6C61970,38904,christina,crianza,1970-08-17,C6C61970,0.5694444444444444,0.6309523809523809,0,0,0
32983,17198,60406,carleron,crozier,1970-01-30,C6C61970,55745,christopher,carver,1970-04-20,C6C61970,0.5492424242424242,0.7714285714285715,0,0,0
32998,18343,60399,brandon,winslow,1978-06-28,B6W51978,56106,brian,wiwmouv,1978-12-07,B6W51978,0.8323809523809523,0.6190476190476191,0,0,0
33012,5265,60410,barbara,phetakoune,1962-10-29,B6P31962,52381,brunel,pytip-tu,1962-02-09,B6P31962,0.5396825396825397,0.5583333333333333,0,0,0
33019,21583,56995,marcus,lane,1995-03-03,M6L51995,56995,marcus,lane,1995-03-03,M6L51995,1.0,1.0,1,1,1
33021,26749,60417,david,vaou,1988-08-12,D1V01988,23407,david,v,1988-06-20,D1V01988,1.0,0.775,0,1,0
33026,33025,60405,marvin,mcclam,1981-01-18,M6M21981,60405,marvin,mcclam,1981-01-18,M6M21981,1.0,1.0,1,1,1
33032,1649,60401,dq,c,1988-01-24,D2C01988,51284,ds,c,1988-01-16,D2C01988,0.6666666666666666,1.0,0,0,0
33034,18597,60423,kbn,gorham,1979-09-03,K1G61979,56160,kf,gordon,1979-12-24,K1G61979,0.611111111111111,0.6666666666666666,0,0,0
33074,33073,38456,brx,jimenez,1993-05-14,B6J51993,38456,brjkr,jimenez,1993-05-14,B6J51993,0.6888888888888888,1.0,1,1,1
33077,6909,51415,alfonso,ja,1989-07-22,A4J01989,52845,alexander,j,1989-08-11,A4J01989,0.5873015873015873,0.8500000000000001,0,0,0
33080,33078,59809,mindy,morris,1990-08-06,M5M61990,59809,mindy,morris,1990-08-06,M5M61990,1.0,1.0,1,1,1
33117,13513,9579,enrico,scutt,1987-04-27,E5S31987,9579,enrico,scutt,1987-04-14,E5S31987,1.0,1.0,0,1,1
33130,33129,60454,gregory,horton,1959-09-01,G6H61959,60454,gregory,horton,1959-08-01,G6H61959,1.0,1.0,0,1,1
33137,33136,60448,cynthia,brown,1958-12-20,C5B61958,60448,cynthia,brown,1958-12-20,C5B61958,1.0,1.0,1,1,1
33148,1772,60444,justin,west,1966-01-09,J2W21966,27239,jeycb,wesley,1966-03-11,J2W21966,0.4555555555555555,0.825,0,0,0
33160,13061,54533,marcos,romero,1969-08-26,M6R51969,54533,marcos,romero,1969-06-26,M6R51969,1.0,1.0,0,1,1
33167,26493,60460,antonio,henry,1991-06-25,A5H51991,44245,andres,hung,1991-06-30,A5H51991,0.5396825396825397,0.6333333333333333,0,0,0
33175,28250,60477,rene,ch,1959-10-13,R5C01959,59013,ronald,c,1959-01-09,R5C01959,0.611111111111111,0.8500000000000001,0,0,0
33178,23699,60476,phillip,sainthilaire,1992-07-30,P4S51992,53655,pal,saunders,1992-07-23,P4S51992,0.6507936507936508,0.611111111111111,0,0,0
33182,13730,60469,d,tm,1971-07-05,D0T51971,54734,dea,tummings,1971-09-17,D0T51971,0.7999999999999999,0.775,0,0,0
33191,33189,60472,jerry,mareus,1992-02-24,J6M61992,60472,jerry,mareus,1992-02-24,J6M61992,1.0,1.0,1,1,1
33211,3713,40666,d,pass,1994-01-26,D0P21994,51891,d,picard,1994-08-22,D0P21994,1.0,0.611111111111111,0,0,0
33215,6295,60467,mxh,bassaragh,1992-03-27,M2B21992,52681,michael,baqtuol,1992-10-06,M2B21992,0.6507936507936508,0.5026455026455027,0,0,0
33215,32634,60467,mxh,bassaragh,1992-03-27,M2B21992,60303,maxima,basil,1992-12-30,M2B21992,0.6666666666666666,0.6444444444444445,0,0,0
33215,32635,60467,mxh,bassaragh,1992-03-27,M2B21992,60303,maxima,basil,1992-12-30,M2B21992,0.6666666666666666,0.6444444444444445,0,0,0
33217,33216,60447,josefa,opert,1962-01-29,J2O11962,60447,josefa,opert,1962-01-29,J2O11962,1.0,1.0,1,1,1
33224,33222,60496,malarie,kent,1988-03-05,M4K51988,60496,malarie,kent,1988-03-05,M4K51988,1.0,1.0,1,1,1
33229,18078,60491,vo,graulich,1994-08-09,V0G61994,55267,v,grieco,1994-04-08,V0G61994,0.8500000000000001,0.7777777777777778,0,0,0
33247,33246,60479,simone,campbell,1991-08-24,S5C51991,60479,simone,campbell,1991-08-14,S5C51991,1.0,1.0,0,1,1
33269,33267,60514,peter,mercogliano,1955-11-07,P3M61955,60514,peter,merckgvxac,1955-11-07,P3M61955,1.0,0.8290909090909091,1,1,1
33272,33270,60515,kenneth,rodriguez,1982-12-23,K5R31982,60515,kenneth,rodriguez,1982-12-23,K5R31982,1.0,1.0,1,1,1
33279,5603,60492,k,ptttefs,1989-05-23,K0P31989,52474,k,patterson,1989-05-05,K0P31989,1.0,0.780952380952381,0,1,0
33283,33282,60513,mrwbi,dvx,1992-09-19,M6D11992,60513,mirtin,dvorak,1992-09-19,M6D11992,0.7300000000000001,0.6666666666666666,1,1,1
33292,15656,60510,jmhe,bland,1980-04-01,J5B41980,55269,jennifer,boulet,1980-09-24,J5B41980,0.5833333333333334,0.5777777777777778,0,0,0
33307,33306,60504,aftab,ali,1974-10-26,A1A41974,60504,aftab,ali,1974-11-26,A1A41974,1.0,1.0,0,1,1
33309,11695,60499,jeremy,carec,1988-08-24,J6C61988,54197,jerry,christil,1988-09-25,J6C61988,0.8755555555555556,0.5499999999999999,0,0,0
33314,33312,60480,deneen,brown,1964-04-19,D5B61964,60480,deneen,brown,1964-04-19,D5B61964,1.0,1.0,1,1,1
33339,6579,39432,martavis,harvard,1993-11-29,M6H61993,39432,martavis,harvard,1993-11-29,M6H61993,1.0,1.0,1,1,1
33341,2982,39432,maak,harvard,1993-11-29,M2H61993,50843,michael,hahr,1993-11-09,M2H61993,0.5952380952380952,0.7809523809523811,0,0,0
33341,23529,39432,maak,harvard,1993-11-29,M2H61993,57603,michael,hernandez,1993-06-23,M2H61993,0.5952380952380952,0.5886243386243386,0,0,0
33341,23531,39432,maak,harvard,1993-11-29,M2H61993,57603,mikmb,hernandez,1993-06-23,M2H61993,0.6333333333333333,0.5886243386243386,0,0,0
33347,33345,60524,nathaniel,adderly,1974-11-12,N3A31974,60524,nathaniel,adderly,1974-11-12,N3A31974,1.0,1.0,1,1,1
33349,13739,60527,at,sxrwnm,1983-06-14,A3S61983,54744,adrian,sarabia,1983-07-20,A3S61983,0.5555555555555555,0.5396825396825397,0,0,0
33382,32879,48595,brittany,bsant,1991-06-23,B6B21991,27887,bradley,baqzrnge,1991-04-08,B6B21991,0.6904761904761904,0.6583333333333333,0,0,0
33398,33397,60541,frlmrh,franum,1978-09-04,F6F61978,60541,francis,franum,1978-09-04,F6F61978,0.5396825396825397,1.0,1,1,1
33403,18010,36681,ry,britton,1967-01-31,R0B61967,56020,ri,bryden,1967-05-31,R0B61967,0.6666666666666666,0.6428571428571429,0,0,0
33410,12245,60540,dale,quimby,1982-01-10,D4Q51982,54353,dale,quimby,1982-01-10,D4Q51982,1.0,1.0,1,1,0
33426,31621,45817,leandre,jrrr,1986-08-03,L5J61986,60016,lindsey,jorgensen,1986-04-01,L5J61986,0.7428571428571429,0.5740740740740741,0,0,0
33436,33435,60551,rickie,miranda,1982-11-06,R2M61982,60551,rickie,miranda,1982-11-06,R2M61982,1.0,1.0,1,1,1
33437,33435,60551,rickie,miranda,1982-11-06,R2M61982,60551,rickie,miranda,1982-11-06,R2M61982,1.0,1.0,1,1,1
33437,33436,60551,rickie,miranda,1982-11-06,R2M61982,60551,rickie,miranda,1982-11-06,R2M61982,1.0,1.0,1,1,1
33442,33441,60548,james,yarbp,1966-04-30,J5Y61966,60548,james,yarbough,1966-04-30,J5Y61966,1.0,0.86,1,1,1
33449,33447,60552,lawrence,derubeis,1966-05-22,L6D61966,60552,luwrvn,derubeis,1966-05-22,L6D61966,0.75,1.0,1,1,1
33463,33462,50866,gary,schwab,1955-10-01,G6S11955,50866,gary,schwab,1955-10-01,G6S11955,1.0,1.0,1,1,1
33464,33462,50866,gary,schwab,1955-10-01,G6S11955,50866,gary,schwab,1955-10-01,G6S11955,1.0,1.0,1,1,1
33464,33463,50866,gary,schwab,1955-10-01,G6S11955,50866,gary,schwab,1955-10-01,G6S11955,1.0,1.0,1,1,1
33479,33478,60556,jailton,sousa,1969-09-14,J4S21969,60556,jailton,sousa,1969-09-14,J4S21969,1.0,1.0,1,1,1
33483,16154,60568,mmshgy,ferguson,1995-06-10,M2F61995,55398,mickenson,francois,1995-02-26,M2F61995,0.4259259259259259,0.5833333333333334,0,0,0
33484,16153,60568,metv,ferguson,1995-06-10,M3F61995,55398,mit,francois,1995-02-25,M3F61995,0.75,0.5833333333333334,0,0,0
33509,14562,54972,kevin,seoane,1986-08-22,K1S51986,54972,kevin,seoane,1986-08-22,K1S51986,1.0,1.0,1,1,1
33550,33549,41252,fredderick,simmons,1982-01-23,F6S51982,41252,fredderick,simmons,1982-01-23,F6S51982,1.0,1.0,1,1,1
33551,33549,41252,frf,simmons,1982-01-23,F6S51982,41252,fredderick,simmons,1982-01-23,F6S51982,0.6222222222222222,1.0,1,1,1
33551,33550,41252,frf,simmons,1982-01-23,F6S51982,41252,fredderick,simmons,1982-01-23,F6S51982,0.6222222222222222,1.0,1,1,1
33553,14806,60595,ce,mcgirt,1990-01-02,C0M21990,55004,c,mccall,1990-07-16,C0M21990,0.8500000000000001,0.5555555555555555,0,0,0
33557,25395,60584,carlos,rugel,1980-01-01,C6R21980,58120,carlos,rosario,1980-04-10,C6R21980,1.0,0.4476190476190476,0,0,0
33557,25396,60584,carlos,rugel,1980-01-01,C6R21980,58120,carlos,rosario,1980-04-10,C6R21980,1.0,0.4476190476190476,0,0,0
33569,8935,41878,justin,teri,1985-07-31,J2T61985,53411,justin,terri,1985-07-31,J2T61985,1.0,0.9533333333333333,1,1,0
33569,26123,41878,justin,teri,1985-07-31,J2T61985,53411,justin,terri,1985-07-31,J2T61985,1.0,0.9533333333333333,1,1,0
33571,33570,34087,roderick,edwards,1989-07-28,R3E31989,34087,roderick,edwards,1989-07-28,R3E31989,1.0,1.0,1,1,1
33602,17723,42680,elu,m,1981-04-08,E4M01981,55889,elvis,m,1981-04-14,E4M01981,0.6888888888888888,1.0,0,0,0
33625,33624,60578,sharonda,campbell,1986-01-30,S6C51986,60578,sharonda,campbell,1986-01-30,S6C51986,1.0,1.0,1,1,1
33626,33624,60578,sharonda,campbell,1986-01-30,S6C51986,60578,sharonda,campbell,1986-01-30,S6C51986,1.0,1.0,1,1,1
33626,33625,60578,sharonda,campbell,1986-01-30,S6C51986,60578,sharonda,campbell,1986-01-30,S6C51986,1.0,1.0,1,1,1
33635,33633,53945,beatriz,manjarrezgutierrez,1983-09-19,B3M51983,53945,beatriz,manjarrezgutierrez,1983-09-19,B3M51983,1.0,1.0,1,1,1
33644,33642,60642,asmbi,dampier,1993-04-19,A2D51993,60642,asjk,dampier,1993-04-19,A2D51993,0.6333333333333333,1.0,1,1,1
33659,33657,60651,trayvontae,soynke,1995-11-29,T6S51995,60651,trayvontae,saunders,1995-11-29,T6S51995,1.0,0.625,1,1,1
33668,33666,60610,keanne,sybhs,1983-11-17,K5S11983,60610,keanne,sibblies,1983-11-17,K5S11983,1.0,0.6583333333333333,1,1,1
33702,30122,59534,ti,miller,1963-07-14,T0M41963,59534,ty,miller,1963-07-14,T0M41963,0.6666666666666666,1.0,1,1,1
33703,30121,59534,terry,miller,1963-07-14,T6M41963,59534,terry,miller,1963-07-14,T6M41963,1.0,1.0,1,1,1
33710,33708,60631,natalie,delgado,1993-01-04,N3D41993,60631,natalie,delgado,1993-02-02,N3D41993,1.0,1.0,0,1,1
33713,33712,60648,nickson,marcellus,1996-07-11,N2M61996,60648,nickson,marcellus,1996-07-11,N2M61996,1.0,1.0,1,1,1
33718,13158,60635,jii,williams,1994-09-03,J0W41994,46514,je,walker,1994-05-30,J0W41994,0.611111111111111,0.5277777777777778,0,0,0
33718,21915,60635,jii,williams,1994-09-03,J0W41994,57094,joe,williams,1994-10-22,J0W41994,0.5555555555555555,1.0,0,0,0
33719,20246,60635,jevon,williams,1994-09-05,J1W41994,56619,jovaughn,walker,1994-02-20,J1W41994,0.6833333333333332,0.5277777777777778,0,0,0
33733,7535,60613,luis,p,1991-05-02,L2P01991,53033,leighton,p,1991-09-23,L2P01991,0.5833333333333334,1.0,0,0,0
33735,12952,54511,donald,downing,1962-02-11,D5D51962,54511,donald,downing,1962-02-11,D5D51962,1.0,1.0,1,1,1
33742,10424,60643,andino,cruz,1986-10-26,A5C61986,53862,anthony,carroll,1986-09-28,A5C61986,0.6626984126984127,0.5952380952380952,0,0,0
33743,10424,60643,andino,cruz,1986-10-26,A5C61986,53862,anthony,carroll,1986-09-28,A5C61986,0.6626984126984127,0.5952380952380952,0,0,0
33743,33742,60643,andino,cruz,1986-10-26,A5C61986,60643,andino,cruz,1986-10-26,A5C61986,1.0,1.0,1,1,1
33749,12650,60640,angela,connelly,1991-01-02,A5C51991,40847,ahmed,cgmp,1991-04-17,A5C51991,0.5777777777777778,0.4583333333333333,0,0,0
33755,27068,60612,curtis,woolwine,1986-01-09,C6W41986,58658,courtney,walraven,1986-04-22,C6W41986,0.75,0.5833333333333334,0,0,0
33767,33766,60655,douw,smit,1943-08-08,D0S51943,60655,douw,smit,1943-08-08,D0S51943,1.0,1.0,1,1,1
33784,24578,60688,jfiw,jej,1981-09-25,J1J21981,57941,juvince,jacques,1981-12-09,J1J21981,0.5952380952380952,0.4920634920634921,0,0,0
33790,2928,47770,andre,barrington,1989-06-22,A5B61989,51693,antwan,brooks,1989-03-07,A5B61989,0.5777777777777778,0.5111111111111111,0,0,0
33802,33801,60659,ryan,leonard,1984-02-22,R5L51984,60659,ryan,leonard,1984-02-22,R5L51984,1.0,1.0,1,1,1
33805,27794,60670,renzo,tqrso,1981-02-06,R5T21981,58884,rianna,tx,1981-10-01,R5T21981,0.5777777777777778,0.5666666666666667,0,0,0
33815,17566,60685,rose,vilma,1991-03-26,R2V41991,55854,rz,voltaire,1991-05-15,R2V41991,0.5833333333333334,0.6583333333333333,0,0,0
33818,31638,60689,juan,dejx,1982-05-10,J5D21982,18271,jamar,dixon,1982-07-05,J5D21982,0.6333333333333333,0.6333333333333333,0,0,0
33818,31639,60689,juan,dejx,1982-05-10,J5D21982,18271,jamar,dixon,1982-07-05,J5D21982,0.6333333333333333,0.6333333333333333,0,0,0
33819,9166,60666,brain,wallack,1975-10-08,B6W41975,53490,brian,williams,1975-02-03,B6W41975,0.9466666666666664,0.6904761904761904,0,0,0
33830,27827,31946,ashley,reyes,1991-08-28,A2R21991,31946,ashley,reyes,1991-08-22,A2R21991,1.0,1.0,0,1,1
33866,32605,49112,dave,qqgci,1993-03-25,D1Q01993,45901,dfd,qi,1993-09-24,D1Q01993,0.5277777777777778,0.5666666666666667,0,0,0
33869,33868,60678,r,talon,1983-05-26,R0T41983,60678,ri,talon,1983-05-26,R0T41983,0.8500000000000001,1.0,1,1,1
33871,1922,60684,angel,moran,1980-03-22,A5M61980,51368,anu,martinez,1980-11-01,A5M61980,0.6888888888888888,0.6833333333333332,0,0,0
33891,1142,35453,robert,grace,1976-01-01,R1G61976,35453,robert,grace,1976-01-04,R1G61976,1.0,1.0,0,1,1
33893,1142,35453,robert,grace,1976-01-01,R1G61976,35453,robert,grace,1976-01-04,R1G61976,1.0,1.0,0,1,1
33893,33891,35453,robert,grace,1976-01-01,R1G61976,35453,robert,grace,1976-01-01,R1G61976,1.0,1.0,1,1,1
33913,33912,60700,fabrice,acac,1988-10-02,F1A21988,60700,fabrice,auexasr,1988-10-02,F1A21988,1.0,0.5952380952380952,1,1,1
33923,33922,60698,anthony,louis,1966-11-05,A5L21966,60698,anthony,louis,1966-10-05,A5L21966,1.0,1.0,0,1,1
33925,33924,60702,laurence,stevens,1981-11-04,L6S31981,60702,laurence,stevens,1981-11-04,L6S31981,1.0,1.0,1,1,1
33943,33942,60710,michael,flores,1989-05-26,M2F41989,60710,michael,flores,1989-05-27,M2F41989,1.0,1.0,0,1,1
33991,9166,53490,brian,williams,1975-02-03,B6W41975,53490,brian,williams,1975-02-03,B6W41975,1.0,1.0,1,1,1
33991,33819,53490,brian,williams,1975-02-03,B6W41975,60666,brain,wallack,1975-10-08,B6W41975,0.9466666666666664,0.6904761904761904,0,0,0
33997,33996,60195,in,llanos,1990-03-06,I5L51990,60195,iyana,llanos,1990-03-06,I5L51990,0.5666666666666667,1.0,1,1,1
34004,34002,53878,kayla,bergeron,1962-11-15,K4B61962,53878,kayla,bergeron,1962-11-15,K4B61962,1.0,1.0,1,1,1
34008,18185,60715,ameer,abdul-malik,1994-10-01,A5A11994,56043,ana,avellaneda,1994-02-10,A5A11994,0.5111111111111111,0.5045454545454545,0,0,0
34013,34011,60727,michael,orton,1971-05-27,M2O61971,60727,michael,orton,1971-03-27,M2O61971,1.0,1.0,0,1,1
34016,19065,42782,kianna,m,1993-10-10,K5M01993,36165,kionte,mai,1993-08-14,K5M01993,0.6666666666666666,0.7999999999999999,0,0,0
34024,34023,60719,ignacio,choreno,1970-02-02,I2C61970,60719,ignacio,choreno,1970-02-02,I2C61970,1.0,1.0,1,1,1
34039,31056,60748,tcrvn,matthews,1992-04-16,T2M31992,59840,tisn,matthews,1992-04-16,T2M31992,0.6333333333333333,1.0,1,1,0
34056,33655,60751,andrew,robinson,1982-07-23,A5R11982,60614,anthony,roberts,1982-01-07,A5R11982,0.5396825396825397,0.6904761904761904,0,0,0
34078,34077,54819,camdue,smart,1993-10-29,C5S51993,54819,cambrell,smart,1993-10-29,C5S51993,0.8055555555555556,1.0,1,1,1
34087,26981,60732,ueanlh,kaymlfa,1991-12-31,U5K51991,58646,unique,kqn,1991-10-05,U5K51991,0.5555555555555555,0.4920634920634921,0,0,0
34098,10800,60777,michael,carragino,1988-12-26,M2C61988,53960,michael,corker,1988-09-20,M2C61988,1.0,0.611111111111111,0,0,0
34098,10801,60777,michael,carragino,1988-12-26,M2C61988,53960,michael,corker,1988-09-20,M2C61988,1.0,0.611111111111111,0,0,0
34101,30766,17688,mach,pavone,1970-01-24,M2P11970,17688,michael,pavone,1970-01-24,M2P11970,0.7535714285714287,1.0,1,1,1
34102,15258,17688,michael,prvn,1970-01-24,M2P61970,55137,maxine,peart,1970-05-29,M2P61970,0.6428571428571429,0.4833333333333333,0,0,0
34102,15259,17688,michael,prvn,1970-01-24,M2P61970,55137,muxxs,peart,1970-03-29,M2P61970,0.4476190476190476,0.4833333333333333,0,0,0
34102,15260,17688,michael,prvn,1970-01-24,M2P61970,55137,maxine,peart,1970-05-24,M2P61970,0.6428571428571429,0.4833333333333333,0,0,0
34106,34105,60760,michelle,latortue,1989-09-02,M2L31989,60760,michelle,latortue,1989-09-02,M2L31989,1.0,1.0,1,1,1
34120,34119,60763,john,cambareri,1968-10-10,J5C51968,60763,john,cambareri,1968-10-10,J5C51968,1.0,1.0,1,1,1
34121,34119,60763,john,cambm,1968-10-10,J5C51968,60763,john,cambareri,1968-10-10,J5C51968,1.0,0.8488888888888889,1,1,1
34121,34120,60763,john,cambm,1968-10-10,J5C51968,60763,john,cambareri,1968-10-10,J5C51968,1.0,0.8488888888888889,1,1,1
34137,25014,60775,rstla,hernandezposadas,1987-10-26,R2H61987,22874,rgmlar,harris,1987-12-06,R2H61987,0.7300000000000001,0.5555555555555555,0,0,0
34137,25015,60775,rstla,hernandezposadas,1987-10-26,R2H61987,22874,richard,harris,1987-12-06,R2H61987,0.5619047619047619,0.5555555555555555,0,0,0
34142,34140,60754,edwin,vives,1958-11-14,E3V11958,60754,edwin,vives,1958-11-14,E3V11958,1.0,1.0,1,1,1
34155,13931,60782,richard,r,1974-10-18,R2R01974,54804,rexford,r,1974-05-15,R2R01974,0.6190476190476191,1.0,0,0,0
34170,2742,60773,donald,mp,1956-03-17,D5M11956,4994,daniel,mpfru,1956-01-05,D5M11956,0.6944444444444443,0.84,0,0,0
34175,34173,47455,valerio,neil,1953-07-20,V4N41953,47455,valerio,neil,1953-05-20,V4N41953,1.0,1.0,0,1,1
34197,19551,60755,christian,jeo,1977-01-12,C6J01977,55823,christina,j,1977-06-27,C6J01977,0.9777777777777776,0.7999999999999999,0,1,0
34204,2902,60774,anthony,te,1972-03-13,A5T01972,31864,anthony,to,1972-08-23,A5T01972,1.0,0.6666666666666666,0,0,0
34209,33666,60610,keanne,sibblies,1983-11-17,K5S11983,60610,keanne,sibblies,1983-11-17,K5S11983,1.0,1.0,1,1,1
34209,33668,60610,keanne,sibblies,1983-11-17,K5S11983,60610,keanne,sybhs,1983-11-17,K5S11983,1.0,0.6583333333333333,1,1,1
34215,26251,60762,john,ksns,1984-12-29,J5K51984,58382,john,knp,1984-12-18,J5K51984,1.0,0.75,0,0,0
34219,34218,60769,baldeo,peararay,1977-07-17,B4P61977,60769,baldeo,peararay,1977-07-19,B4P61977,1.0,1.0,0,1,1
34223,34222,37618,corey,studemire,1981-04-26,C6S31981,37618,corey,studemire,1981-04-26,C6S31981,1.0,1.0,1,1,1
34233,27576,60817,eyoad,mcfi,1991-08-12,E3M21991,58795,edward,mckennie,1991-09-18,E3M21991,0.7300000000000001,0.7666666666666667,0,0,0
34235,27576,60817,edward,mj,1991-08-12,E3M21991,58795,edward,mckennie,1991-09-18,E3M21991,1.0,0.5416666666666666,0,0,0
34235,34233,60817,edward,mj,1991-08-12,E3M21991,60817,eyoad,mcfi,1991-08-12,E3M21991,0.7300000000000001,0.5833333333333334,1,1,1
34239,22736,60808,jose,mop,1981-06-21,J2M11981,8556,jose,mpds,1981-09-15,J2M11981,1.0,0.75,0,0,0
34248,2766,60796,justin,corv,1994-11-08,J2C61994,51636,jasmine,cureton,1994-08-24,J2C61994,0.7714285714285715,0.5952380952380952,0,0,0
34248,2767,60796,justin,corv,1994-11-08,J2C61994,51636,jasmine,cureton,1994-08-24,J2C61994,0.7714285714285715,0.5952380952380952,0,0,0
34254,23208,60815,jokpw,daifmit,1989-06-24,J2D11989,57512,joseph,dov,1989-10-19,J2D11989,0.76,0.4920634920634921,0,0,0
34266,15729,60794,st,uzderwdv,1990-03-29,S3U21990,6207,steven,uuzlt,1990-12-07,S3U21990,0.8222222222222222,0.5499999999999999,0,0,0
34277,34276,60798,henry,zukowski,1958-07-31,H5Z21958,60798,henry,zukowski,1958-07-31,H5Z21958,1.0,1.0,1,1,1
34284,6996,60816,caridad,garcia,1979-11-13,C6G61979,52866,crn,grhr,1979-12-03,C6G61979,0.6507936507936508,0.611111111111111,0,0,0
34286,2358,60816,dqzrda,garcia,1979-11-13,D2G61979,51502,dwight,gray,1979-06-29,D2G61979,0.4444444444444444,0.6388888888888888,0,0,0
34286,20901,60816,dqzrda,garcia,1979-11-13,D2G61979,51502,dwight,gray,1979-06-29,D2G61979,0.4444444444444444,0.6388888888888888,0,0,0
34286,20903,60816,dqzrda,garcia,1979-11-13,D2G61979,51502,dwight,gray,1979-06-29,D2G61979,0.4444444444444444,0.6388888888888888,0,0,0
34314,29094,60814,frederick,carn,1992-02-25,F6C61992,59245,frldger,cart,1992-08-06,F6C61992,0.6899470899470899,0.8833333333333334,0,0,0
34334,27719,60799,roshane,ns,1992-03-01,R2N21992,32468,rozanna,nicholson,1992-07-25,R2N21992,0.7714285714285715,0.5370370370370371,0,0,0
34343,18621,56147,jesus,roa,1970-07-18,J2R01970,56147,jesus,roa,1970-07-18,J2R01970,1.0,1.0,1,1,1
34352,34350,60848,obdulio,torr,1965-01-08,O1T61965,60848,obdulio,torresgalvan,1965-01-08,O1T61965,1.0,0.8666666666666666,1,1,1
34362,23276,57509,jac,dundis,1992-01-30,J2D51992,57509,joshua,dundis,1992-01-30,J2D51992,0.5,1.0,1,1,1
34363,23276,57509,joshua,dundis,1992-09-30,J2D51992,57509,joshua,dundis,1992-01-30,J2D51992,1.0,1.0,0,1,1
34363,34362,57509,joshua,dundis,1992-09-30,J2D51992,57509,jac,dundis,1992-01-30,J2D51992,0.5,1.0,0,0,1
34406,13508,54674,deborah,spoth,1961-07-18,D1S11961,54674,deborah,spoth,1961-04-18,D1S11961,1.0,1.0,0,1,1
34420,9890,60831,gerrod,jays,1984-01-19,G6J21984,14531,grmxar,jackson,1984-01-25,G6J21984,0.6666666666666666,0.7809523809523811,0,0,0
34421,34419,60831,gerrod,taylor,1984-11-19,G6T41984,60831,gerrod,taylor,1984-01-19,G6T41984,1.0,1.0,0,1,1
34426,17523,13790,jose,bruno,1988-03-21,J2B61988,13790,jose,bruno,1988-03-31,J2B61988,1.0,1.0,0,1,1
34430,34429,60849,daniel,mwrie,1977-09-28,D5M61977,60849,daniel,martino,1977-08-28,D5M61977,1.0,0.6761904761904761,0,0,1
34445,13142,55075,deferi,mo,1984-12-07,D1M01984,54549,devorist,ma,1984-01-25,D1M01984,0.7777777777777778,0.6666666666666666,0,0,0
34450,5104,31761,amanda,johnson,1987-12-09,A5J51987,52338,anthony,jenkins,1987-04-10,A5J51987,0.5396825396825397,0.6309523809523809,0,0,0
34450,5105,31761,amanda,johnson,1987-12-09,A5J51987,52338,antm,jenkins,1987-04-10,A5J51987,0.6388888888888888,0.6309523809523809,0,0,0
34483,34482,60873,chris,janes,1955-08-13,C6J51955,60873,chris,janes,1955-08-17,C6J51955,1.0,1.0,0,1,1
34484,34482,60873,chris,janes,1955-08-17,C6J51955,60873,chris,janes,1955-08-17,C6J51955,1.0,1.0,1,1,1
34484,34483,60873,chris,janes,1955-08-17,C6J51955,60873,chris,janes,1955-08-13,C6J51955,1.0,1.0,0,1,1
34486,8128,60856,brianna,mgwkiw,1994-08-31,B6M21994,53187,brittney,mason,1994-10-19,B6M21994,0.6904761904761904,0.4555555555555555,0,0,0
34486,13143,60856,brianna,mgwkiw,1994-08-31,B6M21994,54558,bryeon,mack,1994-08-06,B6M21994,0.6428571428571429,0.611111111111111,0,0,0
34550,34548,60879,rogrigo,penaranda,1980-11-04,R2P51980,60879,rogrigo,penaranda,1980-10-04,R2P51980,1.0,1.0,0,1,1
34571,25629,49180,kevin,eason,1994-09-25,K1E21994,50493,kav,ekw,1994-06-17,K1E21994,0.6888888888888888,0.5111111111111111,0,0,0
34576,34575,60885,winston,hewitt,1982-09-23,W5H31982,60885,winston,hewitt,1982-09-27,W5H31982,1.0,1.0,0,1,1
34579,34578,60901,joseph,apollon,1965-01-25,J2A11965,60901,joseph,apollon,1965-01-25,J2A11965,1.0,1.0,1,1,1
34583,1184,51151,pedro,rnvki,1970-05-03,P3R51970,51151,pedro,rnh,1970-05-03,P3R51970,1.0,0.6888888888888888,1,1,1
34586,11927,60890,ga,ryabov,1976-06-28,G0R11976,54289,gc,rpf,1976-09-23,G0R11976,0.6666666666666666,0.5,0,0,0
34601,34600,60893,micheal,brown,1992-03-29,M2B61992,60893,micheal,brown,1992-03-29,M2B61992,1.0,1.0,1,1,1
34603,34602,60904,andrew,pardo,1979-01-17,A5P61979,60904,andrew,pardo,1979-01-17,A5P61979,1.0,1.0,1,1,1
34615,34081,60891,denzel,lepe,1994-06-29,D5L11994,60712,daniel,laffite,1994-11-05,D5L11994,0.7999999999999999,0.4642857142857142,0,0,0
34661,34660,60941,rabe,janvier,1990-08-20,R1J51990,60941,rabe,janvier,1990-08-20,R1J51990,1.0,1.0,1,1,1
34676,34674,54524,kqa,rodriquez,1979-07-02,K0R31979,54524,kia,rodriquez,1979-07-05,K0R31979,0.7999999999999999,1.0,0,1,1
34682,34681,60930,juan,ceo,1971-12-22,J5C01971,60930,juan,cga,1971-02-22,J5C01971,1.0,0.5555555555555555,0,0,1
34688,32344,60926,douglas,pineda,1978-09-12,D2P51978,46242,dhojlfa,phengkhamphath,1978-06-03,D2P51978,0.7428571428571429,0.5674603174603174,0,0,0
34698,26799,949,chedline,moise,1987-05-05,C3M21987,949,chedline,moise,1987-05-05,C3M21987,1.0,1.0,1,1,1
34698,26801,949,chedline,moise,1987-05-05,C3M21987,949,chedline,moise,1987-05-25,C3M21987,1.0,1.0,0,1,1
34700,26799,949,chedline,moise,1987-05-05,C3M21987,949,chedline,moise,1987-05-05,C3M21987,1.0,1.0,1,1,1
34700,26801,949,chedline,moise,1987-05-05,C3M21987,949,chedline,moise,1987-05-25,C3M21987,1.0,1.0,0,1,1
34700,34698,949,chedline,moise,1987-05-05,C3M21987,949,chedline,moise,1987-05-05,C3M21987,1.0,1.0,1,1,1
34736,34735,20342,ryan,jones,1988-07-18,R5J51988,20342,ryan,jones,1988-07-18,R5J51988,1.0,1.0,1,1,1
34745,8464,60921,rp,teart,1992-02-24,R1T61992,16814,rafael,torres,1992-02-20,R1T61992,0.5555555555555555,0.5777777777777778,0,0,0
34745,25426,60921,rp,teart,1992-02-24,R1T61992,16814,rafael,torres,1992-04-20,R1T61992,0.5555555555555555,0.5777777777777778,0,0,0
34757,23118,60945,michael,mzsd,1991-11-10,M2M21991,57473,megan,mcnulty,1991-07-28,M2M21991,0.5619047619047619,0.4642857142857142,0,0,0
34757,23120,60945,michael,mzsd,1991-11-10,M2M21991,57473,megan,mcnulty,1991-07-28,M2M21991,0.5619047619047619,0.4642857142857142,0,0,0
34769,34768,60948,keith,hanks,1992-09-05,K3H51992,60948,keith,hanks,1992-09-03,K3H51992,1.0,1.0,0,1,1
34777,83,5391,lasnoe,bqad,1978-05-30,L2B21978,29205,lkeks,bzsor,1978-11-10,L2B21978,0.5777777777777778,0.4833333333333333,0,0,0
34777,31755,5391,lasnoe,bqad,1978-05-30,L2B21978,60071,lyzl,bcawtw,1978-02-07,L2B21978,0.4722222222222221,0.611111111111111,0,0,0
34787,34786,60959,charlotta,jansonkellman,1969-11-26,C6J51969,60959,charlotta,jansonkellman,1969-12-22,C6J51969,1.0,1.0,0,1,1
34793,12311,60975,d,morley,1970-12-19,D0M61970,54381,d,martinez,1970-07-28,D0M61970,1.0,0.625,0,0,0
34801,34800,1409,keevin,mackeroy,1985-06-08,K1M21985,1409,keevin,mjckk,1985-06-08,K1M21985,1.0,0.6583333333333333,1,1,1
34821,31869,60951,christopher,risor,1976-12-14,C6R21976,60102,cordy,richardson,1976-11-09,C6R21976,0.5272727272727272,0.6333333333333333,0,0,0
34821,31871,60951,christopher,risor,1976-12-14,C6R21976,60102,cordy,richardson,1976-11-09,C6R21976,0.5272727272727272,0.6333333333333333,0,0,0
34822,31869,60951,christopher,risor,1976-10-14,C6R21976,60102,cordy,richardson,1976-11-09,C6R21976,0.5272727272727272,0.6333333333333333,0,0,0
34822,31871,60951,christopher,risor,1976-10-14,C6R21976,60102,cordy,richardson,1976-11-09,C6R21976,0.5272727272727272,0.6333333333333333,0,0,0
34822,34821,60951,christopher,risor,1976-10-14,C6R21976,60951,christopher,risor,1976-12-14,C6R21976,1.0,1.0,0,1,1
34832,25541,49929,j,wh,1991-06-12,J0W01991,50767,jgs,w,1991-06-25,J0W01991,0.7999999999999999,0.8500000000000001,0,0,0
34840,15398,60970,anhnhi,ng,1989-08-11,A5N21989,55016,anthony,newson,1989-04-24,A5N21989,0.7968253968253969,0.5555555555555555,0,0,0
34848,9369,60976,michael,mcxotri,1984-08-03,M2M21984,53545,mgh,mikolashek,1984-10-31,M2M21984,0.6507936507936508,0.4952380952380952,0,0,0
34848,28284,60976,michael,mcxotri,1984-08-03,M2M21984,59025,mjl,mcdougle,1984-01-20,M2M21984,0.4920634920634921,0.6011904761904762,0,0,0
34849,9369,60976,michael,mctwnz,1984-08-03,M2M21984,53545,mgh,mikolashek,1984-10-31,M2M21984,0.6507936507936508,0.4222222222222222,0,0,0
34849,28284,60976,michael,mctwnz,1984-08-03,M2M21984,59025,mjl,mcdougle,1984-01-20,M2M21984,0.4920634920634921,0.5277777777777778,0,0,0
34849,34848,60976,michael,mctwnz,1984-08-03,M2M21984,60976,michael,mcxotri,1984-08-03,M2M21984,1.0,0.6428571428571429,1,1,1
34850,9369,60976,michael,mckenzie,1984-08-03,M2M21984,53545,mgh,mikolashek,1984-10-31,M2M21984,0.6507936507936508,0.5583333333333333,0,0,0
34850,28284,60976,michael,mckenzie,1984-08-03,M2M21984,59025,mjl,mcdougle,1984-01-20,M2M21984,0.4920634920634921,0.5833333333333334,0,0,0
34850,34848,60976,michael,mckenzie,1984-08-03,M2M21984,60976,michael,mcxotri,1984-08-03,M2M21984,1.0,0.6011904761904762,1,1,1
34850,34849,60976,michael,mckenzie,1984-08-03,M2M21984,60976,michael,mctwnz,1984-08-03,M2M21984,1.0,0.7777777777777778,1,1,1
34861,27481,60947,robert,dukes,1964-02-12,R1D21964,58808,roberto,diaz,1964-11-12,R1D21964,0.9714285714285714,0.4833333333333333,0,0,0
34871,34870,60982,barbara,sanchez escobar,1992-12-04,B6S51992,60982,byrbd,sanchez escobar,1992-12-04,B6S51992,0.6761904761904761,1.0,1,1,1
34885,24704,60950,patrice,sha,1963-04-02,P3S01963,57927,peter,s,1963-02-12,P3S01963,0.6761904761904761,0.7999999999999999,0,0,0
34895,34893,60968,jacob,maynard,1982-01-17,J2M51982,60968,jacob,maynard,1982-06-17,J2M51982,1.0,1.0,0,1,1
34896,14923,60998,ghork,defelice,1991-02-04,G6D11991,46321,gregory,davis,1991-09-12,G6D11991,0.565079365079365,0.5499999999999999,0,0,0
34915,25398,47684,sea,peau,1988-09-05,S0P01988,7303,s,py,1988-07-25,S0P01988,0.7999999999999999,0.5833333333333334,0,0,0
34916,25399,47684,shanaice,pinkney,1988-09-05,S5P51988,7303,shankera,pbny,1988-07-25,S5P51988,0.8666666666666667,0.5952380952380952,0,0,0
34933,26165,58348,john,guillaume,1994-05-20,J5G41994,58348,john,guiolar,1994-05-29,J5G41994,1.0,0.8296296296296296,0,1,1
34934,26165,58348,john,guillaume,1994-05-20,J5G41994,58348,john,guiolar,1994-05-29,J5G41994,1.0,0.8296296296296296,0,1,1
34934,34933,58348,john,guillaume,1994-05-20,J5G41994,58348,john,guillaume,1994-05-20,J5G41994,1.0,1.0,1,1,1
34938,3163,60987,y,bessard,1993-06-13,Y0B21993,51752,y,bbs,1993-09-27,Y0B21993,1.0,0.6507936507936508,0,0,0
34956,5720,40286,anton,bryant,1983-07-10,A5B61983,40286,anton,bryant,1983-06-10,A5B61983,1.0,1.0,0,1,1
34956,30268,40286,anton,bryant,1983-07-10,A5B61983,59597,anthony,bersk,1983-02-14,A5B61983,0.9333333333333332,0.5777777777777778,0,0,0
34957,5720,40286,anton,bryant,1983-06-10,A5B61983,40286,anton,bryant,1983-06-10,A5B61983,1.0,1.0,1,1,1
34957,30268,40286,anton,bryant,1983-06-10,A5B61983,59597,anthony,bersk,1983-02-14,A5B61983,0.9333333333333332,0.5777777777777778,0,0,0
34957,34956,40286,anton,bryant,1983-06-10,A5B61983,40286,anton,bryant,1983-07-10,A5B61983,1.0,1.0,0,1,1
34961,1312,61010,jose,gomez,1977-08-19,J2G51977,51168,jose,gomez,1977-02-02,J2G51977,1.0,1.0,0,1,0
34975,24541,38617,qov,williams,1989-07-22,Q1W41989,18900,qpvxl,wylloo,1989-08-25,Q1W41989,0.6888888888888888,0.625,0,0,0
35005,2817,61054,john,sq,1960-10-11,J5S01960,51675,john,sw,1960-09-29,J5S01960,1.0,0.6666666666666666,0,0,0
35005,2818,61054,john,sq,1960-10-11,J5S01960,51675,john,sa,1960-06-29,J5S01960,1.0,0.6666666666666666,0,0,0
35005,8462,61054,john,sq,1960-10-11,J5S01960,13795,james,si,1960-09-22,J5S01960,0.4833333333333333,0.6666666666666666,0,0,0
35008,13728,45090,daniel,aas,1971-02-15,D5A21971,54734,dennis,axmmind,1971-09-17,D5A21971,0.6666666666666666,0.4920634920634921,0,0,0
35015,35013,61038,christopher,hampton,1982-03-20,C6H51982,61038,christopher,hampton,1982-03-20,C6H51982,1.0,1.0,1,1,1
35063,13153,61067,dtj,campos,1962-12-15,D2C51962,54573,dqm,conroy,1962-09-05,D2C51962,0.5555555555555555,0.5555555555555555,0,0,0
35076,9258,61014,csi,w,1992-05-02,C0W01992,30942,cy,w,1992-10-14,C0W01992,0.611111111111111,1.0,0,0,0
35078,18783,61014,cortay,wells,1993-05-02,C6W41993,56231,corey,williams,1993-01-09,C6W41993,0.8755555555555556,0.7899999999999999,0,0,0
35078,18785,61014,cortay,wells,1993-05-02,C6W41993,56231,corey,wilwqb,1993-01-09,C6W41993,0.8755555555555556,0.5777777777777778,0,0,0
35078,21645,61014,cortay,wells,1993-05-02,C6W41993,49819,charleston,wileh,1993-12-11,C6W41993,0.6055555555555555,0.6,0,0,0
35091,27119,51119,dihnjso,py,1990-05-16,D5P01990,58702,dnana,ph,1990-09-07,D5P01990,0.5619047619047619,0.6666666666666666,0,0,0
35098,23021,61069,tlist,singleton,1989-12-22,T4S51989,57430,tyler,sknha,1989-06-01,T4S51989,0.6,0.5407407407407407,0,0,0
35113,35112,61041,marlene,decarlos,1956-08-17,M6D21956,61041,marlene,decjul,1956-08-17,M6D21956,1.0,0.8055555555555556,1,1,1
35117,2367,61060,allen,vzsu,1971-03-03,A4V21971,51510,alfred,vqrd,1971-11-30,A4V21971,0.76,0.5,0,0,0
35128,35127,49440,lee,fitzgerald,1967-11-05,L0F31967,49440,lee,fitzgerald,1967-11-05,L0F31967,1.0,1.0,1,1,1
35138,33431,61057,julie,axmsqro,1960-10-02,J4A21960,60544,julia,acosta,1960-04-06,J4A21960,0.92,0.5396825396825397,0,0,0
35157,12170,61050,john,hiru,1979-06-13,J5H61979,27261,jamie,harris,1979-12-11,J5H61979,0.4833333333333333,0.611111111111111,0,0,0
35160,32157,61094,gisela,martinez-feliciano,1971-01-14,G2M61971,60186,gisela,maretinez,1971-03-14,G2M61971,1.0,0.8055555555555556,0,1,0
35160,32158,61094,gisela,martinez-feliciano,1971-01-14,G2M61971,60186,gisela,maretinez,1971-03-13,G2M61971,1.0,0.8055555555555556,0,1,0
35161,32157,61094,gisela,martinez-feliciano,1971-05-14,G2M61971,60186,gisela,maretinez,1971-03-14,G2M61971,1.0,0.8055555555555556,0,1,0
35161,32158,61094,gisela,martinez-feliciano,1971-05-14,G2M61971,60186,gisela,maretinez,1971-03-13,G2M61971,1.0,0.8055555555555556,0,1,0
35161,35160,61094,gisela,martinez-feliciano,1971-05-14,G2M61971,61094,gisela,martinez-feliciano,1971-01-14,G2M61971,1.0,1.0,0,1,1
35164,13833,61087,joseph,janes,1986-10-14,J2J51986,54764,jazze,johnson,1986-09-29,J2J51986,0.5777777777777778,0.6761904761904761,0,0,0
35164,19713,61087,joseph,janes,1986-10-14,J2J51986,43501,joshua,johnson,1986-08-28,J2J51986,0.8444444444444443,0.6761904761904761,0,0,0
35167,35166,61074,lloyd,kapell,1971-10-01,L3K11971,61074,lloyd,kafnb,1971-10-01,L3K11971,1.0,0.5777777777777778,1,1,1
35172,8455,61079,mc,alamo,1995-06-08,M2A41995,53295,mz,alvarez,1995-04-10,M2A41995,0.6666666666666666,0.6761904761904761,0,0,0
35195,35193,61089,gusdino,zaren,1971-09-27,G2Z61971,61089,gusdino,zaren,1971-09-07,G2Z61971,1.0,1.0,0,1,1
35207,35205,61088,leroy,lake,1982-03-09,L6L21982,61088,leroy,lake,1982-03-09,L6L21982,1.0,1.0,1,1,1
35234,35233,61081,erik,acosta,1983-08-17,E6A21983,61081,erik,acosta,1983-08-11,E6A21983,1.0,1.0,0,1,1
35242,29908,59475,bruce,brundage,1986-06-09,B6B61986,59475,bruce,brundage,1986-06-07,B6B61986,1.0,1.0,0,1,1
35245,35244,61098,christopher,myers,1987-04-12,C6M61987,61098,christopher,myers,1987-04-12,C6M61987,1.0,1.0,1,1,1
35254,15545,61097,nh,powell,1990-11-16,N0P41990,55236,nu,pl,1990-05-17,N0P41990,0.6666666666666666,0.5555555555555555,0,0,0
35266,23498,20838,berton,michel,1988-09-09,B6M21988,57580,brian,mj,1988-08-31,B6M21988,0.7300000000000001,0.5555555555555555,0,0,0
35267,23498,20838,berton,michel,1988-09-09,B6M21988,57580,brian,mj,1988-08-31,B6M21988,0.7300000000000001,0.5555555555555555,0,0,0
35267,35266,20838,berton,michel,1988-09-09,B6M21988,20838,berton,michel,1988-09-09,B6M21988,1.0,1.0,1,1,1
35288,22130,61106,daniel,besz,1993-10-02,D5B21993,57157,daniel,bgue,1993-08-27,D5B21993,1.0,0.5,0,0,0
35303,5900,61142,rodrick,phillips,1953-02-24,R3P41953,52586,rodrick,phillips,1953-03-24,R3P41953,1.0,1.0,0,1,0
35321,35320,61110,matthew,anderson,1991-06-05,M3A51991,61110,matthew,anderson,1991-06-05,M3A51991,1.0,1.0,1,1,1
35333,35331,61161,fred,spruill,1975-12-05,F6S11975,61161,fred,spruill,1975-12-05,F6S11975,1.0,1.0,1,1,1
35348,35347,61136,rolfi,her,1975-06-27,R4H61975,61136,rolfi,hernandez,1975-07-27,R4H61975,1.0,0.8444444444444443,0,1,1
35356,35355,61148,eduardo,diaz,1985-12-12,E3D21985,61148,eduardo,diaz,1985-12-12,E3D21985,1.0,1.0,1,1,1
35360,35359,61129,jays,batchanoo,1971-01-07,J2B31971,61129,jays,batchanoo,1971-01-05,J2B31971,1.0,1.0,0,1,1
35375,35374,61116,las,cobb,1979-02-16,L2C11979,61116,lashunda,cobb,1979-02-11,L2C11979,0.8541666666666666,1.0,0,1,1
35378,35377,39896,william,wimberly,1993-12-10,W4W51993,39896,william,wym,1993-12-19,W4W51993,1.0,0.6388888888888888,0,0,1
35383,32747,61149,tyrone,tn,1986-11-17,T6T51986,60344,tyara,thomas,1986-06-03,T6T51986,0.76,0.5555555555555555,0,0,0
35422,35421,57459,david,toledo,1978-09-05,D1T41978,57459,david,toledo,1978-05-05,D1T41978,1.0,1.0,0,1,1
35453,35452,61150,rodney,hudson,1987-12-04,R3H31987,61150,rodney,hudson,1987-12-04,R3H31987,1.0,1.0,1,1,1
35461,13251,54616,mauricio,alvarez,1969-03-06,M6A41969,54616,mauricio,alvarez,1969-03-06,M6A41969,1.0,1.0,1,1,1
35467,35466,61167,carla,ramirez,1993-01-03,C6R51993,61167,carla,ramirez,1993-01-03,C6R51993,1.0,1.0,1,1,1
35468,35466,61167,carla,ramirez,1993-01-03,C6R51993,61167,carla,ramirez,1993-01-03,C6R51993,1.0,1.0,1,1,1
35468,35467,61167,carla,ramirez,1993-01-03,C6R51993,61167,carla,ramirez,1993-01-03,C6R51993,1.0,1.0,1,1,1
35471,35469,61173,paul,laiknickas,1965-03-03,P4L21965,61173,paul,laiknickas,1965-05-03,P4L21965,1.0,1.0,0,1,1
35475,10949,61152,sy,pyq,1979-03-21,S0P21979,53992,s,piz,1979-03-13,S0P21979,0.8500000000000001,0.5555555555555555,0,0,0
35481,29878,55157,christian,vy,1992-01-09,C6V01992,59471,chrzstcq,veo,1992-02-03,C6V01992,0.8087962962962962,0.611111111111111,0,0,0
35495,35493,5665,jerry,byrd,1983-11-11,J6B61983,5665,jerry,byrd,1983-11-11,J6B61983,1.0,1.0,1,1,1
35518,35517,42708,emigdio,rodriguez,1987-02-10,E5R31987,42708,emigdio,rodriguez,1987-02-10,E5R31987,1.0,1.0,1,1,1
35519,35517,42708,emigdio,rodriguez,1987-02-10,E5R31987,42708,emigdio,rodriguez,1987-02-10,E5R31987,1.0,1.0,1,1,1
35519,35518,42708,emigdio,rodriguez,1987-02-10,E5R31987,42708,emigdio,rodriguez,1987-02-10,E5R31987,1.0,1.0,1,1,1
35529,30079,61168,matthew,buchroe,1980-05-16,M3B21980,59554,mtj,beckwer,1980-04-22,M3B21980,0.6507936507936508,0.6309523809523809,0,0,0
35550,12288,54337,maritza,valle,1991-03-01,M6V41991,54337,maritza,valle,1991-03-01,M6V41991,1.0,1.0,1,1,1
35555,29058,16322,jamaal,no,1979-07-01,J5N01979,59270,john,nih,1979-04-05,J5N01979,0.4722222222222221,0.611111111111111,0,0,0
35564,17946,61206,z,mitchell,1984-08-21,Z0M31984,55972,zw,metayer,1984-04-03,Z0M31984,0.8500000000000001,0.6011904761904762,0,0,0
35566,2318,61191,s,marko,1968-06-14,S0M61968,51520,s,morgan,1968-03-21,S0M61968,1.0,0.5777777777777778,0,0,0
35590,8860,61188,rich,l,1977-11-10,R2L01977,53399,rashidi,lee,1977-10-15,R2L01977,0.5952380952380952,0.7999999999999999,0,0,0
35590,8861,61188,rich,l,1977-11-10,R2L01977,53399,rj,lee,1977-10-11,R2L01977,0.5833333333333334,0.7999999999999999,0,0,0
35597,19552,61195,cho,c,1977-10-10,C0C01977,55823,chj,c,1977-06-24,C0C01977,0.8222222222222222,1.0,0,1,0
35601,8110,61212,michael,gr,1970-11-09,M2G61970,53168,michael,grohs,1970-10-31,M2G61970,1.0,0.84,0,1,0
35601,30311,61212,michael,gr,1970-11-09,M2G61970,59575,mnxl,gardner,1970-03-29,M2G61970,0.4642857142857142,0.7857142857142857,0,0,0
35602,8110,61212,michael,gr,1970-11-09,M2G61970,53168,michael,grohs,1970-10-31,M2G61970,1.0,0.84,0,1,0
35602,30311,61212,michael,gr,1970-11-09,M2G61970,59575,mnxl,gardner,1970-03-29,M2G61970,0.4642857142857142,0.7857142857142857,0,0,0
35602,35601,61212,michael,gr,1970-11-09,M2G61970,61212,michael,gr,1970-11-09,M2G61970,1.0,1.0,1,1,1
35617,35616,61192,eric,dominguez,1964-02-08,E6D51964,61192,eric,dominguez,1964-02-06,E6D51964,1.0,1.0,0,1,1
35633,35631,61201,regginald,peoples,1958-04-09,R2P11958,61201,regginald,peoples,1958-04-09,R2P11958,1.0,1.0,1,1,1
35657,4704,35825,sat,jeanhilaire,1993-06-10,S3J51993,52218,stephen,jones,1993-09-30,S3J51993,0.6507936507936508,0.5131313131313131,0,0,0
35657,4706,35825,sat,jeanhilaire,1993-06-10,S3J51993,52218,stephen,jones,1993-06-30,S3J51993,0.6507936507936508,0.5131313131313131,0,0,0
35659,35658,61194,stefano,rotati,1986-03-12,S3R31986,61194,stefano,rotati,1986-03-12,S3R31986,1.0,1.0,1,1,1
35669,29908,7552,bradey,birdsong,1986-06-18,B6B61986,59475,bruce,brundage,1986-06-07,B6B61986,0.76,0.6833333333333332,0,0,0
35669,35242,7552,bradey,birdsong,1986-06-18,B6B61986,59475,bruce,brundage,1986-06-09,B6B61986,0.76,0.6833333333333332,0,0,0
35672,35670,34200,lee,lester,1981-10-21,L0L21981,34200,lee,lester,1981-10-21,L0L21981,1.0,1.0,1,1,1
35716,1603,28758,terrance,murphy,1978-01-15,T6M61978,28758,terrance,murphy,1978-09-15,T6M61978,1.0,1.0,0,1,1
35735,35733,61217,lloy,phillips,1978-07-11,L0P41978,61217,lloy,phillips,1978-07-13,L0P41978,1.0,1.0,0,1,1
35761,34997,61239,john,green,1986-12-04,J5G61986,61059,jimmy,giraldo,1986-07-16,J5G61986,0.4833333333333333,0.5619047619047619,0,0,0
35767,31851,61216,aoz,fastklg,1989-07-10,A2F21989,60084,aeejl,fogel,1989-01-14,A2F21989,0.5111111111111111,0.5619047619047619,0,0,0
35773,1244,61232,michael,hceuf,1991-05-23,M2H21991,11885,mujahid,hosein,1991-11-22,M2H21991,0.5079365079365079,0.5777777777777778,0,0,0
35791,25146,28182,breyon,odx,1991-09-16,B6O31991,58065,brian,odot,1991-01-10,B6O31991,0.76,0.7777777777777778,0,0,0
35813,20814,48355,re,blux,1994-01-11,R0B41994,56740,ra,blmk,1994-11-12,R0B41994,0.6666666666666666,0.6666666666666666,0,0,0
35828,21380,61250,natasha,f,1986-06-24,N3F01986,56944,natalie,f,1986-08-21,N3F01986,0.8285714285714286,1.0,0,1,0
35842,35841,7906,alberto,rudv,1981-12-03,A4R31981,7906,alh,rodf,1981-12-02,A4R31981,0.6507936507936508,0.6666666666666666,0,0,1
35866,35865,61267,wgwa,cardal,1960-10-23,W2C61960,61267,wyche,cardal,1960-10-23,W2C61960,0.4833333333333333,1.0,1,1,1
35882,35880,35022,brisley,pierre,1981-10-12,B6P61981,35022,brisley,pierre,1981-10-19,B6P61981,1.0,1.0,0,1,1
35900,35898,61272,jesus,gazmamdin,1981-12-09,J2G21981,61272,jesus,guzmansilva,1981-12-09,J2G21981,1.0,0.6262626262626262,1,1,1
35933,35932,61281,daniot,joachim,1981-10-17,D5J21981,61281,daniot,joakbp,1981-10-13,D5J21981,1.0,0.6428571428571429,0,0,1
35951,22572,61291,james,bethea,1987-08-20,J5B31987,57306,jonah,badaracco,1987-06-13,J5B31987,0.4666666666666666,0.5185185185185185,0,0,0
35963,35962,61297,david,doughty,1975-03-26,D1D21975,61297,david,doughty,1975-03-26,D1D21975,1.0,1.0,1,1,1
35983,29597,51975,tony,mcneil,1985-11-07,T5M21985,59389,tm,mosleyjr,1985-11-30,T5M21985,0.5833333333333334,0.5138888888888888,0,0,0
35997,26085,61309,ce,romero,1985-06-13,C0R51985,58329,ciy,romero,1985-06-14,C0R51985,0.611111111111111,1.0,0,0,0
36002,36000,61315,precious,smith,1988-01-06,P6S51988,61315,precious,smith,1988-01-01,P6S51988,1.0,1.0,0,1,1
36007,36006,61294,jorge,escobar,1955-08-10,J6E21955,61294,jorge,escobar,1955-08-10,J6E21955,1.0,1.0,1,1,1
36009,4478,61311,angelina,mgrch,1970-12-25,A5M21970,52156,ana,mejarodriguez,1970-04-09,A5M21970,0.6388888888888888,0.517948717948718,0,0,0
36028,7785,61317,lee,ferrell,1983-04-09,L0F61983,53093,lee,ferrell,1983-04-09,L0F61983,1.0,1.0,1,1,0
36062,13292,61316,christopher,rucker,1987-02-14,C6R21987,54601,craig,reese,1987-02-03,C6R21987,0.6242424242424242,0.5777777777777778,0,0,0
36080,36078,61293,sheri,kucherick,1971-10-01,S6K21971,61293,sheri,kucg,1971-10-11,S6K21971,1.0,0.6944444444444443,0,0,1
36100,30087,59571,glenn,rowe,1993-10-19,G4R01993,59571,glenn,rowe,1993-10-19,G4R01993,1.0,1.0,1,1,1
36101,30087,59571,glenn,rowe,1993-10-19,G4R01993,59571,glenn,rowe,1993-10-19,G4R01993,1.0,1.0,1,1,1
36101,36100,59571,glenn,rowe,1993-10-19,G4R01993,59571,glenn,rowe,1993-10-19,G4R01993,1.0,1.0,1,1,1
36110,36108,61338,nicole,pino,1992-07-03,N2P51992,61338,nicole,pino,1992-02-03,N2P51992,1.0,1.0,0,1,1
36117,13802,61328,johnny,ross,1979-01-24,J5R21979,54733,john,rjxr,1979-10-27,J5R21979,0.9333333333333332,0.5,0,0,0
36117,21247,61328,johnny,ross,1979-01-24,J5R21979,18891,jn,rkeg,1979-09-27,J5R21979,0.7999999999999999,0.5,0,0,0
36118,13802,61328,johnny,ross,1979-01-24,J5R21979,54733,john,rjxr,1979-10-27,J5R21979,0.9333333333333332,0.5,0,0,0
36118,21247,61328,johnny,ross,1979-01-24,J5R21979,18891,jn,rkeg,1979-09-27,J5R21979,0.7999999999999999,0.5,0,0,0
36118,36117,61328,johnny,ross,1979-01-24,J5R21979,61328,johnny,ross,1979-01-24,J5R21979,1.0,1.0,1,1,1
36122,25414,61333,s,wht,1966-07-01,S0W31966,8339,sq,wood,1966-12-27,S0W31966,0.8500000000000001,0.5277777777777778,0,0,0
36137,36136,61351,aphonso,hayes,1976-08-26,A1H21976,61351,aphonso,hayes,1976-08-06,A1H21976,1.0,1.0,0,1,1
36153,15157,61345,richard,par,1988-10-07,R2P61988,55129,richard,perez,1988-05-25,R2P61988,1.0,0.6888888888888888,0,0,0
36161,3833,61340,marko,marcetic,1981-04-17,M6M61981,51961,myrr,martinez,1981-05-22,M6M61981,0.6333333333333333,0.8444444444444444,0,0,0
36180,14579,61337,breujkn,egbarin,1967-05-20,B6E21967,54953,bryant,ekr,1967-03-19,B6E21967,0.6428571428571429,0.6507936507936508,0,0,0
36188,1795,51335,jason,vanderwynkle,1982-07-09,J2V51982,51335,jason,vanderwynkle,1982-07-09,J2V51982,1.0,1.0,1,1,1
36206,36204,61344,charles,pennington,1991-03-27,C6P51991,61344,charles,pennington,1991-03-27,C6P51991,1.0,1.0,1,1,1
36235,36234,61399,andres,rodriguez,1992-03-02,A5R31992,61399,andres,rodriguez,1992-03-07,A5R31992,1.0,1.0,0,1,1
36239,36237,61381,lisa,fldj,1983-10-02,L2F41983,61381,lisa,flowers,1983-10-02,L2F41983,1.0,0.5952380952380952,1,1,1
36242,18744,29332,michael,wzriau,1982-09-03,M2W21982,5052,michael,west,1982-11-24,M2W21982,1.0,0.4722222222222221,0,0,0
36246,19734,61378,charles,v,1990-01-13,C6V01990,55273,careem,va,1990-09-09,C6V01990,0.7714285714285715,0.8500000000000001,0,0,0
36253,36252,61396,jgzuw,johnson,1992-10-15,J0J51992,61396,jae,johnson,1992-10-15,J0J51992,0.5111111111111111,1.0,1,1,1
36294,20673,29332,michael,ciriago,1982-09-23,M2C61982,56729,michael,creightney,1982-05-08,M2C61982,1.0,0.5738095238095239,0,0,0
36295,2228,29332,michael,ciriago,1962-09-23,M2C61962,51489,michael,caruso,1962-07-14,M2C61962,1.0,0.6428571428571429,0,0,0
36308,2116,61371,jane,dmwnshumpni,1986-12-09,J5D51986,51432,james,dean,1986-11-21,J5D51986,0.8266666666666667,0.5606060606060607,0,0,0
36311,19308,56397,james,bryant,1987-04-22,J5B61987,56397,james,bryant,1987-04-22,J5B61987,1.0,1.0,1,1,1
36311,19310,56397,james,bryant,1987-04-22,J5B61987,56397,james,bryant,1987-04-29,J5B61987,1.0,1.0,0,1,1
36311,24796,56397,james,bryant,1987-04-22,J5B61987,57957,james,barona,1987-07-24,J5B61987,1.0,0.6944444444444443,0,0,0
36342,815,61391,shamoree,donegan,1984-05-29,S5D51984,6727,shkmwy,dwncnl,1984-11-20,S5D51984,0.625,0.6428571428571429,0,0,0
36368,36366,61409,siah,phillips,1982-05-18,S0P41982,61409,s,phillips,1982-05-19,S0P41982,0.775,1.0,0,1,1
36371,36370,61421,vincent,bowe,1966-02-03,V5B01966,61421,vincent,bowe,1966-04-03,V5B01966,1.0,1.0,0,1,1
36389,36388,61415,jeremy,krueger,1978-03-07,J6K61978,61415,jeremy,krueger,1978-03-07,J6K61978,1.0,1.0,1,1,1
36393,26105,61411,ruben,santiago,1979-02-10,R1S51979,58321,rueben,smith,1979-07-12,R1S51979,0.9022222222222224,0.5472222222222222,0,0,0
36394,30030,61411,rsp,santiago,1979-02-19,R2S51979,59527,ricardo,sinclair,1979-12-26,R2S51979,0.4920634920634921,0.5833333333333334,0,0,0
36395,26105,61411,ruben,santiago,1979-02-19,R1S51979,58321,rueben,smith,1979-07-12,R1S51979,0.9022222222222224,0.5472222222222222,0,0,0
36395,36393,61411,ruben,santiago,1979-02-19,R1S51979,61411,ruben,santiago,1979-02-10,R1S51979,1.0,1.0,0,1,1
36396,9359,52886,joao,jussim,1989-10-11,J0J21989,52886,joao,jussim,1989-10-11,J0J21989,1.0,1.0,1,1,1
36426,6653,61407,mznj,wnpo,1989-10-19,M2W51989,52781,michael,wm,1989-03-15,M2W51989,0.4642857142857142,0.5833333333333334,0,0,0
36434,8126,59636,dominick,jenkins,1993-10-10,D5J51993,36456,dnotvjs,jones,1993-01-07,D5J51993,0.4900793650793651,0.7364285714285714,0,0,0
36434,30492,59636,dominick,jenkins,1993-10-10,D5J51993,59636,dominick,jenkins,1993-10-10,D5J51993,1.0,1.0,1,1,1
36435,31095,37324,earl,brewer,1985-10-07,E6B61985,44267,erejui,buresh,1985-02-04,E6B61985,0.611111111111111,0.6666666666666666,0,0,0
36437,34928,37324,earl,x,1986-10-07,E6X01986,60989,eriane,x,1986-09-07,E6X01986,0.6388888888888888,1.0,0,0,0
36454,7882,61432,frederick,fe,1988-05-11,F6F01988,53167,fernando,fah,1988-06-29,F6F01988,0.5648148148148148,0.611111111111111,0,0,0
36459,28559,27863,shandedra,hardy,1989-10-24,S5H61989,8538,sandy,harrell,1989-04-08,S5H61989,0.7733333333333333,0.6761904761904761,0,0,0
36464,36462,61433,ale,jolly,1955-08-02,A4J41955,61433,altly,jolly,1955-08-09,A4J41955,0.6888888888888888,1.0,0,0,1
36467,33938,61435,stephen,prem,1985-07-02,S3P61985,60706,steven,pearson,1985-07-11,S3P61985,0.8944444444444445,0.6150793650793651,0,0,0
36470,36469,61437,hakeem,fulton,1996-03-26,H2F41996,61437,hakeem,fulton,1996-01-26,H2F41996,1.0,1.0,0,1,1
36478,15349,43099,b,hdo,1990-08-14,B0H31990,55143,ba,hd,1990-03-08,B0H31990,0.8500000000000001,0.9111111111111112,0,0,0
36485,36483,21238,joe,renosa,1977-12-04,J0R51977,21238,joe,renosa,1977-12-04,J0R51977,1.0,1.0,1,1,1
36493,35818,15663,charlie,reyes,1992-02-02,C6R21992,51429,courtland,rich,1992-04-04,C6R21992,0.5873015873015873,0.4833333333333333,0,0,0
36497,36495,61452,reno,buenrostro,1974-02-22,R5B51974,61452,reno,buenrostro,1974-02-22,R5B51974,1.0,1.0,1,1,1
36510,3167,61449,tpdff,wilson,1978-10-19,T1W41978,51767,tabitha,wilson,1978-01-19,T1W41978,0.4476190476190476,1.0,0,0,0
36524,36522,61448,mzghal,williams,1989-09-09,M2W41989,61448,mikhail,williams,1989-01-09,M2W41989,0.7714285714285715,1.0,0,1,1
36541,23593,60531,sean,poirier,1985-10-11,S5P61985,14639,shawanda,perry,1985-06-16,S5P61985,0.7375,0.5619047619047619,0,0,0
36584,36583,58746,jarod,brown,1993-11-13,J6B61993,58746,jarod,brown,1993-11-13,J6B61993,1.0,1.0,1,1,1
36626,31261,61482,a,neloms,1990-12-14,A0N41990,59935,a,nielsen,1990-12-12,A0N41990,1.0,0.7714285714285715,0,1,0
36642,18587,54010,e,mkon,1976-12-10,E0M21976,56170,e,micic,1976-04-23,E0M21976,1.0,0.4833333333333333,0,0,0
36645,19540,61478,makenlie,cr,1993-08-27,M2C61993,56460,michael,cerniglia,1993-07-19,M2C61993,0.6904761904761904,0.7666666666666667,0,0,0
36645,19541,61478,makenlie,cr,1993-08-27,M2C61993,56460,michael,cerniglia,1993-07-19,M2C61993,0.6904761904761904,0.7666666666666667,0,0,0
36646,30702,61478,makenlie,wo,1993-01-29,M2W01993,36957,meshack,w,1993-09-01,M2W01993,0.4900793650793651,0.8500000000000001,0,0,0
36646,30703,61478,makenlie,wo,1993-01-29,M2W01993,36957,meshack,w,1993-09-01,M2W01993,0.4900793650793651,0.8500000000000001,0,0,0
36646,30704,61478,makenlie,wo,1993-01-29,M2W01993,36957,meshack,w,1993-07-01,M2W01993,0.4900793650793651,0.8500000000000001,0,0,0
36647,27471,61478,meys,jean,1993-01-27,M2J51993,58791,mas,jean,1993-04-08,M2J51993,0.75,1.0,0,0,0
36648,7890,61495,fi,deangelis,1988-12-01,F0D51988,53164,fiu,daniels,1988-10-13,F0D51988,0.9111111111111112,0.8071428571428572,0,0,0
36656,18354,61509,jacqueline,ceavl,1984-04-23,J2C11984,56127,jagr,chiffelle,1984-07-09,J2C11984,0.5666666666666667,0.5407407407407407,0,0,0
36658,36657,61506,kenneth,gratz,1958-12-23,K5G61958,61506,kzcn,gratz,1958-12-23,K5G61958,0.5952380952380952,1.0,1,1,1
36670,36669,61494,juan,salasvalderrama,1992-03-25,J5S41992,61494,juan,sala,1992-05-25,J5S41992,1.0,0.8533333333333333,0,1,1
36717,15199,61505,lee,williams,1952-12-31,L0W41952,55130,l,willits,1952-06-04,L0W41952,0.7999999999999999,0.9214285714285716,0,0,0
36748,36747,36886,lennox,cameron,1979-01-01,L5C51979,36886,lennox,cameron,1979-01-06,L5C51979,1.0,1.0,0,1,1
36749,36747,36886,lennox,cameron,1979-01-06,L5C51979,36886,lennox,cameron,1979-01-06,L5C51979,1.0,1.0,1,1,1
36749,36748,36886,lennox,cameron,1979-01-06,L5C51979,36886,lennox,cameron,1979-01-01,L5C51979,1.0,1.0,0,1,1
36757,36756,61516,zac,gary,1994-11-26,Z2G61994,61516,zakendra,gary,1994-11-24,Z2G61994,0.6388888888888888,1.0,0,0,1
36770,36769,61520,dori,klein,1969-04-17,D6K41969,61520,dori,klein,1969-05-17,D6K41969,1.0,1.0,0,1,1
36785,36784,61527,ariel,rodriguez,1984-12-18,A6R31984,61527,ariel,rodriguez,1984-12-18,A6R31984,1.0,1.0,1,1,1
36797,5228,61515,ds,rmnno,1972-10-11,D2R51972,52387,dxxm,rm,1972-05-08,D2R51972,0.5833333333333334,0.84,0,0,0
36800,35024,61521,alain,guillaume,1983-03-03,A4G41983,61036,al,glenn,1983-12-29,A4G41983,0.84,0.5407407407407407,0,0,0
36814,36813,61514,rashaad,davis,1980-12-31,R2D11980,61514,rashaad,davis,1980-12-31,R2D11980,1.0,1.0,1,1,1
36856,36855,39476,chrosb,cunn,1987-06-20,C6C51987,39476,christina,conner,1987-02-20,C6C51987,0.7925925925925926,0.775,0,0,1
36865,31413,44066,john,eg,1978-06-29,J5E21978,59956,john,ecgfynf,1978-04-16,J5E21978,1.0,0.7857142857142857,0,1,0
36875,22270,61563,paul,bert,1967-10-22,P4B61967,57191,plr,burnett,1967-12-14,P4B61967,0.5277777777777778,0.7535714285714287,0,0,0
36877,36876,12883,raymond,platt,1969-08-30,R5P41969,12883,raymond,platt,1969-08-30,R5P41969,1.0,1.0,1,1,1
36896,36894,61569,victor,cli,1953-09-16,V2C41953,61569,victor,clebd,1953-09-16,V2C41953,1.0,0.6888888888888888,1,1,1
36924,24404,61543,ekr,douglas,1990-03-17,E2D21990,57877,egouf,dj,1990-12-27,E2D21990,0.5111111111111111,0.5476190476190476,0,0,0
36926,29119,61543,jordan,douglas,1991-03-17,J6D21991,20581,jereme,dhexp,1991-03-22,J6D21991,0.5555555555555555,0.4476190476190476,0,0,0
36929,36927,61544,jonathan,saintil,1995-02-05,J5S51995,61544,jonathan,saintil,1995-02-05,J5S51995,1.0,1.0,1,1,1
36954,9057,61588,alejandro,carvajal,1986-10-09,A4C61986,18382,alejandro,cr,1986-10-08,A4C61986,1.0,0.775,0,1,0
36956,9057,61588,alejandro,carvajal,1986-10-09,A4C61986,18382,alejandro,cr,1986-10-08,A4C61986,1.0,0.775,0,1,0
36956,36954,61588,alejandro,carvajal,1986-10-09,A4C61986,61588,alejandro,carvajal,1986-10-09,A4C61986,1.0,1.0,1,1,1
36958,36957,61581,brandon,minter,1991-11-27,B6M51991,61581,brandon,minter,1991-11-27,B6M51991,1.0,1.0,1,1,1
36994,36993,61573,degqervan,johnson,1979-08-29,D2J51979,61573,dextervanness,johnson,1979-08-29,D2J51979,0.8176638176638176,1.0,1,1,1
37005,4970,61591,vqzg,ferrara,1982-05-19,V2F61982,52313,vvch,farrow,1982-07-24,V2F61982,0.5,0.6428571428571429,0,0,0
37013,37012,61597,esther,catala,1956-11-30,E2C31956,61597,esther,catala,1956-11-30,E2C31956,1.0,1.0,1,1,1
37015,35319,61580,matthew,john,1991-02-06,M3J51991,61110,matthew,jnprrs,1991-01-05,M3J51991,1.0,0.611111111111111,0,0,0
37016,35319,61580,matthew,john,1991-01-06,M3J51991,61110,matthew,jnprrs,1991-01-05,M3J51991,1.0,0.611111111111111,0,0,0
37016,37015,61580,matthew,john,1991-01-06,M3J51991,61580,matthew,john,1991-02-06,M3J51991,1.0,1.0,0,1,1
37022,37021,54111,shaka,r,1994-02-10,S2R01994,54111,shaka,ruhy,1994-02-13,S2R01994,1.0,0.775,0,1,1
37025,37023,38933,john,laferlita,1938-10-09,J5L11938,38933,john,laferlita,1938-10-09,J5L11938,1.0,1.0,1,1,1
37027,5431,55903,tynesha,xoa,1989-08-24,T5X01989,52418,tammy,xke,1989-01-09,T5X01989,0.4476190476190476,0.5555555555555555,0,0,0
37033,35294,61589,joannery,bueno,1953-03-07,J5B51953,40490,jimmy,boney,1953-03-24,J5B51953,0.5499999999999999,0.6222222222222222,0,0,0
37061,37060,61601,lucane,jean-baptiste,1984-09-08,L2J51984,61601,lucane,jeanobbptig,1984-09-08,L2J51984,1.0,0.8685314685314686,1,1,1
37068,19475,61604,nosrzsxt,howard,1981-10-02,N2H61981,49671,nicole,howard,1981-04-10,N2H61981,0.5277777777777778,1.0,0,0,0
37068,26943,61604,nosrzsxt,howard,1981-10-02,N2H61981,56686,ncbik,hrms,1981-10-05,N2H61981,0.4416666666666666,0.4722222222222221,0,0,0
37082,37081,61631,paolo,mannino,1977-03-01,P4M51977,61631,paolo,mangeo,1977-03-08,P4M51977,1.0,0.8222222222222222,0,1,1
37104,28314,61629,pv,huynh,1982-09-23,P0H51982,59045,p,hmv,1982-06-03,P0H51982,0.8500000000000001,0.5111111111111111,0,0,0
37118,37117,61632,jonathon,rangelsantana,1991-11-30,J5R51991,61632,jonathon,rangelsantana,1991-11-30,J5R51991,1.0,1.0,1,1,1
37132,37131,44921,travis,whitehead,1986-02-03,T6W31986,44921,travis,whitehead,1986-05-03,T6W31986,1.0,1.0,0,1,1
37137,18127,61639,h,cnntre,1983-02-11,H0C51983,54354,h,chmvarrid,1983-11-20,H0C51983,1.0,0.5185185185185185,0,0,0
37142,37141,61651,lisa,anderson,1974-10-30,L2A51974,61651,lisa,anderson,1974-10-30,L2A51974,1.0,1.0,1,1,1
37145,37144,61676,baewa,rosenkranz,1945-02-23,B0R21945,61676,bu,rosenkranz,1945-02-23,B0R21945,0.5666666666666667,1.0,1,1,1
37146,17223,46334,tara,bostick,1974-06-11,T6B21974,55754,troy,bishop,1974-08-28,T6B21974,0.6666666666666666,0.5396825396825397,0,0,0
37150,37149,61642,michael,mirucki,1966-08-17,M2M61966,61642,michael,mirucki,1966-08-17,M2M61966,1.0,1.0,1,1,1
37153,2153,61648,ehi,kem,1977-01-01,E0K51977,51452,e,km,1977-01-17,E0K51977,0.7999999999999999,0.611111111111111,0,0,0
37161,13400,10634,jason,wg,1986-03-29,J2W21986,5113,justin,wcllmrr,1986-04-07,J2W21986,0.7300000000000001,0.5476190476190476,0,0,0
37166,37164,61673,robert,schultz,1982-01-08,R1S41982,61673,robert,schultz,1982-01-08,R1S41982,1.0,1.0,1,1,1
37168,37167,61678,jahc,webb,1971-09-02,J2W11971,61678,joseph,webb,1971-09-22,J2W11971,0.4722222222222221,1.0,0,0,1
37180,11498,61637,marcial,hhcid,1959-12-31,M6H21959,54153,mary,heeg,1959-03-15,M6H21959,0.8083333333333333,0.4833333333333333,0,0,0
37183,37182,61652,artemio,garcia,1961-12-29,A6G61961,61652,artemio,garcia,1961-12-27,A6G61961,1.0,1.0,0,1,1
37205,4493,61666,christopher,santiago,1986-04-09,C6S51986,52151,crystal,smith,1986-02-12,C6S51986,0.6450216450216449,0.5472222222222222,0,0,0
37212,36845,61636,mazqt,massicot,1995-01-08,M2M21995,61542,mickelia,mckenzie,1995-12-04,M2M21995,0.4416666666666666,0.5,0,0,0
37232,37231,61644,jacobie,jackson,1992-06-01,J2J21992,61644,jacobie,jasase,1992-06-01,J2J21992,1.0,0.6428571428571429,1,1,1
37246,37245,61664,scott,thompson,1966-01-08,S3T51966,61664,scott,thompson,1966-01-28,S3T51966,1.0,1.0,0,1,1
37247,37245,61664,scott,thompson,1966-05-28,S3T51966,61664,scott,thompson,1966-01-28,S3T51966,1.0,1.0,0,1,1
37247,37246,61664,scott,thompson,1966-05-28,S3T51966,61664,scott,thompson,1966-01-08,S3T51966,1.0,1.0,0,1,1
37258,7631,53076,mark,davey,1960-06-28,M6D11960,53076,mark,davey,1960-06-28,M6D11960,1.0,1.0,1,1,1
37276,37275,61702,eric,calkoyg,1989-12-28,E6C41989,61702,eric,calveiro,1989-12-21,E6C41989,1.0,0.6904761904761904,0,0,1
37344,25545,61209,maurice,luti,1964-10-03,M6L31964,58166,mary,ladw,1964-04-24,M6L31964,0.7809523809523811,0.5,0,0,0
37351,37350,61695,marc,amabile,1966-09-14,M6A51966,61695,marc,am,1966-09-14,M6A51966,1.0,0.8095238095238095,1,1,1
37358,9936,9674,anthony,tansb,1984-09-19,A5T51984,4551,anthony,tooinw,1984-07-13,A5T51984,1.0,0.5777777777777778,0,0,0
37369,37368,56288,bryan,marxmeyer,1963-03-02,B6M61963,56288,bryan,mhrxfeuq,1963-03-02,B6M61963,1.0,0.6481481481481481,1,1,1
37372,34081,60712,daniel,laffite,1994-11-15,D5L11994,60712,daniel,laffite,1994-11-05,D5L11994,1.0,1.0,0,1,1
37372,34615,60712,daniel,laffite,1994-11-15,D5L11994,60891,denzel,lepe,1994-06-29,D5L11994,0.7999999999999999,0.4642857142857142,0,0,0
37375,37374,44774,bxi,walden,1974-01-08,B2W41974,44774,bganor,walden,1974-02-08,B2W41974,0.5,1.0,0,0,1
37382,37381,61711,virginia,moore,1956-08-23,V6M61956,61711,virginia,moore,1956-09-23,V6M61956,1.0,1.0,0,1,1
37392,27773,61726,cgrishjf,wolter,1978-07-10,C6W41978,58877,craig,williams,1978-04-11,C6W41978,0.6833333333333332,0.5277777777777778,0,0,0
37394,27773,61726,christopher,wolter,1978-05-10,C6W41978,58877,craig,williams,1978-04-11,C6W41978,0.6242424242424242,0.5277777777777778,0,0,0
37394,37392,61726,christopher,wolter,1978-05-10,C6W41978,61726,cgrishjf,wolter,1978-07-10,C6W41978,0.5598484848484849,1.0,0,0,1
37412,20162,60766,andrew,hendzr,1979-12-29,A5H51979,47371,anthony,haynie,1979-05-26,A5H51979,0.5396825396825397,0.5555555555555555,0,0,0
37420,37419,61723,kole,rnue,1994-12-24,K4R51994,61723,kole,roundtree,1994-12-24,K4R51994,1.0,0.5833333333333334,1,1,1
37441,27068,61742,christian,welrr,1986-01-16,C6W41986,58658,courtney,walraven,1986-04-22,C6W41986,0.6481481481481481,0.6583333333333333,0,0,0
37441,33755,61742,christian,welrr,1986-01-16,C6W41986,60612,curtis,woolwine,1986-01-09,C6W41986,0.7566666666666668,0.5499999999999999,0,0,0
37464,11250,54118,vincent,carvallo,1989-06-08,V5C61989,54118,vincent,carvallo,1989-06-08,V5C61989,1.0,1.0,1,1,1
37464,11252,54118,vincent,carvallo,1989-06-08,V5C61989,54118,vincent,cwrjaj,1989-06-08,V5C61989,1.0,0.5138888888888888,1,1,1
37465,11250,54118,vincent,carvallo,1989-07-08,V5C61989,54118,vincent,carvallo,1989-06-08,V5C61989,1.0,1.0,0,1,1
37465,11252,54118,vincent,carvallo,1989-07-08,V5C61989,54118,vincent,cwrjaj,1989-06-08,V5C61989,1.0,0.5138888888888888,0,0,1
37465,37464,54118,vincent,carvallo,1989-07-08,V5C61989,54118,vincent,carvallo,1989-06-08,V5C61989,1.0,1.0,0,1,1
37466,11250,54118,vincent,carvallo,1989-06-08,V5C61989,54118,vincent,carvallo,1989-06-08,V5C61989,1.0,1.0,1,1,1
37466,11252,54118,vincent,carvallo,1989-06-08,V5C61989,54118,vincent,cwrjaj,1989-06-08,V5C61989,1.0,0.5138888888888888,1,1,1
37466,37464,54118,vincent,carvallo,1989-06-08,V5C61989,54118,vincent,carvallo,1989-06-08,V5C61989,1.0,1.0,1,1,1
37466,37465,54118,vincent,carvallo,1989-06-08,V5C61989,54118,vincent,carvallo,1989-07-08,V5C61989,1.0,1.0,0,1,1
37470,13547,61720,ab,boujaoude,1989-09-15,A1B21989,54681,af,beck,1989-03-28,A1B21989,0.6666666666666666,0.4537037037037037,0,0,0
37474,21550,10772,cgo,bo,1985-01-27,C0B01985,56955,c,b,1985-07-12,C0B01985,0.7999999999999999,0.8500000000000001,0,0,0
37484,37483,61739,roderick,zfmmspm,1980-07-02,R3Z11980,61739,roderick,zbmme,1980-07-02,R3Z11980,1.0,0.6761904761904761,1,1,1
37503,34838,61744,jeffery,jkcq,1965-03-28,J1J01965,60958,jvw,j,1965-08-03,J1J01965,0.4920634920634921,0.775,0,0,0
37505,12733,61744,jefaeh,jacques,1962-01-28,J1J21962,54444,jeffrey,jackson,1962-07-08,J1J21962,0.8222222222222222,0.8,0,0,0
37525,37524,61761,patrick,clark,1973-03-17,P3C41973,61761,patrick,clark,1973-03-17,P3C41973,1.0,1.0,1,1,1
37535,37533,61767,avtv,vega,1985-11-16,A1V21985,61767,ayp,vega,1985-11-16,A1V21985,0.5277777777777778,1.0,1,1,1
37538,37537,61778,enrique,hernandez-tenziente,1975-06-08,E5H61975,61778,enrique,hernandel,1975-06-08,E5H61975,1.0,0.8619883040935673,1,1,1
37542,20743,56756,mohamad,abdel-rahman,1990-11-02,M5A11990,56756,mohamad,abdel-rahman,1990-11-02,M5A11990,1.0,1.0,1,1,1
37543,20743,56756,mohamad,abdel-rahman,1990-11-01,M5A11990,56756,mohamad,abdel-rahman,1990-11-02,M5A11990,1.0,1.0,0,1,1
37543,37542,56756,mohamad,abdel-rahman,1990-11-01,M5A11990,56756,mohamad,abdel-rahman,1990-11-02,M5A11990,1.0,1.0,0,1,1
37547,37546,61757,charlie,young,1968-10-14,C6Y51968,61757,charlie,young,1968-10-14,C6Y51968,1.0,1.0,1,1,1
37548,32457,61759,russell,swatt,1958-05-21,R2S31958,55300,raosebt,standifer,1958-01-07,R2S31958,0.6190476190476191,0.5333333333333333,0,0,0
37548,32458,61759,russell,swatt,1958-05-21,R2S31958,55300,roosevelt,standifer,1958-01-07,R2S31958,0.671957671957672,0.5333333333333333,0,0,0
37550,32457,61759,russell,st,1958-05-21,R2S31958,55300,raosebt,standifer,1958-01-07,R2S31958,0.6190476190476191,0.7925925925925926,0,0,0
37550,32458,61759,russell,st,1958-05-21,R2S31958,55300,roosevelt,standifer,1958-01-07,R2S31958,0.671957671957672,0.7925925925925926,0,0,0
37550,37548,61759,russell,st,1958-05-21,R2S31958,61759,russell,swatt,1958-05-21,R2S31958,1.0,0.5666666666666667,1,1,1
37551,34825,60803,roynesto,s,1994-08-13,R5S01994,60960,raenesha,s,1994-04-26,R5S01994,0.5833333333333334,1.0,0,0,0
37554,37037,61575,tommie,mims,1996-02-15,T5M51996,61575,tommie,mims,1996-02-18,T5M51996,1.0,1.0,0,1,1
37556,37037,61575,tommie,mims,1996-02-15,T5M51996,61575,tommie,mims,1996-02-18,T5M51996,1.0,1.0,0,1,1
37556,37554,61575,tommie,mims,1996-02-15,T5M51996,61575,tommie,mims,1996-02-15,T5M51996,1.0,1.0,1,1,1
37560,418,61754,snna,brantley,1989-06-19,S5B61989,50947,shantoya,brown,1989-08-14,S5B61989,0.5972222222222222,0.6583333333333333,0,0,0
37560,3962,61754,snna,brantley,1989-06-19,S5B61989,52020,sonia,burca,1989-06-20,S5B61989,0.8049999999999999,0.6583333333333333,0,0,0
37560,12232,61754,snna,brantley,1989-06-19,S5B61989,17015,shenard,bristol,1989-12-11,S5B61989,0.7535714285714287,0.6904761904761904,0,0,0
37560,12233,61754,snna,brantley,1989-06-19,S5B61989,17015,shenard,bristol,1989-12-11,S5B61989,0.7535714285714287,0.6904761904761904,0,0,0
37560,14457,61754,snna,brantley,1989-06-19,S5B61989,54948,siham,berab,1989-04-25,S5B61989,0.6333333333333333,0.6583333333333333,0,0,0
37562,9403,61754,llsnru,bo,1989-06-19,L2B01989,53622,lucas,ba,1989-07-05,L2B01989,0.5777777777777778,0.6666666666666666,0,0,0
37574,8215,2461,krtn,farmer,1985-12-02,K6F61985,53183,kerry,francois,1985-10-31,K6F61985,0.6333333333333333,0.5138888888888888,0,0,0
37591,36527,61755,ryan,letz,1982-03-16,R5L31982,61454,rheinna,luedo,1982-09-04,R5L31982,0.5952380952380952,0.6333333333333333,0,0,0
37605,13817,61779,eduo,perez,1990-02-12,E3P61990,32997,ed,perez,1990-04-20,E3P61990,0.8666666666666667,1.0,0,1,0
37612,13432,61758,lsb,ta,1968-12-19,L2T01968,54624,lgwe,tyi,1968-10-27,L2T01968,0.5277777777777778,0.611111111111111,0,0,0
37627,37626,61777,richar,ayme,1985-12-01,R2A51985,61777,richar,ayme,1985-12-03,R2A51985,1.0,1.0,0,1,1
37628,37626,61777,richar,ayme,1985-12-01,R2A51985,61777,richar,ayme,1985-12-03,R2A51985,1.0,1.0,0,1,1
37628,37627,61777,richar,ayme,1985-12-01,R2A51985,61777,richar,ayme,1985-12-01,R2A51985,1.0,1.0,1,1,1
37633,22381,61790,daniel,crescenti,1995-08-03,D5C61995,57242,dewayne,curry,1995-02-14,D5C61995,0.6428571428571429,0.5407407407407407,0,0,0
37634,26726,61790,daniel,crescenti,1985-08-03,D5C61985,58571,diamond,creach,1985-07-10,D5C61985,0.5317460317460317,0.7925925925925926,0,0,0
37641,16593,61795,vk,fuvs,1983-07-13,V2F11983,55527,vj,fab,1983-09-11,V2F11983,0.6666666666666666,0.5277777777777778,0,0,0
37658,19642,61799,amryf,izrtc,1985-08-02,A5I21985,56462,annita,ixnsjmin,1985-01-30,A5I21985,0.4555555555555555,0.4416666666666666,0,0,0
37659,13117,61789,latrellias,butler,1992-10-27,L3B31992,54557,ledarian,bti,1992-06-26,L3B31992,0.7550000000000001,0.6666666666666666,0,0,0
37676,8867,61792,jamie,sapp,1980-03-24,J5S11980,27631,jonnie,sbxu,1980-02-26,J5S11980,0.7300000000000001,0.5,0,0,0
37705,18871,61812,albeiro,plnc,1988-07-10,A4P41988,56241,alexis,palen,1988-02-02,A4P41988,0.7968253968253969,0.6333333333333333,0,0,0
37743,29927,61826,i,guerrero,1972-03-10,I0G61972,59473,i,george,1972-11-25,I0G61972,1.0,0.75,0,0,0
37746,24840,61851,tiara,louqh,1995-09-20,T6L21995,57981,tara,laqonm,1995-01-08,T6L21995,0.94,0.5888888888888889,0,0,0
37746,24841,61851,tiara,louqh,1995-09-20,T6L21995,57981,tara,leconte,1995-01-08,T6L21995,0.94,0.5619047619047619,0,0,0
37759,29108,61839,rogelio,a,1985-05-20,R2A01985,59255,roshp,a,1985-02-05,R2A01985,0.5619047619047619,1.0,0,0,0
37772,5148,61858,ot,paz,1984-08-15,O3P21984,52365,odq,pekhtereva,1984-04-02,O3P21984,0.611111111111111,0.4777777777777778,0,0,0
37784,37782,61852,philip,hegarty,1986-04-02,P4H21986,61852,philip,hegarty,1986-04-02,P4H21986,1.0,1.0,1,1,1
37809,18345,61825,tar,brown,1981-02-12,T6B61981,48948,travis,bryant,1981-01-09,T6B61981,0.75,0.76,0,0,0
37809,18346,61825,tar,brown,1981-02-12,T6B61981,48948,travis,bryant,1981-01-09,T6B61981,0.75,0.76,0,0,0
37820,37818,61822,alyson,perez,1976-06-12,A4P61976,61822,alyson,perez,1976-06-12,A4P61976,1.0,1.0,1,1,1
37822,37821,61127,danny,martinez,1983-06-26,D5M61983,61127,danny,martinez,1983-06-26,D5M61983,1.0,1.0,1,1,1
37823,21207,61127,dlh,marcid,1983-07-26,D4M61983,56869,dtylyni,mar,1983-07-03,D4M61983,0.6507936507936508,0.8833333333333334,0,0,0
37832,37831,61829,darlene,jennings,1991-12-16,D6J51991,61829,darlene,jennings,1991-12-12,D6J51991,1.0,1.0,0,1,1
37855,34824,61842,romsyh,o,1993-01-07,R5O01993,60960,raenesha,o,1993-04-26,R5O01993,0.625,1.0,0,0,0
37862,25530,61794,charles,mayer,1963-09-06,C6M61963,58154,carla,myers,1963-12-24,C6M61963,0.8114285714285714,0.88,0,0,0
37862,25532,61794,charles,mayer,1963-09-06,C6M61963,58154,carla,myers,1963-12-14,C6M61963,0.8114285714285714,0.88,0,0,0
37866,33454,45702,roxana,stewart,1974-09-01,R2S31974,60559,rusty,sthcte,1974-10-05,R2S31974,0.4555555555555555,0.6428571428571429,0,0,0
37867,34194,45702,roxana,stewart,1984-09-01,R2S31984,30343,rsa,strachan,1984-09-23,R2S31984,0.6666666666666666,0.6071428571428571,0,0,0
37877,31750,61859,devontai,monroe,1994-03-30,D1M51994,60060,davonte,mem,1994-09-12,D1M51994,0.8017857142857143,0.5,0,0,0
37951,15623,21088,lafontant,michel,1962-06-15,L1M21962,39502,lipton,mckenzie,1962-11-13,L1M21962,0.6203703703703703,0.625,0,0,0
37955,13006,8554,javarus,jenkins,1990-09-29,J1J51990,54141,jaf,johnson,1990-10-08,J1J51990,0.6507936507936508,0.6309523809523809,0,0,0
37957,12411,61897,l,rabah,1981-10-13,L0R11981,54394,l,refsnideraveiga,1981-10-06,L0R11981,1.0,0.5111111111111111,0,0,0
37979,37978,61885,ckrlp,butler,1972-05-01,C6B31972,61885,christin,butler,1972-05-01,C6B31972,0.5499999999999999,1.0,1,1,1
38001,6353,61878,czrebq,williams,1989-11-29,C6W41989,52685,christopher,wilson,1989-09-26,C6W41989,0.5050505050505051,0.625,0,0,0
38005,38004,61869,nevin,crane,1994-03-11,N1C61994,61869,nevin,crane,1994-03-14,N1C61994,1.0,1.0,0,1,1
38012,38011,61896,alton,gurney,1977-05-25,A4G61977,61896,alton,gurney,1977-05-25,A4G61977,1.0,1.0,1,1,1
38014,14629,61899,stanley,e,1984-07-20,S3E01984,54958,ssdbzt,eh,1984-02-13,S3E01984,0.4365079365079365,0.8500000000000001,0,0,0
38022,18792,61908,ka,roessler,1994-08-27,K0R21994,56244,koii,rst,1994-12-15,K0R21994,0.5833333333333334,0.6388888888888888,0,0,0
38039,38038,30024,tiwana,jackson,1990-04-27,T5J21990,30024,tiwana,jaccjh,1990-04-27,T5J21990,1.0,0.6428571428571429,1,1,1
38041,33654,61933,angie,veve,1982-07-24,A5V11982,60614,anthony,vobjr,1982-01-07,A5V11982,0.5619047619047619,0.4833333333333333,0,0,0
38042,20715,61933,angie,moreland,1988-07-24,A5M61988,49427,antoine,morris,1988-11-29,A5M61988,0.8323809523809523,0.625,0,0,0
38042,20716,61933,angie,moreland,1988-07-24,A5M61988,49427,antoine,morris,1988-11-24,A5M61988,0.8323809523809523,0.625,0,0,0
38042,27689,61933,angie,moreland,1988-07-24,A5M61988,58854,anthony,myers,1988-07-19,A5M61988,0.5619047619047619,0.5472222222222222,0,0,0
38042,32492,61933,angie,moreland,1988-07-24,A5M61988,60295,andres,marquez,1988-11-19,A5M61988,0.76,0.6011904761904762,0,0,0
38050,38049,61909,kimberly,escjba,1962-01-23,K5E21962,61909,kxmifr,escobedo,1962-11-24,K5E21962,0.6388888888888888,0.8055555555555556,0,0,1
38064,9101,61924,brandon,ricera-ppeplg,1994-11-30,B6R21994,47855,brian,rqoix,1994-08-02,B6R21994,0.8323809523809523,0.517948717948718,0,0,0
38065,9099,61924,bra,rivera-peeples,1994-11-30,B6R11994,47855,brian,rhf,1994-08-02,B6R11994,0.8933333333333333,0.4682539682539682,0,0,0
38075,29184,61900,anthony,edie,1990-05-02,A5E31990,869,andre,eaton,1990-07-15,A5E31990,0.5619047619047619,0.4833333333333333,0,0,0
38078,38077,61910,dmitriy,kzkus,1991-07-10,D5K21991,61910,dm,kakusfs,1991-07-10,D5K21991,0.8095238095238095,0.8114285714285714,1,1,1
38084,38083,59115,randail,spencer,1984-02-07,R5S11984,59115,randail,spencer,1984-02-07,R5S11984,1.0,1.0,1,1,1
38085,3326,51785,edwin,rivera-garcia,1974-01-21,E3R11974,51785,edwin,rivera-garcia,1974-01-21,E3R11974,1.0,1.0,1,1,1
38096,30521,61911,andrew,sporcdo,1996-03-04,A5S11996,59646,anthony,spef,1996-03-07,A5S11996,0.5396825396825397,0.5952380952380952,0,0,0
38101,20053,61913,brcxv,qw,1956-06-26,B6Q01956,56577,brian,qcx,1956-10-05,B6Q01956,0.6,0.611111111111111,0,0,0
38138,30319,61953,anastasiya,mushlin,1983-06-20,A5M21983,59601,andre,mos,1983-08-23,A5M21983,0.5333333333333333,0.6507936507936508,0,0,0
38141,14898,61935,ann,pascual,1993-01-25,A5P21993,55053,andres,pk,1993-07-16,A5P21993,0.6666666666666666,0.5476190476190476,0,0,0
38141,22948,61935,ann,pascual,1993-01-25,A5P21993,57380,amber,piqs,1993-12-04,A5P21993,0.5111111111111111,0.5952380952380952,0,0,0
38145,28054,8801,ryan,rotela,1991-03-26,R5R31991,45960,raymond,rodriguez,1991-12-18,R5R31991,0.7964285714285714,0.5185185185185185,0,0,0
38145,28055,8801,ryan,rotela,1991-03-26,R5R31991,45960,raymond,rodriguez,1991-12-18,R5R31991,0.7964285714285714,0.5185185185185185,0,0,0
38146,28054,8801,ryan,rotela,1991-03-26,R5R31991,45960,raymond,rodriguez,1991-12-18,R5R31991,0.7964285714285714,0.5185185185185185,0,0,0
38146,28055,8801,ryan,rotela,1991-03-26,R5R31991,45960,raymond,rodriguez,1991-12-18,R5R31991,0.7964285714285714,0.5185185185185185,0,0,0
38146,38145,8801,ryan,rotela,1991-03-26,R5R31991,8801,ryan,rotela,1991-03-26,R5R31991,1.0,1.0,1,1,1
38148,2866,61937,robert,wade,1993-12-29,R1W31993,51676,robert,wtig,1993-10-25,R1W31993,1.0,0.5,0,0,0
38161,32455,61950,keosha,smith,1995-03-20,K2S51995,60246,keosha,smith,1995-03-20,K2S51995,1.0,1.0,1,1,0
38164,35646,61959,luis,mekriso,1985-10-13,L2M21985,40426,licu,mackrell,1985-05-10,L2M21985,0.6666666666666666,0.6011904761904762,0,0,0
38172,11983,61940,theronardo,wil,1992-04-02,T6W41992,54282,tremaine,williams,1992-06-25,T6W41992,0.5750000000000001,0.8541666666666666,0,0,0
38172,13879,61940,theronardo,wil,1992-04-02,T6W41992,39749,terry,williams,1992-09-29,T6W41992,0.76,0.8541666666666666,0,0,0
38173,3545,61940,dhrronur,wwl,1992-04-02,D6W41992,43018,drm,waller,1992-02-10,D6W41992,0.6388888888888888,0.6666666666666666,0,0,0
38174,11983,61940,theronardo,williams,1992-08-02,T6W41992,54282,tremaine,williams,1992-06-25,T6W41992,0.5750000000000001,1.0,0,0,0
38174,13879,61940,theronardo,williams,1992-08-02,T6W41992,39749,terry,williams,1992-09-29,T6W41992,0.76,1.0,0,0,0
38174,38172,61940,theronardo,williams,1992-08-02,T6W41992,61940,theronardo,wil,1992-04-02,T6W41992,1.0,0.8541666666666666,0,1,1
38179,38178,61954,idanoel,kinney,1958-05-20,I3K51958,61954,idanoel,kinney,1958-05-20,I3K51958,1.0,1.0,1,1,1
38195,38193,61944,ricky,bynum,1985-05-22,R2B51985,61944,ricky,bynum,1985-05-22,R2B51985,1.0,1.0,1,1,1
38198,38197,61949,steve,cash,1973-01-03,S3C21973,61949,steve,cash,1973-01-03,S3C21973,1.0,1.0,1,1,1
38212,23691,61936,kevin,sanchez,1992-07-18,K1S51992,57656,kevin,snshev,1992-01-26,K1S51992,1.0,0.7714285714285715,0,1,0
38222,38220,44416,michael,francisco,1980-05-13,M2F61980,44416,michael,fr,1980-05-13,M2F61980,1.0,0.7925925925925926,1,1,1
38223,7268,61957,carlos,dix,1984-02-17,C6D21984,52935,carcana,des,1984-12-09,C6D21984,0.6428571428571429,0.5555555555555555,0,0,0
38239,36237,61381,lisa,flowers,1983-10-06,L2F41983,61381,lisa,flowers,1983-10-02,L2F41983,1.0,1.0,0,1,1
38239,36239,61381,lisa,flowers,1983-10-06,L2F41983,61381,lisa,fldj,1983-10-02,L2F41983,1.0,0.5952380952380952,0,0,1
38266,13948,61976,dueza,falero,1985-02-17,D2F41985,54792,doshan,felix,1985-06-22,D2F41985,0.5777777777777778,0.5888888888888889,0,0,0
38278,36845,56996,michael,mjd,1995-04-29,M2M21995,61542,mickelia,mckenzie,1995-12-04,M2M21995,0.8694444444444446,0.4861111111111111,0,0,0
38278,37212,56996,michael,mjd,1995-04-29,M2M21995,61636,mazqt,massicot,1995-01-08,M2M21995,0.4476190476190476,0.4861111111111111,0,0,0
38291,38289,61982,jeffrey,salazar,1984-12-19,J1S41984,61982,jeferh,salazar,1984-12-19,J1S41984,0.8477777777777777,1.0,1,1,1
38300,28941,8382,rvtd,dauum,1990-08-11,R1D51990,59228,rft,domkoski,1990-04-26,R1D51990,0.75,0.5499999999999999,0,0,0
38315,38313,61990,andre,archat,1977-02-16,A5A61977,61990,andre,archat,1977-02-11,A5A61977,1.0,1.0,0,1,1
38316,14751,61993,jmhb,carson,1991-08-22,J5C61991,55027,jamesley,charles,1991-02-06,J5C61991,0.5833333333333334,0.6428571428571429,0,0,0
38316,14752,61993,jmhb,carson,1991-08-22,J5C61991,55027,jamas,charles,1991-02-06,J5C61991,0.6333333333333333,0.6428571428571429,0,0,0
38329,38328,54089,xoe,benghiat,1982-12-22,X0B51982,54089,x,benlr,1982-12-22,X0B51982,0.7999999999999999,0.6583333333333333,1,1,1
38339,6828,62001,masuk,l,1969-07-23,M2L01969,52819,mhoyac,l,1969-02-01,M2L01969,0.4555555555555555,1.0,0,0,0
38345,10927,61996,eowz,thieme,1976-06-06,E2T51976,54010,eqsx,thomas,1976-12-10,E2T51976,0.5,0.6666666666666666,0,0,0
38351,24290,62003,christina,perk,1973-09-10,C6P61973,57825,cr,perry,1973-12-03,C6P61973,0.7666666666666667,0.8483333333333334,0,0,0
38351,28076,62003,christina,perk,1973-09-10,C6P61973,58978,carlos,perez-zambrano,1973-10-30,C6P61973,0.611111111111111,0.6547619047619048,0,0,0
38399,38398,62046,larry,naville,1969-08-18,L6N11969,62046,larry,naville,1969-08-18,L6N11969,1.0,1.0,1,1,1
38407,14061,62043,john,rapnoo,1971-01-23,J5R11971,54835,johnnie,robinson,1971-08-19,J5R11971,0.9142857142857144,0.6388888888888888,0,0,0
38407,14062,62043,john,rapnoo,1971-01-23,J5R11971,54835,johnnie,robinson,1971-08-19,J5R11971,0.9142857142857144,0.6388888888888888,0,0,0
38414,38413,62025,edgardo,ys,1954-02-08,E3Y21954,62025,edgardo,ycw,1954-03-08,E3Y21954,1.0,0.611111111111111,0,0,1
38425,15042,62011,josue,sanchez,1986-02-05,J2S51986,55082,joshua,simons,1986-02-25,J2S51986,0.8755555555555556,0.5396825396825397,0,0,0
38432,38430,11754,charles,hall,1943-10-11,C6H41943,11754,cher,hall,1943-10-11,C6H41943,0.7809523809523811,1.0,1,1,1
38438,38437,22079,nancy,mundth,1967-02-12,N5M51967,22079,nancy,mundth,1967-09-12,N5M51967,1.0,1.0,0,1,1
38452,38451,62024,christian,snlw,1983-03-19,C6S51983,62024,christian,smgdo,1983-08-19,C6S51983,1.0,0.4833333333333333,0,0,1
38453,38451,62024,christian,sandoval,1983-03-19,C6S51983,62024,christian,smgdo,1983-08-19,C6S51983,1.0,0.6583333333333333,0,0,1
38453,38452,62024,christian,sandoval,1983-03-19,C6S51983,62024,christian,snlw,1983-03-19,C6S51983,1.0,0.5833333333333334,1,1,1
38455,38454,62051,lavern,pittman,1975-10-29,L1P31975,62051,lavern,pittman,1975-10-29,L1P31975,1.0,1.0,1,1,1
38467,2578,62044,denise,richardson,1983-04-28,D5R21983,51588,denny,roco,1983-02-13,D5R21983,0.79,0.5666666666666667,0,0,0
38467,15910,62044,denise,richardson,1983-04-28,D5R21983,54062,diana,rz,1983-04-13,D5R21983,0.5888888888888889,0.5333333333333333,0,0,0
38479,38478,2733,patrick,johnson,1977-10-03,P3J51977,2733,patrick,johnson,1977-10-03,P3J51977,1.0,1.0,1,1,1
38483,38481,52321,sandy,cole,1976-12-24,S5C41976,52321,sandy,cole,1976-12-24,S5C41976,1.0,1.0,1,1,1
38496,3545,62034,dairell,williams,1992-09-26,D6W41992,43018,drm,waller,1992-02-10,D6W41992,0.6507936507936508,0.625,0,0,0
38496,38173,62034,dairell,williams,1992-09-26,D6W41992,61940,dhrronur,wwl,1992-04-02,D6W41992,0.5119047619047619,0.6388888888888888,0,0,0
38498,3545,62034,dairell,williams,1992-01-26,D6W41992,43018,drm,waller,1992-02-10,D6W41992,0.6507936507936508,0.625,0,0,0
38498,38173,62034,dairell,williams,1992-01-26,D6W41992,61940,dhrronur,wwl,1992-04-02,D6W41992,0.5119047619047619,0.6388888888888888,0,0,0
38498,38496,62034,dairell,williams,1992-01-26,D6W41992,62034,dairell,williams,1992-09-26,D6W41992,1.0,1.0,0,1,1
38500,38499,62039,justin,warner,1981-06-17,J2W61981,62039,justin,warner,1981-09-17,J2W61981,1.0,1.0,0,1,1
38519,38518,62012,jason,suctr,1986-08-07,J2S21986,62012,jason,sucarichi,1986-08-07,J2S21986,1.0,0.8237037037037037,1,1,1
38528,38526,62018,kamiyla,lane,1992-02-17,K5L51992,62018,kamiyla,lane,1992-02-16,K5L51992,1.0,1.0,0,1,1
38565,5892,62061,roberto,sq,1979-03-17,R1S01979,52577,rfzsx,sc,1979-05-05,R1S01979,0.4476190476190476,0.6666666666666666,0,0,0
38569,38568,62070,john,kelleher,1969-01-07,J5K41969,62070,john,kallff,1969-01-07,J5K41969,1.0,0.625,1,1,1
38588,20381,62062,jennifer,hy,1991-09-20,J5H01991,56678,jamaal,h,1991-03-19,J5H01991,0.4305555555555555,0.8500000000000001,0,0,0
38599,16271,55433,donald,michelin,1991-04-19,D5M21991,55433,donald,michelin,1991-09-19,D5M21991,1.0,1.0,0,1,1
38599,30369,55433,donald,michelin,1991-04-19,D5M21991,59615,dynesha,mcknkla,1991-11-05,D5M21991,0.5396825396825397,0.6011904761904762,0,0,0
38599,30371,55433,donald,michelin,1991-04-19,D5M21991,59615,dynesha,msrii,1991-11-05,D5M21991,0.5396825396825397,0.6583333333333333,0,0,0
38627,38626,62068,victor,loaiza,1985-05-16,V2L21985,62068,victor,loaiza,1985-05-11,V2L21985,1.0,1.0,0,1,1
38630,38629,26237,kristi,ellis,1971-01-05,K6E41971,26237,kristi,ellis,1971-01-25,K6E41971,1.0,1.0,0,1,1
38644,38643,62087,litherland,lenworth,1988-10-24,L3L51988,62087,litherland,lenworth,1988-10-26,L3L51988,1.0,1.0,0,1,1
38654,38652,62094,hej,hernandez,1966-07-06,H2H61966,62094,hector,hernandez,1966-08-06,H2H61966,0.6666666666666666,1.0,0,0,1
38693,7302,29099,egk,carswell,1990-08-22,E2C61990,29099,eqqz,carswell,1990-08-25,E2C61990,0.5277777777777778,1.0,0,0,1
38710,37127,56726,robert,rose,1988-07-22,R1R21988,61620,rwyp,rjbzrs,1988-12-01,R1R21988,0.4722222222222221,0.4722222222222221,0,0,0
38728,8745,53367,fermin,grajales,1980-10-28,F6G61980,53367,fermin,grajales,1980-10-21,F6G61980,1.0,1.0,0,1,1
38728,8746,53367,fermin,grajales,1980-10-28,F6G61980,53367,fermin,grajales,1980-10-28,F6G61980,1.0,1.0,1,1,1
38740,31609,62142,roger,l,1980-12-11,R2L01980,60007,rak,li,1980-08-17,R2L01980,0.5111111111111111,0.8500000000000001,0,0,0
38758,35290,62123,sli,mcclellan,1976-07-08,S4M21976,61102,sylena,mayes,1976-02-24,S4M21976,0.6666666666666666,0.5407407407407407,0,0,0
38765,31495,62114,rosario,sain,1977-03-26,R2S51977,12858,rhryq,sm,1977-04-07,R2S51977,0.5619047619047619,0.5833333333333334,0,0,0
38783,38781,62116,janiqua,jackson,1993-09-03,J5J21993,62116,janiqua,jackson,1993-09-03,J5J21993,1.0,1.0,1,1,1
38803,26305,62135,jmnp,knosblach,1961-10-31,J5K51961,58394,jean-pierre,kgsn,1961-03-03,J5K51961,0.6742424242424242,0.5833333333333334,0,0,0
38823,24982,62121,samantha,xuvgm,1994-05-07,S5X11994,58001,shawntoria,xef,1994-06-23,S5X11994,0.7375,0.5111111111111111,0,0,0
38825,38824,62121,samantha,dj,1991-05-07,S5D21991,62121,samantha,dkbmg,1991-05-07,S5D21991,1.0,0.5666666666666667,1,1,1
38856,15091,62115,jason,hpo,1976-02-01,J2H11976,55098,joseph,hbb,1976-08-26,J2H11976,0.5888888888888889,0.5555555555555555,0,0,0
38856,15092,62115,jason,hpo,1976-02-01,J2H11976,55098,joseph,hubert,1976-08-26,J2H11976,0.5888888888888889,0.5,0,0,0
38870,17400,62174,cornelius,rcfgwrt,1988-06-28,C6R21988,55795,caritasse,roche,1988-01-13,C6R21988,0.6296296296296297,0.5619047619047619,0,0,0
38870,18703,62174,cornelius,rcfgwrt,1988-06-28,C6R21988,56208,chri,rgbalh,1988-08-20,C6R21988,0.6944444444444443,0.5396825396825397,0,0,0
38871,19431,56433,william,shaw,1968-05-17,W4S01968,56433,william,shaw,1968-05-17,W4S01968,1.0,1.0,1,1,1
38879,14852,55025,jimmy,charles,1985-07-07,J5C61985,55025,jimmy,charles,1985-08-07,J5C61985,1.0,1.0,0,1,1
38884,34296,32659,joseph,sha,1978-11-08,J2S01978,60801,jason,s,1978-09-18,J2S01978,0.5888888888888889,0.7999999999999999,0,0,0
38886,17749,62179,lester,murrilloperalta,1983-11-15,L2M61983,55888,luis,mora,1983-07-16,L2M61983,0.611111111111111,0.5388888888888889,0,0,0
38900,28736,40788,da,harris,1986-08-13,D0H61986,59150,d,hernandez,1986-01-02,D0H61986,0.8500000000000001,0.5,0,0,0
38903,38902,62163,michael,karamolengos,1980-01-20,M2K61980,62163,michael,karamolengos,1980-01-20,M2K61980,1.0,1.0,1,1,1
38906,38904,59552,eyokni,perez-cuyuch,1986-02-26,E2P61986,59552,eugenio,perez-cuyuch,1986-02-23,E2P61986,0.6428571428571429,1.0,0,0,1
38918,2124,62165,anthony,smith,1988-12-19,A5S51988,8637,anthony,sanders,1988-04-04,A5S51988,1.0,0.4476190476190476,0,0,0
38918,2125,62165,anthony,smith,1988-12-19,A5S51988,8637,anthony,sanders,1988-04-06,A5S51988,1.0,0.4476190476190476,0,0,0
38918,6745,62165,anthony,smith,1988-12-19,A5S51988,4855,antvonte,sanders,1988-02-26,A5S51988,0.8458333333333333,0.4476190476190476,0,0,0
38918,6833,62165,anthony,smith,1988-12-19,A5S51988,52826,angel,sanchez,1988-05-02,A5S51988,0.5619047619047619,0.5619047619047619,0,0,0
38948,38947,58727,trevin,miller,1976-09-22,T6M41976,58727,trevin,miller,1976-09-22,T6M41976,1.0,1.0,1,1,1
38975,20162,62193,antione,henderson,1979-08-29,A5H51979,47371,anthony,haynie,1979-05-26,A5H51979,0.8666666666666668,0.611111111111111,0,0,0
38975,37412,62193,antione,henderson,1979-08-29,A5H51979,60766,andrew,hendzr,1979-12-29,A5H51979,0.6428571428571429,0.8777777777777778,0,0,0
38983,15156,62195,rrs,rxllefie,1988-09-09,R2R21988,55129,riyjag,rc,1988-05-24,R2R21988,0.5,0.5416666666666666,0,0,0
38987,38985,58124,emily,noronha,1986-09-23,E5N61986,58124,emily,noronha,1986-03-25,E5N61986,1.0,1.0,0,1,1
38991,14794,62184,joshua,b,1987-06-28,J2B01987,55020,joseph,bya,1987-04-07,J2B01987,0.8444444444444443,0.7999999999999999,0,0,0
39006,24175,62197,lt,clark,1990-06-21,L3C41990,57783,latavyia,clc,1990-11-23,L3C41990,0.775,0.6888888888888888,0,0,0
39025,39024,62207,richard,fleenor,1959-09-29,R2F41959,62207,richard,fleenor,1959-09-24,R2F41959,1.0,1.0,0,1,1
39027,28144,7342,james,ra,1981-10-13,J5R01981,58963,jhamson,rr,1981-10-11,J5R01981,0.8114285714285714,0.6666666666666666,0,0,0
39030,3221,62204,hao,mu,1993-09-21,H0M01993,51751,hae,m,1993-04-21,H0M01993,0.8222222222222222,0.8500000000000001,0,0,0
39034,39033,62202,romania,graham,1977-08-24,R5G61977,62202,romania,graham,1977-08-24,R5G61977,1.0,1.0,1,1,1
39036,31626,41486,nicholas,rdgq,1995-02-09,N2R31995,60015,nicholas,rodriguez-bustios,1995-09-14,N2R31995,1.0,0.6421568627450981,0,0,0
39052,27078,62205,robert,armstrong,1987-09-21,R1A61987,58659,rab,araujo,1987-08-21,R1A61987,0.6666666666666666,0.611111111111111,0,0,0
39065,39063,62230,mario,hernandez,1979-01-25,M6H61979,62230,mario,hernandez,1979-01-25,M6H61979,1.0,1.0,1,1,1
39067,26910,62226,luben,augustin,1994-11-24,L1A21994,58580,luben,augustin,1994-11-24,L1A21994,1.0,1.0,1,1,0
39070,9951,62216,antonio,walsh,1988-04-16,A5W41988,53758,antrinique,williams,1988-01-02,A5W41988,0.6714285714285714,0.5499999999999999,0,0,0
39070,9952,62216,antonio,walsh,1988-04-16,A5W41988,53758,antrinique,williams,1988-01-02,A5W41988,0.6714285714285714,0.5499999999999999,0,0,0
39070,9953,62216,antonio,walsh,1988-04-16,A5W41988,53758,anb,wial,1988-01-02,A5W41988,0.6507936507936508,0.8049999999999999,0,0,0
39072,25512,62233,juan,god,1990-04-12,J5G31990,58152,juan,gktcdne,1990-10-06,J5G31990,1.0,0.6507936507936508,0,0,0
39115,5330,3214,james,ctt,1968-04-27,J5C31968,52395,jean,cadet,1968-02-15,J5C31968,0.6333333333333333,0.5111111111111111,0,0,0
39121,39120,57559,andrew,ellis,1979-06-04,A5E41979,57559,andrew,ellis,1979-06-04,A5E41979,1.0,1.0,1,1,1
39128,39126,62231,tayaisha,haynes,1992-08-08,T2H51992,62231,tsya,haynes,1992-08-08,T2H51992,0.5972222222222222,1.0,1,1,1
39131,39129,62217,allen,hinton,1971-03-15,A4H51971,62217,allen,hinton,1971-03-15,A4H51971,1.0,1.0,1,1,1
39137,19411,56396,danze,cyr,1966-05-22,D5C61966,56396,danielle,cyr,1966-05-22,D5C61966,0.8366666666666667,1.0,1,1,1
39143,7842,62232,corey,ackerman,1982-04-25,C6A21982,53109,christopher,ahsn,1982-03-22,C6A21982,0.5272727272727272,0.4583333333333333,0,0,0
39154,39153,62228,ariane,rozo,1989-11-12,A6R21989,62228,ariane,rozo,1989-10-12,A6R21989,1.0,1.0,0,1,1
39156,27802,24228,wqe,mizk,1986-06-24,W2M21986,58885,westley,moij,1986-12-09,W2M21986,0.6507936507936508,0.6666666666666666,0,0,0
39158,27,24228,william,mulkey,1986-06-23,W4M41986,50842,william,mulligan,1986-10-25,W4M41986,1.0,0.625,0,0,0
39158,318,24228,william,mulkey,1986-06-23,W4M41986,50842,wili,mulligan,1986-10-25,W4M41986,0.9,0.625,0,0,0
39159,4368,56953,l,mkqag,1985-10-03,L0M21985,52116,l,maxwell,1985-11-26,L0M21985,1.0,0.5619047619047619,0,0,0
39165,18109,52814,marc,m,1976-03-30,M6M01976,56026,myron,mw,1976-06-25,M6M01976,0.6333333333333333,0.8500000000000001,0,0,0
39193,39192,39516,andreasseeze,haynes,1970-10-04,A5H51970,39516,andeiasse,hnnmm,1970-10-04,A5H51970,0.8962962962962963,0.5777777777777778,1,1,1
39206,39204,62263,aubree,magnuson,1991-11-02,A1M21991,62263,aubree,magnuson,1991-11-02,A1M21991,1.0,1.0,1,1,1
39218,39171,62255,syihli,mcbride,1995-07-14,S4M21995,62244,sslcc,mqkhnzp,1995-01-26,S4M21995,0.5777777777777778,0.4285714285714285,0,0,0
39233,39231,62240,carlos,ortega,1981-12-17,C6O61981,62240,carlos,ortega,1981-12-14,C6O61981,1.0,1.0,0,1,1
39237,14751,62252,james,cerpa,1991-10-05,J5C61991,55027,jamesley,charles,1991-02-06,J5C61991,0.925,0.565079365079365,0,0,0
39237,14752,62252,james,cerpa,1991-10-05,J5C61991,55027,jamas,charles,1991-02-06,J5C61991,0.9066666666666668,0.565079365079365,0,0,0
39237,38316,62252,james,cerpa,1991-10-05,J5C61991,61993,jmhb,carson,1991-08-22,J5C61991,0.6333333333333333,0.5777777777777778,0,0,0
39238,21046,62252,james,cerpa,1994-10-03,J5C61994,56828,jonathan,christman,1994-03-29,J5C61994,0.5499999999999999,0.6444444444444445,0,0,0
39238,21047,62252,james,cerpa,1994-10-03,J5C61994,56828,jonathan,christman,1994-03-25,J5C61994,0.5499999999999999,0.6444444444444445,0,0,0
39250,39249,62279,ronald,lake,1945-08-15,R5L21945,62279,ronald,lake,1945-05-15,R5L21945,1.0,1.0,0,1,1
39262,39261,61536,george,jhuxg,1975-08-15,G6J21975,61536,george,joj,1975-08-15,G6J21975,1.0,0.5111111111111111,1,1,1
39265,24953,62280,su,smith,1975-09-12,S0S51975,6227,s,snngxd,1975-09-24,S0S51975,0.8500000000000001,0.4555555555555555,0,0,0
39277,18198,24842,michael,loxev,1980-01-28,M2L21980,56053,mka,lkbug,1980-07-30,M2L21980,0.6507936507936508,0.4666666666666666,0,0,0
39279,3468,62286,marie,panebianco,1984-11-27,M6P51984,51818,marcus,pmaf,1984-08-23,M6P51984,0.79,0.5666666666666667,0,0,0
39306,20094,62284,alexander,bbjj,1991-12-09,A4B21991,56602,alejandro,bs,1991-01-10,A4B21991,0.8962962962962963,0.5833333333333334,0,0,0
39321,37717,62287,jveale,thorpe,1983-06-17,J1T61983,61818,jpgf,thornton,1983-12-18,J1T61983,0.4722222222222221,0.8333333333333334,0,0,0
39328,39327,62283,arielle,welcher,1993-02-05,A6W41993,62283,arielle,welcher,1993-02-05,A6W41993,1.0,1.0,1,1,1
39365,39363,62298,rasheem,chamberlain,1996-03-18,R2C51996,62298,rasheem,chamberlain,1996-03-18,R2C51996,1.0,1.0,1,1,1
39380,31379,62313,miesha,daniel,1993-02-12,M2D51993,59949,miesha,daniel,1993-02-14,M2D51993,1.0,1.0,0,1,0
39391,24763,62319,bob,prjp,1982-07-11,B1P61982,57968,bob,prophete,1982-08-11,B1P61982,1.0,0.7666666666666667,0,1,0
39404,39402,62292,rhett,kelley,1983-11-17,R3K41983,62292,rhett,kelley,1983-11-17,R3K41983,1.0,1.0,1,1,1
39407,3539,62300,rajiv,buci,1992-01-24,R2B21992,51850,reginald,bsiw,1992-04-28,R2B21992,0.5499999999999999,0.6666666666666666,0,0,0
39410,25318,865,jebu,mitc,1984-03-13,J1M31984,27065,jeffrey,mnd,1984-06-07,J1M31984,0.5952380952380952,0.5277777777777778,0,0,0
39412,39411,62308,nicole,tirado,1988-01-07,N2T61988,62308,nicole,tirado,1988-01-04,N2T61988,1.0,1.0,0,1,1
39413,39411,62308,nicole,tarmx,1988-01-04,N2T61988,62308,nicole,tirado,1988-01-04,N2T61988,1.0,0.5888888888888889,1,1,1
39413,39412,62308,nicole,tarmx,1988-01-04,N2T61988,62308,nicole,tirado,1988-01-07,N2T61988,1.0,0.5888888888888889,0,0,1
39415,39414,62314,sheldon,spencer,1984-09-03,S4S11984,62314,sheldon,spencer,1984-09-03,S4S11984,1.0,1.0,1,1,1
39422,2134,62316,lashawn,jjffjry,1979-12-17,L2J11979,51449,lucas,jblte,1979-07-27,L2J11979,0.6761904761904761,0.4476190476190476,0,0,0
39425,39423,62301,elizabeth,sharo,1971-12-20,E4S61971,62301,elizabeth,sharo,1971-12-27,E4S61971,1.0,1.0,0,1,1
39451,39450,38057,anthony,roberts,1993-03-31,A5R11993,38057,anthony,roberts,1993-05-01,A5R11993,1.0,1.0,0,1,1
39452,39450,38057,anthony,roberts,1993-03-01,A5R11993,38057,anthony,roberts,1993-05-01,A5R11993,1.0,1.0,0,1,1
39452,39451,38057,anthony,roberts,1993-03-01,A5R11993,38057,anthony,roberts,1993-03-31,A5R11993,1.0,1.0,0,1,1
39469,14075,62327,ashley,iauzi,1988-03-12,A2I21988,54846,axx,ixcb,1988-08-07,A2I21988,0.5,0.4833333333333333,0,0,0
39470,39468,62327,ashley,garris,1988-03-12,A2G61988,62327,ashley,garris,1988-03-19,A2G61988,1.0,1.0,0,1,1
39482,39480,62350,harry,harrison,1956-03-26,H6H61956,62350,harry,harrison,1956-03-16,H6H61956,1.0,1.0,0,1,1
39488,39486,62329,jeffery,dowdy,1990-06-28,J1D31990,62329,jeffery,dowdy,1990-05-28,J1D31990,1.0,1.0,0,1,1
39494,39492,62346,pamela,phillips,1959-06-07,P5P41959,62346,pamela,phillips,1959-06-07,P5P41959,1.0,1.0,1,1,1
39495,18759,53037,trena,ctllc,1983-03-18,T6C31983,56204,terry,cadet,1983-09-19,T6C31983,0.6222222222222222,0.4666666666666666,0,0,0
39496,7670,53037,trena,collier,1988-03-18,T6C41988,53037,trena,collier,1988-03-18,T6C41988,1.0,1.0,1,1,1
39541,22983,57426,harvey,sabb,1991-09-20,H6S11991,57426,harvey,sabb,1991-09-20,H6S11991,1.0,1.0,1,1,1
39548,39547,62351,richard,lemmon,1970-03-27,R2L51970,62351,rc,laumz,1970-03-27,R2L51970,0.7857142857142857,0.5777777777777778,1,1,1
39557,10763,37981,micheal,icnitne,1990-12-03,M2I21990,53924,mc,igi,1990-05-20,M2I21990,0.7857142857142857,0.6507936507936508,0,0,0
39599,39597,62372,pablo,martinez,1956-03-02,P1M61956,62372,pablo,moryw,1956-03-02,P1M61956,1.0,0.5499999999999999,1,1,1
39620,39619,48323,e,fredricks,1985-07-21,E0F61985,48323,e,fredricks,1985-07-21,E0F61985,1.0,1.0,1,1,1
39626,39624,62405,reymundo,flores,1964-10-15,R5F41964,62405,reymundo,flores,1964-10-25,R5F41964,1.0,1.0,0,1,1
39650,5906,62390,nh,aou,1984-01-26,N0A01984,7352,n,a,1984-01-13,N0A01984,0.8500000000000001,0.7999999999999999,0,0,0
39675,7025,52867,kyle,kane,1989-06-28,K4K51989,52867,kyle,kane,1989-06-28,K4K51989,1.0,1.0,1,1,1
39686,39684,62400,lysette,ruiz,1964-12-27,L2R21964,62400,lysette,ruiz,1964-12-27,L2R21964,1.0,1.0,1,1,1
39692,39690,62384,jorge,castro,1919-10-12,J6C21919,62384,jorge,castro,1919-10-14,J6C21919,1.0,1.0,0,1,1
39718,39717,62391,jerico,bryant,1971-05-28,J6B61971,62391,jerico,bryant,1971-04-28,J6B61971,1.0,1.0,0,1,1
39719,39717,62391,jerico,brqlv,1971-04-28,J6B61971,62391,jerico,bryant,1971-04-28,J6B61971,1.0,0.5777777777777778,1,1,1
39719,39718,62391,jerico,brqlv,1971-04-28,J6B61971,62391,jerico,bryant,1971-05-28,J6B61971,1.0,0.5777777777777778,0,0,1
39725,39723,62386,stuart,baade,1982-08-03,S3B31982,62386,stuart,baade,1982-08-03,S3B31982,1.0,1.0,1,1,1
39727,39726,62373,marcelo,davila,1947-04-29,M6D11947,62373,marcelo,davila,1947-04-09,M6D11947,1.0,1.0,0,1,1
39733,39732,62426,jesse,hartsell,1990-06-05,J2H61990,62426,jesse,hartsell,1990-06-05,J2H61990,1.0,1.0,1,1,1
39749,6622,62424,kane,cameron,1991-03-16,K5C51991,52758,kimoy,campbell,1991-09-19,K5C51991,0.4833333333333333,0.6904761904761904,0,0,0
39749,13324,62424,kane,cameron,1991-03-16,K5C51991,52758,kimoy,cam,1991-09-19,K5C51991,0.4833333333333333,0.8666666666666668,0,0,0
39753,15112,62420,cheryl,fc,1984-01-15,C6F21984,55103,christopher,fgurli,1984-11-21,C6F21984,0.5909090909090909,0.5555555555555555,0,0,0
39766,39765,62428,marchelle,allen,1993-08-19,M6A41993,62428,mrtcue,allen,1993-08-19,M6A41993,0.7333333333333334,1.0,1,1,1
39767,18386,62428,ma,h,1993-08-19,M0H01993,56128,m,ha,1993-11-29,M0H01993,0.8500000000000001,0.8500000000000001,0,0,0
39769,16108,55404,rdgi,ls,1960-06-05,R3L21960,55404,rodney,lewis,1960-06-05,R3L21960,0.611111111111111,0.5666666666666667,1,0,1
39804,27972,15910,joshua,i,1992-02-25,J2I01992,58923,jessica,i,1992-12-09,J2I01992,0.6428571428571429,1.0,0,0,0
39822,6420,61961,yc,gray,1981-01-27,Y2G61981,52722,ycrictia,garguilo,1981-11-08,Y2G61981,0.8,0.5972222222222222,0,0,0
39823,20461,61961,u,gray,1981-01-27,U0G61981,56694,uw,graham,1981-11-18,U0G61981,0.8500000000000001,0.825,0,0,0
39828,8148,62433,cg,mcgriff,1988-08-17,C0M21988,53193,cha,mcewan,1988-02-03,C0M21988,0.611111111111111,0.5396825396825397,0,0,0
39838,2311,33903,roosevelt,jeanpierre,1989-07-21,R2J51989,33903,roosevelt,jeanpierre,1989-07-21,R2J51989,1.0,1.0,1,1,1
39839,2311,33903,rcorev,jeanpierre,1989-07-21,R2J51989,33903,roosevelt,jeanpierre,1989-07-21,R2J51989,0.7333333333333334,1.0,1,1,1
39839,39838,33903,rcorev,jeanpierre,1989-07-21,R2J51989,33903,roosevelt,jeanpierre,1989-07-21,R2J51989,0.7333333333333334,1.0,1,1,1
39854,39852,62430,vr,rosenberg,1950-03-18,V6R21950,62430,virginia,rosenberg,1950-03-18,V6R21950,0.775,1.0,1,1,1
39855,23233,57501,jorge,marai,1972-07-03,J6M61972,57501,jorge,martinez,1972-07-03,J6M61972,1.0,0.8366666666666667,1,1,1
39866,39865,62431,michael,marshall,1983-01-22,M2M61983,62431,michael,marshall,1983-01-12,M2M61983,1.0,1.0,0,1,1
39877,6894,62448,soen,purdom,1975-04-17,S5P61975,52841,santos,perez,1975-08-31,S5P61975,0.611111111111111,0.5777777777777778,0,0,0
39879,36250,5023,grantley,nicholls,1988-06-17,G6N21988,61394,garry,nahqg,1988-07-18,G6N21988,0.6833333333333332,0.5499999999999999,0,0,0
39908,39906,62468,julian,forbes,1979-03-11,J4F61979,62468,julian,forbes,1979-03-16,J4F61979,1.0,1.0,0,1,1
39911,39909,51900,lv,rattray,1980-12-12,L1R31980,51900,lf,rattray,1980-12-12,L1R31980,0.6666666666666666,1.0,1,1,1
39916,22655,62462,jeanne,terry,1959-11-18,J5T61959,57304,jwnt,turnquest,1959-09-25,J5T61959,0.611111111111111,0.5407407407407407,0,0,0
39917,22655,62462,jeanne,terry,1959-11-18,J5T61959,57304,jwnt,turnquest,1959-09-25,J5T61959,0.611111111111111,0.5407407407407407,0,0,0
39917,39916,62462,jeanne,terry,1959-11-18,J5T61959,62462,jeanne,terry,1959-11-18,J5T61959,1.0,1.0,1,1,1
39937,39936,62457,juan,gonzalez,1995-02-15,J5G51995,62457,juan,gonzalez,1995-02-15,J5G51995,1.0,1.0,1,1,1
39942,13399,52584,juan,mujica,1980-09-08,J5M21980,5113,jncmi,mclamore,1980-04-07,J5M21980,0.4833333333333333,0.625,0,0,0
39943,13010,52584,juan,mujica,1986-09-08,J5M21986,30833,jennifer,mcgibbon,1986-10-12,J5M21986,0.5833333333333334,0.5138888888888888,0,0,0
39949,19848,56531,wesley,rembert,1987-03-16,W2R51987,56531,wesley,rembert,1987-02-16,W2R51987,1.0,1.0,0,1,1
39949,19849,56531,wesley,rembert,1987-03-16,W2R51987,56531,wesley,rembert,1987-03-16,W2R51987,1.0,1.0,1,1,1
39949,19850,56531,wesley,rembert,1987-03-16,W2R51987,56531,wesley,rembert,1987-03-16,W2R51987,1.0,1.0,1,1,1
39954,15076,55100,calvin,brown,1960-07-15,C4B61960,55100,calvin,brown,1960-07-15,C4B61960,1.0,1.0,1,1,1
39968,9584,42674,michael,gp,1982-08-24,M2G11982,53641,mxc,ghvb,1982-07-27,M2G11982,0.6507936507936508,0.5833333333333334,0,0,0
39977,7045,62461,damion,juman,1974-05-21,D5J51974,15365,donpt,james,1974-12-23,D5J51974,0.4555555555555555,0.6,0,0,0
39995,39994,62483,norman,williams,1961-12-20,N6W41961,62483,norman,williams,1961-12-20,N6W41961,1.0,1.0,1,1,1
40009,9252,53493,glenn,nieves,1981-05-12,G4N11981,53493,glenn,nieves,1981-05-19,G4N11981,1.0,1.0,0,1,1
40018,40017,62487,sophia,frjf,1970-09-20,S1F61970,62487,sophia,francis,1970-09-20,S1F61970,1.0,0.5952380952380952,1,1,1
40031,40030,62490,danny,diaz,1980-05-24,D5D21980,62490,danny,diaz,1980-05-24,D5D21980,1.0,1.0,1,1,1
40042,467,62481,swa,garn,1970-07-31,S0G61970,37680,s,guerrier,1970-03-10,S0G61970,0.7999999999999999,0.5833333333333334,0,0,0
40051,40050,62482,james,debici,1983-08-11,J5D11983,62482,james,depicciotto,1983-08-11,J5D11983,1.0,0.8101010101010101,1,1,1
40057,6837,62492,erzttm,cesar,1994-08-09,E6C21994,52807,ernest,cykv,1994-08-24,E6C21994,0.6666666666666666,0.4833333333333333,0,0,0
40065,4941,62501,charlie,wlpq,1983-10-04,C6W41983,50514,charles,willet,1983-12-10,C6W41983,0.9428571428571428,0.611111111111111,0,0,0
40065,4943,62501,charlie,wlpq,1983-10-04,C6W41983,50514,charles,willet,1983-12-10,C6W41983,0.9428571428571428,0.611111111111111,0,0,0
40076,40075,62498,denariuius,shelton,1994-05-24,D5S41994,62498,denariuius,shelton,1994-08-24,D5S41994,1.0,1.0,0,1,1
40079,40077,6242,kelly,darryl,1985-10-30,K4D61985,6242,kelly,darryl,1985-10-30,K4D61985,1.0,1.0,1,1,1
40082,40080,62497,nicole,jeanbaptiste,1992-10-20,N2J51992,62497,nicole,jeanbaptiste,1992-10-20,N2J51992,1.0,1.0,1,1,1
40091,40090,62499,monica,tin,1993-03-05,M5T51993,62499,monica,tanon,1993-03-05,M5T51993,1.0,0.6888888888888888,1,1,1
40105,22182,59701,raquel,sm,1980-10-31,R2S51980,3818,rcvon,smngzems,1980-08-21,R2S51980,0.4555555555555555,0.8,0,0,0
40120,3455,737,alan,sorto,1990-05-04,A4S61990,51809,alexyoje,schwartz,1990-10-06,A4S61990,0.5833333333333334,0.6583333333333333,0,0,0
40127,26402,16861,elton,jxo,1982-02-17,E4J01982,16861,elton,j,1982-02-17,E4J01982,1.0,0.7999999999999999,1,1,1
40130,39400,62303,javaris,mx,1995-08-23,J1M21995,45590,jjb,messina,1995-05-23,J1M21995,0.4920634920634921,0.5476190476190476,0,0,0
40134,6472,61204,tara,pagerie,1989-11-02,T6P21989,52708,tierra,pqoh,1989-01-09,T6P21989,0.775,0.4642857142857142,0,0,0
40147,28119,35905,steven,johnson,1963-06-29,S3J51963,56091,st,jones,1963-11-10,S3J51963,0.8222222222222222,0.8323809523809523,0,0,0
40149,3814,60219,justinas,vaitoska,1987-07-21,J2V31987,39355,jack,vetu,1987-05-09,J2V31987,0.4583333333333333,0.5833333333333334,0,0,0
40150,32242,60219,jie,vaitoska,1977-07-21,J0V31977,60219,j,vaitoska,1977-07-21,J0V31977,0.7999999999999999,1.0,1,1,1
40171,24270,62541,dvonte,stewart,1962-11-03,D1S31962,57833,david,stern,1962-06-12,D1S31962,0.5777777777777778,0.8533333333333333,0,0,0
40217,1272,35584,ua,rkciwsy,1989-06-29,U0R21989,19657,u,rousseau,1989-02-11,U0R21989,0.8500000000000001,0.5119047619047619,0,0,0
40228,14768,62551,lucianco,callegari,1969-10-07,L2C41969,55010,lisa,clark,1969-08-25,L2C41969,0.7375,0.5333333333333333,0,0,0
40229,14768,62551,lucianco,callegari,1969-10-07,L2C41969,55010,lisa,clark,1969-08-25,L2C41969,0.7375,0.5333333333333333,0,0,0
40229,40228,62551,lucianco,callegari,1969-10-07,L2C41969,62551,lucianco,callegari,1969-10-07,L2C41969,1.0,1.0,1,1,1
40257,29869,5531,smglyc,bgfmp,1979-12-03,S5B21979,59449,sean,bayk,1979-08-19,S5B21979,0.4722222222222221,0.4833333333333333,0,0,0
40259,1155,5531,sedrick,tson,1989-12-03,S3T21989,17967,steven,tkpszu,1989-08-25,S3T21989,0.5396825396825397,0.611111111111111,0,0,0
40259,1157,5531,sedrick,tson,1989-12-03,S3T21989,17967,steven,toussaint,1989-08-25,S3T21989,0.5396825396825397,0.5833333333333334,0,0,0
40269,9089,53446,caesar,silva,1982-11-02,C2S41982,53446,caesar,silva,1982-11-02,C2S41982,1.0,1.0,1,1,1
40271,9089,53446,caesar,silva,1982-11-02,C2S41982,53446,caesar,silva,1982-11-02,C2S41982,1.0,1.0,1,1,1
40271,40269,53446,caesar,silva,1982-11-02,C2S41982,53446,caesar,silva,1982-11-02,C2S41982,1.0,1.0,1,1,1
40289,40287,62543,lorenzo,miller,1994-03-03,L6M41994,62543,lorenzo,miller,1994-03-06,L6M41994,1.0,1.0,0,1,1
40294,11411,54136,freddy,cardona,1965-02-15,F6C61965,54136,freddy,care,1965-02-15,F6C61965,1.0,0.8083333333333333,1,1,1
40330,40329,62563,giuseppe,dalessandro,1962-04-18,G2D41962,62563,giuseppe,dalessandro,1962-04-08,G2D41962,1.0,1.0,0,1,1
40333,38312,62566,robin,singh,1989-12-31,R1S51989,61986,robertson,saintgermain,1989-12-15,R1S51989,0.6444444444444445,0.74,0,0,0
40336,17020,62573,james,charles,1982-09-18,J5C61982,55662,john,chirrono,1982-11-23,J5C61982,0.4833333333333333,0.6011904761904762,0,0,0
40337,17020,62573,james,charles,1982-09-18,J5C61982,55662,john,chirrono,1982-11-23,J5C61982,0.4833333333333333,0.6011904761904762,0,0,0
40337,40336,62573,james,charles,1982-09-18,J5C61982,62573,james,charles,1982-09-18,J5C61982,1.0,1.0,1,1,1
40338,31652,62570,kwb,pse,1974-04-08,K1P21974,43296,kevin,pknder,1974-08-05,K1P21974,0.5111111111111111,0.6666666666666666,0,0,0
40379,27830,58887,fabio,hernani,1995-06-17,F1H61995,58887,fabio,hernani,1995-06-17,F1H61995,1.0,1.0,1,1,1
40387,1509,62567,antdnwei,ginal,1978-03-18,A5G51978,51261,anthony,gjnzi,1978-07-11,A5G51978,0.6904761904761904,0.6,0,0,0
40387,1511,62567,antdnwei,ginal,1978-03-18,A5G51978,51261,anthony,gonzalez,1978-07-11,A5G51978,0.6904761904761904,0.7899999999999999,0,0,0
40388,17879,62567,antoinette,xvnv,1978-03-18,A5X11978,55926,ahmed,xbhtc,1978-12-06,A5X11978,0.5333333333333333,0.4833333333333333,0,0,0
40415,32507,62568,jermain,v,1992-05-27,J6V01992,60288,jartell,v,1992-06-18,J6V01992,0.5238095238095238,1.0,0,0,0
40418,7329,52982,carmen,white,1976-11-12,C6W31976,52982,carmen,white,1976-11-12,C6W31976,1.0,1.0,1,1,1
40418,13102,52982,carmen,white,1976-11-12,C6W31976,54583,christopher,wd,1976-01-31,C6W31976,0.5050505050505051,0.5666666666666667,0,0,0
40434,129,50874,veronica,talavera,1967-10-28,V6T41967,50874,veronica,talavera,1967-10-18,V6T41967,1.0,1.0,0,1,1
40438,10293,34031,michael,kinsey,1982-06-24,M2K51982,34031,michael,kan,1982-06-24,M2K51982,1.0,0.6666666666666666,1,1,1
40442,40440,62601,khaleel,williams,1994-03-22,K4W41994,62601,khaleel,williams,1994-02-22,K4W41994,1.0,1.0,0,1,1
40454,2771,62611,brandon,fi,1991-10-17,B6F01991,20568,brad,fo,1991-06-06,B6F01991,0.9,0.6666666666666666,0,0,0
40475,23118,62586,mkwm,mesa,1991-02-07,M2M21991,57473,megan,mcnulty,1991-07-28,M2M21991,0.4833333333333333,0.4642857142857142,0,0,0
40475,23120,62586,mkwm,mesa,1991-02-07,M2M21991,57473,megan,mcnulty,1991-07-28,M2M21991,0.4833333333333333,0.4642857142857142,0,0,0
40475,34757,62586,mkwm,mesa,1991-02-07,M2M21991,60945,michael,mzsd,1991-11-10,M2M21991,0.4642857142857142,0.6666666666666666,0,0,0
40477,40476,62598,corey,murphy,1995-10-16,C6M61995,62598,corey,murphy,1995-10-16,C6M61995,1.0,1.0,1,1,1
40511,14018,62606,jermaine,nauw,1990-02-23,J6N01990,2160,jordan,noh,1990-11-08,J6N01990,0.75,0.5277777777777778,0,0,0
40515,18315,62610,ul,brptis,1984-02-03,U4B61984,56068,ulysses,brownlee,1984-02-01,U4B61984,0.8095238095238095,0.5277777777777778,0,0,0
40523,40522,62596,margaret,peter,1956-09-19,M6P31956,62596,margaret,peter,1956-09-19,M6P31956,1.0,1.0,1,1,1
40526,40524,62593,michael,capellan,1985-04-23,M2C11985,62593,mgcd,capellan,1985-04-27,M2C11985,0.5952380952380952,1.0,0,0,1
40530,40513,59434,bruce,harper,1986-07-24,B6H61986,59434,bruce,harper,1986-07-14,B6H61986,1.0,1.0,0,1,1
40533,36405,61419,christopher,taae,1985-05-19,C6T01985,61419,christopher,tw,1985-09-19,C6T01985,1.0,0.5833333333333334,0,0,1
40549,30795,34696,sean,bvrhka,1993-08-06,S5B61993,59781,samantha,brown,1993-04-12,S5B61993,0.7375,0.5777777777777778,0,0,0
40549,30796,34696,sean,bvrhka,1993-08-06,S5B61993,59781,samantha,brown,1993-04-12,S5B61993,0.7375,0.5777777777777778,0,0,0
40549,30797,34696,sean,bvrhka,1993-08-06,S5B61993,59781,samantha,brown,1993-04-12,S5B61993,0.7375,0.5777777777777778,0,0,0
40550,30795,34696,sean,brodnax,1993-08-06,S5B61993,59781,samantha,brown,1993-04-12,S5B61993,0.7375,0.8533333333333333,0,0,0
40550,30796,34696,sean,brodnax,1993-08-06,S5B61993,59781,samantha,brown,1993-04-12,S5B61993,0.7375,0.8533333333333333,0,0,0
40550,30797,34696,sean,brodnax,1993-08-06,S5B61993,59781,samantha,brown,1993-04-12,S5B61993,0.7375,0.8533333333333333,0,0,0
40550,40549,34696,sean,brodnax,1993-08-06,S5B61993,34696,sean,bvrhka,1993-08-06,S5B61993,1.0,0.6428571428571429,1,1,1
40556,40555,62621,andres,taborda,1983-06-02,A5T11983,62621,andres,taborda,1983-07-02,A5T11983,1.0,1.0,0,1,1
40569,23987,62626,antonio,q,1981-10-19,A5Q01981,57691,andrea,qai,1981-10-09,A5Q01981,0.5396825396825397,0.7999999999999999,0,0,0
40573,38137,62633,ant,mcginley,1973-02-16,A5M21973,61953,anastadci,mushlin,1973-06-20,A5M21973,0.8222222222222222,0.6071428571428571,0,0,0
40575,29100,62612,fred,hra,1967-01-15,F6H61967,59264,fre,herlinger,1967-01-04,F6H61967,0.9416666666666668,0.6296296296296297,0,0,0
40592,40591,30796,irwin,bcq,1959-03-11,I6B21959,30796,irwin,baxter,1959-03-11,I6B21959,1.0,0.5,1,1,1
40593,25110,62623,alicia,gonzalez,1981-01-31,A4G51981,6580,alberto,gonzales,1981-06-09,A4G51981,0.5396825396825397,0.95,0,0,0
40604,14599,62634,michael,bxhj,1965-12-28,M2B21965,54993,michael,bqe,1965-03-19,M2B21965,1.0,0.5277777777777778,0,0,0
40621,23453,57056,pkdpi,santiago,1990-08-14,P2S51990,57574,pesxi,swanson,1990-10-30,P2S51990,0.6,0.6904761904761904,0,0,0
40643,18705,34219,jason,forman,1922-01-14,J2F61922,56210,jacky,francois,1922-03-29,J2F61922,0.6,0.75,0,0,0
40661,40660,62667,nsc,raybon,1976-11-08,N2R11976,62667,nichol,raybon,1976-11-08,N2R11976,0.6666666666666666,1.0,1,1,1
40675,2977,51360,l,churchill,1964-10-05,L0C61964,24262,luu,credinciosu,1964-06-11,L0C61964,0.7999999999999999,0.5193602693602694,0,0,0
40678,312,62665,evn,banks,1959-03-10,E1B51959,3060,eprhiram,bm,1959-05-19,E1B51959,0.4861111111111111,0.5666666666666667,0,0,0
40682,40680,62651,johnny,mwr,1967-08-18,J5M61967,62651,johnny,morell,1967-08-18,J5M61967,1.0,0.6666666666666666,1,1,1
40706,17903,12368,terron,lim,1966-01-27,T6L51966,55956,teresa,lmfg,1966-03-17,T6L51966,0.6666666666666666,0.75,0,0,0
40724,6832,7211,g,i,1988-09-23,G0I01988,52826,g,ia,1988-05-02,G0I01988,1.0,0.8500000000000001,0,1,0
40733,40732,56259,pierre,casseus,1989-06-22,P6C21989,56259,pierre,casseus,1989-08-22,P6C21989,1.0,1.0,0,1,1
40740,33435,62673,ricardo,mreg,1982-12-22,R2M61982,60551,rickie,miranda,1982-11-06,R2M61982,0.6428571428571429,0.5952380952380952,0,0,0
40740,33436,62673,ricardo,mreg,1982-12-22,R2M61982,60551,rickie,miranda,1982-11-06,R2M61982,0.6428571428571429,0.5952380952380952,0,0,0
40740,33437,62673,ricardo,mreg,1982-12-22,R2M61982,60551,rickie,miranda,1982-11-06,R2M61982,0.6428571428571429,0.5952380952380952,0,0,0
40742,40741,62673,ricardo,crespo,1982-12-22,R2C61982,62673,ricardo,crespo,1982-12-22,R2C61982,1.0,1.0,1,1,1
40748,22899,57384,kendy,alcy,1984-08-24,K5A41984,57384,kendy,alcy,1984-08-24,K5A41984,1.0,1.0,1,1,1
40756,32786,62670,merlene,reid,1994-12-13,M6R31994,60366,marquis,rodb,1994-09-25,M6R31994,0.5238095238095238,0.6666666666666666,0,0,0
40757,32786,62670,merlene,reid,1994-12-15,M6R31994,60366,marquis,rodb,1994-09-25,M6R31994,0.5238095238095238,0.6666666666666666,0,0,0
40757,40756,62670,merlene,reid,1994-12-15,M6R31994,62670,merlene,reid,1994-12-13,M6R31994,1.0,1.0,0,1,1
40774,40773,62682,samuel,falmer,1986-05-25,S5F41986,62682,samuel,falmer,1986-05-24,S5F41986,1.0,1.0,0,1,1
40781,40780,62679,gregory,wilklmm,1984-06-28,G6W41984,62679,gregory,wlgw,1984-06-28,G6W41984,1.0,0.5952380952380952,1,1,1
40785,18408,19460,s,singletary,1990-12-31,S0S51990,47062,s,smith,1990-02-16,S0S51990,1.0,0.6333333333333333,0,0,0
40785,29522,19460,s,singletary,1990-12-31,S0S51990,58864,s,sm,1990-09-12,S0S51990,1.0,0.5333333333333333,0,0,0
40788,35956,31727,j,grayheart,1992-01-01,J0G61992,61280,jx,groover-wright,1992-07-04,J0G61992,0.8500000000000001,0.6375661375661376,0,0,0
40790,3886,31727,christopher,flayh,1992-01-01,C6F41992,51972,carranza,folf,1992-06-18,C6F41992,0.4772727272727273,0.6333333333333333,0,0,0
40790,5572,31727,christopher,flayh,1992-01-01,C6F41992,49457,carl,fleming,1992-11-04,C6F41992,0.5606060606060607,0.5619047619047619,0,0,0
40790,5573,31727,christopher,flayh,1992-01-01,C6F41992,49457,carl,fle,1992-11-04,C6F41992,0.5606060606060607,0.6888888888888888,0,0,0
40796,40795,62680,lemuel,mcclamrock,1951-09-01,L5M21951,62680,limyz,mcclamrock,1951-09-01,L5M21951,0.5777777777777778,1.0,1,1,1
40816,40815,56729,michael,cr,1992-05-08,M2C61992,56729,miclcj,creightney,1992-05-08,M2C61992,0.6428571428571429,0.7866666666666667,1,1,1
40817,40815,56729,michael,creightney,1992-05-08,M2C61992,56729,miclcj,creightney,1992-05-08,M2C61992,0.6428571428571429,1.0,1,1,1
40817,40816,56729,michael,creightney,1992-05-08,M2C61992,56729,michael,cr,1992-05-08,M2C61992,1.0,0.7866666666666667,1,1,1
40823,15858,62719,aa,martinez,1994-01-09,A0M61994,55316,a,moran,1994-11-14,A0M61994,0.8500000000000001,0.6833333333333332,0,0,0
40833,25486,62722,ts,ocqo,1984-05-17,T2O21984,58169,tcab,ok,1984-11-21,T2O21984,0.5833333333333334,0.5833333333333334,0,0,0
40837,32133,62697,erika,cz,1986-08-27,E6C01986,60172,ern,chao,1986-09-28,E6C01986,0.6888888888888888,0.5833333333333334,0,0,0
40837,32134,62697,erika,cz,1986-08-27,E6C01986,60172,ernesto,chao,1986-09-28,E6C01986,0.5619047619047619,0.5833333333333334,0,0,0
40838,18072,62697,srf,chavez,1986-08-23,S6C11986,56001,shermilla,chhv,1986-07-12,S6C11986,0.6296296296296297,0.8,0,0,0
40855,40854,62723,christopher,ehret,1989-12-20,C6E61989,62723,christopher,ehret,1989-12-21,C6E61989,1.0,1.0,0,1,1
40865,40863,62713,pedro,corzon,1992-06-07,P3C61992,62713,pedro,corzon,1992-06-07,P3C61992,1.0,1.0,1,1,1
40870,17288,62709,cj,valadez,1981-05-04,C0V41981,55769,c,valle,1981-03-21,C0V41981,0.8500000000000001,0.8533333333333333,0,0,0
40883,40881,36975,norris,brown,1960-08-16,N6B61960,36975,norris,brown,1960-08-16,N6B61960,1.0,1.0,1,1,1
40884,4348,62715,sean,westmoreland,1988-04-05,S5W21988,31142,shawn,waglqam,1988-10-27,S5W21988,0.8049999999999999,0.5515873015873015,0,0,0
40899,6709,47994,jr,holland,1988-03-03,J6H41988,43367,jerome,holmes,1988-01-06,J6H41988,0.7999999999999999,0.6428571428571429,0,0,0
40901,28958,47994,jay,hojiz,1988-03-03,J0H21988,8687,j,higgs,1988-11-26,J0H21988,0.7999999999999999,0.4666666666666666,0,0,0
40910,40909,62727,michael,campea,1988-03-06,M2C51988,62727,michael,campea,1988-03-06,M2C51988,1.0,1.0,1,1,1
40911,15473,62740,ow,n,1980-08-12,O0N01980,51514,o,n,1980-04-21,O0N01980,0.8500000000000001,1.0,0,1,0
40923,24763,57968,bob,prophete,1982-08-11,B1P61982,57968,bob,prophete,1982-08-11,B1P61982,1.0,1.0,1,1,1
40923,39391,57968,bob,prophete,1982-08-11,B1P61982,62319,bob,prjp,1982-07-11,B1P61982,1.0,0.7666666666666667,0,1,0
40964,40963,62749,sheldrick,pitchford,1977-07-07,S4P31977,62749,sheldrick,pitchford,1977-07-17,S4P31977,1.0,1.0,0,1,1
40967,40965,62148,joanna,korn,1986-11-28,J5K61986,62148,joanna,korn,1986-11-28,J5K61986,1.0,1.0,1,1,1
40971,23186,62736,xe,re,1990-04-01,X0R01990,57521,xhe,r,1990-01-05,X0R01990,0.611111111111111,0.8500000000000001,0,0,0
40984,20242,62750,jm,scandreth,1984-01-20,J5S51984,5110,james,simmons,1984-01-03,J5S51984,0.82,0.5026455026455027,0,0,0
40994,5634,62742,alexander,ga,1985-10-25,A4G01985,52483,alexandra,go,1985-01-25,A4G01985,0.9555555555555556,0.6666666666666666,0,0,0
41016,24451,62748,mechds,ay,1971-12-03,M2A01971,57876,michael,a,1971-01-02,M2A01971,0.6428571428571429,0.8500000000000001,0,0,0
41026,41025,62778,edwina,pierre,1986-09-02,E3P61986,62778,edwina,pierre,1986-09-02,E3P61986,1.0,1.0,1,1,1
41031,29361,62754,antonio,freeman,1981-06-30,A5F61981,59342,antonio,fournier,1981-03-26,A5F61981,1.0,0.6071428571428571,0,0,0
41031,29363,62754,antonio,freeman,1981-06-30,A5F61981,59342,antonio,fournier,1981-03-16,A5F61981,1.0,0.6071428571428571,0,0,0
41038,10048,62753,jason,b,1983-05-28,J2B01983,5416,jason,bvi,1983-07-15,J2B01983,1.0,0.7999999999999999,0,1,0
41039,37737,62753,jw,john,1983-05-28,J0J51983,61816,j,jean,1983-10-30,J0J51983,0.8500000000000001,0.6666666666666666,0,0,0
41044,41043,62752,robert,dey,1989-02-14,R1D01989,62752,robert,dey,1989-02-14,R1D01989,1.0,1.0,1,1,1
41045,41043,62752,robert,dey,1989-02-14,R1D01989,62752,robert,dey,1989-02-14,R1D01989,1.0,1.0,1,1,1
41045,41044,62752,robert,dey,1989-02-14,R1D01989,62752,robert,dey,1989-02-14,R1D01989,1.0,1.0,1,1,1
41046,29564,48188,ronnie,benyard,1991-01-12,R5B51991,48884,rrn,bensinger,1991-05-23,R5B51991,0.6666666666666666,0.671957671957672,0,0,0
41047,29564,48188,ronnie,benyard,1991-01-12,R5B51991,48884,rrn,bensinger,1991-05-23,R5B51991,0.6666666666666666,0.671957671957672,0,0,0
41047,41046,48188,ronnie,benyard,1991-01-12,R5B51991,48188,ronnie,benyard,1991-01-12,R5B51991,1.0,1.0,1,1,1
41048,29564,48188,ronnie,benyard,1991-01-12,R5B51991,48884,rrn,bensinger,1991-05-23,R5B51991,0.6666666666666666,0.671957671957672,0,0,0
41048,41046,48188,ronnie,benyard,1991-01-12,R5B51991,48188,ronnie,benyard,1991-01-12,R5B51991,1.0,1.0,1,1,1
41048,41047,48188,ronnie,benyard,1991-01-12,R5B51991,48188,ronnie,benyard,1991-01-12,R5B51991,1.0,1.0,1,1,1
41061,5952,52585,kareem,auguste,1993-05-09,K6A21993,52585,kareem,auguste,1993-05-03,K6A21993,1.0,1.0,0,1,1
41061,5953,52585,kareem,auguste,1993-05-09,K6A21993,52585,kareem,auguste,1993-09-03,K6A21993,1.0,1.0,0,1,1
41103,15208,62764,cqgc,lvl,1987-01-22,C0L11987,55118,cxuu,lipper,1987-11-07,C0L11987,0.5,0.5,0,0,0
41112,16674,49516,j,lannlo,1987-05-11,J0L51987,38759,j,lindsay,1987-05-23,J0L51987,1.0,0.5396825396825397,0,0,0
41123,20280,48188,rz,benyard,1991-11-12,R2B51991,47135,reshaud,bowens,1991-12-08,R2B51991,0.5476190476190476,0.6428571428571429,0,0,0
41123,20282,48188,rz,benyard,1991-11-12,R2B51991,47135,reshaud,bowens,1991-12-04,R2B51991,0.5476190476190476,0.6428571428571429,0,0,0
41126,25359,62751,enrique,fqawo,1986-12-27,E5F21986,58124,emily,fjc,1986-09-25,E5F21986,0.5619047619047619,0.5111111111111111,0,0,0
41137,35839,9232,brent,smith,1991-02-07,B6S51991,61243,broo,szeneg,1991-03-18,B6S51991,0.6333333333333333,0.4555555555555555,0,0,0
41147,41145,62784,derrick,robinson,1991-04-28,D6R11991,62784,derrick,robinson,1991-04-28,D6R11991,1.0,1.0,1,1,1
41167,41166,8093,steve,ibarguen,1991-01-20,S3I11991,8093,steve,ibarguen,1991-01-20,S3I11991,1.0,1.0,1,1,1
41168,41166,8093,steve,ibarguen,1991-01-20,S3I11991,8093,steve,ibarguen,1991-01-20,S3I11991,1.0,1.0,1,1,1
41168,41167,8093,steve,ibarguen,1991-01-20,S3I11991,8093,steve,ibarguen,1991-01-20,S3I11991,1.0,1.0,1,1,1
41182,1925,62820,xavier,johnson,1994-10-01,X1J51994,51370,xavier,johnson,1994-10-09,X1J51994,1.0,1.0,0,1,0
41195,38985,58124,emily,nrro,1986-09-25,E5N61986,58124,emily,noronha,1986-03-25,E5N61986,1.0,0.6150793650793651,0,0,1
41195,38987,58124,emily,nrro,1986-09-25,E5N61986,58124,emily,noronha,1986-09-23,E5N61986,1.0,0.6150793650793651,0,0,1
41207,41205,62815,edward,cocaine,1980-03-11,E3C21980,62815,edward,cocaine,1980-03-15,E3C21980,1.0,1.0,0,1,1
41211,38011,61896,alton,gurney,1977-05-25,A4G61977,61896,alton,gurney,1977-05-25,A4G61977,1.0,1.0,1,1,1
41211,38012,61896,alton,gurney,1977-05-25,A4G61977,61896,alton,gurney,1977-05-25,A4G61977,1.0,1.0,1,1,1
41220,16321,62809,brittney,topol,1989-10-29,B6T11989,55438,brian,tbo,1989-06-16,B6T11989,0.8366666666666667,0.6888888888888888,0,0,0
41228,41226,20781,terrace,rogers,1991-05-01,T6R21991,20781,terrace,rogers,1991-09-01,T6R21991,1.0,1.0,0,1,1
41232,30880,62785,mrq,madison,1993-10-24,M6M31993,51087,markendy,metayer,1993-12-31,M6M31993,0.6388888888888888,0.5238095238095238,0,0,0
41232,30881,62785,mrq,madison,1993-10-24,M6M31993,51087,markendy,met,1993-12-31,M6M31993,0.6388888888888888,0.4920634920634921,0,0,0
41245,41244,62797,timothy,corvino,1986-05-06,T5C61986,62797,timothy,corvino,1986-05-06,T5C61986,1.0,1.0,1,1,1
41269,2711,62827,bernard,andrews,1993-04-05,B6A51993,41024,brandon,amato,1993-08-05,B6A51993,0.7685714285714286,0.4476190476190476,0,0,0
41277,30444,62826,donald,sni,1987-01-15,D5S51987,59651,doyen,small,1987-01-11,D5S51987,0.76,0.5111111111111111,0,0,0
41278,3953,62826,wlpag,george,1987-01-15,W4G61987,10137,william,gerena,1987-07-14,W4G61987,0.6761904761904761,0.8222222222222222,0,0,0
41294,41292,62829,ladoria,glover,1985-05-12,L3G41985,62829,ladoria,glover,1985-05-12,L3G41985,1.0,1.0,1,1,1
41303,4945,42425,jessica,shouse,1980-08-20,J2S21980,52303,jason,suxt,1980-11-15,J2S21980,0.5619047619047619,0.611111111111111,0,0,0
41312,19592,62832,mary,davis,1984-08-15,M6D11984,56444,marvin,davis,1984-12-29,M6D11984,0.825,1.0,0,1,0
41325,30296,62837,ferrell,cooper,1992-11-12,F6C11992,24047,frank,cpvan,1992-02-06,F6C11992,0.5619047619047619,0.5777777777777778,0,0,0
41326,30296,62837,ferrell,cooper,1992-11-12,F6C11992,24047,frank,cpvan,1992-02-06,F6C11992,0.5619047619047619,0.5777777777777778,0,0,0
41326,41325,62837,ferrell,cooper,1992-11-12,F6C11992,62837,ferrell,cooper,1992-11-12,F6C11992,1.0,1.0,1,1,1
41335,41334,62838,henry,davis,1977-12-28,H5D11977,62838,henry,davis,1977-12-28,H5D11977,1.0,1.0,1,1,1
41336,41334,62838,henry,davis,1977-12-28,H5D11977,62838,henry,davis,1977-12-28,H5D11977,1.0,1.0,1,1,1
41336,41335,62838,henry,davis,1977-12-28,H5D11977,62838,henry,davis,1977-12-28,H5D11977,1.0,1.0,1,1,1
41343,18256,62848,jamie,igee,1993-09-15,J5I21993,41390,jjnau,icfamni,1993-01-27,J5I21993,0.4666666666666666,0.4642857142857142,0,0,0
41347,41346,62849,chantell,cldirmoqt-f,1975-02-24,C5C41975,62849,chantell,claarmono,1975-02-24,C5C41975,1.0,0.6700336700336701,1,1,1
41353,2380,62844,timara,bqmb,1989-01-08,T5B21989,51526,thomas,bickis,1989-07-13,T5B21989,0.6666666666666666,0.4722222222222221,0,0,0
41353,2381,62844,timara,bqmb,1989-01-08,T5B21989,51526,thomas,bickis,1989-07-03,T5B21989,0.6666666666666666,0.4722222222222221,0,0,0
41364,18381,62847,lztn,jeanbaptiste,1989-06-15,L2J51989,53776,lcr,jones,1989-03-07,L2J51989,0.5277777777777778,0.6277777777777778,0,0,0
41379,3597,4694,perle,roques,1987-05-17,P6R21987,4694,perle,roques,1987-04-17,P6R21987,1.0,1.0,0,1,1
41380,3597,4694,perle,roques,1987-04-17,P6R21987,4694,perle,roques,1987-04-17,P6R21987,1.0,1.0,1,1,1
41380,41379,4694,perle,roques,1987-04-17,P6R21987,4694,perle,roques,1987-05-17,P6R21987,1.0,1.0,0,1,1
41384,41383,17520,jimmy,bingham,1964-11-15,J5B51964,17520,jimmy,bvnhal,1964-11-15,J5B51964,1.0,0.7714285714285715,1,1,1
41397,38602,42300,itzamna,jimenez,1992-11-09,I3J51992,42300,itzamna,jimenez,1992-11-09,I3J51992,1.0,1.0,1,1,1
41399,38602,42300,itzamna,jimenez,1992-11-09,I3J51992,42300,itzamna,jimenez,1992-11-09,I3J51992,1.0,1.0,1,1,1
41399,41397,42300,itzamna,jimenez,1992-11-09,I3J51992,42300,itzamna,jimenez,1992-11-09,I3J51992,1.0,1.0,1,1,1
41410,24020,58950,heff,bradley,1971-08-14,H1B61971,57693,hbi,brdd,1971-05-16,H1B61971,0.5277777777777778,0.7809523809523811,0,0,0
41416,7755,60060,davonte,resiles,1994-09-16,D1R21994,53077,devin,richardson,1994-08-25,D1R21994,0.6761904761904761,0.5761904761904763,0,0,0
41425,3432,62864,michael,camargo,1985-09-30,M2C51985,43775,mg,cameron,1985-03-20,M2C51985,0.5476190476190476,0.8666666666666668,0,0,0
41432,23767,62871,j,marquez,1988-09-08,J0M61988,57660,js,marji,1988-11-25,J0M61988,0.8500000000000001,0.6761904761904761,0,0,0
41441,41439,62854,lori,bermudez,1985-09-08,L6B61985,62854,lori,bermudez,1985-09-08,L6B61985,1.0,1.0,1,1,1
41447,41446,62860,walfare,perez,1985-07-07,W4P61985,62860,walfare,perez,1985-07-07,W4P61985,1.0,1.0,1,1,1
41459,41457,62863,terri,carpenter,1958-12-07,T6C61958,62863,terri,carpenter,1958-12-02,T6C61958,1.0,1.0,0,1,1
41468,41466,62868,david,carrodeguas,1969-10-05,D1C61969,62868,david,carrodeguas,1969-10-07,D1C61969,1.0,1.0,0,1,1
41473,14620,62879,briian,geiss,1981-07-21,B6G21981,54971,brian,gago,1981-06-24,B6G21981,0.9611111111111112,0.4833333333333333,0,0,0
41476,25117,62865,joshua,brisk,1990-02-06,J2B61990,58046,joquial,bryant,1990-12-21,J2B61990,0.7968253968253969,0.5777777777777778,0,0,0
41477,25117,62865,joshua,brisk,1990-02-06,J2B61990,58046,joquial,bryant,1990-12-21,J2B61990,0.7968253968253969,0.5777777777777778,0,0,0
41477,41476,62865,joshua,brisk,1990-02-06,J2B61990,62865,joshua,brisk,1990-02-06,J2B61990,1.0,1.0,1,1,1
41480,41478,52912,micasm,cashes,1986-05-04,M2C21986,52912,michael,cashes,1986-05-04,M2C21986,0.8222222222222222,1.0,1,1,1
41487,738,26267,dg,rhoulhac,1972-11-24,D2R41972,51033,dehhqpian,rollins,1972-03-15,D2R41972,0.5370370370370371,0.6011904761904762,0,0,0
41494,41493,62884,sean,evans,1990-02-15,S5E11990,62884,sean,evans,1990-02-10,S5E11990,1.0,1.0,0,1,1
41544,14601,62887,euegene,wmis,1990-01-15,E2W51990,54975,ekid,waun,1990-04-30,E2W51990,0.4642857142857142,0.5,0,0,0
41548,36310,62888,johnson,delice,1987-12-24,J5D41987,56397,james,dly,1987-04-28,J5D41987,0.5619047619047619,0.6666666666666666,0,0,0
41549,36310,62888,johnson,delice,1987-12-24,J5D41987,56397,james,dly,1987-04-28,J5D41987,0.5619047619047619,0.6666666666666666,0,0,0
41549,41548,62888,johnson,delice,1987-12-24,J5D41987,62888,johnson,delice,1987-12-24,J5D41987,1.0,1.0,1,1,1
41551,6455,53872,donny,evans,1985-09-30,D5E11985,52726,dominick,evans,1985-02-03,D5E11985,0.6583333333333333,1.0,0,0,0
41551,10406,53872,donny,evans,1985-09-30,D5E11985,53872,donny,evans,1985-09-10,D5E11985,1.0,1.0,0,1,1
41564,37056,42372,tnlt,de,1983-02-06,T5D01983,61602,tony,do,1983-12-01,T5D01983,0.6666666666666666,0.6666666666666666,0,0,0
41593,9028,57746,morgan,murphy,1968-09-25,M6M61968,53448,mark,murray,1968-02-10,M6M61968,0.611111111111111,0.8444444444444443,0,0,0
41614,39576,8950,zachary,williams,1991-03-05,Z2W41991,62357,zachary,whalen,1991-09-03,Z2W41991,1.0,0.5138888888888888,0,0,0
41623,41622,62915,karen,baader,1965-09-16,K6B31965,62915,karen,baader,1965-09-16,K6B31965,1.0,1.0,1,1,1
41633,41632,62927,gregg,dawson,1973-08-09,G6D21973,62927,gregg,dskzv,1973-08-09,G6D21973,1.0,0.5777777777777778,1,1,1
41644,7584,62929,michael,nelfrard,1984-01-21,M2N41984,27354,makkkn,nelson,1984-09-24,M2N41984,0.4365079365079365,0.625,0,0,0
41644,7586,62929,michael,nelfrard,1984-01-21,M2N41984,27354,mackenson,nelson,1984-09-24,M2N41984,0.5886243386243386,0.625,0,0,0
41659,23972,62926,p,calj,1989-11-01,P0C41989,20922,p,cjl,1989-08-02,P0C41989,1.0,0.75,0,0,0
41691,13747,62946,y,szqnah,1974-06-20,Y0S51974,54761,y,schenkel,1974-05-07,Y0S51974,1.0,0.5138888888888888,0,0,0
41698,41697,62934,joshua,spivey,1995-10-18,J2S11995,62934,joshua,spao,1995-10-10,J2S11995,1.0,0.611111111111111,0,0,1
41701,38159,62947,cc,f,1980-05-13,C0F01980,61955,c,f,1980-04-11,C0F01980,0.8500000000000001,1.0,0,1,0
41702,41700,62947,cesar,solano,1980-05-10,C2S41980,62947,cesar,solano,1980-05-13,C2S41980,1.0,1.0,0,1,1
41724,31668,62953,alberto,santos,1954-01-14,A4S51954,60038,allen,smiley,1954-08-09,A4S51954,0.6761904761904761,0.4444444444444444,0,0,0
41732,41731,62951,ryf,mezquia,1974-12-19,R1M21974,62951,rafael,mezquia,1974-12-19,R1M21974,0.6666666666666666,1.0,1,1,1
41747,41746,47465,james,goldberg,1976-09-04,J5G41976,47465,james,goldberg,1976-09-04,J5G41976,1.0,1.0,1,1,1
41749,11410,62964,virgilio,corsz,1965-12-04,V6C61965,54136,vrtr,cardona,1965-02-15,V6C61965,0.5833333333333334,0.5619047619047619,0,0,0
41762,41760,62337,earl,greathouse,1979-10-28,E6G61979,62337,earl,grtag,1979-10-28,E6G61979,1.0,0.65,1,1,1
41787,23788,62989,voa,reckley,1967-01-29,V0R21967,57629,v,roki,1967-04-05,V0R21967,0.7999999999999999,0.5952380952380952,0,0,0
41808,36178,62966,tr,bruington,1995-01-06,T6B61995,60827,travon,burton,1995-08-07,T6B61995,0.8222222222222222,0.7999999999999999,0,0,0
41827,39394,62972,q,arian,1990-04-06,Q0A61990,62307,qa,aracri,1990-07-15,Q0A61990,0.8500000000000001,0.76,0,0,0
41834,41833,62983,lilliana,gonzalez,1975-09-23,L4G51975,62983,lilliana,gonzalez,1975-09-23,L4G51975,1.0,1.0,1,1,1
41837,40061,62965,j,mccurdy,1983-06-14,J0M21983,62486,jhgx,mcanally,1983-09-12,J0M21983,0.775,0.6011904761904762,0,0,0
41865,8725,53334,xavier,hilliard,1987-05-27,X1H41987,53334,xavier,hilliard,1987-08-27,X1H41987,1.0,1.0,0,1,1
41867,5768,53334,f,hilliard,1987-05-24,F0H41987,35988,fh,hall,1987-06-11,F0H41987,0.8500000000000001,0.7375,0,0,0
41883,8128,63001,bruce,mcmillan,1994-09-01,B6M21994,53187,brittney,mason,1994-10-19,B6M21994,0.6583333333333333,0.5499999999999999,0,0,0
41883,13143,63001,bruce,mcmillan,1994-09-01,B6M21994,54558,bryeon,mack,1994-08-06,B6M21994,0.76,0.5833333333333334,0,0,0
41883,34486,63001,bruce,mcmillan,1994-09-01,B6M21994,60856,brianna,mgwkiw,1994-08-31,B6M21994,0.5619047619047619,0.5277777777777778,0,0,0
41884,8128,63001,bruce,mcmillan,1994-09-01,B6M21994,53187,brittney,mason,1994-10-19,B6M21994,0.6583333333333333,0.5499999999999999,0,0,0
41884,13143,63001,bruce,mcmillan,1994-09-01,B6M21994,54558,bryeon,mack,1994-08-06,B6M21994,0.76,0.5833333333333334,0,0,0
41884,34486,63001,bruce,mcmillan,1994-09-01,B6M21994,60856,brianna,mgwkiw,1994-08-31,B6M21994,0.5619047619047619,0.5277777777777778,0,0,0
41884,41883,63001,bruce,mcmillan,1994-09-01,B6M21994,63001,bruce,mcmillan,1994-09-01,B6M21994,1.0,1.0,1,1,1
41888,41886,63003,andre,robinson,1991-10-03,A5R11991,63003,andre,robinson,1991-10-04,A5R11991,1.0,1.0,0,1,1
41890,9664,4579,rvvi,porter,1969-01-08,R1P61969,53683,robert,perez robles,1969-07-27,R1P61969,0.4722222222222221,0.5833333333333334,0,0,0
41934,30068,63011,cbf,g,1989-11-02,C1G01989,55075,copav,g,1989-12-07,C1G01989,0.5111111111111111,1.0,0,0,0
41941,33882,45115,jacoriea,baysaba,1993-11-14,J2B21993,60671,jucu,bsku,1993-04-07,J2B21993,0.5833333333333334,0.5952380952380952,0,0,0
41945,41943,63009,rashawn,nti,1990-01-28,R2N31990,63009,rashawn,nti,1990-01-28,R2N31990,1.0,1.0,1,1,1
41978,24316,63042,maria,gramer,1974-03-01,M6G61974,57820,mario,garcia,1974-06-18,M6G61974,0.92,0.5555555555555555,0,0,0
41986,28497,59089,travon,bentley,1982-11-11,T6B51982,59089,travon,bentley,1982-11-11,T6B51982,1.0,1.0,1,1,1
41991,10476,63019,joshua,oy,1993-03-26,J2O01993,53865,jose,oa,1993-10-17,J2O01993,0.825,0.6666666666666666,0,0,0
41993,41992,63019,joshua,diaz,1993-03-22,J2D21993,63019,joshua,diaz,1993-03-26,J2D21993,1.0,1.0,0,1,1
41996,34028,63024,re,majse,1984-07-06,R0M21984,3179,ru,michel,1984-04-15,R0M21984,0.6666666666666666,0.5777777777777778,0,0,0
42008,42007,63020,alexander,razumovskiy,1976-02-10,A4R21976,63020,alvw,razumovskiy,1976-09-10,A4R21976,0.5740740740740741,1.0,0,0,1
42046,32366,63033,ana,cardenas,1983-07-18,A5C61983,60261,andrew,crowley,1983-06-27,A5C61983,0.6666666666666666,0.6011904761904762,0,0,0
42052,42051,63031,scott,mcmullian,1984-02-15,S3M21984,63031,scott,mkmul,1984-02-12,S3M21984,1.0,0.7733333333333333,0,1,1
42053,5861,63031,sz,mcmullian,1984-02-12,S0M21984,52535,sui,mcnabb,1984-11-16,S0M21984,0.611111111111111,0.5185185185185185,0,0,0
42056,32000,23508,mark,x,1991-08-06,M6X01991,60120,mariorly,x,1991-03-17,M6X01991,0.7958333333333334,1.0,0,1,0
42057,23858,53821,jc,talley,1981-08-28,J0T41981,39434,j,tdl,1981-10-27,J0T41981,0.8500000000000001,0.6666666666666666,0,0,0
42064,31919,63074,ffo,sanchez,1980-02-20,F0S51980,60103,f,snellturner,1980-02-29,F0S51980,0.7999999999999999,0.5670995670995671,0,0,0
42091,41324,63054,dejah,brantley,1995-12-28,D2B61995,62840,dustin,bvr,1995-07-17,D2B61995,0.4555555555555555,0.6388888888888888,0,0,0
42092,41324,63054,dz,br,1995-12-28,D2B61995,62840,dustin,bvr,1995-07-17,D2B61995,0.5555555555555555,0.611111111111111,0,0,0
42092,42091,63054,dz,br,1995-12-28,D2B61995,63054,dejah,brantley,1995-12-28,D2B61995,0.5666666666666667,0.8,1,1,1
42094,9368,63055,oow,thomas,1980-03-02,O0T51980,53511,o,thomas,1980-05-17,O0T51980,0.7999999999999999,1.0,0,1,0
42094,26589,63055,oow,thomas,1980-03-02,O0T51980,58503,ohwa,thomas,1980-04-07,O0T51980,0.75,1.0,0,0,0
42122,42121,63064,alejandro,orteaga,1976-10-14,A4O61976,63064,alejandro,orteaga,1976-10-14,A4O61976,1.0,1.0,1,1,1
42154,35934,63057,william,malo,1970-10-30,W4M41970,33548,william,malo,1970-10-30,W4M41970,1.0,1.0,1,1,0
42173,42172,63088,diana,pierre,1969-08-23,D5P61969,63088,diana,pierre,1969-08-23,D5P61969,1.0,1.0,1,1,1
42188,25966,63081,terrin,mi,1995-04-12,T6M01995,58292,tremaine,m,1995-05-20,T6M01995,0.7775000000000001,0.8500000000000001,0,0,0
42205,42204,63077,rashad,strong,1987-03-29,R2S31987,63077,rashad,strong,1987-03-29,R2S31987,1.0,1.0,1,1,1
42217,42180,25607,kerlon,coomansingh,1983-02-01,K6C51983,63107,kerlon,coomansingh,1983-02-01,K6C51983,1.0,1.0,1,1,0
42252,30169,63098,tc,mcxujjr,1973-11-17,T2M21973,59530,tg,mosiman,1973-07-08,T2M21973,0.6666666666666666,0.4285714285714285,0,0,0
42275,42274,1407,leon,grenyion,1988-12-24,L5G61988,1407,leon,grenyion,1988-12-24,L5G61988,1.0,1.0,1,1,1
42286,42285,63084,anthony,vitiello,1983-10-10,A5V31983,63084,anthony,vitiello,1983-10-10,A5V31983,1.0,1.0,1,1,1
42312,3978,52013,wilfredo,alejo-eoqidguk,1984-05-28,W4A41984,52013,wol,alejo-dominguez,1984-05-18,W4A41984,0.6388888888888888,0.8856277056277057,0,0,1
42312,3979,52013,wilfredo,alejo-eoqidguk,1984-05-28,W4A41984,52013,wilfredo,alejo-dominguez,1984-05-10,W4A41984,1.0,0.8856277056277057,0,1,1
42320,37481,63140,trice,rozhon,1988-12-21,T6R21988,61743,travis,rsnf,1988-12-23,T6R21988,0.76,0.4722222222222221,0,0,0
42321,11208,54086,stacy,uragacjstv,1976-03-13,S3U61976,54086,stacy,uragacastillo,1976-02-12,S3U61976,1.0,0.8830769230769232,0,1,1
42322,11208,54086,stacy,ur,1976-02-13,S3U61976,54086,stacy,uragacastillo,1976-02-12,S3U61976,1.0,0.7743589743589744,0,1,1
42322,42321,54086,stacy,ur,1976-02-13,S3U61976,54086,stacy,uragacjstv,1976-03-13,S3U61976,1.0,0.7866666666666667,0,1,1
42325,15055,63126,m,kilpatrick,1984-08-18,M0K41984,16757,m,kallman,1984-04-03,M0K41984,1.0,0.465079365079365,0,0,0
42332,42330,24514,khalil,elasraoui,1980-06-11,K4E41980,24514,khalil,elasraoui,1980-06-11,K4E41980,1.0,1.0,1,1,1
42351,5565,63125,jonel,stanciu,1989-06-13,J5S31989,52472,jim,sterlin,1989-06-20,J5S31989,0.5111111111111111,0.6190476190476191,0,0,0
42352,5565,63125,jonel,stanciu,1989-02-13,J5S31989,52472,jim,sterlin,1989-06-20,J5S31989,0.5111111111111111,0.6190476190476191,0,0,0
42352,42351,63125,jonel,stanciu,1989-02-13,J5S31989,63125,jonel,stanciu,1989-06-13,J5S31989,1.0,1.0,0,1,1
42353,5565,63125,jonel,stanciu,1989-07-13,J5S31989,52472,jim,sterlin,1989-06-20,J5S31989,0.5111111111111111,0.6190476190476191,0,0,0
42353,42351,63125,jonel,stanciu,1989-07-13,J5S31989,63125,jonel,stanciu,1989-06-13,J5S31989,1.0,1.0,0,1,1
42353,42352,63125,jonel,stanciu,1989-07-13,J5S31989,63125,jonel,stanciu,1989-02-13,J5S31989,1.0,1.0,0,1,1
42356,2463,56672,roex,eliacin,1994-09-29,R2E41994,51572,roxmqc,ellington,1994-11-16,R2E41994,0.8,0.671957671957672,0,0,0
42413,42412,63151,fritz,ortiz,1994-03-15,F6O61994,63151,fritz,ortiz,1994-03-15,F6O61994,1.0,1.0,1,1,1
42422,42420,63145,tasman,reynolds,1994-01-11,T2R51994,63145,tasman,rumkood,1994-01-11,T2R51994,1.0,0.6011904761904762,1,1,1
42425,17029,40230,dwayne,sm,1983-10-19,D5S51983,40230,dwayne,singh,1983-10-19,D5S51983,1.0,0.5666666666666667,1,1,1
42437,42435,63156,cora,huth,1980-05-21,C6H31980,63156,cora,huth,1980-05-21,C6H31980,1.0,1.0,1,1,1
42438,22413,63149,mikec,psedf,1993-10-06,M2P21993,57253,majoe,pbk,1993-09-29,M2P21993,0.6,0.5111111111111111,0,0,0
42443,38717,62101,dian,jenkins,1995-01-02,D5J51995,62101,deandre,jkkkm,1995-01-02,D5J51995,0.7535714285714287,0.5619047619047619,1,1,1
42451,42450,63154,diana,loubeau,1993-10-01,D5L11993,63154,diana,loubeau,1993-10-31,D5L11993,1.0,1.0,0,1,1
42454,8857,5449,t,mitchell,1984-07-23,T0M31984,53392,ti,moody,1984-03-16,T0M31984,0.8500000000000001,0.4416666666666666,0,0,0
42464,42462,55053,andres,ussa,1993-04-06,A5U21993,55053,andres,ussa,1993-04-16,A5U21993,1.0,1.0,0,1,1
42468,38847,63160,jennifer,mk,1977-03-08,J5M21977,62147,jonathon,mckenzie,1977-10-24,J5M21977,0.5,0.775,0,0,0
42473,19580,63164,dan,b,1995-01-11,D5B01995,56457,demetri,b,1995-04-27,D5B01995,0.4920634920634921,1.0,0,0,0
42488,14429,63183,jimmy,da,1984-04-23,J5D01984,44404,jean,dh,1984-01-07,J5D01984,0.4833333333333333,0.6666666666666666,0,0,0
42497,42496,63159,luis,rodriguez,1996-12-25,L2R31996,63159,luis,rodriguez,1996-12-29,L2R31996,1.0,1.0,0,1,1
42501,13433,63177,dfi,mcmu,1988-04-05,D1M21988,54624,david,mj,1988-10-27,D1M21988,0.6888888888888888,0.5833333333333334,0,0,0
42503,19024,63177,zackery,mcburrows,1988-04-05,Z2M21988,56300,zachery,mcburbo,1988-04-05,Z2M21988,0.9333333333333332,0.9047619047619048,1,1,0
42503,19025,63177,zackery,mcburrows,1988-04-05,Z2M21988,56300,zachery,mcburrows,1988-04-05,Z2M21988,0.9333333333333332,1.0,1,1,0
42509,29727,63158,cq,screen,1987-10-25,C0S61987,59430,ch,shorz,1987-03-18,C0S61987,0.6666666666666666,0.5777777777777778,0,0,0
42515,17290,55767,cristian,altamiranozarate,1981-12-03,C6A41981,55767,cristian,alpamir,1981-12-05,C6A41981,1.0,0.7952380952380953,0,1,1
42517,42516,63184,christina,bennie,1989-12-05,C6B51989,63184,christina,bennie,1989-12-05,C6B51989,1.0,1.0,1,1,1
42534,16101,63150,t,marts,1991-08-20,T0M61991,55383,th,moreno,1991-03-31,T0M61991,0.8500000000000001,0.5777777777777778,0,0,0
42545,41972,63186,nqa,mub,1975-10-22,N2M11975,63028,ns,mopml,1975-02-11,N2M11975,0.611111111111111,0.5111111111111111,0,0,0
42557,26063,31079,eeo,cr,1990-06-04,E0C61990,38968,e,cray,1990-03-08,E0C61990,0.7999999999999999,0.8666666666666667,0,0,0
42560,35830,63189,emaeyak,t,1952-06-30,E5T01952,61254,emily,tu,1952-02-14,E5T01952,0.6761904761904761,0.8500000000000001,0,0,0
42575,35615,58961,brian,corker,1991-02-13,B6C61991,61208,barbara,crowe,1991-03-09,B6C61991,0.565079365079365,0.765,0,0,0
42626,42624,63207,terry,johnson,1958-07-22,T6J51958,63207,terry,johnson,1958-08-22,T6J51958,1.0,1.0,0,1,1
42641,42640,63227,luis,umana-williams,1960-12-26,L2U51960,63227,luis,umani-w,1960-12-07,L2U51960,1.0,0.8714285714285714,0,1,1
42650,42648,63206,samal,harris,1990-08-06,S5H61990,63206,samantha,harris,1990-08-07,S5H61990,0.86,1.0,0,1,1
42654,12315,36365,joh,allen,1959-11-03,J0A41959,34393,ju,alton,1959-07-22,J0A41959,0.611111111111111,0.7866666666666667,0,0,0
42676,30396,63198,samantha,hisler,1983-03-23,S5H21983,59625,sony,hxozi,1983-01-28,S5H21983,0.5833333333333334,0.4555555555555555,0,0,0
42683,2681,63214,joseph,lk,1990-12-15,J2L21990,51637,josue,lugo,1990-04-04,J2L21990,0.8755555555555556,0.5833333333333334,0,0,0
42689,42687,25259,cnnzthni,wil,1983-02-07,C5W41983,25259,constance,williams,1983-02-07,C5W41983,0.6481481481481481,0.8541666666666666,1,1,1
42694,4893,63230,carismilis,bbjel,1988-05-11,C6B21988,52272,carlos,bgt,1988-05-30,C6B21988,0.7977777777777779,0.5111111111111111,0,0,0
42703,4183,63228,fany,avila,1973-06-27,F5A11973,52081,fpanm,avramides,1973-01-20,F5A11973,0.8049999999999999,0.6648148148148149,0,0,0
42704,4183,63228,fany,avila,1973-06-27,F5A11973,52081,fpanm,avramides,1973-01-20,F5A11973,0.8049999999999999,0.6648148148148149,0,0,0
42704,42703,63228,fany,avila,1973-06-27,F5A11973,63228,fany,avila,1973-06-27,F5A11973,1.0,1.0,1,1,1
42719,11470,63245,nmokj,haxr,1985-12-14,N2H21985,31075,nakiea,hk,1985-01-03,N2H21985,0.5777777777777778,0.5833333333333334,0,0,0
42721,42720,62807,ashley,jones,1991-07-17,A2J51991,62807,ashley,jones,1991-07-17,A2J51991,1.0,1.0,1,1,1
42722,42720,62807,ashley,jones,1991-07-17,A2J51991,62807,ashley,jones,1991-07-17,A2J51991,1.0,1.0,1,1,1
42722,42721,62807,ashley,jones,1991-07-17,A2J51991,62807,ashley,jones,1991-07-17,A2J51991,1.0,1.0,1,1,1
42732,538,56689,asxi,wo,1981-06-13,A2W01981,19434,aq,w,1981-12-02,A2W01981,0.5833333333333334,0.8500000000000001,0,0,0
42747,29727,63243,ci,sarlxg,1987-09-13,C0S61987,59430,ch,shorz,1987-03-18,C0S61987,0.6666666666666666,0.5777777777777778,0,0,0
42747,42509,63243,ci,sarlxg,1987-09-13,C0S61987,63158,cq,screen,1987-10-25,C0S61987,0.6666666666666666,0.5555555555555555,0,0,0
42751,42750,63255,elton,hicks,1983-07-05,E4H21983,63255,elton,hicks,1983-07-05,E4H21983,1.0,1.0,1,1,1
42757,466,37680,jean,guerrier,1970-03-10,J5G61970,37680,jean,guerrier,1970-03-10,J5G61970,1.0,1.0,1,1,1
42761,42759,63246,marc,beauplan,1985-01-21,M6B11985,63246,marc,beauplan,1985-01-21,M6B11985,1.0,1.0,1,1,1
42765,34820,63241,jason,lheee,1982-12-10,J2L01982,60969,jeys,l,1982-08-06,J2L01982,0.6333333333333333,0.76,0,0,0
42767,34820,63241,jason,llew,1982-02-10,J2L01982,60969,jeys,l,1982-08-06,J2L01982,0.6333333333333333,0.775,0,0,0
42767,42765,63241,jason,llew,1982-02-10,J2L01982,63241,jason,lheee,1982-12-10,J2L01982,1.0,0.6333333333333333,0,0,1
42773,42771,63250,toby,cherisma,1983-08-25,T1C61983,63250,toby,cherisma,1983-05-25,T1C61983,1.0,1.0,0,1,1
42779,6158,50716,michelle,je,1967-05-16,M2J01967,52626,michael,ji,1967-04-17,M2J01967,0.9214285714285716,0.6666666666666666,0,0,0
42794,42792,21857,eric,allen,1984-08-04,E6A41984,21857,eric,allen,1984-08-08,E6A41984,1.0,1.0,0,1,1
42801,18266,63256,sade,cr,1993-10-16,S3C61993,56067,steven,corey,1993-11-30,S3C61993,0.611111111111111,0.82,0,0,0
42803,18266,63256,sade,crooks,1993-12-16,S3C61993,56067,steven,corey,1993-11-30,S3C61993,0.611111111111111,0.5888888888888889,0,0,0
42803,42801,63256,sade,crooks,1993-12-16,S3C61993,63256,sade,cr,1993-10-16,S3C61993,1.0,0.8222222222222222,0,1,1
42812,26496,63258,jeesav,bajdnh,1988-02-17,J2B21988,58436,justin,bqoo,1988-01-07,J2B21988,0.5555555555555555,0.4722222222222221,0,0,0
42827,42825,63279,carl,holthe,1961-12-04,C6H41961,63279,carl,holthe,1961-12-04,C6H41961,1.0,1.0,1,1,1
42842,29565,56551,chriltoahs,baptista,1980-09-20,C6B11980,56551,christopher,baptista,1980-09-27,C6B11980,0.8672727272727273,1.0,0,1,1
42842,29566,56551,chriltoahs,baptista,1980-09-20,C6B11980,56551,christopher,baptista,1980-09-20,C6B11980,0.8672727272727273,1.0,1,1,1
42842,29567,56551,chriltoahs,baptista,1980-09-20,C6B11980,56551,christopher,baptista,1980-09-20,C6B11980,0.8672727272727273,1.0,1,1,1
42853,42852,55113,alicia,valentine,1994-05-14,A4V41994,55113,alicia,valentine,1994-01-14,A4V41994,1.0,1.0,0,1,1
42900,16007,27955,stephanie,harrison,1983-02-01,S3H61983,55346,sdmp,harris,1983-06-14,S3H61983,0.5740740740740741,0.95,0,0,0
42909,9099,61924,brandon,rivera-peeples,1994-11-30,B6R11994,47855,brian,rhf,1994-08-02,B6R11994,0.8323809523809523,0.4682539682539682,0,0,0
42909,38065,61924,brandon,rivera-peeples,1994-11-30,B6R11994,61924,bra,rivera-peeples,1994-11-30,B6R11994,0.8666666666666668,1.0,1,1,1
42938,41632,63294,geronimos,dogagis,1973-03-03,G6D21973,62927,gregg,dskzv,1973-08-09,G6D21973,0.5333333333333333,0.4476190476190476,0,0,0
42938,41633,63294,geronimos,dogagis,1973-03-03,G6D21973,62927,gregg,dawson,1973-08-09,G6D21973,0.5333333333333333,0.5396825396825397,0,0,0
42966,7475,63302,britt,i,1976-02-12,B6I01976,52998,brain,i,1976-09-18,B6I01976,0.7866666666666667,1.0,0,1,0
42979,2415,10016,a,gordon,1987-10-09,A0G61987,27433,a,greensdale,1987-09-14,A0G61987,1.0,0.6055555555555555,0,0,0
42980,42978,10016,askia,gordon,1981-10-09,A2G61981,10016,askia,gordon,1981-10-09,A2G61981,1.0,1.0,1,1,1
42982,42981,63304,demarquis,lane,1984-07-07,D5L51984,63304,demarquis,lane,1984-07-07,D5L51984,1.0,1.0,1,1,1
43014,34478,53073,nhaqutl,butler,1989-07-27,N2B31989,60871,nikko,bethel,1989-08-18,N2B31989,0.4476190476190476,0.6944444444444443,0,0,0
43021,43020,16662,yonatan,smilovits,1991-03-27,Y5S51991,16662,yonatan,smilovits,1991-03-27,Y5S51991,1.0,1.0,1,1,1
43022,43020,16662,yonatan,smilovits,1991-03-27,Y5S51991,16662,yonatan,smilovits,1991-03-27,Y5S51991,1.0,1.0,1,1,1
43022,43021,16662,yonatan,smilovits,1991-03-27,Y5S51991,16662,yonatan,smilovits,1991-03-27,Y5S51991,1.0,1.0,1,1,1
43025,25981,58295,james,ravino,1963-09-05,J5R11963,58295,james,rabp,1963-09-05,J5R11963,1.0,0.611111111111111,1,1,1
43042,27471,61478,makenlie,jean,1993-08-27,M2J51993,58791,mas,jean,1993-04-08,M2J51993,0.6388888888888888,1.0,0,0,0
43042,36647,61478,makenlie,jean,1993-08-27,M2J51993,61478,meys,jean,1993-01-27,M2J51993,0.5833333333333334,1.0,0,0,1
43044,22639,63316,jicvo,bu,1989-03-01,J2B01989,33403,joshua,b,1989-12-08,J2B01989,0.4555555555555555,0.8500000000000001,0,0,0
43046,14624,63316,nicholas,burner,1989-03-21,N2B61989,54989,niqq,brackney,1989-03-12,N2B61989,0.5833333333333334,0.75,0,0,0
43055,43053,56936,tonia,morris,1979-05-13,T5M61979,56936,tonia,morris,1979-05-23,T5M61979,1.0,1.0,0,1,1
43061,43059,23647,michelle,cassidy,1972-08-01,M2C21972,23647,michelle,cassidy,1972-08-01,M2C21972,1.0,1.0,1,1,1
43067,43066,63332,miuhq,cahill,1984-07-17,M2C41984,63332,meghan,cahill,1984-07-17,M2C41984,0.5777777777777778,1.0,1,1,1
43069,285,63313,joseph,branum,1994-07-29,J2B61994,50920,justin,brown,1994-06-17,J2B61994,0.5555555555555555,0.76,0,0,0
43069,14005,63313,joseph,branum,1994-07-29,J2B61994,54793,justin,bird,1994-06-20,J2B61994,0.5555555555555555,0.611111111111111,0,0,0
43070,15650,63313,joseph,gr,1994-07-29,J2G61994,55267,justin,grieco,1994-06-08,J2G61994,0.5555555555555555,0.8222222222222222,0,0,0
43070,18079,63313,joseph,gr,1994-07-29,J2G61994,55267,justin,grieco,1994-06-06,J2G61994,0.5555555555555555,0.8222222222222222,0,0,0
43071,8002,63329,ch,h,1963-03-09,C0H01963,53133,c,he,1963-03-11,C0H01963,0.8500000000000001,0.8500000000000001,0,0,0
43077,42025,63345,michael,sd,1977-03-27,M2S31977,63018,michael,stucki,1977-11-29,M2S31977,1.0,0.5555555555555555,0,0,0
43090,43089,63359,antonio,marshall,1978-05-05,A5M61978,63359,antonio,marshall,1978-01-05,A5M61978,1.0,1.0,0,1,1
43097,43095,63348,hass,gordon,1993-01-16,H2G61993,63348,hussain,gurli,1993-01-16,H2G61993,0.7535714285714287,0.5777777777777778,1,1,1
43098,7778,63358,cherryl,cvicpu,1979-08-09,C6C11979,4495,christian,cbtf,1979-07-15,C6C11979,0.5873015873015873,0.4722222222222221,0,0,0
43099,13677,63358,cherryl,clicouot,1979-08-09,C6C41979,54713,carlos,cyle,1979-03-18,C6C41979,0.5396825396825397,0.5833333333333334,0,0,0
43108,13332,63349,r,mejia,1987-11-03,R0M21987,49524,r,mjse,1987-09-14,R0M21987,1.0,0.6333333333333333,0,0,0
43108,31837,63349,r,mejia,1987-11-03,R0M21987,60082,ro,mcfadden,1987-05-11,R0M21987,0.8500000000000001,0.5499999999999999,0,0,0
43126,37869,63361,ogj,hora,1995-02-01,O2H61995,61821,owes,hernandez,1995-01-03,O2H61995,0.5277777777777778,0.6944444444444443,0,0,0
43129,31149,63363,kenny,washington,1975-11-24,K5W21975,59879,kennyal,wks,1975-04-07,K5W21975,0.9428571428571428,0.6222222222222222,0,0,0
43129,31424,63363,kenny,washington,1975-11-24,K5W21975,59969,kimberly,wisniewski,1975-05-27,K5W21975,0.6583333333333333,0.5166666666666667,0,0,0
43132,22821,36615,james,francois,1986-01-03,J5F61986,36615,james,fr,1986-01-03,J5F61986,1.0,0.8,1,1,1
43133,22821,36615,james,frbni,1986-01-03,J5F61986,36615,james,fr,1986-01-03,J5F61986,1.0,0.84,1,1,1
43133,43132,36615,james,frbni,1986-01-03,J5F61986,36615,james,francois,1986-01-03,J5F61986,1.0,0.8133333333333332,1,1,1
43150,41730,63398,rafael,mzgm,1970-04-17,R1M21970,62951,rafael,mezquia,1970-12-19,R1M21970,1.0,0.5952380952380952,0,0,0
43181,43179,63390,melvin,pwrg,1984-06-19,M4P61984,63390,melvin,peralta,1984-06-11,M4P61984,1.0,0.5952380952380952,0,0,1
43183,37131,10115,tyran,whd,1986-04-11,T6W31986,44921,travis,whitehead,1986-05-03,T6W31986,0.7300000000000001,0.6296296296296297,0,0,0
43183,37132,10115,tyran,whd,1986-04-11,T6W31986,44921,travis,whitehead,1986-02-03,T6W31986,0.7300000000000001,0.6296296296296297,0,0,0
43190,10449,63395,saverlyn,cik,1963-09-29,S1C21963,53873,sv,castello,1963-03-01,S1C21963,0.775,0.4861111111111111,0,0,0
43200,7775,63378,ky,menke,1956-09-21,K0M51956,35755,kay,mihm,1956-03-30,K0M51956,0.611111111111111,0.4833333333333333,0,0,0
43207,7792,63373,george,dungan,1956-01-11,G6D51956,47374,gregory,dinxgp,1956-04-13,G6D51956,0.7442857142857143,0.6666666666666666,0,0,0
43208,7792,63373,george,dungan,1956-01-14,G6D51956,47374,gregory,dinxgp,1956-04-13,G6D51956,0.7442857142857143,0.6666666666666666,0,0,0
43208,43207,63373,george,dungan,1956-01-14,G6D51956,63373,george,dungan,1956-01-11,G6D51956,1.0,1.0,0,1,1
43219,1290,63394,jenh,grfi,1985-02-17,J5G61985,51186,juan,guerrerocorral,1985-11-21,J5G61985,0.6666666666666666,0.5476190476190476,0,0,0
43219,1292,63394,jenh,grfi,1985-02-17,J5G61985,51186,juan,guwrreio,1985-11-21,J5G61985,0.6666666666666666,0.7375,0,0,0
43220,22456,63394,jeosjf,g,1985-02-17,J2G01985,57250,jazmin,gi,1985-08-29,J2G01985,0.4444444444444444,0.8500000000000001,0,0,0
43243,1737,63388,cj,scott,1986-03-31,C0S31986,51295,cgya,stunbri,1986-01-12,C0S31986,0.5833333333333334,0.5619047619047619,0,0,0
43244,18378,63388,ja,scott,1986-03-31,J0S31986,56110,joey,stroud,1986-02-28,J0S31986,0.5833333333333334,0.5888888888888889,0,0,0
43248,32459,63414,rg,sussman,1958-05-22,R2S21958,55300,roosevelt,swaxd,1958-01-07,R2S21958,0.5370370370370371,0.4476190476190476,0,0,0
43251,8354,63402,vka,whitmour,1988-11-23,V2W31988,53226,vaughn,white,1988-06-25,V2W31988,0.6666666666666666,0.86,0,0,0
43253,42741,63402,craig,whitmour,1988-11-23,C6W31988,63247,christopher,wooten,1988-05-10,C6W31988,0.6242424242424242,0.5138888888888888,0,0,0
43277,30123,46665,jerome,daley,1982-03-13,J6D41982,20295,jorge,delprado,1982-10-25,J6D41982,0.765,0.5472222222222222,0,0,0
43279,43278,63425,anthony,cavallo,1979-11-16,A5C11979,63425,anthony,cavallo,1979-11-16,A5C11979,1.0,1.0,1,1,1
43286,43284,63417,ingrid,schenk,1954-08-29,I5S51954,63417,ingrid,schenk,1954-08-29,I5S51954,1.0,1.0,1,1,1
43304,43303,63419,jaklin,chapman,1969-04-08,J2C11969,63419,jaklin,chapman,1969-04-08,J2C11969,1.0,1.0,1,1,1
43319,43317,63418,michael,minihane,1986-09-23,M2M51986,63418,michael,minihane,1986-09-23,M2M51986,1.0,1.0,1,1,1
43327,43326,62872,gerald,jea,1950-11-24,G6J01950,62872,gerald,j,1950-11-23,G6J01950,1.0,0.7999999999999999,0,1,1
43333,36273,30419,ltqo,walker,1987-04-14,L3W41987,58848,latosha,williams,1987-11-02,L3W41987,0.7535714285714287,0.5277777777777778,0,0,0
43346,43258,63423,nicole,cooper,1986-03-14,N2C11986,63423,nicole,cooper,1986-03-14,N2C11986,1.0,1.0,1,1,1
43386,11590,63436,cw,mighty,1986-04-04,C0M21986,54184,cs,mgyvrqei,1986-10-17,C0M21986,0.6666666666666666,0.625,0,0,0
43386,28116,63436,cw,mighty,1986-04-04,C0M21986,58964,cx,major,1986-09-08,C0M21986,0.6666666666666666,0.4555555555555555,0,0,0
43392,26626,36680,o,jones,1986-03-05,O0J51986,58508,o,john,1986-07-14,O0J51986,1.0,0.8266666666666667,0,1,0
43393,13329,36680,robert,fgn,1986-07-05,R1F21986,54657,robert,fkg,1986-06-22,R1F21986,1.0,0.5555555555555555,0,0,0
43399,35744,63463,marquel,fcp,1994-06-16,M6F21994,50236,myrticea,fzlte,1994-06-03,M6F21994,0.6011904761904762,0.5111111111111111,0,0,0
43407,2013,51413,joel,felder,1986-08-03,J4F41986,51413,joel,fl,1986-08-03,J4F41986,1.0,0.7999999999999999,1,1,1
43408,2013,51413,joel,felder,1986-08-02,J4F41986,51413,joel,fl,1986-08-03,J4F41986,1.0,0.7999999999999999,0,1,1
43408,43407,51413,joel,felder,1986-08-02,J4F41986,51413,joel,felder,1986-08-03,J4F41986,1.0,1.0,0,1,1
43435,38683,63440,tina,garrison,1969-07-12,T5G61969,62100,tanya,gordon,1969-09-25,T5G61969,0.8049999999999999,0.75,0,0,0
43442,43440,63434,cynthia,dorobiala,1977-04-05,C5D61977,63434,cynthia,dorobiala,1977-04-05,C5D61977,1.0,1.0,1,1,1
43477,43476,52282,caswell,goffee,1977-10-25,C2G11977,52282,caswell,goffee,1977-10-25,C2G11977,1.0,1.0,1,1,1
43480,14501,63455,c,munt,1972-05-17,C0M51972,54935,ce,momemo,1972-09-30,C0M51972,0.8500000000000001,0.4722222222222221,0,0,0
43538,43537,63484,jessica,fernandez,1983-07-10,J2F61983,63484,jessica,ferodnwa,1983-07-10,J2F61983,1.0,0.825,1,1,1
43543,22550,63485,jqn,harris,1963-11-01,J5H61963,57316,john,harris,1963-10-05,J5H61963,0.75,1.0,0,0,0
43574,5196,63470,heather,friedman,1985-07-20,H3F61985,34614,haywood,farrow,1985-11-30,H3F61985,0.5238095238095238,0.5277777777777778,0,0,0
43582,25395,63490,chr,rice,1980-01-10,C6R21980,58120,carlos,rosario,1980-04-10,C6R21980,0.6666666666666666,0.4642857142857142,0,0,0
43582,25396,63490,chr,rice,1980-01-10,C6R21980,58120,carlos,rosario,1980-04-10,C6R21980,0.6666666666666666,0.4642857142857142,0,0,0
43582,33557,63490,chr,rice,1980-01-10,C6R21980,60584,carlos,rugel,1980-01-01,C6R21980,0.6666666666666666,0.6333333333333333,0,0,0
43589,2307,63486,andre,mb,1982-07-16,A5M11982,51527,amillar,mapc,1982-05-06,A5M11982,0.4476190476190476,0.5833333333333334,0,0,0
43590,32124,63520,stevenson,mersan,1974-01-15,S3M61974,60180,staci,myers,1974-07-05,S3M61974,0.5407407407407407,0.8400000000000001,0,0,0
43594,43593,63508,tecosz,tynes,1985-07-21,T2T51985,63508,teoes,tynes,1985-07-21,T2T51985,0.8577777777777779,1.0,1,1,1
43603,43602,63517,zachary,brooks,1997-08-01,Z2B61997,63517,zachary,brooks,1997-08-01,Z2B61997,1.0,1.0,1,1,1
43608,22182,31256,rajindra,somra,1980-01-08,R2S51980,3818,rcvon,smngzems,1980-08-21,R2S51980,0.5499999999999999,0.5499999999999999,0,0,0
43608,40105,31256,rajindra,somra,1980-01-08,R2S51980,59701,raquel,sm,1980-10-31,R2S51980,0.5277777777777778,0.82,0,0,0
43609,22182,31256,rajindra,somra,1980-01-08,R2S51980,3818,rcvon,smngzems,1980-08-21,R2S51980,0.5499999999999999,0.5499999999999999,0,0,0
43609,40105,31256,rajindra,somra,1980-01-08,R2S51980,59701,raquel,sm,1980-10-31,R2S51980,0.5277777777777778,0.82,0,0,0
43609,43608,31256,rajindra,somra,1980-01-08,R2S51980,31256,rajindra,somra,1980-01-08,R2S51980,1.0,1.0,1,1,1
43610,22182,31256,rajindra,somra,1980-01-08,R2S51980,3818,rcvon,smngzems,1980-08-21,R2S51980,0.5499999999999999,0.5499999999999999,0,0,0
43610,40105,31256,rajindra,somra,1980-01-08,R2S51980,59701,raquel,sm,1980-10-31,R2S51980,0.5277777777777778,0.82,0,0,0
43610,43608,31256,rajindra,somra,1980-01-08,R2S51980,31256,rajindra,somra,1980-01-08,R2S51980,1.0,1.0,1,1,1
43610,43609,31256,rajindra,somra,1980-01-08,R2S51980,31256,rajindra,somra,1980-01-08,R2S51980,1.0,1.0,1,1,1
43614,14873,63504,precious,mccray,1988-10-02,P6M21988,55062,preston,mack,1988-01-22,P6M21988,0.6904761904761904,0.611111111111111,0,0,0
43615,14873,63504,precious,mccray,1988-10-02,P6M21988,55062,preston,mack,1988-01-22,P6M21988,0.6904761904761904,0.611111111111111,0,0,0
43615,43614,63504,precious,mccray,1988-10-02,P6M21988,63504,precious,mccray,1988-10-02,P6M21988,1.0,1.0,1,1,1
43619,43617,63506,k,vas,1978-09-15,K0V21978,63506,kie,vasquez,1978-09-11,K0V21978,0.7999999999999999,0.8666666666666668,0,0,1
43628,43627,54384,sidney,perkins,1956-11-21,S3P61956,54384,sidney,perkins,1956-11-21,S3P61956,1.0,1.0,1,1,1
43632,26841,2100,mesqaal,rkzse,1971-07-02,M2R21971,49711,mc,ricco,1971-01-04,M2R21971,0.5476190476190476,0.4666666666666666,0,0,0
43633,8549,2100,marshall,ramsey,1971-01-12,M6R51971,53307,mark,ramsey,1971-02-25,M6R51971,0.7958333333333334,1.0,0,1,0
43637,43636,63518,jon,cynn,1988-11-16,J5C51988,63518,jon,cunningham,1988-11-16,J5C51988,1.0,0.6833333333333332,1,1,1
43641,16677,54257,christine,mesyeux,1986-11-22,C6M21986,55584,carlos,mz,1986-05-31,C6M21986,0.611111111111111,0.5476190476190476,0,0,0
43641,28118,54257,christine,mesyeux,1986-11-22,C6M21986,58964,charles,major,1986-09-08,C6M21986,0.6899470899470899,0.4476190476190476,0,0,0
43658,43656,63515,maurice,walker,1994-06-06,M6W41994,63515,maurice,walker,1994-06-06,M6W41994,1.0,1.0,1,1,1
43665,41609,27871,jean,vgndzrku,1989-03-15,J5V21989,62911,john,vaz,1989-04-21,J5V21989,0.6666666666666666,0.6388888888888888,0,0,0
43668,12236,63531,mqlwen,ml,1991-07-03,M2M41991,54344,michael,miller,1991-06-03,M2M41991,0.5396825396825397,0.7999999999999999,0,0,0
43685,6482,63529,orgtor,tor,1984-04-22,O6T61984,29615,or,truax,1984-02-11,O6T61984,0.8222222222222222,0.6888888888888888,0,0,0
43690,17842,57943,dijohn,nk,1990-02-05,D2N21990,55955,dws,nuckols,1990-01-15,D2N21990,0.5,0.7857142857142857,0,0,0
43719,33980,60713,david,lawrence,1986-05-14,D1L61986,60713,david,lawrence,1986-05-14,D1L61986,1.0,1.0,1,1,1
43723,16436,63538,jonathan,tejada,1988-05-18,J5T21988,55480,janet,tk,1988-05-01,J5T21988,0.6833333333333332,0.5555555555555555,0,0,0
43724,1663,63538,ahnath,tejada,1987-05-18,A5T21987,9795,antoine,tus,1987-01-23,A5T21987,0.6428571428571429,0.5,0,0,0
43751,43750,63552,sofya,shmks,1991-05-15,S1S51991,63552,sofya,shmandura,1991-02-15,S1S51991,1.0,0.6444444444444445,0,0,1
43763,43761,63547,michael,stenquist,1980-12-30,M2S31980,63547,michael,stenquist,1980-12-30,M2S31980,1.0,1.0,1,1,1
43768,18464,63556,k,montano,1992-09-16,K0M51992,56137,kee,manning,1992-11-21,K0M51992,0.7999999999999999,0.6190476190476191,0,0,0
43789,19926,47135,reshaud,xh,1991-12-08,R2X01991,56568,richard,x,1991-10-31,R2X01991,0.7428571428571429,0.8500000000000001,0,0,0
43790,20280,47135,reshaud,bowens,1991-12-08,R2B51991,47135,reshaud,bowens,1991-12-08,R2B51991,1.0,1.0,1,1,1
43790,20282,47135,reshaud,bowens,1991-12-08,R2B51991,47135,reshaud,bowens,1991-12-04,R2B51991,1.0,1.0,0,1,1
43790,41123,47135,reshaud,bowens,1991-12-08,R2B51991,48188,rz,benyard,1991-11-12,R2B51991,0.5476190476190476,0.6428571428571429,0,0,0
43796,43795,63548,juan,garcia,1955-06-16,J5G61955,63548,juan,garcia,1955-06-16,J5G61955,1.0,1.0,1,1,1
43811,43810,63560,nashoa,dotson,1982-03-29,N2D31982,63560,nq,dotson,1982-03-29,N2D31982,0.5555555555555555,1.0,1,1,1
43820,19482,63555,larry,vifk,1983-10-06,L6V11983,56427,laurita,vpiof,1983-07-21,L6V11983,0.6761904761904761,0.6333333333333333,0,0,0
43833,40174,11936,michael,dukes,1990-02-23,M2D21990,62523,mgt,dgwzs,1990-05-06,M2D21990,0.4920634920634921,0.6,0,0,0
43857,21737,63579,jenny,gomezdibenedetto,1987-09-02,J5G51987,57041,jenny,gomezdibenedetto,1987-09-22,J5G51987,1.0,1.0,0,1,0
43876,43875,63578,emdl,fleuirnor,1983-05-11,E5F41983,63578,enock,flqniwe,1983-05-01,E5F41983,0.4833333333333333,0.5886243386243386,0,0,1
43887,1648,63573,clarence,king,1988-11-27,C4K51988,51284,cilo,kan,1988-01-16,C4K51988,0.5833333333333334,0.75,0,0,0
43899,17659,63582,iqs,pesr,1990-02-14,I2P21990,55868,ik,pj,1990-10-05,I2P21990,0.611111111111111,0.5833333333333334,0,0,0
43922,9270,63596,marcial,ortiz,1974-07-21,M6O61974,47358,mauricio,orellana,1974-12-06,M6O61974,0.7704761904761905,0.5499999999999999,0,0,0
43922,9271,63596,marcial,ortiz,1974-07-21,M6O61974,47358,maerbc,orellana,1974-12-06,M6O61974,0.7968253968253969,0.5499999999999999,0,0,0
43934,43932,63600,michael,milligan,1983-09-11,M2M41983,63600,michael,milligan,1983-04-11,M2M41983,1.0,1.0,0,1,1
43947,376,63594,andrew,welch,1987-05-05,A5W41987,50937,andrew,williams,1987-07-30,A5W41987,1.0,0.5499999999999999,0,0,0
43950,24138,57768,grace,margri,1967-07-08,G6M61967,57768,grace,margri,1967-07-08,G6M61967,1.0,1.0,1,1,1
43965,24880,57985,jaron,thomas,1991-07-20,J6T51991,57985,jaron,thomas,1991-07-23,J6T51991,1.0,1.0,0,1,1
43981,43980,63592,ivan,mejia,1980-08-06,I1M21980,63592,ivan,mejia,1980-08-06,I1M21980,1.0,1.0,1,1,1
43986,11461,63598,james,gaboton,1978-01-29,J5G11978,50653,juan,guopaw,1978-10-16,J5G11978,0.6333333333333333,0.5396825396825397,0,0,0
43988,11462,63598,ya,guv,1978-01-29,Y0G11978,50653,y,guevara,1978-10-16,Y0G11978,0.8500000000000001,0.8476190476190477,0,0,0
43996,43995,63606,archie,jones,1960-02-06,A6J51960,63606,archie,jones,1960-02-06,A6J51960,1.0,1.0,1,1,1
44012,33011,60527,g,spkpqge,1983-06-13,G0S11983,25425,ga,spurgeon,1983-08-07,G0S11983,0.8500000000000001,0.6904761904761904,0,0,0
44023,11887,63616,pmtr,mwywo,1981-03-02,P5M01981,54260,pmacus,m,1981-09-03,P5M01981,0.611111111111111,0.76,0,0,0
44032,44031,63626,rafael,nucamendi,1979-09-23,R1N21979,63626,rafael,nkpzmzn,1979-09-23,R1N21979,1.0,0.5873015873015873,1,1,1
44045,44043,63627,martha,wheatley,1975-05-04,M6W31975,63627,marax,wheatley,1975-05-04,M6W31975,0.8755555555555556,1.0,1,1,1
44094,8632,53339,hjr,reid,1988-08-11,H2R31988,53339,hc,reid,1988-08-11,H2R31988,0.611111111111111,1.0,1,1,1
44099,6303,63617,we,s,1988-02-29,W0S01988,52699,w,s,1988-09-17,W0S01988,0.8500000000000001,1.0,0,1,0
44103,44072,63609,victoria,lopez-bumgartner,1988-06-11,V2L11988,63609,victoria,lopez-bumgartner,1988-06-11,V2L11988,1.0,1.0,1,1,1
44105,44072,63609,victoria,lopez-bumgartner,1988-06-11,V2L11988,63609,victoria,lopez-bumgartner,1988-06-11,V2L11988,1.0,1.0,1,1,1
44105,44103,63609,victoria,lopez-bumgartner,1988-06-11,V2L11988,63609,victoria,lopez-bumgartner,1988-06-11,V2L11988,1.0,1.0,1,1,1
44107,44106,4055,morris,king,1988-11-02,M6K51988,4055,morris,king,1988-11-02,M6K51988,1.0,1.0,1,1,1
44108,44106,4055,morris,king,1988-11-02,M6K51988,4055,morris,king,1988-11-02,M6K51988,1.0,1.0,1,1,1
44108,44107,4055,morris,king,1988-11-02,M6K51988,4055,morris,king,1988-11-02,M6K51988,1.0,1.0,1,1,1
44118,1884,63643,alexander,jeukn,1992-02-24,A4J21992,40605,alexus,jackson,1992-09-10,A4J21992,0.8222222222222222,0.6761904761904761,0,0,0
44124,30972,63633,daniel,dw,1994-02-02,D5D01994,59819,densmore,du,1994-10-20,D5D01994,0.5138888888888888,0.6666666666666666,0,0,0
44133,25678,13010,robert,cortes,1978-04-25,R1C61978,13010,robert,cortes,1978-04-25,R1C61978,1.0,1.0,1,1,1
44160,10323,53843,l,ario,1987-06-25,L0A61987,53843,lo,aristizabal,1987-06-25,L0A61987,0.8500000000000001,0.6742424242424242,1,1,1
44163,39576,8950,zachary,wilcvi,1991-03-05,Z2W41991,62357,zachary,whalen,1991-09-03,Z2W41991,1.0,0.5555555555555555,0,0,0
44163,41614,8950,zachary,wilcvi,1991-03-05,Z2W41991,8950,zachary,williams,1991-03-05,Z2W41991,1.0,0.8055555555555556,1,1,1
44173,17400,18316,christopher,rgln,1988-11-26,C6R21988,55795,caritasse,roche,1988-01-13,C6R21988,0.6818181818181818,0.4833333333333333,0,0,0
44173,18703,18316,christopher,rgln,1988-11-26,C6R21988,56208,chri,rgbalh,1988-08-20,C6R21988,0.8727272727272728,0.8,0,0,0
44173,38870,18316,christopher,rgln,1988-11-26,C6R21988,62174,cornelius,rcfgwrt,1988-06-28,C6R21988,0.6026936026936026,0.5952380952380952,0,0,0
44185,40013,63647,nathaniel,martin,1988-07-25,N3M61988,30556,ntetn,martinez,1988-07-15,N3M61988,0.6444444444444445,0.95,0,0,0
44193,1836,51351,hrv,taffe,1971-11-29,H6T11971,51351,horace,taffe,1971-11-28,H6T11971,0.6666666666666666,1.0,0,0,1
44200,41117,63649,ds,manfred,1973-05-11,D2M51973,39120,dgyt,mendoza,1973-04-09,D2M51973,0.5833333333333334,0.5238095238095238,0,0,0
44209,25495,57618,jamaree,more,1995-08-31,J5M61995,57618,jamaree,moreland,1995-08-31,J5M61995,1.0,0.9,1,1,1
44209,25496,57618,jamaree,more,1995-08-31,J5M61995,57618,jamaree,moreland,1995-08-31,J5M61995,1.0,0.9,1,1,1
44209,32647,57618,jamaree,more,1995-08-31,J5M61995,60304,jamil,moreland,1995-07-05,J5M61995,0.6761904761904761,0.9,0,0,0
44243,31340,63669,michael,goabk,1981-09-19,M2G11981,43114,michael,gep,1981-11-01,M2G11981,1.0,0.5111111111111111,0,0,0
44256,42692,63665,mike,soriano,1976-07-08,M2S61976,15533,michael,srl,1976-03-05,M2S61976,0.7809523809523811,0.6507936507936508,0,0,0
44288,44287,21237,jermiah,boykins,1990-05-11,J6B21990,21237,jermiah,boykins,1990-05-11,J6B21990,1.0,1.0,1,1,1
44305,38220,44416,michael,francisco,1980-05-23,M2F61980,44416,michael,fr,1980-05-13,M2F61980,1.0,0.7925925925925926,0,1,1
44305,38222,44416,michael,francisco,1980-05-23,M2F61980,44416,michael,francisco,1980-05-13,M2F61980,1.0,1.0,0,1,1
44310,40132,63713,mucbi,moxqm,1982-01-12,M2M21982,56837,mzr,masood,1982-01-27,M2M21982,0.5111111111111111,0.5777777777777778,0,0,0
44312,20673,63713,michael,crommett,1982-01-12,M2C61982,56729,michael,creightney,1982-05-08,M2C61982,1.0,0.6333333333333333,0,0,0
44312,36294,63713,michael,crommett,1982-01-12,M2C61982,29332,michael,ciriago,1982-09-23,M2C61982,1.0,0.5119047619047619,0,0,0
44319,26370,58388,martez,cooper,1995-05-13,M6C11995,58388,martez,cooper,1995-05-13,M6C11995,1.0,1.0,1,1,1
44319,26371,58388,martez,cooper,1995-05-13,M6C11995,58388,martez,cooper,1995-05-13,M6C11995,1.0,1.0,1,1,1
44319,26372,58388,martez,cooper,1995-05-13,M6C11995,58388,martez,cooper,1995-05-13,M6C11995,1.0,1.0,1,1,1
44320,28886,58388,mk,cooper,1995-05-13,M2C11995,59201,mklvhs,cb,1995-03-25,M2C11995,0.8222222222222222,0.5555555555555555,0,0,0
44327,44326,63711,ryan,kirby,1995-08-24,R5K61995,63711,ryan,kirby,1995-08-24,R5K61995,1.0,1.0,1,1,1
44338,44337,63696,pete,cohen,1994-11-15,P3C51994,63696,pete,cohen,1994-11-15,P3C51994,1.0,1.0,1,1,1
44340,42791,63681,david,heller,1984-01-24,D1H41984,56689,david,hollis,1984-05-13,D1H41984,1.0,0.6666666666666666,0,0,0
44351,18239,40005,tn,jammel,1963-01-30,T5J51963,56091,tmn,jones,1963-11-10,T5J51963,0.611111111111111,0.5777777777777778,0,0,0
44359,3833,63700,maria,marrero,1981-12-18,M6M61981,51961,myrr,martinez,1981-05-22,M6M61981,0.6333333333333333,0.6904761904761904,0,0,0
44359,36161,63700,maria,marrero,1981-12-18,M6M61981,61340,marko,marcetic,1981-04-17,M6M61981,0.8133333333333334,0.6904761904761904,0,0,0
44360,36159,63700,fz,marrero,1981-12-18,F2M61981,61340,fzu,marcetic,1981-04-17,F2M61981,0.9111111111111112,0.6904761904761904,0,0,0
44379,21652,63706,w,myrtil,1980-03-21,W0M61980,56990,wa,martin,1980-12-08,W0M61980,0.8500000000000001,0.7999999999999999,0,0,0
44394,2800,63710,james,myers,1990-03-29,J5M61990,51635,james,morales,1990-10-16,J5M61990,1.0,0.6761904761904761,0,0,0
44407,44406,3501,quavon,bailey,1985-10-11,Q1B41985,3501,quavon,bailey,1985-10-11,Q1B41985,1.0,1.0,1,1,1
44416,13179,63747,cr,bcfnveett,1963-03-19,C6B21963,40237,curtis,baker,1963-08-05,C6B21963,0.7999999999999999,0.5407407407407407,0,0,0
44426,24344,63721,due,reyes,1986-06-14,D0R21986,57816,dd,rcjinuo,1986-02-03,D0R21986,0.611111111111111,0.4476190476190476,0,0,0
44453,17125,63746,czllt,seng,1990-06-25,C4S51990,13149,celestino,santiago,1990-12-27,C4S51990,0.6444444444444445,0.7375,0,0,0
44453,17126,63746,czllt,seng,1990-06-25,C4S51990,13149,celestino,santiago,1990-12-28,C4S51990,0.6444444444444445,0.7375,0,0,0
44460,24225,57791,michael,waddell,1982-03-12,M2W31982,57791,michael,waddell,1982-03-12,M2W31982,1.0,1.0,1,1,1
44460,24226,57791,michael,waddell,1982-03-12,M2W31982,57791,michael,waddell,1982-03-12,M2W31982,1.0,1.0,1,1,1
44461,24225,57791,michael,waddell,1982-03-12,M2W31982,57791,michael,waddell,1982-03-12,M2W31982,1.0,1.0,1,1,1
44461,24226,57791,michael,waddell,1982-03-12,M2W31982,57791,michael,waddell,1982-03-12,M2W31982,1.0,1.0,1,1,1
44461,44460,57791,michael,waddell,1982-03-12,M2W31982,57791,michael,waddell,1982-03-12,M2W31982,1.0,1.0,1,1,1
44465,44464,63722,herode,pierre,1985-03-07,H6P61985,63722,herode,pierre,1985-03-07,H6P61985,1.0,1.0,1,1,1
44470,44469,54909,rudolph,young,1955-02-02,R3Y51955,54909,rudolph,young,1955-01-22,R3Y51955,1.0,1.0,0,1,1
44473,846,56099,sterw,ya,1983-12-14,S3Y01983,1499,steve,ye,1983-07-27,S3Y01983,0.8133333333333334,0.6666666666666666,0,0,0
44476,5566,63732,ricardo,stewart,1989-02-24,R2S31989,52472,roseson,sjtrji,1989-06-20,R2S31989,0.5238095238095238,0.6428571428571429,0,0,0
44476,7730,63732,ricardo,stewart,1989-02-24,R2S31989,53081,rz,soto,1989-09-01,R2S31989,0.5476190476190476,0.5952380952380952,0,0,0
44479,32252,9996,wlw,rcigc,1960-05-08,W4R21960,60225,willie,ross,1960-02-17,W4R21960,0.6666666666666666,0.4833333333333333,0,0,0
44493,9659,53675,maximo,castro,1968-09-12,M2C21968,53675,maximo,castro,1968-09-12,M2C21968,1.0,1.0,1,1,1
44495,9659,53675,maximo,castro,1968-09-12,M2C21968,53675,maximo,castro,1968-09-12,M2C21968,1.0,1.0,1,1,1
44495,44493,53675,maximo,castro,1968-09-12,M2C21968,53675,maximo,castro,1968-09-12,M2C21968,1.0,1.0,1,1,1
44512,44511,63735,kapil,deob,1992-05-31,K1D11992,63735,kapil,dep,1992-05-31,K1D11992,1.0,0.7777777777777778,1,1,1
44534,44532,63781,dwight,stirrup,1958-09-02,D2S31958,63781,dzqyh,stirrup,1958-09-02,D2S31958,0.5777777777777778,1.0,1,1,1
44539,30451,59663,alona,schwartzbach,1966-08-16,A4S61966,59663,alona,schwartzbach,1966-08-16,A4S61966,1.0,1.0,1,1,1
44542,44541,63760,andre,antunes,1979-08-25,A5A51979,63760,andre,amjure,1979-05-25,A5A51979,1.0,0.6428571428571429,0,0,1
44545,33616,63773,samantha,w,1988-04-25,S5W01988,60587,shaun,w,1988-10-09,S5W01988,0.6583333333333333,1.0,0,0,0
44563,9960,63783,antonio,williams,1992-10-25,A5W41992,29456,antnt,wld,1992-10-19,A5W41992,0.8533333333333333,0.6388888888888888,0,0,0
44570,44569,63782,coby,jis,1963-08-15,C1J21963,63782,coby,joseph,1963-07-15,C1J21963,1.0,0.6666666666666666,0,0,1
44585,34551,63787,ti,kiicla,1970-09-08,T0K21970,51697,ty,koze,1970-09-16,T0K21970,0.6666666666666666,0.4722222222222221,0,0,0
44590,44589,63759,demario,dixon,1989-03-19,D5D21989,63759,demario,dixon,1989-06-19,D5D21989,1.0,1.0,0,1,1
44591,44589,63759,demario,dixon,1989-03-10,D5D21989,63759,demario,dixon,1989-06-19,D5D21989,1.0,1.0,0,1,1
44591,44590,63759,demario,dixon,1989-03-10,D5D21989,63759,demario,dixon,1989-03-19,D5D21989,1.0,1.0,0,1,1
44647,40163,21667,josue,pierre,1985-12-28,J2P61985,60538,jokpv,pruett,1985-04-12,J2P61985,0.6,0.5555555555555555,0,0,0
44656,22733,63802,stacie,cxah,1988-10-03,S3C01988,57350,st,ck,1988-05-14,S3C01988,0.8222222222222222,0.5833333333333334,0,0,0
44659,3033,51718,johnny,owens,1981-06-25,J5O51981,51718,johnny,owens,1981-06-29,J5O51981,1.0,1.0,0,1,1
44666,25066,58052,lawrence,bauman,1953-06-28,L6B51953,58052,lrgre,bauman,1953-06-28,L6B51953,0.6583333333333333,1.0,1,1,1
44690,27179,63795,mjux,dqgw,1985-04-08,M2D21985,34467,mike,douze,1985-11-03,M2D21985,0.5,0.4833333333333333,0,0,0
44703,21661,63813,jonson,bullard,1981-06-09,J5B41981,57027,jim,beaolepou,1981-03-06,J5B41981,0.5,0.4761904761904761,0,0,0
44703,26818,63813,jonson,bullard,1981-06-09,J5B41981,58586,john,ballew,1981-10-21,J5B41981,0.8,0.6428571428571429,0,0,0
44703,26819,63813,jonson,bullard,1981-06-09,J5B41981,58586,john,ballew,1981-10-21,J5B41981,0.8,0.6428571428571429,0,0,0
44705,21661,63813,jonson,bwl,1981-06-09,J5B41981,57027,jim,beaolepou,1981-03-06,J5B41981,0.5,0.6296296296296297,0,0,0
44705,26818,63813,jonson,bwl,1981-06-09,J5B41981,58586,john,ballew,1981-10-21,J5B41981,0.8,0.6666666666666666,0,0,0
44705,26819,63813,jonson,bwl,1981-06-09,J5B41981,58586,john,ballew,1981-10-21,J5B41981,0.8,0.6666666666666666,0,0,0
44705,44703,63813,jonson,bwl,1981-06-09,J5B41981,63813,jonson,bullard,1981-06-09,J5B41981,1.0,0.6507936507936508,1,1,1
44710,25901,15581,aaron,humxoq,1990-05-21,A6H51990,58267,aaron,hammond,1990-05-31,A6H51990,1.0,0.6428571428571429,0,0,0
44711,25901,15581,aaron,hammond,1990-05-31,A6H51990,58267,aaron,hammond,1990-05-31,A6H51990,1.0,1.0,1,1,0
44711,44710,15581,aaron,hammond,1990-05-31,A6H51990,15581,aaron,humxoq,1990-05-21,A6H51990,1.0,0.6428571428571429,0,0,1
44727,31368,1499,ezy,sevil,1987-07-27,E2S11987,59952,eqes,severe,1987-01-28,E2S11987,0.5277777777777778,0.79,0,0,0
44750,44749,63820,melvin,vvoqu,1985-09-26,M4V21985,63820,melvin,vasquez,1985-09-26,M4V21985,1.0,0.6761904761904761,1,1,1
44758,44757,63819,daline,pierre,1989-09-27,D4P61989,63819,daline,pierre,1989-09-27,D4P61989,1.0,1.0,1,1,1
44774,29934,47265,jnf,levins,1981-07-16,J5L11981,7342,james,lapaix,1981-10-03,J5L11981,0.5111111111111111,0.5555555555555555,0,0,0
44774,29935,47265,jnf,levins,1981-07-16,J5L11981,7342,james,lapaix,1981-10-09,J5L11981,0.5111111111111111,0.5555555555555555,0,0,0
44774,29936,47265,jnf,levins,1981-07-16,J5L11981,7342,james,lapaix,1981-10-03,J5L11981,0.5111111111111111,0.5555555555555555,0,0,0
44776,44775,63838,tara,helms,1977-06-04,T6H41977,63838,tara,helms,1977-06-04,T6H41977,1.0,1.0,1,1,1
44778,10244,63841,juan,fq,1972-07-21,J5F21972,53803,jammie,fqa,1972-02-21,J5F21972,0.611111111111111,0.9111111111111112,0,0,0
44780,17021,63841,juan,crespo,1962-07-21,J5C61962,55662,john,chirrono,1962-11-23,J5C61962,0.6666666666666666,0.625,0,0,0
44785,16734,63830,jean,jeanbaptiste,1988-10-16,J5J51988,43501,jgn,johnson,1988-08-28,J5J51988,0.75,0.5595238095238095,0,0,0
44792,44790,63837,melinda,vanier,1965-09-10,M4V51965,63837,melinda,vanier,1965-09-10,M4V51965,1.0,1.0,1,1,1
44804,44803,63836,jessica,higgins,1989-05-06,J2H21989,63836,jessica,higgins,1989-05-06,J2H21989,1.0,1.0,1,1,1
44821,19493,63839,donald,shurpert,1954-10-02,D5S61954,18483,donald,sarko,1954-10-07,D5S61954,1.0,0.5499999999999999,0,0,0
44842,18792,53863,k,ric,1994-06-30,K0R21994,56244,koii,rst,1994-12-15,K0R21994,0.775,0.5555555555555555,0,0,0
44842,38022,53863,k,ric,1994-06-30,K0R21994,61908,ka,roessler,1994-08-27,K0R21994,0.8500000000000001,0.4861111111111111,0,0,0
44848,44847,63855,michael,cunningham,1984-02-19,M2C51984,63855,michael,cunningham,1984-01-19,M2C51984,1.0,1.0,0,1,1
44849,8031,63855,michael,cunningham,1987-01-19,M2C51987,53151,mxcw,campbell,1987-09-08,M2C51987,0.5952380952380952,0.4083333333333334,0,0,0
44849,14190,63855,michael,cunningham,1987-01-19,M2C51987,54883,michael,chnvdi,1987-07-12,M2C51987,1.0,0.6,0,0,0
44849,14191,63855,michael,cunningham,1987-01-19,M2C51987,54883,mjcaw,cunningham,1987-07-17,M2C51987,0.6761904761904761,1.0,0,0,0
44855,44853,63853,claussen,quiroz-bonilla,1990-05-27,C4Q61990,63853,claussen,quiroz-bonilla,1990-05-27,C4Q61990,1.0,1.0,1,1,1
44878,44877,63871,robin,moss,1978-06-11,R1M21978,63871,robin,moss,1978-06-10,R1M21978,1.0,1.0,0,1,1
44887,14990,63872,jk,mccrea,1986-02-02,J0M21986,55063,jz,mccray,1986-07-09,J0M21986,0.6666666666666666,0.9333333333333332,0,0,0
44893,19523,37020,carissa,dxtuszewks,1981-10-04,C6D21981,56436,christopher,daxi,1981-02-26,C6D21981,0.6450216450216449,0.5666666666666667,0,0,0
44909,6610,63864,fxe,ay,1972-10-29,F2A01972,52754,fgm,ai,1972-10-30,F2A01972,0.5555555555555555,0.6666666666666666,0,0,0
44953,27842,58916,vincent,edwards,1966-07-15,V5E31966,58916,vincent,edwards,1966-07-15,V5E31966,1.0,1.0,1,1,1
44960,12158,54322,eben,boyd,1972-07-19,E1B31972,54322,eben,boyd,1972-07-19,E1B31972,1.0,1.0,1,1,1
44980,35756,63914,samuel,yecspv,1985-09-25,S5Y21985,61224,shawn,yost,1985-09-22,S5Y21985,0.5777777777777778,0.611111111111111,0,0,0
44984,44592,63896,a,pitzdo,1993-01-15,A0P31993,63305,a,patino,1993-06-06,A0P31993,1.0,0.6944444444444443,0,0,0
44991,27322,3242,darryl,raop,1974-10-14,D6R11974,58758,dra,ropi,1974-10-13,D6R11974,0.75,0.8500000000000001,0,0,0
44993,31645,3242,daj,ru,1974-10-17,D2R01974,20972,duqj,r,1974-12-17,D2R01974,0.75,0.8500000000000001,0,0,0
45002,45000,63903,lisa,cuito,1970-12-05,L2C31970,63903,lisa,cuito,1970-12-05,L2C31970,1.0,1.0,1,1,1
45059,26040,58287,franklin,reinosolopez,1964-02-10,F6R51964,58287,franklin,reinosolopez,1964-02-10,F6R51964,1.0,1.0,1,1,1
45079,45078,63895,violet,hammond,1994-10-13,V4H51994,63895,violet,hmmmuf,1994-10-19,V4H51994,1.0,0.6428571428571429,0,0,1
45080,45078,63895,violet,hn,1994-10-13,V4H51994,63895,violet,hmmmuf,1994-10-19,V4H51994,1.0,0.5555555555555555,0,0,1
45080,45079,63895,violet,hn,1994-10-13,V4H51994,63895,violet,hammond,1994-10-13,V4H51994,1.0,0.5476190476190476,1,1,1
45095,45093,63922,urekas,major,1977-10-04,U6M21977,63922,urekas,major,1977-12-04,U6M21977,1.0,1.0,0,1,1
45100,17586,18100,freddy,crespo,1982-11-11,F6C61982,55847,fredrick,corporal,1982-12-27,F6C61982,0.8333333333333334,0.75,0,0,0
45101,10632,18100,freddy,crespo,1984-11-11,F6C61984,18100,freddy,crespo,1984-11-11,F6C61984,1.0,1.0,1,1,1
45101,21105,18100,freddy,crespo,1984-11-11,F6C61984,18100,freddy,crespo,1984-11-11,F6C61984,1.0,1.0,1,1,1
45101,21106,18100,freddy,crespo,1984-11-11,F6C61984,18100,freddy,crespo,1984-11-11,F6C61984,1.0,1.0,1,1,1
45101,21107,18100,freddy,crespo,1984-11-11,F6C61984,18100,freddy,crespo,1984-11-11,F6C61984,1.0,1.0,1,1,1
45112,38219,63937,marijah,co,1995-07-29,M6C01995,61939,marcravio,c,1995-05-09,M6C01995,0.671957671957672,0.8500000000000001,0,0,0
45136,44040,63958,christopher,aahlz,1995-05-09,C6A41995,57467,carlos,ahlutor,1995-03-23,C6A41995,0.5934343434343434,0.6761904761904761,0,0,0
45146,30015,62540,alexander,sgm,1944-12-07,A4S51944,59518,alnorius,sainmelus,1944-12-15,A4S51944,0.5694444444444444,0.6296296296296297,0,0,0
45154,30470,59640,christian,torres,1994-10-04,C6T61994,59640,christian,torres,1994-10-08,C6T61994,1.0,1.0,0,1,1
45160,17405,13400,fabian,frazier,1991-07-01,F1F61991,13400,fabian,frazier,1991-07-01,F1F61991,1.0,1.0,1,1,1
45166,21473,63945,michael,weasa,1979-06-17,M2W21979,40942,mj,wiigj,1979-07-09,M2W21979,0.5476190476190476,0.4666666666666666,0,0,0
45167,24107,63945,mx,berson,1979-09-17,M2B61979,57645,michael,burkland,1979-09-19,M2B61979,0.5476190476190476,0.625,0,0,0
45195,32538,63947,voxfq,brantley,1989-06-26,V2B61989,2047,victor,brown,1989-11-02,V2B61989,0.4555555555555555,0.6583333333333333,0,0,0
45195,32539,63947,voxfq,brantley,1989-06-26,V2B61989,2047,victor,brown,1989-11-09,V2B61989,0.4555555555555555,0.6583333333333333,0,0,0
45222,20814,54605,rr,bailey,1994-04-08,R0B41994,56740,ra,blmk,1994-11-12,R0B41994,0.6666666666666666,0.611111111111111,0,0,0
45222,35813,54605,rr,bailey,1994-04-08,R0B41994,48355,re,blux,1994-01-11,R0B41994,0.6666666666666666,0.611111111111111,0,0,0
45241,35075,63965,mxmfc,ml,1963-06-30,M2M41963,61043,mq,miller,1963-08-27,M2M41963,0.5666666666666667,0.7999999999999999,0,0,0
45243,26859,53307,mark,u,1974-02-25,M6U01974,58579,marc,ua,1974-10-19,M6U01974,0.8833333333333334,0.8500000000000001,0,0,0
45245,45244,53307,mark,ramsey,1974-02-25,M6R51974,53307,mark,ramsey,1974-02-25,M6R51974,1.0,1.0,1,1,1
45247,10726,63731,jmt,awan,1993-10-20,J5A51993,53939,jaime,anderson,1993-04-12,J5A51993,0.5111111111111111,0.5833333333333334,0,0,0
45267,1497,63960,mka,pierrelouis,1983-11-13,M2P61983,4074,mk,pratt,1983-03-22,M2P61983,0.9111111111111112,0.5272727272727272,0,0,0
45276,7111,63991,willie,sanders,1956-08-28,W4S51956,41460,wilson,santiago,1956-11-01,W4S51956,0.6666666666666666,0.6011904761904762,0,0,0
45294,40174,63997,magali,docio,1990-01-16,M2D21990,62523,mgt,dgwzs,1990-05-06,M2D21990,0.6666666666666666,0.4666666666666666,0,0,0
45294,43833,63997,magali,docio,1990-01-16,M2D21990,11936,michael,dukes,1990-02-23,M2D21990,0.6428571428571429,0.4666666666666666,0,0,0
45308,45307,63985,vincente,delgado,1990-07-20,V5D41990,63985,vincente,delgado,1990-07-24,V5D41990,1.0,1.0,0,1,1
45313,45312,26310,tramaine,beard,1985-08-26,T6B61985,26310,tramaine,beard,1985-08-26,T6B61985,1.0,1.0,1,1,1
45316,45315,63992,petula,holder,1976-09-12,P3H41976,63992,petula,holder,1976-09-12,P3H41976,1.0,1.0,1,1,1
45322,45321,63993,anthony,alaniz,1972-02-21,A5A41972,63993,anthony,alcqt,1972-12-21,A5A41972,1.0,0.5777777777777778,0,0,1
45340,35898,61272,jesus,guzmansilva,1981-12-09,J2G21981,61272,jesus,guzmansilva,1981-12-09,J2G21981,1.0,1.0,1,1,1
45340,35900,61272,jesus,guzmansilva,1981-12-09,J2G21981,61272,jesus,gazmamdin,1981-12-09,J2G21981,1.0,0.6262626262626262,1,1,1
45341,35898,61272,jesus,gucmanhi,1981-12-09,J2G21981,61272,jesus,guzmansilva,1981-12-09,J2G21981,1.0,0.8121212121212121,1,1,1
45341,35900,61272,jesus,gucmanhi,1981-12-09,J2G21981,61272,jesus,gazmamdin,1981-12-09,J2G21981,1.0,0.5935185185185184,1,1,1
45341,45340,61272,jesus,gucmanhi,1981-12-09,J2G21981,61272,jesus,guzmansilva,1981-12-09,J2G21981,1.0,0.8121212121212121,1,1,1
45345,45286,63984,marvi,vaughn,1994-12-21,M6V21994,63984,merville,vaughn,1994-12-22,M6V21994,0.7899999999999999,1.0,0,1,1
45349,45348,63988,kwamayne,davis,1993-10-03,K5D11993,63988,kwamayne,davis,1993-10-03,K5D11993,1.0,1.0,1,1,1
45379,41847,64018,ly,pfuc,1988-06-21,L0P21988,62987,l,pkcw,1988-09-14,L0P21988,0.8500000000000001,0.6666666666666666,0,0,0
45387,26458,56531,wesley,wxc,1987-03-14,W2W21987,58429,wic,wgozam,1987-07-10,W2W21987,0.5,0.5,0,0,0
45388,19848,56531,wesley,rembert,1987-03-18,W2R51987,56531,wesley,rembert,1987-02-16,W2R51987,1.0,1.0,0,1,1
45388,19849,56531,wesley,rembert,1987-03-18,W2R51987,56531,wesley,rembert,1987-03-16,W2R51987,1.0,1.0,0,1,1
45388,19850,56531,wesley,rembert,1987-03-18,W2R51987,56531,wesley,rembert,1987-03-16,W2R51987,1.0,1.0,0,1,1
45388,39949,56531,wesley,rembert,1987-03-18,W2R51987,56531,wesley,rembert,1987-03-16,W2R51987,1.0,1.0,0,1,1
45394,7582,64010,dgajelo,zqho,1986-04-13,D2Z01986,53064,dzib,zga,1986-01-03,D2Z01986,0.4642857142857142,0.5277777777777778,0,0,0
45424,21793,21165,jose,cteto,1989-07-24,J2C31989,57063,jessica,codt,1989-05-24,J2C31989,0.6150793650793651,0.6333333333333333,0,0,0
45431,7448,5155,ik,tox,1987-02-28,I2T21987,53004,issac,tisdale,1987-10-18,I2T21987,0.5666666666666667,0.4920634920634921,0,0,0
45431,26649,5155,ik,tox,1987-02-28,I2T21987,53004,issac,tisdale,1987-11-18,I2T21987,0.5666666666666667,0.4920634920634921,0,0,0
45431,26651,5155,ik,tox,1987-02-28,I2T21987,53004,issac,tqselc,1987-10-15,I2T21987,0.5666666666666667,0.5,0,0,0
45436,45435,64035,ronald,wojcik,1990-05-18,R5W21990,64035,ronald,wojcik,1990-05-18,R5W21990,1.0,1.0,1,1,1
45450,43953,64026,aebl,rosales,1979-10-01,A1R21979,45637,avcts,rzex,1979-11-08,A1R21979,0.4833333333333333,0.4642857142857142,0,0,0
45473,17141,64034,llexuwd,castro,1982-03-03,L2C21982,55718,lsi,cux,1982-10-12,L2C21982,0.4920634920634921,0.5,0,0,0
45479,45478,64031,leravious,hanley,1980-03-01,L6H51980,64031,leravious,hanley,1980-03-01,L6H51980,1.0,1.0,1,1,1
45480,24024,57706,therese,patterson,1946-01-20,T6P31946,57706,therese,patterson,1946-08-20,T6P31946,1.0,1.0,0,1,1
45481,24024,57706,therese,patterson,1946-08-29,T6P31946,57706,therese,patterson,1946-08-20,T6P31946,1.0,1.0,0,1,1
45481,45480,57706,therese,patterson,1946-08-29,T6P31946,57706,therese,patterson,1946-01-20,T6P31946,1.0,1.0,0,1,1
45494,45492,64040,roldan,alfonso,1961-04-04,R4A41961,64040,roldan,alfonso,1961-04-03,R4A41961,1.0,1.0,0,1,1
45503,45501,64053,giovanni,funez,1990-04-26,G1F51990,64053,giovanni,funez,1990-05-26,G1F51990,1.0,1.0,0,1,1
45509,45508,55926,ahmed,abdelgili,1978-11-06,A5A11978,55926,ahmed,abdelgili,1978-12-06,A5A11978,1.0,1.0,0,1,1
45510,20102,64045,andrew,carlson,1980-08-26,A5C61980,56593,anthony,cirrincione,1980-02-01,A5C61980,0.5396825396825397,0.5616883116883117,0,0,0
45510,26347,64045,andrew,carlson,1980-08-26,A5C61980,57621,amg,crespo,1980-07-23,A5C61980,0.5,0.7714285714285715,0,0,0
45511,20102,64045,andrew,carlson,1980-08-26,A5C61980,56593,anthony,cirrincione,1980-02-01,A5C61980,0.5396825396825397,0.5616883116883117,0,0,0
45511,26347,64045,andrew,carlson,1980-08-26,A5C61980,57621,amg,crespo,1980-07-23,A5C61980,0.5,0.7714285714285715,0,0,0
45511,45510,64045,andrew,carlson,1980-08-26,A5C61980,64045,andrew,carlson,1980-08-26,A5C61980,1.0,1.0,1,1,1
45541,3213,64061,cyrestb,micheletti,1976-04-24,C6M21976,36196,carrie,miqy,1976-03-08,C6M21976,0.6428571428571429,0.5666666666666667,0,0,0
45545,29678,52726,dominick,rha,1985-02-03,D5R01985,59419,daniel,rw,1985-01-09,D5R01985,0.5138888888888888,0.611111111111111,0,0,0
45575,45574,64046,jared,mizb,1981-10-01,J6M21981,64046,jared,moussa,1981-10-01,J6M21981,1.0,0.4722222222222221,1,1,1
45579,2872,63342,rodney,mccray,1967-07-16,R3M21967,51663,rita,maxcena,1967-05-19,R3M21967,0.4722222222222221,0.6428571428571429,0,0,0
45581,5860,63342,rodney,m,1967-06-26,R3M01967,52535,rodney,m,1967-11-16,R3M01967,1.0,1.0,0,1,0
45584,45582,64057,michael,primus,1969-09-10,M2P61969,64057,michael,primus,1969-07-10,M2P61969,1.0,1.0,0,1,1
45589,45588,64067,christopher,roderick,1978-12-07,C6R31978,64067,christopher,roderick,1978-12-07,C6R31978,1.0,1.0,1,1,1
45593,15900,39864,frwnkh,h,1989-11-01,F6H01989,53251,franklin,h,1989-07-18,F6H01989,0.7777777777777778,1.0,0,1,0
45594,27812,57109,e,s,1963-02-27,E0S01963,58921,e,sw,1963-01-04,E0S01963,1.0,0.8500000000000001,0,1,0
45607,3966,64077,michael,savio,1979-02-07,M2S11979,51979,micqz,spetsieris,1979-12-07,M2S11979,0.6761904761904761,0.5333333333333333,0,0,0
45607,3967,64077,michael,savio,1979-02-07,M2S11979,51979,michael,spetsieris,1979-12-07,M2S11979,1.0,0.5333333333333333,0,0,0
45607,29291,64077,michael,savio,1979-02-07,M2S11979,59329,michael,septak,1979-12-15,M2S11979,1.0,0.4555555555555555,0,0,0
45611,45609,64069,marcia,cruz,1948-06-05,M6C61948,64069,marcia,cruz,1948-06-05,M6C61948,1.0,1.0,1,1,1
45614,45613,52304,deon,jackson,1994-10-31,D5J21994,52304,deon,jackson,1994-10-31,D5J21994,1.0,1.0,1,1,1
45618,42391,63135,olivier,woodson,1997-01-31,O4W31997,63135,olivier,woodson,1997-01-31,O4W31997,1.0,1.0,1,1,1
45622,45621,64070,joanne,anwrrfd,1972-05-20,J5A51972,64070,joanne,anderson,1972-05-20,J5A51972,1.0,0.6011904761904762,1,1,1
45626,41171,64079,gps,rq,1963-04-26,G1R21963,62791,guvt,rzdgix,1963-05-07,G1R21963,0.5277777777777778,0.5555555555555555,0,0,0
45631,40699,44130,carlis,mt,1986-08-09,C6M31986,12534,czri,mt,1986-06-19,C6M31986,0.775,1.0,0,1,0
45637,8124,37170,j,johnson,1993-08-13,J0J51993,36456,j,jones,1993-01-07,J0J51993,1.0,0.8323809523809523,0,1,0
45642,27759,2577,joseph,shears,1990-08-10,J2S61990,58869,jason,surace,1990-07-24,J2S61990,0.5888888888888889,0.5555555555555555,0,0,0
45642,27761,2577,joseph,shears,1990-08-10,J2S61990,58869,jason,surace,1990-07-24,J2S61990,0.5888888888888889,0.5555555555555555,0,0,0
45655,40596,64066,nicholas,t,1993-02-17,N2T01993,62628,nktv,th,1993-06-16,N2T01993,0.4583333333333333,0.8500000000000001,0,0,0
45661,21435,64072,damion,mckinney,1978-12-28,D5M21978,56986,dana,mccarthy,1978-09-13,D5M21978,0.611111111111111,0.5833333333333334,0,0,0
45662,21435,64072,damion,mc,1978-12-28,D5M21978,56986,dana,mccarthy,1978-09-13,D5M21978,0.611111111111111,0.8,0,0,0
45662,45661,64072,damion,mc,1978-12-28,D5M21978,64072,damion,mckinney,1978-12-28,D5M21978,1.0,0.8,1,1,1
45667,45666,64087,carlos,fernandez,1988-04-02,C6F61988,64087,carlos,fernandez,1988-04-07,C6F61988,1.0,1.0,0,1,1
45681,28612,59112,mario,brown,1979-11-04,M6B61979,59112,mario,brown,1979-11-25,M6B61979,1.0,1.0,0,1,1
45703,20675,64086,z,chernin,1992-09-13,Z0C61992,56729,z,creightney,1992-07-08,Z0C61992,1.0,0.7371428571428572,0,0,0
45716,45715,64085,brandon,inzinna,1995-10-01,B6I51995,64085,brandon,inzinna,1995-10-01,B6I51995,1.0,1.0,1,1,1
45731,45053,64109,d,bohru,1964-01-04,D0B61964,32581,dd,brown,1964-11-24,D0B61964,0.8500000000000001,0.6,0,0,0
45749,45748,32662,edward,sepulveda,1989-07-07,E3S11989,32662,edward,seppjje,1989-07-03,E3S11989,1.0,0.671957671957672,0,0,1
45761,23886,64119,daniel,o,1982-05-06,D5O01982,57734,damian,oi,1982-06-20,D5O01982,0.6666666666666666,0.8500000000000001,0,0,0
45773,45772,42172,donovan,sheffield,1990-12-01,D5S11990,42172,donovan,sheffield,1990-12-01,D5S11990,1.0,1.0,1,1,1
45811,45810,64123,tina,paolucci,1976-02-08,T5P41976,64123,tina,paolucci,1976-09-08,T5P41976,1.0,1.0,0,1,1
45815,35052,64120,ysmesehe,jeanbaptise,1984-09-11,Y2J51984,61063,ykd,janitelli,1984-07-13,Y2J51984,0.4861111111111111,0.6262626262626262,0,0,0
45825,40618,62637,willie,norris,1959-04-23,W4N61959,62637,willie,norris,1959-04-23,W4N61959,1.0,1.0,1,1,1
45827,22993,62637,willie,h,1959-04-23,W4H01959,57419,walter,hhao,1959-02-11,W4H01959,0.6666666666666666,0.775,0,0,0
45839,25325,47311,ralph,davila,1971-10-22,R4D11971,47311,ralph,davila,1971-10-22,R4D11971,1.0,1.0,1,1,1
45850,29611,14740,dpbi,f,1991-03-16,D1F01991,59373,dpvn,f,1991-05-04,D1F01991,0.6666666666666666,1.0,0,0,0
45855,24520,22739,jzvnir,mims,1990-09-11,J1M51990,57881,jqzyph,muniz,1990-09-03,J1M51990,0.5555555555555555,0.4833333333333333,0,0,0
45882,30309,64139,jason,gr,1970-10-16,J2G61970,59575,jason,gardner,1970-03-29,J2G61970,1.0,0.7857142857142857,0,1,0
45883,18622,64139,jason,ge,1970-10-16,J2G01970,56147,jesus,gqs,1970-07-18,J2G01970,0.6,0.611111111111111,0,0,0
45883,30074,64139,jason,ge,1970-10-16,J2G01970,29302,joseph,g,1970-07-14,J2G01970,0.5888888888888889,0.8500000000000001,0,0,0
45884,30309,64139,jason,garafalo,1970-10-16,J2G61970,59575,jason,gardner,1970-03-29,J2G61970,1.0,0.6011904761904762,0,0,0
45884,45882,64139,jason,garafalo,1970-10-16,J2G61970,64139,jason,gr,1970-10-16,J2G61970,1.0,0.775,1,1,1
45914,45912,24450,luis,moralesmorales,1987-11-15,L2M61987,24450,luis,moralesmorales,1987-11-19,L2M61987,1.0,1.0,0,1,1
45937,10124,64161,kmisz,green,1976-01-29,K5G61976,53777,kwnq,grant,1976-11-01,K5G61976,0.4833333333333333,0.7866666666666667,0,0,0
45968,17061,64153,mgrig,moscl,1988-05-20,M2M21988,55692,michael,mazzarella,1988-10-25,M2M21988,0.5619047619047619,0.5333333333333333,0,0,0
45968,19901,64153,mgrig,moscl,1988-05-20,M2M21988,55928,micyen,mixi,1988-06-27,M2M21988,0.5777777777777778,0.4833333333333333,0,0,0
45969,21742,57036,tiffany,morgan,1978-07-10,T1M61978,57036,tiffany,morgan,1978-07-12,T1M61978,1.0,1.0,0,1,1
45970,9968,57036,kif,morgan,1978-07-10,K1M61978,53728,kzf,martinez,1978-01-26,K1M61978,0.7999999999999999,0.6388888888888888,0,0,0
45971,40201,57036,tiffany,m,1978-07-10,T1M01978,28949,tiffany,m,1978-05-23,T1M01978,1.0,1.0,0,1,0
45980,34918,64151,michael,pagdwc,1988-12-03,M2P21988,61008,michael,pj,1988-01-31,M2P21988,1.0,0.5555555555555555,0,0,0
45985,45984,64172,patricia,hollis,1965-08-23,P3H41965,64172,patricia,hollis,1965-08-23,P3H41965,1.0,1.0,1,1,1
45989,45988,64159,michael,gil,1983-12-19,M2G41983,64159,michael,gil,1983-12-19,M2G41983,1.0,1.0,1,1,1
45991,35017,64167,xiomari,morales,1970-09-23,X5M61970,61048,xnepr,marquez,1970-09-21,X5M61970,0.5619047619047619,0.6309523809523809,0,0,0
46002,147,64174,na,ayestastoledo,1985-10-07,N0A21985,50913,n,augustin,1985-07-23,N0A21985,0.8500000000000001,0.5352564102564102,0,0,0
46012,10235,64205,stephyner,rcwvi,1988-01-28,S3R21988,53796,stanley,rc,1988-08-30,S3R21988,0.6899470899470899,0.84,0,0,0
46031,46030,64196,justin,givens,1982-04-18,J2G11982,64196,justin,givens,1982-04-18,J2G11982,1.0,1.0,1,1,1
46045,29908,63694,brjjo,brown,1986-07-30,B6B61986,59475,bruce,brundage,1986-06-07,B6B61986,0.6,0.6583333333333333,0,0,0
46045,35242,63694,brjjo,brown,1986-07-30,B6B61986,59475,bruce,brundage,1986-06-09,B6B61986,0.6,0.6583333333333333,0,0,0
46045,35669,63694,brjjo,brown,1986-07-30,B6B61986,7552,bradey,birdsong,1986-06-18,B6B61986,0.5777777777777778,0.7899999999999999,0,0,0
46050,7114,64199,almenie,santospaulino,1986-06-20,A4S51986,15784,alexander,son,1986-06-22,A4S51986,0.8052910052910053,0.6324786324786325,0,0,0
46050,8210,64199,almenie,santospaulino,1986-06-20,A4S51986,53178,alexander,smith,1986-09-28,A4S51986,0.8052910052910053,0.517948717948718,0,0,0
46051,7114,64199,almenie,santospaulino,1986-06-20,A4S51986,15784,alexander,son,1986-06-22,A4S51986,0.8052910052910053,0.6324786324786325,0,0,0
46051,8210,64199,almenie,santospaulino,1986-06-20,A4S51986,53178,alexander,smith,1986-09-28,A4S51986,0.8052910052910053,0.517948717948718,0,0,0
46051,46050,64199,almenie,santospaulino,1986-06-20,A4S51986,64199,almenie,santospaulino,1986-06-20,A4S51986,1.0,1.0,1,1,1
46054,7693,64201,robert,sansone,1960-10-08,R1S51960,52512,ropac,smith,1960-03-16,R1S51960,0.5777777777777778,0.4476190476190476,0,0,0
46066,44517,64200,ainoa,lmw,1988-06-23,A5L51988,20321,anga,lanza,1988-11-12,A5L51988,0.8049999999999999,0.5111111111111111,0,0,0
46067,44517,64200,ainoa,langarica,1988-06-23,A5L51988,20321,anga,lanza,1988-11-12,A5L51988,0.8049999999999999,0.8237037037037037,0,0,0
46067,46066,64200,ainoa,langarica,1988-06-23,A5L51988,64200,ainoa,lmw,1988-06-23,A5L51988,1.0,0.4814814814814814,1,1,1
46080,30505,64189,ba,mcvwoy,1960-07-11,B0M21960,59664,bvw,mcnauwh,1960-02-17,B0M21960,0.611111111111111,0.6428571428571429,0,0,0
46084,46083,64187,quincy,charles,1995-01-07,Q5C61995,64187,quincy,charles,1995-06-07,Q5C61995,1.0,1.0,0,1,1
46087,46086,59310,ru,strowbridge,1985-01-23,R0S31985,59310,r,strowbridge,1985-07-23,R0S31985,0.8500000000000001,1.0,0,1,1
46088,29284,59310,rebecca,strowbridge,1985-07-23,R1S31985,59310,rebecca,strowbridge,1985-07-23,R1S31985,1.0,1.0,1,1,1
46117,38265,64217,ec,flowers,1985-10-17,E2F41985,61976,eseban,falero,1985-02-17,E2F41985,0.5555555555555555,0.7714285714285715,0,0,0
46121,46119,64225,tiara,martin,1990-05-02,T6M61990,64225,tiara,martin,1990-05-02,T6M61990,1.0,1.0,1,1,1
46167,42194,58882,ge,pe,1968-07-08,G0P01968,63090,gc,pb,1968-06-24,G0P01968,0.6666666666666666,0.6666666666666666,0,0,0
46179,11421,64215,eg,bridgelal,1991-05-21,E2B61991,54163,exavier,burton,1991-02-02,E2B61991,0.5476190476190476,0.5185185185185185,0,0,0
46183,40963,62749,sheldrick,pitchford,1977-07-17,S4P31977,62749,sheldrick,pitchford,1977-07-17,S4P31977,1.0,1.0,1,1,1
46183,40964,62749,sheldrick,pitchford,1977-07-17,S4P31977,62749,sheldrick,pitchford,1977-07-07,S4P31977,1.0,1.0,0,1,1
46189,46188,64231,jacqueline,houtmann-vacca,1964-09-02,J2H31964,64231,jacqueline,houtmann-vacca,1964-09-08,J2H31964,1.0,1.0,0,1,1
46235,29600,59383,bvix,wilson,1971-10-09,B2W41971,59383,bk,wilson,1971-10-09,B2W41971,0.5833333333333334,1.0,1,1,1
46238,12445,64238,dpf,diazsanchez,1983-01-06,D1D21983,48988,dhve,duchtz,1983-05-20,D1D21983,0.5277777777777778,0.5050505050505051,0,0,0
46239,39264,64256,john,hchu,1975-08-28,J5H21975,62280,jane,hxi,1975-09-12,J5H21975,0.6666666666666666,0.5277777777777778,0,0,0
46246,18303,56089,tiffany,daniels,1984-11-17,T1D51984,56089,tiffany,daniels,1984-11-17,T1D51984,1.0,1.0,1,1,1
46246,18305,56089,tiffany,daniels,1984-11-17,T1D51984,56089,tiffany,dona,1984-11-17,T1D51984,1.0,0.6150793650793651,1,1,1
46247,18303,56089,tiffany,daniels,1984-11-17,T1D51984,56089,tiffany,daniels,1984-11-17,T1D51984,1.0,1.0,1,1,1
46247,18305,56089,tiffany,daniels,1984-11-17,T1D51984,56089,tiffany,dona,1984-11-17,T1D51984,1.0,0.6150793650793651,1,1,1
46247,46246,56089,tiffany,daniels,1984-11-17,T1D51984,56089,tiffany,daniels,1984-11-17,T1D51984,1.0,1.0,1,1,1
46257,11247,64239,felipe,hill,1990-09-15,F4H41990,54095,falisha,hall,1990-12-29,F4H41990,0.6428571428571429,0.8500000000000001,0,0,0
46257,11249,64239,felipe,hill,1990-09-15,F4H41990,54095,falisha,hall,1990-10-29,F4H41990,0.6428571428571429,0.8500000000000001,0,0,0
46259,26825,64239,felipe,a,1990-09-15,F4A01990,58584,felix,a,1990-06-21,F4A01990,0.8933333333333334,1.0,0,1,0
46262,46260,64253,michael,selz,1981-05-25,M2S41981,64253,miqhau,selz,1981-05-25,M2S41981,0.7968253968253969,1.0,1,1,1
46264,3833,25871,marko,marcwd,1981-03-07,M6M61981,51961,myrr,martinez,1981-05-22,M6M61981,0.6333333333333333,0.625,0,0,0
46264,36161,25871,marko,marcwd,1981-03-07,M6M61981,61340,marko,marcetic,1981-04-17,M6M61981,1.0,0.8333333333333334,0,1,0
46264,44359,25871,marko,marcwd,1981-03-07,M6M61981,63700,maria,marrero,1981-12-18,M6M61981,0.8133333333333334,0.6428571428571429,0,0,0
46273,23249,64247,rigaud,labranche,1970-05-10,R2L11970,57475,rauk,lopez,1970-03-27,R2L11970,0.775,0.437037037037037,0,0,0
46289,46288,41636,garold,jackson,1963-10-05,G6J21963,41636,garold,jackson,1963-10-05,G6J21963,1.0,1.0,1,1,1
46296,35173,61079,mark,alamo,1995-06-08,M6A41995,61079,mark,alamo,1995-06-28,M6A41995,1.0,1.0,0,1,1
46297,35173,61079,mrg,alamo,1995-02-08,M6A41995,61079,mark,alamo,1995-06-28,M6A41995,0.75,1.0,0,0,1
46297,46296,61079,mrg,alamo,1995-02-08,M6A41995,61079,mark,alamo,1995-06-08,M6A41995,0.75,1.0,0,0,1
46298,35173,61079,mark,alamo,1995-06-08,M6A41995,61079,mark,alamo,1995-06-28,M6A41995,1.0,1.0,0,1,1
46298,46296,61079,mark,alamo,1995-06-08,M6A41995,61079,mark,alamo,1995-06-08,M6A41995,1.0,1.0,1,1,1
46298,46297,61079,mark,alamo,1995-06-08,M6A41995,61079,mrg,alamo,1995-02-08,M6A41995,0.75,1.0,0,0,1
46316,11290,55996,sv,busto,1994-05-14,S1B21994,54115,seft,bk,1994-04-16,S1B21994,0.5833333333333334,0.5666666666666667,0,0,0
46322,30444,64261,daniel,sghyane,1987-03-15,D5S51987,59651,doyen,small,1987-01-11,D5S51987,0.5888888888888889,0.5619047619047619,0,0,0
46322,41277,64261,daniel,sghyane,1987-03-15,D5S51987,62826,donald,sni,1987-01-15,D5S51987,0.6944444444444443,0.4920634920634921,0,0,0
46328,46327,57162,michael,denonno,1970-05-10,M2D51970,57162,michael,denonno,1970-05-12,M2D51970,1.0,1.0,0,1,1
46337,9404,64283,zc,b,1989-12-19,Z0B01989,53622,zu,bvyh,1989-07-05,Z0B01989,0.6666666666666666,0.775,0,0,0
46349,46347,64262,jacklyn,shannon,1974-04-07,J2S51974,64262,jacklyn,shannon,1974-04-03,J2S51974,1.0,1.0,0,1,1
46352,46350,64273,sam,br,1952-04-26,S5B61952,64273,sam,brannon,1952-04-26,S5B61952,1.0,0.8095238095238095,1,1,1
46363,46362,64270,patricia,archibald,1964-05-18,P3A61964,64270,patricia,archibald,1964-05-18,P3A61964,1.0,1.0,1,1,1
46364,46362,64270,patricia,archibald,1964-05-18,P3A61964,64270,patricia,archibald,1964-05-18,P3A61964,1.0,1.0,1,1,1
46364,46363,64270,patricia,archibald,1964-05-18,P3A61964,64270,patricia,archibald,1964-05-18,P3A61964,1.0,1.0,1,1,1
46380,8535,64265,jamila,scdbgw,1976-08-09,J5S31976,53315,jaime,stepp,1976-06-25,J5S31976,0.7911111111111111,0.4555555555555555,0,0,0
46387,25129,58037,john,mtchell,1949-11-03,J5M31949,58037,john,mtchell,1949-11-03,J5M31949,1.0,1.0,1,1,1
46390,14523,29716,guillermo,laffiteau,1957-05-23,G4L11957,29716,guillermo,laffiteau,1957-05-23,G4L11957,1.0,1.0,1,1,1
46429,46428,64287,mor,harris,1959-05-04,M6H61959,64287,martin,harris,1959-05-04,M6H61959,0.6666666666666666,1.0,1,1,1
46457,42465,64309,tomas,tsc,1979-06-23,T5T21979,63143,tonja,tosti,1979-01-01,T5T21979,0.7866666666666667,0.6888888888888888,0,0,0
46468,11539,64305,louinel,u,1975-07-01,L5U01975,54177,lm,u,1975-02-10,L5U01975,0.5476190476190476,1.0,0,0,0
46478,46473,64302,james,wheeler,1986-01-16,J5W41986,64302,james,wheeler,1986-01-16,J5W41986,1.0,1.0,1,1,1
46480,46479,64308,rolland,mcfarlane,1958-03-04,R4M21958,64308,rolland,mcfrblln,1958-03-04,R4M21958,1.0,0.8638888888888888,1,1,1
46503,43795,64335,jehmiah,grant,1955-07-04,J5G61955,63548,juan,garcia,1955-06-16,J5G61955,0.4642857142857142,0.5888888888888889,0,0,0
46503,43796,64335,jehmiah,grant,1955-07-04,J5G61955,63548,juan,garcia,1955-06-16,J5G61955,0.4642857142857142,0.5888888888888889,0,0,0
46509,29389,53661,jessica,soto,1988-03-02,J2S31988,59333,j-isaac,suiti,1988-09-13,J2S31988,0.6761904761904761,0.6333333333333333,0,0,0
46510,16736,53661,jessica,i,1988-03-02,J2I01988,43501,joshua,ie,1988-08-28,J2I01988,0.6428571428571429,0.8500000000000001,0,0,0
46528,28782,59165,joseph,ungerland,1990-11-18,J2U51990,59167,joseph,ungerland,1990-11-03,J2U51990,1.0,1.0,0,1,0
46542,22321,64321,duane,hawkins,1991-12-16,D5H21991,13268,dennis,hajlv,1991-05-19,D5H21991,0.5777777777777778,0.5619047619047619,0,0,0
46548,13361,64326,cristina,m,1991-01-09,C6M01991,8641,christopher,m,1991-07-08,C6M01991,0.6931818181818182,1.0,0,0,0
46550,13361,64326,crwyt,mo,1991-03-09,C6M01991,8641,christopher,m,1991-07-08,C6M01991,0.6242424242424242,0.8500000000000001,0,0,0
46550,46548,64326,crwyt,mo,1991-03-09,C6M01991,64326,cristina,m,1991-01-09,C6M01991,0.6583333333333333,0.8500000000000001,0,0,1
46618,46617,64361,earl,williams,1964-07-05,E6W41964,64361,earl,williams,1964-07-05,E6W41964,1.0,1.0,1,1,1
46619,46617,64361,earl,williams,1964-07-05,E6W41964,64361,earl,williams,1964-07-05,E6W41964,1.0,1.0,1,1,1
46619,46618,64361,earl,williams,1964-07-05,E6W41964,64361,earl,williams,1964-07-05,E6W41964,1.0,1.0,1,1,1
46630,46629,60877,keith,antolick,1952-06-19,K3A51952,60877,keith,ancon,1952-06-19,K3A51952,1.0,0.6583333333333333,1,1,1
46631,46629,60877,keith,antolick,1952-06-19,K3A51952,60877,keith,ancon,1952-06-19,K3A51952,1.0,0.6583333333333333,1,1,1
46631,46630,60877,keith,antolick,1952-06-19,K3A51952,60877,keith,antolick,1952-06-19,K3A51952,1.0,1.0,1,1,1
46646,23113,64378,jovenel,eugene,1985-02-25,J1E21985,57467,jjp,ejlabol,1985-03-23,J1E21985,0.4920634920634921,0.4365079365079365,0,0,0
46654,46653,64382,kevin,kallis,1993-12-19,K1K41993,64382,kevin,kallis,1993-12-19,K1K41993,1.0,1.0,1,1,1
46675,9325,53547,jay,shore,1957-01-07,J0S61957,53547,jay,shore,1957-01-07,J0S61957,1.0,1.0,1,1,1
46709,37306,64359,christina,dalhouse,1981-10-30,C6D41981,61694,charles,dalencour,1981-03-16,C6D41981,0.671957671957672,0.8087962962962962,0,0,0
46712,24881,64367,zx,tinoco,1992-09-26,Z0T51992,57985,zh,thomas,1992-07-23,Z0T51992,0.6666666666666666,0.5555555555555555,0,0,0
46727,33940,64409,devonne,gabriel,1994-11-08,D1G11994,60708,dbroni,gabriel,1994-11-08,D1G11994,0.6428571428571429,1.0,1,1,0
46738,46737,64402,pedro,cummings,1989-10-21,P3C51989,64402,pedro,cummings,1989-11-21,P3C51989,1.0,1.0,0,1,1
46739,46737,64402,pedro,cummings,1989-10-21,P3C51989,64402,pedro,cummings,1989-11-21,P3C51989,1.0,1.0,0,1,1
46739,46738,64402,pedro,cummings,1989-10-21,P3C51989,64402,pedro,cummings,1989-10-21,P3C51989,1.0,1.0,1,1,1
46753,46752,63858,lori,lester,1973-04-03,L6L21973,63858,lori,lester,1973-04-03,L6L21973,1.0,1.0,1,1,1
46755,22080,36034,demetrius,rozier,1980-12-31,D5R21980,36034,demetrius,rozier,1980-12-31,D5R21980,1.0,1.0,1,1,1
46773,25613,2423,jonathan,sabcg,1994-08-04,J5S11994,58183,jonathan,saf,1994-10-24,J5S11994,1.0,0.6888888888888888,0,0,0
46793,44772,47265,joseph,levins,1981-03-16,J2L11981,47265,joseph,levins,1981-03-16,J2L11981,1.0,1.0,1,1,1
46803,2298,46217,licet,figueroa,1988-12-04,L2F21988,51531,luis,figueroa,1988-07-11,L2F21988,0.6333333333333333,1.0,0,0,0
46811,14222,64403,mokiader,bhuiyan,1990-05-03,M2B51990,54871,michael,bonito,1990-08-09,M2B51990,0.6904761904761904,0.5396825396825397,0,0,0
46819,46818,64426,daniel,h,1975-03-20,D5H01975,64426,daniel,hi,1975-03-20,D5H01975,1.0,0.8500000000000001,1,1,1
46825,19152,64432,leyf,rosati,1990-01-22,L1R21990,56341,lvva,ragin,1990-02-18,L1R21990,0.5,0.7300000000000001,0,0,0
46832,46830,64437,walter,rafeca,1972-09-03,W4R11972,64437,walter,rafeca,1972-09-08,W4R11972,1.0,1.0,0,1,1
46844,46842,64440,travis,mills,1987-01-09,T6M41987,64440,travis,mills,1987-01-09,T6M41987,1.0,1.0,1,1,1
46846,46055,55671,robert,smitley,1963-09-09,R1S51963,64201,robert,sansone,1963-10-08,R1S51963,1.0,0.5238095238095238,0,0,0
46853,19064,64413,angela,bcrbgk,1976-05-14,A5B21976,56315,anthony,becraft,1976-03-02,A5B21976,0.5396825396825397,0.6428571428571429,0,0,0
46856,46855,64434,donald,mq,1994-08-06,D5M21994,64434,donald,miiq,1994-08-02,D5M21994,1.0,0.5833333333333334,0,0,1
46858,6047,64421,javaln,maurech du,1952-05-23,J1M61952,45744,javier,mercado,1952-10-11,J1M61952,0.6666666666666666,0.7871428571428571,0,0,0
46858,15356,64421,javaln,maurech du,1952-05-23,J1M61952,30669,jeffrey,myers,1952-03-02,J1M61952,0.4365079365079365,0.5222222222222221,0,0,0
46859,16141,64421,javaln,rq,1992-05-23,J1R21992,55390,jv,roca,1992-10-16,J1R21992,0.7999999999999999,0.5833333333333334,0,0,0
46861,19753,64419,daniel,branco,1981-03-26,D5B61981,56485,deon,burks,1981-12-29,D5B61981,0.611111111111111,0.5777777777777778,0,0,0
46861,28573,64419,daniel,branco,1981-03-26,D5B61981,52635,daniel,brown,1981-12-19,D5B61981,1.0,0.76,0,0,0
46861,31857,64419,daniel,branco,1981-03-26,D5B61981,35374,don,berry,1981-10-29,D5B61981,0.6666666666666666,0.5777777777777778,0,0,0
46861,31887,64419,daniel,branco,1981-03-26,D5B61981,35374,don,berry,1981-10-24,D5B61981,0.6666666666666666,0.5777777777777778,0,0,0
46861,31888,64419,daniel,branco,1981-03-26,D5B61981,35374,don,berry,1981-10-29,D5B61981,0.6666666666666666,0.5777777777777778,0,0,0
46873,23482,55127,nicole,j,1984-01-04,N2J01984,57578,nicholas,j,1984-02-20,N2J01984,0.8736111111111112,1.0,0,1,0
46875,9154,39930,lanard,phku,1979-01-26,L5P21979,36886,lennox,pqs,1979-01-06,L5P21979,0.5555555555555555,0.5277777777777778,0,0,0
46891,30397,64439,sean,ballard,1983-11-08,S5B41983,59625,sony,blrli,1983-01-20,S5B41983,0.6666666666666666,0.6761904761904761,0,0,0
46904,13109,54564,frank,aguiar,1987-02-17,F6A21987,54564,frank,aguiar,1987-02-17,F6A21987,1.0,1.0,1,1,1
46910,46908,64417,allison,ford,1991-04-16,A4F61991,64417,allison,ford,1991-04-17,A4F61991,1.0,1.0,0,1,1
46911,8407,56244,jo,howard,1994-02-15,J0H61994,53265,j,howard,1994-10-23,J0H61994,0.8500000000000001,1.0,0,1,0
46913,46912,56244,monique,howard,1994-12-15,M5H61994,56244,monique,howard,1994-12-15,M5H61994,1.0,1.0,1,1,1
46940,46938,64454,linda,m,1950-08-06,L5M01950,64454,linda,ma,1950-08-06,L5M01950,1.0,0.8500000000000001,1,1,1
46941,15099,64457,starr,chinwilliams,1989-08-22,S3C51989,20922,steven,coney,1989-04-02,S3C51989,0.5777777777777778,0.5222222222222223,0,0,0
46941,23970,64457,starr,chinwilliams,1989-08-22,S3C51989,20922,steven,coney,1989-08-02,S3C51989,0.5777777777777778,0.5222222222222223,0,0,0
46942,2357,64457,sm,cjsnvilliay,1989-09-22,S5C51989,51536,sm,comarcho,1989-02-24,S5C51989,1.0,0.4053030303030303,0,0,0
46947,34993,64446,cmo,dickenson,1985-02-04,C5D21985,61004,ckmgstop,distefano,1985-08-17,C5D21985,0.6388888888888888,0.762962962962963,0,0,0
46951,25335,64455,nathan,brown,1980-03-17,N3B61980,58084,natasha,brown,1980-05-28,N3B61980,0.8477777777777777,1.0,0,1,0
46951,25337,64455,nathan,brown,1980-03-17,N3B61980,58084,natasha,brown,1980-05-24,N3B61980,0.8477777777777777,1.0,0,1,0
46959,4892,52269,paul,dillon,1955-02-07,P4D41955,52269,paul,dillon,1955-07-07,P4D41955,1.0,1.0,0,1,1
46961,4892,52269,paul,dillon,1955-02-07,P4D41955,52269,paul,dillon,1955-07-07,P4D41955,1.0,1.0,0,1,1
46961,46959,52269,paul,dillon,1955-02-07,P4D41955,52269,paul,dillon,1955-02-07,P4D41955,1.0,1.0,1,1,1
46963,5704,52510,maria,martinez,1985-09-04,M6M61985,52510,maria,martinez,1985-09-04,M6M61985,1.0,1.0,1,1,1
46975,16138,64449,joshua,pyr,1991-06-23,J2P61991,55400,jose,perez,1991-03-11,J2P61991,0.825,0.6888888888888888,0,0,0
46977,40602,64464,mkj,bennett,1965-08-15,M2B51965,62634,michael,bnsp,1965-07-28,M2B51965,0.4920634920634921,0.5952380952380952,0,0,0
46984,39732,64467,jason,harris,1990-03-19,J2H61990,62426,jesse,hartsell,1990-06-05,J2H61990,0.6,0.8055555555555556,0,0,0
46984,39733,64467,jason,harris,1990-03-19,J2H61990,62426,jesse,hartsell,1990-06-05,J2H61990,0.6,0.8055555555555556,0,0,0
47009,47007,64472,alexander,rojas,1993-09-17,A4R21993,64472,alexander,rojas,1993-09-17,A4R21993,1.0,1.0,1,1,1
47017,12585,54705,gerard,mariney,1960-12-12,G6M61960,54423,georges,marcellus,1960-07-30,G6M61960,0.6428571428571429,0.671957671957672,0,0,0
47017,12586,54705,gerard,mariney,1960-12-12,G6M61960,54423,georges,murcegru,1960-05-30,G6M61960,0.6428571428571429,0.6011904761904762,0,0,0
47036,47035,64504,frans,barens,1982-05-23,F6B61982,64504,frans,barens,1982-05-23,F6B61982,1.0,1.0,1,1,1
47041,31187,59889,martin,hernandez,1991-01-23,M6H61991,59889,martin,hernandez,1991-01-23,M6H61991,1.0,1.0,1,1,1
47042,16696,59889,martin,heoi,1991-01-23,M6H01991,55575,mrv,hia,1991-10-09,M6H01991,0.6666666666666666,0.5277777777777778,0,0,0
47043,26184,64497,clinton,sqank,1968-11-13,C4S51968,58375,cxlnqli,shennett,1968-01-02,C4S51968,0.6190476190476191,0.5499999999999999,0,0,0
47062,47061,64489,flotooca,sanmartin,1992-12-18,F4S51992,64489,florencia,sanmartin,1992-12-18,F4S51992,0.8087962962962962,1.0,1,1,1
47083,25728,64507,reginald,mmqso,1982-12-04,R2M21982,58228,ruke,mas,1982-01-14,R2M21982,0.5833333333333334,0.6888888888888888,0,0,0
47101,18945,64495,grl,otaa,1961-11-03,G6O31961,56289,garcic,odea,1961-10-26,G6O31961,0.6666666666666666,0.6666666666666666,0,0,0
47111,47110,64491,mzxy,miraglia,1972-06-05,M2M61972,64491,maximiliano,miraglia,1972-06-09,M2M61972,0.5606060606060607,1.0,0,0,1
47116,47115,64509,herve,biogris,1968-03-18,H6B21968,64509,herve,biogris,1968-04-18,H6B21968,1.0,1.0,0,1,1
47119,25353,64476,w,bercy,1995-03-01,W0B61995,58118,wo,barr,1995-07-20,W0B61995,0.8500000000000001,0.6333333333333333,0,0,0
47121,25773,64508,pr,glass,1987-05-29,P6G41987,58231,princess,galc,1987-10-15,P6G41987,0.8,0.6722222222222222,0,0,0
47123,2914,64508,brittany,glass,1987-05-25,B6G41987,51683,brent,gillet,1987-05-14,B6G41987,0.6833333333333332,0.5777777777777778,0,0,0
47123,2915,64508,brittany,glass,1987-05-25,B6G41987,51683,brent,gillet,1987-08-14,B6G41987,0.6833333333333332,0.5777777777777778,0,0,0
47131,47130,64480,alberto,perbz-caqac,1970-02-25,A4P61970,64480,alberto,perez-carachure,1970-02-27,A4P61970,1.0,0.8642424242424243,0,1,1
47132,47130,64480,alberto,perezqcarunsu,1970-02-25,A4P61970,64480,alberto,perez-carachure,1970-02-27,A4P61970,1.0,0.8584615384615384,0,1,1
47132,47131,64480,alberto,perezqcarunsu,1970-02-25,A4P61970,64480,alberto,perbz-caqac,1970-02-25,A4P61970,1.0,0.6773226773226773,1,1,1
47137,29814,50806,mahindra,richard,1969-02-23,M5R21969,48049,mahmut,rzb,1969-07-15,M5R21969,0.625,0.4920634920634921,0,0,0
47146,32810,64515,sz,alardo,1993-10-10,S0A41993,60359,sa,ailki,1993-02-12,S0A41993,0.6666666666666666,0.5777777777777778,0,0,0
47148,11637,58729,nhaut,eiq,1995-06-06,N3E21995,54215,nathaniel,echevarria,1995-01-12,N3E21995,0.6648148148148149,0.4777777777777778,0,0,0
47148,11638,58729,nhaut,eiq,1995-06-06,N3E21995,54215,nathaniel,echevarria,1995-09-12,N3E21995,0.6648148148148149,0.4777777777777778,0,0,0
47148,11639,58729,nhaut,eiq,1995-06-06,N3E21995,54215,nathaniel,echevarria,1995-01-12,N3E21995,0.6648148148148149,0.4777777777777778,0,0,0
47151,37252,64521,jennifer,gallagher,1983-02-08,J5G41983,61677,james,gilbert,1983-08-18,J5G41983,0.5499999999999999,0.671957671957672,0,0,0
47152,37252,64521,jennifer,gallagher,1983-02-03,J5G41983,61677,james,gilbert,1983-08-18,J5G41983,0.5499999999999999,0.671957671957672,0,0,0
47152,47151,64521,jennifer,gallagher,1983-02-03,J5G41983,64521,jennifer,gallagher,1983-02-08,J5G41983,1.0,1.0,0,1,1
47153,37252,64521,jennifer,gallagher,1983-02-08,J5G41983,61677,james,gilbert,1983-08-18,J5G41983,0.5499999999999999,0.671957671957672,0,0,0
47153,47151,64521,jennifer,gallagher,1983-02-08,J5G41983,64521,jennifer,gallagher,1983-02-08,J5G41983,1.0,1.0,1,1,1
47153,47152,64521,jennifer,gallagher,1983-02-08,J5G41983,64521,jennifer,gallagher,1983-02-03,J5G41983,1.0,1.0,0,1,1
47156,47154,64516,anthony,nisfop,1993-11-15,A5N21993,64516,anthony,nkqh,1993-11-18,A5N21993,1.0,0.4722222222222221,0,0,1
47157,20737,56747,wayne,jensen,1966-07-22,W5J51966,56747,wayne,jensen,1966-07-22,W5J51966,1.0,1.0,1,1,1
47157,20738,56747,wayne,jensen,1966-07-22,W5J51966,56747,wayne,jwnh,1966-07-22,W5J51966,1.0,0.611111111111111,1,1,1
47161,10393,63756,christopher,cne,1970-08-04,C6C51970,53844,christian,conboy,1970-04-25,C6C51970,0.8424242424242424,0.6666666666666666,0,0,0
47176,30072,64531,joshua,ff,1970-06-23,J2F01970,29302,joseph,fpb,1970-07-15,J2F01970,0.8444444444444443,0.611111111111111,0,0,0
47180,47179,64522,brian,johnson,1974-08-22,B6J51974,64522,brian,johnson,1974-08-22,B6J51974,1.0,1.0,1,1,1
47200,47199,64519,kevin,lemuspalma,1992-06-03,K1L51992,64519,kevin,lemuspalma,1992-06-02,K1L51992,1.0,1.0,0,1,1
47208,17435,55819,mark,keaty,1968-05-12,M6K31968,55819,mark,keaty,1968-05-10,M6K31968,1.0,1.0,0,1,1
47222,47220,57711,jonathan,coby,1984-05-11,J5C11984,57711,jonathan,coby,1984-05-18,J5C11984,1.0,1.0,0,1,1
47230,29194,64529,dntvq,beckles,1982-04-08,D5B21982,59282,danielle,bgs,1982-05-05,D5B21982,0.5499999999999999,0.4920634920634921,0,0,0
47230,31644,64529,dntvq,beckles,1982-04-08,D5B21982,20972,danny,bps,1982-12-17,D5B21982,0.6,0.4920634920634921,0,0,0
47247,42919,63286,brsbzo,hill,1990-11-21,B6H41990,63286,brandon,hill,1990-11-21,B6H41990,0.6428571428571429,1.0,1,1,1
47258,40718,62644,bernice,mcrae,1963-11-30,B6M21963,62644,bernice,mcrae,1963-11-30,B6M21963,1.0,1.0,1,1,1
47279,25983,64539,gene,w,1962-09-02,G5W01962,58298,gwendolyn,way,1962-04-25,G5W01962,0.6944444444444443,0.7999999999999999,0,0,0
47279,25985,64539,gene,w,1962-09-02,G5W01962,58298,gwendolyn,way,1962-04-25,G5W01962,0.6944444444444443,0.7999999999999999,0,0,0
47282,47281,64535,chrust,m,1983-05-08,C6M01983,64535,christopher,m,1983-04-08,C6M01983,0.8338383838383838,1.0,0,1,1
47302,17088,55688,cristian,calderon,1985-07-18,C6C41985,55688,cristian,calderon,1985-04-18,C6C41985,1.0,1.0,0,1,1
47302,17089,55688,cristian,calderon,1985-07-18,C6C41985,55688,cristian,calderon,1985-04-18,C6C41985,1.0,1.0,0,1,1
47302,17090,55688,cristian,calderon,1985-07-18,C6C41985,55688,cr,calderon,1985-04-18,C6C41985,0.8,1.0,0,1,1
47305,34454,64547,tiy,hi,1989-07-15,T0H01989,60845,t,hh,1989-09-11,T0H01989,0.7999999999999999,0.6666666666666666,0,0,0
47306,3765,64547,vi,zsxke,1989-07-12,V0Z01989,51931,va,zia,1989-07-18,V0Z01989,0.6666666666666666,0.5111111111111111,0,0,0
47336,17443,64588,james,conly,1989-05-11,J5C51989,55805,james,conroy,1989-02-03,J5C51989,1.0,0.8755555555555556,0,1,0
47339,2388,53239,j,romero,1983-08-24,J0R51983,23847,jq,reynolds,1983-10-16,J0R51983,0.8500000000000001,0.5138888888888888,0,0,0
47367,19403,56409,cz,lacy,1991-08-13,C0L21991,56409,czcg,lacy,1991-08-13,C0L21991,0.8666666666666667,1.0,1,1,1
47370,23361,57551,oscar,calvino,1981-08-29,O2C41981,57551,oscar,calvino,1981-03-29,O2C41981,1.0,1.0,0,1,1
47370,23362,57551,oscar,calvino,1981-08-29,O2C41981,57551,oscar,calvino,1981-08-29,O2C41981,1.0,1.0,1,1,1
47372,23361,57551,oscar,calbju,1981-08-29,O2C41981,57551,oscar,calvino,1981-03-29,O2C41981,1.0,0.6428571428571429,0,0,1
47372,23362,57551,oscar,calbju,1981-08-29,O2C41981,57551,oscar,calvino,1981-08-29,O2C41981,1.0,0.6428571428571429,1,1,1
47372,47370,57551,oscar,calbju,1981-08-29,O2C41981,57551,oscar,calvino,1981-08-29,O2C41981,1.0,0.6428571428571429,1,1,1
47378,39554,28844,danielle,bartz,1990-11-03,D5B61990,62356,deinn,bpru,1990-08-26,D5B61990,0.6833333333333332,0.6333333333333333,0,0,0
47381,47379,64586,james,r,1956-01-29,J5R01956,64586,james,re,1956-01-29,J5R01956,1.0,0.8500000000000001,1,1,1
47387,28601,64570,christopher,horqf,1988-11-06,C6H61988,59116,christopher,harris,1988-03-22,C6H61988,1.0,0.5777777777777778,0,0,0
47399,37522,64589,samuel,zkxhe,1986-02-18,S5Z01986,61764,shsianz,zi,1986-11-06,S5Z01986,0.4365079365079365,0.5666666666666667,0,0,0
47400,33825,64591,doru,e,1954-08-02,D6E01954,60687,dorothy,e,1954-07-04,D6E01954,0.8083333333333333,1.0,0,1,0
47405,47403,64574,xiomara,lopez,1987-12-23,X5L11987,64574,xiomara,lopez,1987-12-23,X5L11987,1.0,1.0,1,1,1
47422,25117,58385,justin,burgess,1990-06-15,J2B61990,58046,joquial,bryant,1990-12-21,J2B61990,0.6428571428571429,0.5396825396825397,0,0,0
47422,41476,58385,justin,burgess,1990-06-15,J2B61990,62865,joshua,brisk,1990-02-06,J2B61990,0.5555555555555555,0.6761904761904761,0,0,0
47422,41477,58385,justin,burgess,1990-06-15,J2B61990,62865,joshua,brisk,1990-02-06,J2B61990,0.5555555555555555,0.6761904761904761,0,0,0
47423,25117,58385,justin,burgess,1990-09-15,J2B61990,58046,joquial,bryant,1990-12-21,J2B61990,0.6428571428571429,0.5396825396825397,0,0,0
47423,41476,58385,justin,burgess,1990-09-15,J2B61990,62865,joshua,brisk,1990-02-06,J2B61990,0.5555555555555555,0.6761904761904761,0,0,0
47423,41477,58385,justin,burgess,1990-09-15,J2B61990,62865,joshua,brisk,1990-02-06,J2B61990,0.5555555555555555,0.6761904761904761,0,0,0
47423,47422,58385,justin,burgess,1990-09-15,J2B61990,58385,justin,burgess,1990-06-15,J2B61990,1.0,1.0,0,1,1
47444,47443,64593,james,fox,1984-01-03,J5F21984,64593,james,fox,1984-08-03,J5F21984,1.0,1.0,0,1,1
47448,29838,64600,junnie,acpec,1985-05-31,J5A21985,59458,jonathan,asevxz,1985-09-28,J5A21985,0.5277777777777778,0.5777777777777778,0,0,0
47464,47463,64595,peterson,eliazar,1992-07-02,P3E41992,64595,peterson,eliazar,1992-07-02,P3E41992,1.0,1.0,1,1,1
47465,47463,64595,peterson,elruya,1992-07-02,P3E41992,64595,peterson,eliazar,1992-07-02,P3E41992,1.0,0.6428571428571429,1,1,1
47465,47464,64595,peterson,elruya,1992-07-02,P3E41992,64595,peterson,eliazar,1992-07-02,P3E41992,1.0,0.6428571428571429,1,1,1
47469,16827,57604,michael,john,1983-05-05,M2J51983,55609,michy,jean-pierre,1983-07-02,M2J51983,0.8742857142857143,0.5606060606060607,0,0,0
47469,23637,57604,michael,john,1983-05-05,M2J51983,57604,michael,john,1983-04-05,M2J51983,1.0,1.0,0,1,1
47469,23639,57604,michael,john,1983-05-05,M2J51983,57604,michael,john,1983-05-05,M2J51983,1.0,1.0,1,1,1
47474,47472,64607,kenitra,dukes,1991-01-19,K5D21991,64607,kenitra,dukes,1991-01-12,K5D21991,1.0,1.0,0,1,1
47477,34663,64612,glenn,mercado,1962-10-23,G4M61962,60909,glen,myers,1962-10-09,G4M61962,0.96,0.6761904761904761,0,0,0
47485,47484,64615,frederick,hoskins,1980-09-26,F6H21980,64615,frederick,hoxji,1980-09-20,F6H21980,1.0,0.6761904761904761,0,0,1
47502,18381,64616,les,jwanbahtbsp,1989-08-29,L2J51989,53776,lcr,jones,1989-03-07,L2J51989,0.5555555555555555,0.5272727272727272,0,0,0
47502,41364,64616,les,jwanbahtbsp,1989-08-29,L2J51989,62847,lztn,jeanbaptiste,1989-06-15,L2J51989,0.5277777777777778,0.7806818181818183,0,0,0
47505,23026,46587,jkkj,diaz,1993-02-14,J0D21993,57435,j,dejesus,1993-04-08,J0D21993,0.775,0.4642857142857142,0,0,0
47506,42384,46587,amanda,diaz,1993-02-14,A5D21993,46587,amanda,diaz,1993-02-14,A5D21993,1.0,1.0,1,1,1
47507,42384,46587,amanda,diaz,1993-02-14,A5D21993,46587,amanda,diaz,1993-02-14,A5D21993,1.0,1.0,1,1,1
47507,47506,46587,amanda,diaz,1993-02-14,A5D21993,46587,amanda,diaz,1993-02-14,A5D21993,1.0,1.0,1,1,1
47510,47508,64627,eileen,miller,1967-09-25,E4M41967,64627,eileen,miller,1967-09-05,E4M41967,1.0,1.0,0,1,1
47516,47515,64622,matthew,cleveland,1983-11-23,M3C41983,64622,matthew,cleveland,1983-11-03,M3C41983,1.0,1.0,0,1,1
47521,42136,64624,travis,m,1982-08-30,T6M01982,63050,troy,mo,1982-10-26,T6M01982,0.611111111111111,0.8500000000000001,0,0,0
47524,47523,64619,af,ghent,1989-11-28,A1G51989,64619,abl,ghent,1989-11-28,A1G51989,0.611111111111111,1.0,1,1,1
47525,7917,64619,angel,gcrz,1989-11-20,A5G61989,53157,anthony,grab,1989-07-11,A5G61989,0.5619047619047619,0.6666666666666666,0,0,0
47525,7919,64619,angel,gcrz,1989-11-20,A5G61989,53157,anf,grab,1989-07-31,A5G61989,0.6888888888888888,0.6666666666666666,0,0,0
47525,17053,64619,angel,gcrz,1989-11-20,A5G61989,55686,anthomny,grab,1989-07-31,A5G61989,0.5499999999999999,0.6666666666666666,0,0,0
47525,17054,64619,angel,gcrz,1989-11-20,A5G61989,55686,anthomny,grab,1989-07-31,A5G61989,0.5499999999999999,0.6666666666666666,0,0,0
47530,47529,64625,richard,gillispie,1963-10-11,R2G41963,64625,richard,gillispie,1963-10-31,R2G41963,1.0,1.0,0,1,1
47545,14599,64629,mqng,bxi,1965-02-18,M2B21965,54993,michael,bqe,1965-03-19,M2B21965,0.4642857142857142,0.5555555555555555,0,0,0
47545,40604,64629,mqng,bxi,1965-02-18,M2B21965,62634,michael,bxhj,1965-12-28,M2B21965,0.4642857142857142,0.7777777777777778,0,0,0
47551,37275,64631,eric,colbert,1989-05-20,E6C41989,61702,eric,calveiro,1989-12-21,E6C41989,1.0,0.6904761904761904,0,0,0
47551,37276,64631,eric,colbert,1989-05-20,E6C41989,61702,eric,calkoyg,1989-12-28,E6C41989,1.0,0.5238095238095238,0,0,0
47561,40375,7167,xj,wqa,1989-10-16,X0W21989,62556,xkk,wise,1989-03-24,X0W21989,0.611111111111111,0.5277777777777778,0,0,0
47582,18662,64634,jaison,noble,1985-04-24,J2N11985,25670,joseph,navarr0,1985-11-08,J2N11985,0.5555555555555555,0.4476190476190476,0,0,0
47584,45354,63996,christina,nicole-carter,1986-11-09,C6N21986,63996,christina,nicole-carter,1986-11-09,C6N21986,1.0,1.0,1,1,1
47585,45354,63996,christina,nicole-carter,1986-11-09,C6N21986,63996,christina,nicole-carter,1986-11-09,C6N21986,1.0,1.0,1,1,1
47585,47584,63996,christina,nicole-carter,1986-11-09,C6N21986,63996,christina,nicole-carter,1986-11-09,C6N21986,1.0,1.0,1,1,1
47599,47598,19514,vnnjjn,caggiano,1981-03-07,V5C21981,19514,vincent,caggiano,1981-09-07,V5C21981,0.6428571428571429,1.0,0,0,1
47600,47598,19514,vincent,caggiano,1981-09-07,V5C21981,19514,vincent,caggiano,1981-09-07,V5C21981,1.0,1.0,1,1,1
47600,47599,19514,vincent,caggiano,1981-09-07,V5C21981,19514,vnnjjn,caggiano,1981-03-07,V5C21981,0.6428571428571429,1.0,0,0,1
47602,44392,64648,gih,mejiashl,1985-08-26,G0M21985,63714,g,mayes,1985-11-24,G0M21985,0.7999999999999999,0.6833333333333332,0,0,0
47613,32145,64632,ri,daigle,1961-01-17,R0D21961,60189,r,dagtrr,1961-09-19,R0D21961,0.8500000000000001,0.6666666666666666,0,0,0
47621,7671,64637,jay fernandeo,orel,1985-11-07,J1O61985,53065,jefyk,ohr,1985-11-10,J1O61985,0.6192307692307693,0.75,0,0,0
47644,47643,64645,jorge,santiago,1983-10-19,J6S51983,64645,jorge,santiago,1983-10-19,J6S51983,1.0,1.0,1,1,1
47650,30562,64633,alaa,amireh,1988-08-25,A4A51988,59680,alvaro,angulo,1988-09-09,A4A51988,0.8,0.4444444444444444,0,0,0
47654,16155,55401,alex,gomez,1983-06-07,A4G51983,55401,alex,gomez,1983-06-07,A4G51983,1.0,1.0,1,1,1
47655,6737,64640,rtm,herrera,1994-11-02,R3H61994,52785,rdssid,harris,1994-05-31,R3H61994,0.5,0.6428571428571429,0,0,0
47686,6433,64656,kib,gq,1990-10-24,K1G01990,52723,kevon,g,1990-07-11,K1G01990,0.5111111111111111,0.8500000000000001,0,0,0
47687,15350,64656,mfg,ross,1990-10-23,M1R21990,55143,mptc,ricks,1990-09-08,M1R21990,0.5277777777777778,0.6333333333333333,0,0,0
47700,4169,64668,john,ma,1964-11-01,J5M01964,52085,john,mw,1964-09-18,J5M01964,1.0,0.6666666666666666,0,0,0
47704,977,64576,danege,pierre,1990-09-24,D5P61990,51119,dionisqui,paredes,1990-05-16,D5P61990,0.5185185185185185,0.6626984126984127,0,0,0
47705,977,64576,danege,pierre,1990-09-24,D5P61990,51119,dionisqui,paredes,1990-05-16,D5P61990,0.5185185185185185,0.6626984126984127,0,0,0
47705,47704,64576,danege,pierre,1990-09-24,D5P61990,64576,danege,pierre,1990-09-24,D5P61990,1.0,1.0,1,1,1
47712,23070,64662,randall,ae,1994-01-13,R5A01994,57452,romario,aa,1994-11-23,R5A01994,0.5238095238095238,0.6666666666666666,0,0,0
47718,1206,64677,ds,cie,1994-09-17,D2C01994,51205,destiny,c,1994-05-05,D2C01994,0.7857142857142857,0.7999999999999999,0,0,0
47731,47730,64696,joshua,johnson,1988-08-28,J2J51988,64696,joshua,johnson,1988-08-23,J2J51988,1.0,1.0,0,1,1
47734,40386,62567,antoinette,minuto,1978-03-18,A5M51978,62567,anfoiuwt,minuto,1978-03-18,A5M51978,0.7666666666666667,1.0,1,1,1
47735,45833,62567,antoinette,bvnot,1978-03-18,A5B51978,64129,anthony,bmlnuor,1978-09-10,A5B51978,0.8166666666666667,0.6761904761904761,0,0,0
47748,27699,64679,carletha,johnson,1986-09-16,C6J51986,58863,christopher,jenkins,1986-10-09,C6J51986,0.6212121212121212,0.6309523809523809,0,0,0
47766,32474,23734,christoper,clo,1992-10-15,C6C41992,60279,carlos,calle,1992-11-22,C6C41992,0.6055555555555555,0.6888888888888888,0,0,0
47780,47778,17083,anszoo,benitez,1992-01-13,A5B51992,17083,anthony,benitez,1992-01-13,A5B51992,0.6428571428571429,1.0,1,1,1
47783,24160,64692,jku,adams,1992-09-29,J0A31992,57773,j,aoto,1992-03-26,J0A31992,0.7999999999999999,0.4833333333333333,0,0,0
47791,47790,64673,jean,cyma,1996-03-18,J5C51996,64673,jean,cyma,1996-08-18,J5C51996,1.0,1.0,0,1,1
47795,47793,56119,ruliv,rodriguez,1981-09-25,R4R31981,56119,roland,rodriguez,1981-09-25,R4R31981,0.5777777777777778,1.0,1,1,1
47800,47799,64701,jose,irizarry,1983-12-11,J2I61983,64701,jose,irizarry,1983-12-11,J2I61983,1.0,1.0,1,1,1
47809,27576,64697,edmond,mwcva,1991-06-27,E3M21991,58795,edward,mckennie,1991-09-18,E3M21991,0.6666666666666666,0.5499999999999999,0,0,0
47809,34233,64697,edmond,mwcva,1991-06-27,E3M21991,60817,eyoad,mcfi,1991-08-12,E3M21991,0.7300000000000001,0.6333333333333333,0,0,0
47809,34235,64697,edmond,mwcva,1991-06-27,E3M21991,60817,edward,mj,1991-08-12,E3M21991,0.6666666666666666,0.5666666666666667,0,0,0
47812,47811,64710,leonard,bunker,1979-12-29,L5B51979,64710,leonard,bunker,1979-12-25,L5B51979,1.0,1.0,0,1,1
47831,17559,64438,xo,michalek,1962-05-18,X0M21962,55852,x,maxwell,1962-11-25,X0M21962,0.8500000000000001,0.6071428571428571,0,0,0
47836,47835,64568,alejandro,eakfta,1944-11-16,A4E21944,64568,alejandro,eastman,1944-11-16,A4E21944,1.0,0.7968253968253969,1,1,1
47849,34015,64707,k,myrick,1993-02-20,K0M61993,42782,k,myers,1993-10-19,K0M61993,1.0,0.76,0,0,0
47872,47871,64717,samuel,gedeon,1986-05-23,S5G31986,64717,samuel,gedeon,1986-05-23,S5G31986,1.0,1.0,1,1,1
47896,10120,64718,christopher,hpew,1989-04-09,C6H11989,53792,courtney,hfqbws,1989-12-07,C6H11989,0.6212121212121212,0.611111111111111,0,0,0
47915,47913,64738,s,ventura,1981-04-12,S0V51981,64738,sxu,ventura,1981-04-12,S0V51981,0.7999999999999999,1.0,1,1,1
47929,28298,64745,rjr,wpnsh,1994-07-30,R2W11994,59027,rhois,wfllu,1994-11-08,R2W11994,0.5111111111111111,0.4666666666666666,0,0,0
47948,35119,64743,k,deq,1992-08-21,K0D21992,33228,k,dwzkla,1992-04-01,K0D21992,1.0,0.5,0,0,0
47954,28158,64749,zfb,crew,1991-08-01,Z1C61991,58961,zbox,corker,1991-03-13,Z1C61991,0.75,0.775,0,0,0
47981,14567,34467,mike,douze,1989-11-03,M2D21989,54982,mxy,dsak,1989-09-05,M2D21989,0.5277777777777778,0.4833333333333333,0,0,0
47981,27177,34467,mike,douze,1989-11-03,M2D21989,34467,mike,douze,1989-11-03,M2D21989,1.0,1.0,1,1,1
47997,21658,64757,d,mexerr,1965-04-27,D0M21965,57043,d,mejia,1965-12-28,D0M21965,1.0,0.5777777777777778,0,0,0
48003,41323,64760,danielle,warren,1993-08-17,D5W61993,62840,dumut,worley,1993-07-17,D5W61993,0.4416666666666666,0.6666666666666666,0,0,0
48005,48004,64760,danielle,warren,1991-08-17,D5W61991,64760,danielle,warren,1991-08-17,D5W61991,1.0,1.0,1,1,1
48016,35821,47884,u,dixon,1984-06-18,U0D21984,61251,u,dhk,1984-12-15,U0D21984,1.0,0.5111111111111111,0,0,0
48026,16150,64772,anthony,alpern,1990-08-17,A5A41990,55378,annmarie,alsxbndv,1990-03-02,A5A41990,0.6011904761904762,0.625,0,0,0
48026,16151,64772,anthony,alpern,1990-08-17,A5A41990,55378,annmarie,alexander,1990-06-02,A5A41990,0.6011904761904762,0.762962962962963,0,0,0
48028,34285,64766,curtis,g,1979-04-20,C6G01979,60816,caridad,g,1979-11-13,C6G01979,0.6428571428571429,1.0,0,0,0
48039,43545,36184,brafaq,julien,1993-07-31,B6J41993,36184,brandon,julien,1993-07-31,B6J41993,0.6428571428571429,1.0,1,1,1
48040,43547,36184,brandon,julien,1903-07-31,B6J41903,36184,brandon,julien,1903-07-31,B6J41903,1.0,1.0,1,1,1
48065,33964,64779,muhxe,allenlengel,1974-09-24,M2A41974,60730,maggi,allaire,1974-07-01,M2A41974,0.4666666666666666,0.6450216450216449,0,0,0
48074,48072,64781,demetra,green,1967-12-13,D5G61967,64781,demetra,green,1967-12-16,D5G61967,1.0,1.0,0,1,1
48075,7553,64775,brandon,sjt,1988-01-14,B6S31988,53027,berman,stfleur,1988-02-25,B6S31988,0.7714285714285715,0.6507936507936508,0,0,0
48077,23498,64775,brandon,moss,1988-01-14,B6M21988,57580,brian,mj,1988-08-31,B6M21988,0.8323809523809523,0.5833333333333334,0,0,0
48077,35266,64775,brandon,moss,1988-01-14,B6M21988,20838,berton,michel,1988-09-09,B6M21988,0.6626984126984127,0.4722222222222221,0,0,0
48077,35267,64775,brandon,moss,1988-01-14,B6M21988,20838,berton,michel,1988-09-09,B6M21988,0.6626984126984127,0.4722222222222221,0,0,0
48079,48078,64769,daniel,gonzalezduran,1992-10-21,D5G51992,64769,daniel,gonillexdjra,1992-10-21,D5G51992,1.0,0.8324786324786324,1,1,1
48080,48078,64769,daniel,gynz,1992-10-21,D5G51992,64769,daniel,gonillexdjra,1992-10-21,D5G51992,1.0,0.5555555555555555,1,1,1
48080,48079,64769,daniel,gynz,1992-10-21,D5G51992,64769,daniel,gonzalezduran,1992-10-21,D5G51992,1.0,0.6602564102564102,1,1,1
48082,24431,64782,pxlly,lussier,1969-02-06,P2L21969,57869,pichsr,leigh,1969-10-15,P2L21969,0.4555555555555555,0.5619047619047619,0,0,0
48084,29618,59376,kenneth,fennell,1969-08-15,K5F51969,59376,kenneth,fennell,1969-08-15,K5F51969,1.0,1.0,1,1,1
48085,29618,59376,kenneth,fennell,1969-08-15,K5F51969,59376,kenneth,fennell,1969-08-15,K5F51969,1.0,1.0,1,1,1
48085,48084,59376,kenneth,fennell,1969-08-15,K5F51969,59376,kenneth,fennell,1969-08-15,K5F51969,1.0,1.0,1,1,1
48099,5031,64780,christopher,c,1989-06-25,C6C01989,52305,crwl,c,1989-05-04,C6C01989,0.5606060606060607,1.0,0,0,0
48109,45723,40082,cnhiseow,flodin,1976-05-07,C5F41976,40082,chnis,flodin,1976-09-07,C5F41976,0.8274999999999999,1.0,0,1,1
48115,41244,64777,tamara,carey,1986-05-28,T5C61986,62797,timothy,corvino,1986-05-06,T5C61986,0.5396825396825397,0.5619047619047619,0,0,0
48115,41245,64777,tamara,carey,1986-05-28,T5C61986,62797,timothy,corvino,1986-05-06,T5C61986,0.5396825396825397,0.5619047619047619,0,0,0
48142,48141,64830,gs,berto,1978-02-23,G0B61978,64830,gj,berto,1978-02-23,G0B61978,0.6666666666666666,1.0,1,1,1
48152,48150,64823,karen,campbell,1968-03-29,K6C51968,64823,karen,campbell,1968-05-29,K6C51968,1.0,1.0,0,1,1
48155,31467,64808,joseph,fhs,1982-09-29,J2F21982,28532,justin,fj,1982-08-26,J2F21982,0.5555555555555555,0.611111111111111,0,0,0
48168,13600,64832,john,lcbq,1968-03-07,J5L21968,41060,john,lasko,1968-05-16,J5L21968,1.0,0.4833333333333333,0,0,0
48169,13600,64832,john,lg,1968-03-07,J5L21968,41060,john,lasko,1968-05-16,J5L21968,1.0,0.5666666666666667,0,0,0
48169,48168,64832,john,lg,1968-03-07,J5L21968,64832,john,lcbq,1968-03-07,J5L21968,1.0,0.5833333333333334,1,1,1
48173,35533,33076,kuu,fanuelsem,1988-07-17,K0F51988,20187,khgz,fmz,1988-08-14,K0F51988,0.5277777777777778,0.4814814814814814,0,0,0
48186,21566,32036,jordan,torres,1993-05-15,J6T61993,56998,jhr,trump,1993-01-04,J6T61993,0.6666666666666666,0.5777777777777778,0,0,0
48187,21566,32036,jordan,torres,1993-05-15,J6T61993,56998,jhr,trump,1993-01-04,J6T61993,0.6666666666666666,0.5777777777777778,0,0,0
48187,48186,32036,jordan,torres,1993-05-15,J6T61993,32036,jordan,torres,1993-05-15,J6T61993,1.0,1.0,1,1,1
48189,20046,56580,kristi,chudicek,1981-06-20,K6C31981,56580,kristi,chudicek,1981-06-20,K6C31981,1.0,1.0,1,1,1
48191,20046,56580,kristi,chudicek,1981-06-20,K6C31981,56580,kristi,chudicek,1981-06-20,K6C31981,1.0,1.0,1,1,1
48191,48189,56580,kristi,chudicek,1981-06-20,K6C31981,56580,kristi,chudicek,1981-06-20,K6C31981,1.0,1.0,1,1,1
48200,48199,64834,ricardo,nord,1986-05-10,R2N61986,64834,ricardo,nord,1986-05-15,R2N61986,1.0,1.0,0,1,1
48203,48201,64817,michael,meltzer,1976-06-19,M2M41976,64817,michael,meltzer,1976-06-11,M2M41976,1.0,1.0,0,1,1
48221,48219,64735,shalika,scott,1994-06-19,S4S31994,64735,shli,scott,1994-06-19,S4S31994,0.8857142857142857,1.0,1,1,1
48246,15065,64816,tnd,c,1961-03-18,T5C01961,55080,thomas,ca,1961-01-17,T5C01961,0.5,0.8500000000000001,0,0,0
48251,48250,64844,fancisco,bedregal,1991-11-03,F5B31991,64844,fancisco,bedregal,1991-11-03,F5B31991,1.0,1.0,1,1,1
48263,48262,64836,jesus,maldonado,1990-12-10,J2M41990,64836,jesus,maldonado,1990-12-14,J2M41990,1.0,1.0,0,1,1
48267,10235,2447,stanley,rich,1988-11-11,S3R21988,53796,stanley,rc,1988-08-30,S3R21988,1.0,0.8500000000000001,0,1,0
48267,46012,2447,stanley,rich,1988-11-11,S3R21988,64205,stephyner,rcwvi,1988-01-28,S3R21988,0.6899470899470899,0.6333333333333333,0,0,0
48273,25173,64849,stephane,hoogstraten,1989-12-10,S3H21989,11134,stanley,hju,1989-07-28,S3H21989,0.7704761904761905,0.4747474747474747,0,0,0
48275,25173,64849,steohd,hoogstraten,1989-12-10,S3H21989,11134,stanley,hju,1989-07-28,S3H21989,0.5396825396825397,0.4747474747474747,0,0,0
48275,48273,64849,steohd,hoogstraten,1989-12-10,S3H21989,64849,stephane,hoogstraten,1989-12-10,S3H21989,0.8055555555555556,1.0,1,1,1
48279,37387,64845,zsc,miglio,1983-07-06,Z0M21983,61679,zoa,mcclame,1983-11-15,Z0M21983,0.5555555555555555,0.5396825396825397,0,0,0
48297,19154,64846,eqde,rgmv,1990-03-04,E2R21990,56341,ecq,ragin,1990-02-14,E2R21990,0.75,0.6333333333333333,0,0,0
48299,32488,64846,jgws,silva,1990-03-04,J0S41990,55505,jaaa,schoolfield,1990-03-24,J0S41990,0.5,0.5272727272727272,0,0,0
48303,9583,64843,maykel,garciamoreno,1982-05-13,M2G61982,53641,michael,guerra,1982-07-07,M2G61982,0.6428571428571429,0.5833333333333334,0,0,0
48304,9583,64843,maykel,garciamoreno,1982-05-13,M2G61982,53641,michael,guerra,1982-07-07,M2G61982,0.6428571428571429,0.5833333333333334,0,0,0
48304,48303,64843,maykel,garciamoreno,1982-05-13,M2G61982,64843,maykel,garciamoreno,1982-05-13,M2G61982,1.0,1.0,1,1,1
48320,48318,48617,gary,tilman,1974-01-08,G6T41974,48617,gary,tilman,1974-01-08,G6T41974,1.0,1.0,1,1,1
48327,30806,39981,makenya,hwby,1985-11-25,M2H11985,59739,michael,hafford,1985-12-28,M2H11985,0.5079365079365079,0.4642857142857142,0,0,0
48333,2631,51615,alanxaigh,cilm,1991-05-06,A4C41991,51615,alan-michael,caldwell,1991-05-01,A4C41991,0.8436507936507937,0.5833333333333334,0,0,1
48333,2633,51615,alanxaigh,cilm,1991-05-06,A4C41991,51615,alajoyichs,caldwell,1991-05-06,A4C41991,0.6851851851851851,0.5833333333333334,1,0,1
48334,39369,51615,alan-michael,rmlwwll,1991-05-06,A4R51991,62311,alim,rahman,1991-11-01,A4R51991,0.6944444444444443,0.5396825396825397,0,0,0
48335,2631,51615,alcn-qi,caldwell,1991-05-06,A4C41991,51615,alan-michael,caldwell,1991-05-01,A4C41991,0.6746031746031745,1.0,0,0,1
48335,2633,51615,alcn-qi,caldwell,1991-05-06,A4C41991,51615,alajoyichs,caldwell,1991-05-06,A4C41991,0.5761904761904763,1.0,1,1,1
48335,48333,51615,alcn-qi,caldwell,1991-05-06,A4C41991,51615,alanxaigh,cilm,1991-05-06,A4C41991,0.671957671957672,0.5833333333333334,1,0,1
48343,48342,64882,justin,woods,1986-08-17,J2W31986,64882,justin,woods,1986-08-17,J2W31986,1.0,1.0,1,1,1
48353,17310,64869,demetrian,johnson,1978-07-15,D5J51978,55761,daniel,janes,1978-05-26,D5J51978,0.5,0.6761904761904761,0,0,0
48373,33816,64858,joann,lee,1982-01-06,J5L01982,60689,juan,l,1982-05-10,J5L01982,0.8049999999999999,0.7999999999999999,0,0,0
48377,22160,64862,justin,wik,1990-08-03,J2W21990,57156,jizc,wz,1990-12-11,J2W21990,0.4722222222222221,0.611111111111111,0,0,0
48388,48387,64871,cxj,doura,1970-12-15,C0D61970,64871,c,doura,1970-12-13,C0D61970,0.7999999999999999,1.0,0,1,1
48403,38942,64860,antwon,bjq,1987-02-27,A5B21987,62182,anthony,bezd,1987-09-01,A5B21987,0.8944444444444445,0.5277777777777778,0,0,0
48404,38942,64860,antwon,bekfra,1987-02-27,A5B21987,62182,anthony,bezd,1987-09-01,A5B21987,0.8944444444444445,0.611111111111111,0,0,0
48404,48403,64860,antwon,bekfra,1987-02-27,A5B21987,64860,antwon,bjq,1987-02-27,A5B21987,1.0,0.5,1,1,1
48405,37632,64865,do,cartwright,1995-06-15,D0C61995,61790,d,crescenti,1995-08-03,D0C61995,0.8500000000000001,0.6148148148148148,0,0,0
48406,22539,64865,dd,o,1995-06-15,D0O01995,57323,d,o,1995-05-28,D0O01995,0.8500000000000001,1.0,0,1,0
48413,48412,64881,jefferey,morrison,1971-07-13,J1M61971,64881,jefferey,morrison,1971-07-13,J1M61971,1.0,1.0,1,1,1
48440,48438,64904,jerry,higgins,1966-10-12,J6H21966,64904,jerry,higgins,1966-10-12,J6H21966,1.0,1.0,1,1,1
48456,11170,19081,ldu,cjhv,1986-07-29,L3C11986,2028,ltsph,cpmf,1986-11-02,L3C11986,0.5111111111111111,0.5,0,0,0
48468,43493,26028,anthony,robinson,1988-10-09,A5R11988,63471,antoinette,robinson,1988-06-24,A5R11988,0.8166666666666667,1.0,0,1,0
48472,14974,64886,k,castanedacifuentes,1981-08-28,K0C21981,40689,ki,cesaire,1981-07-12,K0C21981,0.8500000000000001,0.6746031746031745,0,0,0
48476,27822,64899,ex,aracena,1974-12-20,E2A61974,58914,eik,aristizabal,1974-04-18,E2A61974,0.611111111111111,0.5670995670995671,0,0,0
48498,640,34334,demetris,adams,1977-12-23,D5A31977,51010,demetrius,adams,1977-12-23,D5A31977,0.9777777777777776,1.0,1,1,0
48502,29803,64909,ronnie,dse,1991-08-20,R5D21991,33563,renzo,dic,1991-06-15,R5D21991,0.5777777777777778,0.5555555555555555,0,0,0
48525,17795,50748,timothy,taylor,1970-03-19,T5T41970,50748,timothy,taylor,1970-03-19,T5T41970,1.0,1.0,1,1,1
48535,15100,59215,sada,c,1989-04-05,S3C01989,20922,steven,c,1989-08-02,S3C01989,0.4722222222222221,1.0,0,0,0
48536,7325,59215,ladarious,smith,1989-08-05,L3S51989,52960,leticia,sanchez,1989-11-12,L3S51989,0.4761904761904761,0.5619047619047619,0,0,0
48537,18303,56089,tiffany,daniels,1984-11-17,T1D51984,56089,tiffany,daniels,1984-11-17,T1D51984,1.0,1.0,1,1,1
48537,18305,56089,tiffany,daniels,1984-11-17,T1D51984,56089,tiffany,dona,1984-11-17,T1D51984,1.0,0.6150793650793651,1,1,1
48537,46246,56089,tiffany,daniels,1984-11-17,T1D51984,56089,tiffany,daniels,1984-11-17,T1D51984,1.0,1.0,1,1,1
48537,46247,56089,tiffany,daniels,1984-11-17,T1D51984,56089,tiffany,daniels,1984-11-17,T1D51984,1.0,1.0,1,1,1
48541,36927,64919,junio,sainvil,1995-11-29,J5S51995,61544,jonathan,saintil,1995-02-05,J5S51995,0.5472222222222222,0.9428571428571428,0,0,0
48541,36929,64919,junio,sainvil,1995-11-29,J5S51995,61544,jonathan,saintil,1995-02-05,J5S51995,0.5472222222222222,0.9428571428571428,0,0,0
48545,554,6575,kxeo,pickney,1976-10-02,K0P21976,50966,ksq,pkt,1976-05-29,K0P21976,0.5277777777777778,0.6507936507936508,0,0,0
48559,48558,64927,dinoo,wijesundera,1973-07-12,D5W21973,64927,dinoo,wijeypader,1973-07-12,D5W21973,1.0,0.8554545454545455,1,1,1
48569,1201,64922,destinie,pollard,1986-09-12,D2P41986,51179,douglas,palmer,1986-08-18,D2P41986,0.4226190476190476,0.6428571428571429,0,0,0
48570,1932,52668,courtney,qsu,1985-05-11,C6Q01985,51380,christopher,q,1985-10-17,C6Q01985,0.6212121212121212,0.7999999999999999,0,0,0
48574,48573,64928,colleen,barry,1957-07-16,C4B61957,64928,colleen,barry,1957-07-16,C4B61957,1.0,1.0,1,1,1
48578,48576,64924,francisco,huerta,1966-04-02,F6H61966,64924,francisco,huerta,1966-04-04,F6H61966,1.0,1.0,0,1,1
48579,32169,26521,c,rajman,1991-03-28,C0R21991,15663,c,reyes,1991-02-02,C0R21991,1.0,0.4555555555555555,0,0,0
48582,22203,64932,q,bullard,1990-03-09,Q0B41990,56630,qa,bohl,1990-06-27,Q0B41990,0.8500000000000001,0.5952380952380952,0,0,0
48599,48598,26556,curtis,anthony,1961-05-10,C6A51961,26556,curtis,anthony,1961-05-10,C6A51961,1.0,1.0,1,1,1
48601,48600,64926,dario,moscoso,1989-05-26,D6M21989,64926,dario,moscoso,1989-05-26,D6M21989,1.0,1.0,1,1,1
48602,48600,64926,dario,moscoso,1989-05-26,D6M21989,64926,dario,moscoso,1989-05-26,D6M21989,1.0,1.0,1,1,1
48602,48601,64926,dario,moscoso,1989-05-26,D6M21989,64926,dario,moscoso,1989-05-26,D6M21989,1.0,1.0,1,1,1
48620,21382,56934,legitime,raymond,1956-06-09,L2R51956,56934,legitime,raymond,1956-05-09,L2R51956,1.0,1.0,0,1,1
48624,22350,64933,kenneth,rpoe,1974-06-20,K5R11974,57214,kntzsne,roberts,1974-01-13,K5R11974,0.7428571428571429,0.7535714285714287,0,0,0
48627,20028,56609,kathleen,lopez,1986-10-10,K3L11986,56609,kathleen,lopez,1986-10-10,K3L11986,1.0,1.0,1,1,1
48627,20030,56609,kathleen,lopez,1986-10-10,K3L11986,56609,kathleen,lopez,1986-10-11,K3L11986,1.0,1.0,0,1,1
48628,20028,56609,kathleen,lopez,1986-10-10,K3L11986,56609,kathleen,lopez,1986-10-10,K3L11986,1.0,1.0,1,1,1
48628,20030,56609,kathleen,lopez,1986-10-10,K3L11986,56609,kathleen,lopez,1986-10-11,K3L11986,1.0,1.0,0,1,1
48628,48627,56609,kathleen,lopez,1986-10-10,K3L11986,56609,kathleen,lopez,1986-10-10,K3L11986,1.0,1.0,1,1,1
48644,48642,64934,vincent,glinton,1965-08-12,V5G41965,64934,vm,glinton,1965-08-12,V5G41965,0.5476190476190476,1.0,1,1,1
48653,48651,64942,melyssa,lanciault,1980-04-14,M4L51980,64942,melyssa,lanciault,1980-08-14,M4L51980,1.0,1.0,0,1,1
48663,19734,64943,carlos,v,1990-02-04,C6V01990,55273,careem,va,1990-09-09,C6V01990,0.6666666666666666,0.8500000000000001,0,0,0
48663,36246,64943,carlos,v,1990-02-04,C6V01990,61378,charles,v,1990-01-13,C6V01990,0.8642857142857143,1.0,0,1,0
48680,48679,64953,kortney,hare,1962-03-30,K6H61962,64953,kortney,hare,1962-03-30,K6H61962,1.0,1.0,1,1,1
48691,30635,15244,bernie,baq,1984-05-06,B6B21984,59717,brooke,bassininsky,1984-11-27,B6B21984,0.6666666666666666,0.6161616161616161,0,0,0
48703,48455,64944,christine,grez,1968-06-21,C6G61968,64889,curtis,gervin,1968-05-25,C6G61968,0.7566666666666668,0.6388888888888888,0,0,0
48708,20057,56601,james,dksrar,1983-05-04,J5D21983,56601,james,desravines,1983-05-24,J5D21983,1.0,0.6888888888888888,0,0,1
48713,13433,64481,david,mcsdo,1988-10-11,D1M21988,54624,david,mj,1988-10-27,D1M21988,1.0,0.5666666666666667,0,0,0
48713,42501,64481,david,mcsdo,1988-10-11,D1M21988,63177,dfi,mcmu,1988-04-05,D1M21988,0.6888888888888888,0.6333333333333333,0,0,0
48719,48717,64983,cambre,williams,1991-08-28,C5W41991,64983,cambre,williams,1991-08-28,C5W41991,1.0,1.0,1,1,1
48721,21831,32610,charles,brown,1985-05-21,C6B61985,13032,christopher,bryant,1985-09-13,C6B61985,0.6562770562770562,0.76,0,0,0
48721,21832,32610,charles,brown,1985-05-21,C6B61985,13032,christopher,bryant,1985-09-01,C6B61985,0.6562770562770562,0.76,0,0,0
48731,48730,29388,ere,deconti,1957-07-20,E6D21957,29388,ernest,dsqo,1957-07-20,E6D21957,0.8666666666666667,0.5952380952380952,1,1,1
48736,48735,64967,veronica,jok,1985-02-18,V6J21985,64967,verv,joseph,1985-02-18,V6J21985,0.7958333333333334,0.6666666666666666,1,1,1
48745,48744,64961,manuel,alavarez,1963-01-19,M5A41963,64961,manuel,alafacw,1963-01-15,M5A41963,1.0,0.6904761904761904,0,0,1
48754,17753,50801,uefn,riker,1987-03-16,U1R21987,45248,ubr,rsm,1987-04-23,U1R21987,0.5277777777777778,0.5111111111111111,0,0,0
48762,20377,64990,kerri,mnvr,1981-06-17,K6M11981,56673,kr,mevlr,1981-05-09,K6M11981,0.82,0.8049999999999999,0,0,0
48765,39760,64976,ar,aovep,1988-08-19,A6A11988,62343,aaron,aprile,1988-11-02,A6A11988,0.82,0.5777777777777778,0,0,0
48766,19096,64976,nru,dwjk,1958-08-19,N6D21958,56323,neeer,dyc,1958-02-06,N6D21958,0.5111111111111111,0.5277777777777778,0,0,0
48775,7779,64964,hnkoa,d,1993-08-12,H5D01993,53082,hantz,d,1993-10-27,H5D01993,0.6,1.0,0,0,0
48803,48802,64978,michael,dipietro,1956-10-09,M2D11956,64978,miohs,dipietro,1956-10-03,M2D11956,0.6761904761904761,1.0,0,0,1
48817,48816,64966,demetius,j,1990-01-29,D5J01990,64966,demetius,j,1990-01-29,D5J01990,1.0,1.0,1,1,1
48829,48828,65002,ralph,knepper,1984-12-15,R4K51984,65002,ralph,knepper,1984-12-11,R4K51984,1.0,1.0,0,1,1
48830,48828,65002,ralph,knepper,1984-12-11,R4K51984,65002,ralph,knepper,1984-12-11,R4K51984,1.0,1.0,1,1,1
48830,48829,65002,ralph,knepper,1984-12-11,R4K51984,65002,ralph,knepper,1984-12-15,R4K51984,1.0,1.0,0,1,1
48835,47635,35842,lo,cabrera,1980-09-17,L0C11980,35842,le,cabrera,1980-09-17,L0C11980,0.6666666666666666,1.0,1,1,1
48863,48862,49769,fray,suarez,1959-10-04,F6S61959,49769,francisco,suarez,1959-10-08,F6S61959,0.6944444444444443,1.0,0,0,1
48871,48870,64999,jarvis,mcfadden,1975-11-16,J6M21975,64999,jarvis,mcfadden,1975-11-13,J6M21975,1.0,1.0,0,1,1
48887,42187,58286,tarell,piz,1995-04-12,T6P21995,63081,terrin,page,1995-04-18,T6P21995,0.5555555555555555,0.5277777777777778,0,0,0
48896,23326,57529,helbert,urrea,1995-07-08,H4U61995,57529,helbert,urrea,1995-08-08,H4U61995,1.0,1.0,0,1,1
48898,1581,65012,jean,schnider,1992-01-27,J5S51992,51247,johnnie,snipes,1992-09-14,J5S51992,0.5952380952380952,0.75,0,0,0
48898,11549,65012,jean,schnider,1992-01-27,J5S51992,27494,jamal,smart,1992-07-13,J5S51992,0.6333333333333333,0.4416666666666666,0,0,0
48900,9599,64993,mosley,sainsn,1992-12-18,M2S51992,53655,mek,saandj,1992-07-23,M2S51992,0.5,0.6666666666666666,0,0,0
48906,16720,65022,jennifer,galarza,1985-12-30,J5G41985,55578,joanna,gayle,1985-04-22,J5G41985,0.625,0.6761904761904761,0,0,0
48919,2041,50303,brett,parks,1991-06-23,B6P61991,51409,bernard,parker,1991-08-26,B6P61991,0.565079365079365,0.8933333333333334,0,0,0
48920,35838,50303,brett,s,1991-06-23,B6S01991,61243,brittany,s,1991-03-18,B6S01991,0.8133333333333332,1.0,0,1,0
48939,38928,65028,jean,fqmgl,1974-11-21,J5F21974,62167,jeannie,ffxsif,1974-12-14,J5F21974,0.9142857142857144,0.4555555555555555,0,0,0
48940,13702,65028,jean,k,1974-11-21,J5K01974,54708,jenice,kwsj,1974-03-04,J5K01974,0.8,0.775,0,0,0
48940,20794,65028,jean,k,1974-11-21,J5K01974,54708,jenice,ki,1974-03-04,J5K01974,0.8,0.8500000000000001,0,0,0
48941,47876,65028,p,zffp,1974-11-21,P0Z11974,64739,po,zfmme,1974-12-23,P0Z11974,0.8500000000000001,0.6333333333333333,0,0,0
48944,15659,65035,sean,crasper,1992-04-03,S5C61992,55262,shanti,crumpler,1992-11-07,S5C61992,0.775,0.8238095238095238,0,0,0
48960,6764,65029,pea,doumn,1982-06-24,P0D51982,7491,p,domville,1982-12-27,P0D51982,0.7999999999999999,0.6583333333333333,0,0,0
48989,2995,65051,mm,burch,1990-01-17,M0B61990,51680,ma,burnett,1990-09-24,M0B61990,0.6666666666666666,0.6761904761904761,0,0,0
48993,27368,65054,james,pcpsta,1989-09-04,J5P21989,14870,jamie,pazw,1989-07-16,J5P21989,0.9066666666666668,0.4722222222222221,0,0,0
48998,35879,65073,christian,brassens,1970-10-28,C6B61970,16397,carlton,burton,1970-11-29,C6B61970,0.671957671957672,0.625,0,0,0
49000,48999,65068,marc,lubin,1966-04-15,M6L11966,65068,marc,lubin,1966-04-15,M6L11966,1.0,1.0,1,1,1
49003,49002,40652,terry,flowers,1984-06-15,T6F41984,40652,terry,flowers,1984-06-15,T6F41984,1.0,1.0,1,1,1
49010,19068,18851,john,warren,1966-09-28,J5W61966,56297,james,wright,1966-06-04,J5W61966,0.4833333333333333,0.5555555555555555,0,0,0
49011,2405,51501,johnny,jones,1983-10-13,J5J51983,51501,johnny,jones,1983-10-12,J5J51983,1.0,1.0,0,1,1
49012,2405,51501,johnny,jones,1983-11-13,J5J51983,51501,johnny,jones,1983-10-12,J5J51983,1.0,1.0,0,1,1
49012,49011,51501,johnny,jones,1983-11-13,J5J51983,51501,johnny,jones,1983-10-13,J5J51983,1.0,1.0,0,1,1
49021,49020,65065,l,negrini,1975-06-28,L0N21975,65065,li,nhgjca,1975-06-28,L0N21975,0.8500000000000001,0.5396825396825397,1,1,1
49029,6674,34830,meghan,prince,1990-12-12,M2P61990,52791,mxmx,park,1990-11-26,M2P61990,0.4722222222222221,0.611111111111111,0,0,0
49030,6674,34830,meghan,prince,1990-12-13,M2P61990,52791,mxmx,park,1990-11-26,M2P61990,0.4722222222222221,0.611111111111111,0,0,0
49030,49029,34830,meghan,prince,1990-12-13,M2P61990,34830,meghan,prince,1990-12-12,M2P61990,1.0,1.0,0,1,1
49032,40646,65070,b,allan,1981-08-13,B0A41981,62614,b,allnutt,1981-08-07,B0A41981,1.0,0.8533333333333333,0,1,0
49042,49041,65057,neil,tashman,1969-12-12,N4T21969,65057,neil,tashman,1969-12-12,N4T21969,1.0,1.0,1,1,1
49051,364,65074,derek,maqc,1990-09-30,D6M21990,6225,derion,mcreed,1990-07-01,D6M21990,0.79,0.611111111111111,0,0,0
49051,7907,65074,derek,maqc,1990-09-30,D6M21990,53127,darren,mcara,1990-12-12,D6M21990,0.7300000000000001,0.6333333333333333,0,0,0
49058,39629,65052,keith,sndr,1986-05-09,K3S51986,62382,ketchmarken,sainthilaire,1986-01-05,K3S51986,0.776969696969697,0.5555555555555555,0,0,0
49064,49063,65069,carlos,solano,1992-03-03,C6S41992,65069,carlos,solano,1992-03-03,C6S41992,1.0,1.0,1,1,1
49074,34255,65050,jose,grant,1989-10-03,J2G61989,60815,joseph,griffith,1989-06-27,J2G61989,0.9333333333333332,0.6583333333333333,0,0,0
49075,34255,65050,jose,grant,1989-10-03,J2G61989,60815,joseph,griffith,1989-06-27,J2G61989,0.9333333333333332,0.6583333333333333,0,0,0
49075,49074,65050,jose,grant,1989-10-03,J2G61989,65050,jose,grant,1989-10-03,J2G61989,1.0,1.0,1,1,1
49102,12653,54433,barrington,christie,1985-03-03,B6C61985,54433,barrington,christie,1985-03-03,B6C61985,1.0,1.0,1,1,1
49104,15110,65078,wgvsn,pt,1960-11-29,W2P31960,55099,wqoh,pdh,1960-06-04,W2P31960,0.4833333333333333,0.611111111111111,0,0,0
49123,49122,65095,david,gordon,1986-02-13,D1G61986,65095,david,gordon,1986-02-13,D1G61986,1.0,1.0,1,1,1
49146,4129,52044,lxzb,graf,1977-12-12,L2G61977,52044,lizzette,graf,1977-12-12,L2G61977,0.5833333333333334,1.0,1,1,1
49146,18986,52044,lxzb,graf,1977-12-12,L2G61977,56272,lx,germaine,1977-03-01,L2G61977,0.8666666666666667,0.7375,0,0,0
49147,4129,52044,lokye,graf,1977-12-12,L2G61977,52044,lizzette,graf,1977-12-12,L2G61977,0.5499999999999999,1.0,1,1,1
49147,18986,52044,lokye,graf,1977-12-12,L2G61977,56272,lx,germaine,1977-03-01,L2G61977,0.5666666666666667,0.7375,0,0,0
49147,49146,52044,lokye,graf,1977-12-12,L2G61977,52044,lxzb,graf,1977-12-12,L2G61977,0.4833333333333333,1.0,1,1,1
49152,28707,65097,mario,melendez,1968-11-14,M6M41968,25568,mauricio,malisani,1968-09-30,M6M41968,0.9,0.5833333333333334,0,0,0
49187,49186,65120,kenwyn,benson,1980-09-01,K5B51980,65120,kenwyn,benson,1980-09-06,K5B51980,1.0,1.0,0,1,1
49191,22428,65139,yjn,rvwfe,1993-04-02,Y2R11993,57232,ygdabm,rivero,1993-03-15,Y2R11993,0.5,0.7300000000000001,0,0,0
49193,19059,65139,mtcwk,csk,1993-04-02,M3C01993,56302,mtzs,c,1993-10-05,M3C01993,0.6333333333333333,0.7999999999999999,0,0,0
49213,10554,65114,denisha,s,1995-04-15,D5S01995,50698,deandre,sk,1995-03-04,D5S01995,0.6190476190476191,0.8500000000000001,0,0,0
49215,40197,62532,ball,sx,1994-10-29,B4S01994,62532,ball,szcs,1994-10-29,B4S01994,1.0,0.5833333333333334,1,1,1
49239,17158,65122,yalitza,miniel,1990-03-04,Y4M51990,55713,yalitza,miniel,1990-03-14,Y4M51990,1.0,1.0,0,1,0
49246,2412,26214,dana,moore,1967-01-21,D5M61967,51528,daniel,merico,1967-01-28,D5M61967,0.825,0.5777777777777778,0,0,0
49253,49252,65128,marlon,hyde,1974-03-24,M6H31974,65128,marlon,hyde,1974-03-24,M6H31974,1.0,1.0,1,1,1
49257,27145,65130,dnfcon,smith,1968-02-08,D5S51968,58682,donald,smith,1968-10-02,D5S51968,0.5555555555555555,1.0,0,0,0
49260,4967,65135,ayane,mcbride,1978-05-22,A5M21978,52285,antwon,major,1978-02-15,A5M21978,0.5777777777777778,0.5619047619047619,0,0,0
49260,14343,65135,ayane,mcbride,1978-05-22,A5M21978,36402,anthony,mcdy,1978-08-19,A5M21978,0.5619047619047619,0.5952380952380952,0,0,0
49270,25319,65151,javier,fwi,1984-07-14,J1F01984,27065,jafvf,fw,1984-06-06,J1F01984,0.76,0.9111111111111112,0,0,0
49273,8415,45761,rojas-soto,juan,1980-12-12,R2J51980,45761,roqxs,juan,1980-12-11,R2J51980,0.6333333333333333,1.0,0,0,1
49274,8415,45761,rojas-soto,juan,1980-12-11,R2J51980,45761,roqxs,juan,1980-12-11,R2J51980,0.6333333333333333,1.0,1,1,1
49274,49273,45761,rojas-soto,juan,1980-12-11,R2J51980,45761,rojas-soto,juan,1980-12-12,R2J51980,1.0,1.0,0,1,1
49283,44469,54909,rudolph,young,1955-01-07,R3Y51955,54909,rudolph,young,1955-01-22,R3Y51955,1.0,1.0,0,1,1
49283,44470,54909,rudolph,young,1955-01-07,R3Y51955,54909,rudolph,young,1955-02-02,R3Y51955,1.0,1.0,0,1,1
49298,42296,65145,jalicia,brooks,1990-04-01,J4B61990,63118,jel,bayer,1990-07-12,J4B61990,0.6507936507936508,0.4555555555555555,0,0,0
49307,33897,65185,bst,stone,1983-03-26,B2S31983,60695,bpxc,scott,1983-09-01,B2S31983,0.5277777777777778,0.6,0,0,0
49319,49317,65186,adrian,black,1988-01-27,A3B41988,65186,adrian,black,1988-01-27,A3B41988,1.0,1.0,1,1,1
49323,37781,65176,jonathan,robrish,1976-04-17,J5R11976,61850,jennifer,robinson,1976-02-26,J5R11976,0.5,0.8458333333333333,0,0,0
49342,6785,3467,jejma,jwcza,1985-06-03,J2J01985,52825,jessica,ja,1985-01-12,J2J01985,0.6761904761904761,0.5666666666666667,0,0,0
49353,34182,60778,robert,hellmuth,1978-04-02,R1H41978,60778,robert,hellmuth,1978-04-02,R1H41978,1.0,1.0,1,1,1
49355,34182,60778,robert,hhalvn,1978-04-02,R1H41978,60778,robert,hellmuth,1978-04-02,R1H41978,1.0,0.5277777777777778,1,1,1
49355,49353,60778,robert,hhalvn,1978-04-02,R1H41978,60778,robert,hellmuth,1978-04-02,R1H41978,1.0,0.5277777777777778,1,1,1
49358,34071,65146,jaryam,l,1990-06-18,J6L01990,60721,jeremiah,lo,1990-07-26,J6L01990,0.6388888888888888,0.8500000000000001,0,0,0
49370,49368,65188,christopher,feliciano,1971-08-27,C6F41971,65188,christopher,feliciano,1971-07-27,C6F41971,1.0,1.0,0,1,1
49373,41249,42375,ryan,zje,1983-07-26,R5Z01983,62808,ramsey,zx,1983-11-11,R5Z01983,0.611111111111111,0.611111111111111,0,0,0
49381,49380,65218,laila,amazouz,1977-07-29,L4A51977,65218,laila,amazouz,1977-07-29,L4A51977,1.0,1.0,1,1,1
49389,5551,65216,shane,roopchan,1998-04-01,S5R11998,7805,samuel,roberts,1998-01-14,S5R11998,0.7300000000000001,0.5119047619047619,0,0,0
49390,3551,65216,shane,rsods,1991-04-01,S5R21991,51848,smn,russell,1991-07-01,S5R21991,0.6888888888888888,0.6761904761904761,0,0,0
49392,5222,65217,jamila,pershadsingh,1981-09-26,J5P61981,52370,jomog,pro,1981-09-11,J5P61981,0.5777777777777778,0.611111111111111,0,0,0
49394,5222,65217,jmm,pershadsingh,1981-09-22,J5P61981,52370,jomog,pro,1981-09-11,J5P61981,0.6888888888888888,0.611111111111111,0,0,0
49394,49392,65217,jmm,pershadsingh,1981-09-22,J5P61981,65217,jamila,pershadsingh,1981-09-26,J5P61981,0.6666666666666666,1.0,0,0,1
49410,25173,65192,storm,hglcme,1989-04-07,S3H21989,11134,stanley,hju,1989-07-28,S3H21989,0.5619047619047619,0.5,0,0,0
49410,48273,65192,storm,hglcme,1989-04-07,S3H21989,64849,stephane,hoogstraten,1989-12-10,S3H21989,0.5499999999999999,0.5909090909090909,0,0,0
49410,48275,65192,storm,hglcme,1989-04-07,S3H21989,64849,steohd,hoogstraten,1989-12-10,S3H21989,0.76,0.5909090909090909,0,0,0
49436,26495,63679,andres,ky,1991-04-16,A5K01991,44245,andres,k,1991-06-30,A5K01991,1.0,0.8500000000000001,0,1,0
49444,18531,30716,michael,bio,1980-08-03,M2B01980,56176,mznsds,b,1980-04-23,M2B01980,0.4365079365079365,0.7999999999999999,0,0,0
49454,49453,44625,joseph,martinez,1980-09-29,J2M61980,44625,joseph,martinez,1980-01-29,J2M61980,1.0,1.0,0,1,1
49461,18408,60457,s,sm,1990-03-22,S0S51990,47062,s,smith,1990-02-16,S0S51990,1.0,0.84,0,1,0
49461,29522,60457,s,sm,1990-03-22,S0S51990,58864,s,sm,1990-09-12,S0S51990,1.0,1.0,0,1,0
49461,40785,60457,s,sm,1990-03-22,S0S51990,19460,s,singletary,1990-12-31,S0S51990,1.0,0.5333333333333333,0,0,0
49468,49467,65202,jesse,f,1994-06-29,J2F01994,65202,jesse,fa,1994-06-29,J2F01994,1.0,0.8500000000000001,1,1,1
49469,41882,65202,jzl,payne,1994-06-24,J4P51994,62997,jiwlr,pwn,1994-11-17,J4P51994,0.6888888888888888,0.6888888888888888,0,0,0
49474,49473,65196,jorge,martinez,1982-05-02,J6M61982,65196,jorge,martinez,1982-05-02,J6M61982,1.0,1.0,1,1,1
49480,27953,18604,tawfiq,hamin,1987-01-16,T1H51987,18604,tawfiq,hamin,1987-01-16,T1H51987,1.0,1.0,1,1,1
49485,29727,65268,cq,saravia,1987-07-05,C0S61987,59430,ch,shorz,1987-03-18,C0S61987,0.6666666666666666,0.5619047619047619,0,0,0
49485,42509,65268,cq,saravia,1987-07-05,C0S61987,63158,cq,screen,1987-10-25,C0S61987,1.0,0.5396825396825397,0,0,0
49485,42747,65268,cq,saravia,1987-07-05,C0S61987,63243,ci,sarlxg,1987-09-13,C0S61987,0.6666666666666666,0.6428571428571429,0,0,0
49486,20639,65268,vy,saravia,1987-07-05,V0S61987,56717,vi,sjurlim,1987-05-10,V0S61987,0.6666666666666666,0.6190476190476191,0,0,0
49498,49497,65262,richard,warren,1969-06-02,R2W61969,65262,richard,warren,1969-06-02,R2W61969,1.0,1.0,1,1,1
49516,30882,33232,sandy,francois,1983-09-18,S5F61983,33232,sandy,francois,1983-09-18,S5F61983,1.0,1.0,1,1,1
49516,30883,33232,sandy,francois,1983-09-18,S5F61983,33232,sandy,francois,1983-09-18,S5F61983,1.0,1.0,1,1,1
49516,30884,33232,sandy,francois,1983-09-18,S5F61983,33232,sandy,frylmo,1983-09-18,S5F61983,1.0,0.625,1,1,1
49523,49521,65241,victor,sanchez,1972-04-19,V2S51972,65241,victor,sanchez,1972-04-19,V2S51972,1.0,1.0,1,1,1
49526,49525,65244,alonzo,coleman,1994-04-15,A4C41994,65244,alonzo,coleman,1994-07-15,A4C41994,1.0,1.0,0,1,1
49563,11831,65249,janilson,menezes,1979-03-23,J5M51979,54256,juan,membranogomez,1979-01-30,J5M51979,0.7375,0.553113553113553,0,0,0
49581,32268,65234,alexandria,greene,1993-09-06,A4G61993,60205,aahoael,garcia,1993-01-02,A4G61993,0.465079365079365,0.5555555555555555,0,0,0
49582,17321,65234,a,srp,1993-09-06,A0S61993,55792,a,sherrell,1993-02-24,A0S61993,1.0,0.6388888888888888,0,0,0
49597,10049,65236,joshua,brey,1983-11-09,J2B61983,5416,jason,brigfed,1983-05-15,J2B61983,0.5888888888888889,0.5952380952380952,0,0,0
49601,41974,65260,ashley,cabrera,1993-04-12,A2C11993,63017,agdyf,cbpw,1993-03-10,A2C11993,0.5777777777777778,0.5952380952380952,0,0,0
49610,44222,65253,g,steggerda,1997-10-12,G0S31997,53961,gh,st fleur,1997-09-22,G0S31997,0.8500000000000001,0.6481481481481481,0,0,0
49615,46783,63858,bo,lester,1973-09-03,B0L21973,63858,b,lester,1973-04-03,B0L21973,0.8500000000000001,1.0,0,1,1
49657,49656,65273,richard,reeve,1953-03-21,R2R11953,65273,richard,reeve,1953-03-21,R2R11953,1.0,1.0,1,1,1
49663,49662,39276,rohan,anderson,1982-07-28,R5A51982,39276,rohan,an,1982-07-28,R5A51982,1.0,0.8,1,1,1
49664,49662,39276,rohan,anderson,1982-07-28,R5A51982,39276,rohan,an,1982-07-28,R5A51982,1.0,0.8,1,1,1
49664,49663,39276,rohan,anderson,1982-07-28,R5A51982,39276,rohan,anderson,1982-07-28,R5A51982,1.0,1.0,1,1,1
49672,20753,65282,qutell,bgrtk,1995-02-14,Q3B21995,56749,qtyg,bjt,1995-02-17,Q3B21995,0.611111111111111,0.6888888888888888,0,0,0
49696,26924,65293,luc,by,1981-10-04,L2B01981,58595,luis,bw,1981-05-05,L2B01981,0.7777777777777778,0.6666666666666666,0,0,0
49699,49698,23919,brittany,davis,1988-08-30,B6D11988,23919,bricfe,davis,1988-08-30,B6D11988,0.625,1.0,1,1,1
49707,24696,48208,dwf,bradshaw,1985-04-25,D1B61985,57918,david,byiur,1985-03-22,D1B61985,0.5111111111111111,0.5499999999999999,0,0,0
49712,49710,65292,lakavious,drummond,1982-01-09,L2D61982,65292,lakavious,drummond,1982-01-09,L2D61982,1.0,1.0,1,1,1
49720,3763,51951,angie,morales,1994-04-19,A5M61994,51951,angie,morales,1994-04-19,A5M61994,1.0,1.0,1,1,1
49722,35879,65297,carlton,brown,1970-01-21,C6B61970,16397,carlton,burton,1970-11-29,C6B61970,1.0,0.8400000000000001,0,1,0
49722,48998,65297,carlton,brown,1970-01-21,C6B61970,65073,christian,brassens,1970-10-28,C6B61970,0.671957671957672,0.6583333333333333,0,0,0
49726,49725,61336,dominick,akaj,1995-04-20,D5A21995,61336,dominick,akinpello,1995-04-20,D5A21995,1.0,0.5740740740740741,1,1,1
49730,30661,65303,k,cyu,1986-12-23,K0C01986,59698,k,chu,1986-03-03,K0C01986,1.0,0.7999999999999999,0,1,0
49731,3268,31113,maison,rosado,1988-11-09,M2R21988,51756,michael,russo,1988-03-12,M2R21988,0.5396825396825397,0.7300000000000001,0,0,0
49732,3268,31113,maison,rosado,1988-11-05,M2R21988,51756,michael,russo,1988-03-12,M2R21988,0.5396825396825397,0.7300000000000001,0,0,0
49732,49731,31113,maison,rosado,1988-11-05,M2R21988,31113,maison,rosado,1988-11-09,M2R21988,1.0,1.0,0,1,1
49739,49738,65302,darrell,siel,1969-01-18,D6S41969,65302,darrell,siel,1969-01-18,D6S41969,1.0,1.0,1,1,1
49740,37472,65307,eolb,biocer,1989-12-25,E4B21989,61720,elie,boujaoude,1989-03-15,E4B21989,0.6666666666666666,0.5185185185185185,0,0,0
49755,27213,2447,stanley,lc,1984-11-16,S3L21984,58690,sketlia,lazaridi,1984-02-27,S3L21984,0.6190476190476191,0.5416666666666666,0,0,0
49758,2540,65314,y,h,1973-01-08,Y0H01973,51545,yew,h,1973-07-16,Y0H01973,0.7999999999999999,1.0,0,1,0
49770,40777,65308,richard,jones,1982-11-01,R2J51982,745,rcdwri,johnson,1982-09-06,R2J51982,0.6428571428571429,0.8323809523809523,0,0,0
49771,40777,65308,richard,jones,1982-10-01,R2J51982,745,rcdwri,johnson,1982-09-06,R2J51982,0.6428571428571429,0.8323809523809523,0,0,0
49771,49770,65308,richard,jones,1982-10-01,R2J51982,65308,richard,jones,1982-11-01,R2J51982,1.0,1.0,0,1,1
49772,40777,65308,richard,jones,1982-10-01,R2J51982,745,rcdwri,johnson,1982-09-06,R2J51982,0.6428571428571429,0.8323809523809523,0,0,0
49772,49770,65308,richard,jones,1982-10-01,R2J51982,65308,richard,jones,1982-11-01,R2J51982,1.0,1.0,0,1,1
49772,49771,65308,richard,jones,1982-10-01,R2J51982,65308,richard,jones,1982-10-01,R2J51982,1.0,1.0,1,1,1
49774,17400,55795,caritasse,roche,1988-05-13,C6R21988,55795,caritasse,roche,1988-01-13,C6R21988,1.0,1.0,0,1,1
49774,18703,55795,caritasse,roche,1988-05-13,C6R21988,56208,chri,rgbalh,1988-08-20,C6R21988,0.6944444444444443,0.5777777777777778,0,0,0
49774,38870,55795,caritasse,roche,1988-05-13,C6R21988,62174,cornelius,rcfgwrt,1988-06-28,C6R21988,0.6296296296296297,0.5619047619047619,0,0,0
49774,44173,55795,caritasse,roche,1988-05-13,C6R21988,18316,christopher,rgln,1988-11-26,C6R21988,0.6818181818181818,0.4833333333333333,0,0,0
49781,49780,65317,nelson,tamdkoa,1978-05-04,N4T51978,65317,nelson,tamayoaguilar,1978-05-04,N4T51978,1.0,0.632967032967033,1,1,1
49787,49786,13477,fanel,eldine,1983-03-12,F5E41983,13477,fanel,eldine,1983-09-12,F5E41983,1.0,1.0,0,1,1
49789,4654,65318,jennifer,rocks,1986-01-24,J5R21986,52178,juan,reyes,1986-07-12,J5R21986,0.5833333333333334,0.6,0,0,0
49789,4655,65318,jennifer,rocks,1986-01-24,J5R21986,52178,juan,reyes,1986-07-12,J5R21986,0.5833333333333334,0.6,0,0,0
49791,21393,65311,nickel,tqy,1986-03-15,N2T21986,24318,ngw,tojenqra,1986-10-17,N2T21986,0.5,0.4861111111111111,0,0,0
49798,49797,65319,william,creegan,1962-07-08,W4C61962,65319,william,creegan,1962-07-08,W4C61962,1.0,1.0,1,1,1
49802,49800,65310,courtney,pendergrass,1972-12-21,C6P51972,65310,courtney,pendergrass,1972-12-29,C6P51972,1.0,1.0,0,1,1
49813,461,8550,leon,jackson,1961-01-18,L5J21961,8550,leon,jackson,1961-01-18,L5J21961,1.0,1.0,1,1,1
49822,45086,63928,timothy,palmer,1982-03-01,T5P41982,63928,timothy,palmer,1982-03-06,T5P41982,1.0,1.0,0,1,1
49823,45086,63928,timothy,palmer,1982-03-06,T5P41982,63928,timothy,palmer,1982-03-06,T5P41982,1.0,1.0,1,1,1
49823,49822,63928,timothy,palmer,1982-03-06,T5P41982,63928,timothy,palmer,1982-03-01,T5P41982,1.0,1.0,0,1,1
49836,15099,65324,sdp,campoi,1989-06-29,S3C51989,20922,steven,coney,1989-04-02,S3C51989,0.5,0.4555555555555555,0,0,0
49836,23970,65324,sdp,campoi,1989-06-29,S3C51989,20922,steven,coney,1989-08-02,S3C51989,0.5,0.4555555555555555,0,0,0
49836,46941,65324,sdp,campoi,1989-06-29,S3C51989,64457,starr,chinwilliams,1989-08-22,S3C51989,0.5111111111111111,0.5,0,0,0
49838,36466,65324,sz,c,1988-06-29,S0C01988,61435,s,c,1988-07-02,S0C01988,0.8500000000000001,1.0,0,1,0
49850,45564,64049,rodney,davis,1996-01-04,R3D11996,64049,rodney,davis,1996-01-06,R3D11996,1.0,1.0,0,1,1
49864,49824,65327,joseph,o'neill,1981-09-12,J2O51981,65327,joseph,o'neill,1981-01-12,J2O51981,1.0,1.0,0,1,1
49867,32155,65144,chrzvbo,forna,1976-12-21,C6F61976,60158,christoopher,freeman,1976-09-08,C6F61976,0.6349206349206349,0.6761904761904761,0,0,0
49872,5195,52354,jason,bak,1976-03-28,J2B21976,52354,jason,bak,1976-03-27,J2B21976,1.0,1.0,0,1,1
49887,16813,65332,me,kbko,1972-08-29,M0K11972,55595,m,kfrg,1972-09-25,M0K11972,0.8500000000000001,0.5,0,0,0
49899,45353,32986,marvin,uniyde,1988-10-01,M6U51988,63994,marius,unguru,1988-12-16,M6U51988,0.8444444444444443,0.5555555555555555,0,0,0
49919,49918,65353,patrick,reilly,1988-10-15,P3R41988,65353,patrick,reilly,1988-10-15,P3R41988,1.0,1.0,1,1,1
49934,49932,65339,suzay,etiwrb,1960-05-01,S2E31960,65339,suzay,etienne,1960-03-01,S2E31960,1.0,0.6428571428571429,0,0,1
49940,42143,65342,nicholas,sv,1994-04-08,N2S11994,63052,nicholas,swf,1994-06-17,N2S11994,1.0,0.611111111111111,0,0,0
49942,45310,65348,donald,jones,1992-01-25,D5J51992,63998,daniel,johnson,1992-11-07,D5J51992,0.6944444444444443,0.8323809523809523,0,0,0
49952,12831,65347,ronnie,dixon,1988-08-07,R5D21988,54478,ronald,duquette,1988-08-26,R5D21988,0.6666666666666666,0.4416666666666666,0,0,0
49979,37549,65369,rgme,starks,1988-11-22,R2S31988,61759,russell,stextk,1988-05-21,R2S31988,0.5952380952380952,0.6666666666666666,0,0,0
49988,49986,65340,malcolm,robinson,1994-09-25,M4R11994,65340,malcolm,robinson,1994-04-25,M4R11994,1.0,1.0,0,1,1
50005,50004,65380,kristyn,lee,1988-09-22,K6L01988,65380,kristyn,lee,1988-09-02,K6L01988,1.0,1.0,0,1,1
50017,50016,23826,kevin,donjoie,1977-08-06,K1D51977,23826,kevin,donjoie,1977-08-16,K1D51977,1.0,1.0,0,1,1
50031,36281,9285,leaaq,benway,1972-08-21,L2B51972,41400,lx,benavidessanchez,1972-09-15,L2B51972,0.5666666666666667,0.6388888888888888,0,0,0
50035,21231,65392,bfyry,newsome,1995-04-23,B6N21995,56860,bravon,newsome,1995-04-22,B6N21995,0.5777777777777778,1.0,0,0,0
50035,21233,65392,bfyry,newsome,1995-04-23,B6N21995,56860,bravon,newsome,1995-04-23,B6N21995,0.5777777777777778,1.0,1,1,0
50036,21231,65392,bravon,newsome,1995-04-23,B6N21995,56860,bravon,newsome,1995-04-22,B6N21995,1.0,1.0,0,1,0
50036,21233,65392,bravon,newsome,1995-04-23,B6N21995,56860,bravon,newsome,1995-04-23,B6N21995,1.0,1.0,1,1,0
50036,50035,65392,bravon,newsome,1995-04-23,B6N21995,65392,bfyry,newsome,1995-04-23,B6N21995,0.5777777777777778,1.0,1,1,1
50039,50037,65372,lashae,laylor,1989-07-04,L2L41989,65372,lashae,laylor,1989-07-04,L2L41989,1.0,1.0,1,1,1
50045,50043,65381,jeanherard,jeanjules,1994-09-18,J5J51994,65381,jeanherard,jeanjules,1994-09-18,J5J51994,1.0,1.0,1,1,1
50049,31527,60000,rafael,magana,1964-06-15,R1M21964,60000,rafael,magana,1964-05-15,R1M21964,1.0,1.0,0,1,1
50060,50058,55336,rondha,paul,1994-09-24,R5P41994,55336,rondha,paul,1994-09-24,R5P41994,1.0,1.0,1,1,1
50079,12724,54998,jif,koscak,1982-05-14,J1K21982,54434,jeffery,koski,1982-02-28,J1K21982,0.6507936507936508,0.8755555555555556,0,0,0
50079,14569,54998,jif,koscak,1982-05-14,J1K21982,54998,jbm,koscak,1982-05-14,J1K21982,0.5555555555555555,1.0,1,1,1
50080,14570,54998,james,koscak,1982-05-14,J5K21982,54998,james,koek,1982-05-14,J5K21982,1.0,0.8,1,1,1
50086,29259,65375,bradley,rodriguez,1994-08-18,B6R31994,47855,brian,rht,1994-08-02,B6R31994,0.6761904761904761,0.4814814814814814,0,0,0
50087,29259,65375,bradley,rodriguez,1994-08-18,B6R31994,47855,brian,rht,1994-08-02,B6R31994,0.6761904761904761,0.4814814814814814,0,0,0
50087,50086,65375,bradley,rodriguez,1994-08-18,B6R31994,65375,bradley,rodriguez,1994-08-18,B6R31994,1.0,1.0,1,1,1
50098,48798,65412,gxr,roach,1993-01-15,G6R21993,64991,gerry,rk,1993-08-13,G6R21993,0.6888888888888888,0.5666666666666667,0,0,0
50099,12854,65412,mcroal,roach,1993-08-15,M2R21993,43102,michael,ricciardi,1993-07-08,M2R21993,0.7714285714285715,0.5333333333333333,0,0,0
50101,50100,65403,christian,garcia ochoa,1980-08-15,C6G61980,65403,christian,garcia ochoa,1980-01-15,C6G61980,1.0,1.0,0,1,1
50107,5149,65414,apinyapirom,pphgs,1984-03-30,A1P21984,52365,af,pekhtereva,1984-07-02,A1P21984,0.5303030303030303,0.5333333333333333,0,0,0
50117,24846,65407,bu,mayers,1981-11-22,B0M61981,57992,b,mrvshc,1981-03-30,B0M61981,0.8500000000000001,0.5555555555555555,0,0,0
50119,50118,65402,eric,means,1969-08-20,E6M51969,65402,eric,means,1969-08-20,E6M51969,1.0,1.0,1,1,1
50127,26324,65397,alan,nkz,1986-03-04,A4N21986,58387,alfred,nxifn,1986-12-16,A4N21986,0.611111111111111,0.5111111111111111,0,0,0
50138,3783,34691,andy,wells,1983-03-06,A5W41983,51965,andre,wl,1983-11-30,A5W41983,0.8483333333333334,0.82,0,0,0
50138,3785,34691,andy,wells,1983-03-06,A5W41983,51965,andre,wilson,1983-11-30,A5W41983,0.8483333333333334,0.7300000000000001,0,0,0
50164,50163,65422,johnna,jones,1991-09-01,J5J51991,65422,johnna,jones,1991-09-04,J5J51991,1.0,1.0,0,1,1
50166,28464,59101,celoues,cemelus,1994-01-31,C4C51994,59101,celoues,cemelus,1994-01-31,C4C51994,1.0,1.0,1,1,1
50173,9819,65425,uo,cuellar,1993-05-10,U0C41993,53694,uy,cuellar,1993-02-28,U0C41993,0.6666666666666666,1.0,0,0,0
50181,42789,65418,yk,hilarion,1981-11-13,Y2H41981,56689,ycv,hollis,1981-05-13,Y2H41981,0.611111111111111,0.5138888888888888,0,0,0
50185,50184,65433,verwpi,cabanas,1983-06-15,V6C11983,65433,vpro,cabanas,1983-06-15,V6C11983,0.611111111111111,1.0,1,1,1
50186,50184,65433,veronica,cabanas,1983-06-15,V6C11983,65433,vpro,cabanas,1983-06-15,V6C11983,0.7375,1.0,1,1,1
50186,50185,65433,veronica,cabanas,1983-06-15,V6C11983,65433,verwpi,cabanas,1983-06-15,V6C11983,0.8055555555555556,1.0,1,1,1
50191,10714,65440,john-pierre,s,1991-12-08,J5S01991,53922,jennifer,so,1991-08-13,J5S01991,0.6931818181818182,0.8500000000000001,0,0,0
50199,3678,65434,marcus,mccarther,1983-02-21,M6M21983,51904,maria,makarski,1983-12-04,M6M21983,0.79,0.5694444444444444,0,0,0
50201,3678,65434,marcus,mccarther,1983-02-21,M6M21983,51904,maria,makarski,1983-12-04,M6M21983,0.79,0.5694444444444444,0,0,0
50201,50199,65434,marcus,mccarther,1983-02-21,M6M21983,65434,marcus,mccarther,1983-02-21,M6M21983,1.0,1.0,1,1,1
50216,4658,60942,mzgp,wj,1962-03-28,M2W21962,52163,mack,wkql,1962-09-08,M2W21962,0.5,0.5833333333333334,0,0,0
50228,50227,6831,walter,davies,1959-07-10,W4D11959,6831,walter,davies,1959-05-10,W4D11959,1.0,1.0,0,1,1
50236,29011,65439,ls,shiner,1984-03-04,L2S51984,32180,luis,sanhip,1984-04-23,L2S51984,0.5833333333333334,0.6944444444444443,0,0,0
50257,802,41218,miguel,cruz,1981-10-20,M2C61981,51059,mx,cornong,1981-09-22,M2C61981,0.5555555555555555,0.5952380952380952,0,0,0
50309,9792,65477,tpb,j,1971-02-28,T1J01971,53704,theopholus,js,1971-03-28,T1J01971,0.6222222222222222,0.8500000000000001,0,0,0
50320,8549,58250,meyer,renteria,1971-04-30,M6R51971,53307,mark,ramsey,1971-02-25,M6R51971,0.4833333333333333,0.5277777777777778,0,0,0
50320,43633,58250,meyer,renteria,1971-04-30,M6R51971,2100,marshall,ramsey,1971-01-12,M6R51971,0.5499999999999999,0.5277777777777778,0,0,0
50329,50328,65461,melissa,bucgir,1981-07-01,M4B21981,65461,melissa,bucholtz,1981-07-01,M4B21981,1.0,0.625,1,1,1
50330,50328,65461,melissa,bucholtz,1981-07-01,M4B21981,65461,melissa,bucholtz,1981-07-01,M4B21981,1.0,1.0,1,1,1
50330,50329,65461,melissa,bucholtz,1981-07-01,M4B21981,65461,melissa,bucgir,1981-07-01,M4B21981,1.0,0.625,1,1,1
50333,50331,65203,nicole,derienzo,1976-02-27,N2D61976,65203,nicole,derienzo,1976-02-27,N2D61976,1.0,1.0,1,1,1
50335,19759,64423,corey,wilson,1969-01-19,C6W41969,56494,christopher,wilson,1969-08-09,C6W41969,0.5272727272727272,1.0,0,0,0
50337,3585,61136,rolfi,hg,1975-06-27,R4H21975,51866,ril,hzqt,1975-11-06,R4H21975,0.6888888888888888,0.5833333333333334,0,0,0
50339,35347,61136,rolfi,hernandez,1975-06-27,R4H61975,61136,rolfi,hernandez,1975-07-27,R4H61975,1.0,1.0,0,1,1
50339,35348,61136,rolfi,hernandez,1975-06-27,R4H61975,61136,rolfi,her,1975-06-27,R4H61975,1.0,0.8444444444444443,1,1,1
50342,21015,23443,joseph,minniti,1987-11-05,J2M51987,32363,jesus,mendez,1987-10-03,J2M51987,0.5888888888888889,0.5396825396825397,0,0,0
50344,27128,65469,p,rxmosrpyy,1960-04-05,P0R21960,58705,ph,richter,1960-08-18,P0R21960,0.8500000000000001,0.5026455026455027,0,0,0
50348,21001,65474,christina,broder,1974-01-19,C6B61974,56847,christina,broder,1974-01-19,C6B61974,1.0,1.0,1,1,0
50348,21002,65474,christina,broder,1974-01-19,C6B61974,56847,christina,broder,1974-01-18,C6B61974,1.0,1.0,0,1,0
50359,50358,65458,gerald,glinton,1984-09-18,G6G41984,65458,gerald,glinton,1984-08-18,G6G41984,1.0,1.0,0,1,1
50361,8985,65471,brandon,vef,1993-09-10,B6V11993,32809,brittani,vives,1993-05-19,B6V11993,0.6904761904761904,0.5111111111111111,0,0,0
50397,34640,65497,alexis,ke,1976-10-15,A4K01976,60937,alejcw,k,1976-11-25,A4K01976,0.6666666666666666,0.8500000000000001,0,0,0
50400,5293,29781,jean,hsq,1992-11-15,J5H21992,44182,jamel,hughes,1992-05-21,J5H21992,0.6333333333333333,0.5,0,0,0
50400,31011,29781,jean,hsq,1992-11-15,J5H21992,59842,jnslo,hc,1992-01-30,J5H21992,0.4833333333333333,0.611111111111111,0,0,0
50401,17977,29781,jean,fxi,1992-11-15,J5F21992,55976,james,fq,1992-07-02,J5F21992,0.6333333333333333,0.611111111111111,0,0,0
50428,30345,65508,christian,navarro,1985-07-26,C6N11985,59610,christopher,nftl,1985-01-08,C6N11985,0.8424242424242424,0.4642857142857142,0,0,0
50451,11837,65480,jovel,jenkins,1974-09-18,J1J51974,46052,jva,jones,1974-05-22,J1J51974,0.6888888888888888,0.7364285714285714,0,0,0
50460,27576,58795,edward,mckennie,1991-09-08,E3M21991,58795,edward,mckennie,1991-09-18,E3M21991,1.0,1.0,0,1,1
50460,34233,58795,edward,mckennie,1991-09-08,E3M21991,60817,eyoad,mcfi,1991-08-12,E3M21991,0.7300000000000001,0.7666666666666667,0,0,0
50460,34235,58795,edward,mckennie,1991-09-08,E3M21991,60817,edward,mj,1991-08-12,E3M21991,1.0,0.5416666666666666,0,0,0
50460,47809,58795,edward,mckennie,1991-09-08,E3M21991,64697,edmond,mwcva,1991-06-27,E3M21991,0.6666666666666666,0.5499999999999999,0,0,0
50461,27576,58795,edward,mckennie,1991-09-18,E3M21991,58795,edward,mckennie,1991-09-18,E3M21991,1.0,1.0,1,1,1
50461,34233,58795,edward,mckennie,1991-09-18,E3M21991,60817,eyoad,mcfi,1991-08-12,E3M21991,0.7300000000000001,0.7666666666666667,0,0,0
50461,34235,58795,edward,mckennie,1991-09-18,E3M21991,60817,edward,mj,1991-08-12,E3M21991,1.0,0.5416666666666666,0,0,0
50461,47809,58795,edward,mckennie,1991-09-18,E3M21991,64697,edmond,mwcva,1991-06-27,E3M21991,0.6666666666666666,0.5499999999999999,0,0,0
50461,50460,58795,edward,mckennie,1991-09-18,E3M21991,58795,edward,mckennie,1991-09-08,E3M21991,1.0,1.0,0,1,1
50462,27576,58795,edward,mg,1991-09-18,E3M21991,58795,edward,mckennie,1991-09-18,E3M21991,1.0,0.5416666666666666,1,1,1
50462,34233,58795,edward,mg,1991-09-18,E3M21991,60817,eyoad,mcfi,1991-08-12,E3M21991,0.7300000000000001,0.5833333333333334,0,0,0
50462,34235,58795,edward,mg,1991-09-18,E3M21991,60817,edward,mj,1991-08-12,E3M21991,1.0,0.6666666666666666,0,0,0
50462,47809,58795,edward,mg,1991-09-18,E3M21991,64697,edmond,mwcva,1991-06-27,E3M21991,0.6666666666666666,0.5666666666666667,0,0,0
50462,50460,58795,edward,mg,1991-09-18,E3M21991,58795,edward,mckennie,1991-09-08,E3M21991,1.0,0.5416666666666666,0,0,1
50462,50461,58795,edward,mg,1991-09-18,E3M21991,58795,edward,mckennie,1991-09-18,E3M21991,1.0,0.5416666666666666,1,1,1
50463,22725,65495,christopher,l,1995-01-02,C6L01995,55441,carnell,lyo,1995-02-07,C6L01995,0.4891774891774891,0.7999999999999999,0,0,0
50533,50532,58896,malik,mc,1997-06-20,M4M21997,58896,malik,mccrea,1997-06-20,M4M21997,1.0,0.8222222222222222,1,1,1
50534,50532,58896,malik,mccrea,1997-06-25,M4M21997,58896,malik,mccrea,1997-06-20,M4M21997,1.0,1.0,0,1,1
50534,50533,58896,malik,mccrea,1997-06-25,M4M21997,58896,malik,mc,1997-06-20,M4M21997,1.0,0.8222222222222222,0,1,1
50537,25073,58058,deborah,zachary,1959-08-18,D1Z21959,58058,deborah,zachary,1959-08-18,D1Z21959,1.0,1.0,1,1,1
50540,27462,60001,lavanda,reiniger,1986-07-31,L1R51986,58764,lvr,raymondvil,1986-03-03,L1R51986,0.6507936507936508,0.5583333333333333,0,0,0
50540,31545,60001,lavanda,reiniger,1986-07-31,L1R51986,60001,lavanda,reiniger,1986-07-31,L1R51986,1.0,1.0,1,1,1
50551,50550,65519,robert,fahey,1959-10-02,R1F01959,65519,robert,fahey,1959-10-02,R1F01959,1.0,1.0,1,1,1
50561,8535,53315,jaime,stepp,1976-06-25,J5S31976,53315,jaime,stepp,1976-06-25,J5S31976,1.0,1.0,1,1,1
50561,46380,53315,jaime,stepp,1976-06-25,J5S31976,64265,jamila,scdbgw,1976-08-09,J5S31976,0.7911111111111111,0.4555555555555555,0,0,0
50565,28550,59095,kyle,hoyt,1985-05-01,K4H31985,59095,kyle,hoyt,1985-05-01,K4H31985,1.0,1.0,1,1,1
50570,50568,65535,shrieff,poole,1981-05-04,S6P41981,65535,shrieff,poole,1981-05-14,S6P41981,1.0,1.0,0,1,1
50578,27744,58871,duane,miller,1986-09-16,D5M41986,58871,duane,miller,1986-09-16,D5M41986,1.0,1.0,1,1,1
50581,50580,65533,sebastian,morgan,1984-08-11,S1M61984,65533,sebastian,morgan,1984-08-15,S1M61984,1.0,1.0,0,1,1
50602,22713,63273,david,sangare,1983-10-09,D1S51983,57345,defe,santiago,1983-07-28,D1S51983,0.4833333333333333,0.7991666666666667,0,0,0
50603,42912,63273,david,szs,1983-10-09,D1S01983,63273,david,sa,1983-10-09,D1S01983,1.0,0.611111111111111,1,1,1
50604,30228,65542,priscilla,chavez,1990-03-20,P6C11990,59580,priscilla,chaves,1990-03-20,P6C11990,1.0,0.9333333333333332,1,1,0
50605,30228,65542,priscilla,chavez,1990-05-20,P6C11990,59580,priscilla,chaves,1990-03-20,P6C11990,1.0,0.9333333333333332,0,1,0
50605,50604,65542,priscilla,chavez,1990-05-20,P6C11990,65542,priscilla,chavez,1990-03-20,P6C11990,1.0,1.0,0,1,1
50611,50610,59681,marshall,jacobs,1984-04-02,M6J21984,59681,marshall,jacobs,1984-04-02,M6J21984,1.0,1.0,1,1,1
50612,50610,59681,marshall,jacobs,1984-04-07,M6J21984,59681,marshall,jacobs,1984-04-02,M6J21984,1.0,1.0,0,1,1
50612,50611,59681,marshall,jacobs,1984-04-07,M6J21984,59681,marshall,jacobs,1984-04-02,M6J21984,1.0,1.0,0,1,1
50615,50131,48223,oshane,smith,1988-02-18,O2S51988,48223,oshane,smith,1988-02-18,O2S51988,1.0,1.0,1,1,1
50617,33359,65538,c,m,1985-11-27,C0M01985,54097,cci,may,1985-09-08,C0M01985,0.7999999999999999,0.7999999999999999,0,0,0
50624,10208,65537,mzm,ramosrivera,1993-02-23,M2R51993,53797,mkcuxl,rrnins,1993-11-27,M2R51993,0.5,0.5934343434343434,0,0,0
50643,43275,65550,jerel,dowels,1992-10-02,J6D41992,46665,jerome,daley,1992-09-13,J6D41992,0.8755555555555556,0.5888888888888889,0,0,0
50647,50646,65551,billy,hockaday,1990-04-27,B4H21990,65551,billy,hokk,1990-04-27,B4H21990,1.0,0.7666666666666667,1,1,1
50648,50646,65551,billy,hockaday,1990-04-27,B4H21990,65551,billy,hokk,1990-04-27,B4H21990,1.0,0.7666666666666667,1,1,1
50648,50647,65551,billy,hockaday,1990-04-27,B4H21990,65551,billy,hockaday,1990-04-27,B4H21990,1.0,1.0,1,1,1
50651,50649,65547,c,adeyemiorigho,1989-12-28,C0A31989,65547,ch,adeyemiorigho,1989-12-28,C0A31989,0.8500000000000001,1.0,1,1,1
50665,50664,65556,maria,espinosa,1952-04-07,M6E21952,65556,maria,espinosa,1952-04-07,M6E21952,1.0,1.0,1,1,1
50673,27311,3291,james,harriott,1987-07-05,J5H61987,58741,jonathan,harjo,1987-03-29,J5H61987,0.5499999999999999,0.8366666666666667,0,0,0
50677,49568,65552,se,xc,1984-04-16,S0X01984,15244,sow,x,1984-05-04,S0X01984,0.611111111111111,0.8500000000000001,0,0,0
50701,50700,58509,sissy,zayas,1983-06-15,S2Z21983,58509,sissy,zayas,1983-06-15,S2Z21983,1.0,1.0,1,1,1
50718,195,65562,cyrus,rostamian,1990-11-19,C6R21990,50891,christopher,rich,1990-09-03,C6R21990,0.6242424242424242,0.4537037037037037,0,0,0
50720,195,65562,cyrus,rzst,1990-11-29,C6R21990,50891,christopher,rich,1990-09-03,C6R21990,0.6242424242424242,0.5,0,0,0
50720,50718,65562,cyrus,rzst,1990-11-29,C6R21990,65562,cyrus,rostamian,1990-11-19,C6R21990,1.0,0.6944444444444443,0,0,1
50724,9395,65583,jc,wl,1989-04-15,J0W41989,53514,j,wallin,1989-02-05,J0W41989,0.8500000000000001,0.7999999999999999,0,0,0
50740,23412,57535,nicholas,staggewise,1994-02-28,N2S31994,57535,nicholas,staggewise,1994-02-28,N2S31994,1.0,1.0,1,1,1
50743,50620,37436,thomas,blankenship,1990-07-16,T5B41990,37436,tmu,bl,1990-07-16,T5B41990,0.6666666666666666,0.7818181818181817,1,1,1
50744,29875,37436,umv,l,1990-07-16,U5L01990,59478,un,l,1990-09-02,U5L01990,0.611111111111111,1.0,0,0,0
50746,50745,65591,raphael,meneghel,1984-07-20,R1M51984,65591,raphael,meneghel,1984-07-30,R1M51984,1.0,1.0,0,1,1
50752,50751,65586,ashley,lwoyo,1991-10-04,A2L01991,65586,ashley,l,1991-10-07,A2L01991,1.0,0.76,0,0,1
50757,47540,65568,jrme,arce,1985-03-13,J6A61985,64626,jerrod,arefyi,1985-10-04,J6A61985,0.6388888888888888,0.8,0,0,0
50779,50778,65566,angiemarie,gabriel,1987-06-06,A5G11987,65566,angiemarie,gabriel,1987-06-06,A5G11987,1.0,1.0,1,1,1
50783,50781,42242,jbkvzing,lahens,1991-01-09,J1L51991,42242,jvw,lahens,1991-01-09,J1L51991,0.6388888888888888,1.0,1,1,1
50787,16224,65569,santiago,cordero,1979-11-18,S5C61979,55417,sandra,crn,1979-06-05,S5C61979,0.8055555555555556,0.6507936507936508,0,0,0
50813,31677,65601,jensen,crxic,1993-10-26,J5C61993,60045,jawaun,curry,1993-09-06,J5C61993,0.5555555555555555,0.6,0,0,0
50813,31679,65601,jensen,crxic,1993-10-26,J5C61993,60045,jawaun,curry,1993-08-06,J5C61993,0.5555555555555555,0.6,0,0,0
50821,23907,33539,mitchell,boxer,1961-05-11,M3B21961,57722,mid,box,1961-05-17,M3B21961,0.6388888888888888,0.9066666666666668,0,0,0
50821,32196,33539,mitchell,boxer,1961-05-11,M3B21961,33539,matphp,boxer,1961-05-17,M3B21961,0.625,1.0,0,0,1
50830,49136,65603,jaime,niedda,1982-06-12,J5N31982,65089,jaime,niedda,1982-09-12,J5N31982,1.0,1.0,0,1,0
50834,29929,65598,denu,bi,1988-06-26,D5B01988,59486,daniel,b,1988-07-20,D5B01988,0.611111111111111,0.8500000000000001,0,0,0
50843,25178,58079,anthony,pirolo,1973-04-25,A5P61973,58079,anthony,pirolo,1973-04-25,A5P61973,1.0,1.0,1,1,1
50875,50874,65600,brian,labasco,1979-11-04,B6L11979,65600,brian,labasco,1979-11-04,B6L11979,1.0,1.0,1,1,1
50883,23898,65606,travis,johnson,1979-08-13,T6J51979,57707,toriano,johnson,1979-02-05,T6J51979,0.6626984126984127,1.0,0,0,0
50884,23898,65606,travis,johnson,1979-08-13,T6J51979,57707,toriano,johnson,1979-02-05,T6J51979,0.6626984126984127,1.0,0,0,0
50884,50883,65606,travis,johnson,1979-08-13,T6J51979,65606,travis,johnson,1979-08-13,T6J51979,1.0,1.0,1,1,1
50914,47341,65635,josue,amvarw,1985-04-15,J2A51985,57039,jessica,andujar,1985-12-28,J2A51985,0.5619047619047619,0.6428571428571429,0,0,0
50916,35718,65648,bobruby,dessaint,1994-12-15,B1D21994,61226,bub,dug,1994-07-17,B1D21994,0.6507936507936508,0.4861111111111111,0,0,0
50917,35718,65648,bobruby,des,1994-12-16,B1D21994,61226,bub,dug,1994-07-17,B1D21994,0.6507936507936508,0.5555555555555555,0,0,0
50917,50916,65648,bobruby,des,1994-12-16,B1D21994,65648,bobruby,dessaint,1994-12-15,B1D21994,1.0,0.8541666666666666,0,1,1
50920,4654,65642,john,rozriqu,1986-12-18,J5R21986,52178,juan,reyes,1986-07-12,J5R21986,0.6666666666666666,0.4476190476190476,0,0,0
50920,4655,65642,john,rozriqu,1986-12-18,J5R21986,52178,juan,reyes,1986-07-12,J5R21986,0.6666666666666666,0.4476190476190476,0,0,0
50920,49789,65642,john,rozriqu,1986-12-18,J5R21986,65318,jennifer,rocks,1986-01-24,J5R21986,0.5833333333333334,0.5619047619047619,0,0,0
50921,28144,65642,john,r,1981-12-18,J5R01981,58963,jhamson,rr,1981-10-11,J5R01981,0.5952380952380952,0.8500000000000001,0,0,0
50921,39027,65642,john,r,1981-12-18,J5R01981,7342,james,ra,1981-10-13,J5R01981,0.4833333333333333,0.8500000000000001,0,0,0
50922,30464,65628,courtney,larkins,1991-01-31,C6L61991,59634,christopher,lr,1991-06-06,C6L61991,0.6212121212121212,0.7857142857142857,0,0,0
50923,23141,65628,mcur,lqr,1991-01-31,M2L21991,57471,michael,leslie,1991-07-14,M2L21991,0.5952380952380952,0.5,0,0,0
50927,21374,65632,rp,hevnaqdez m,1960-08-15,R1H11960,56945,robert,hoffman,1960-04-12,R1H11960,0.5555555555555555,0.4559884559884559,0,0,0
50935,22367,65646,kerlx,lubin,1983-11-29,K6L11983,57265,kour,lf,1983-03-10,K6L11983,0.6333333333333333,0.5666666666666667,0,0,0
50948,50947,65643,jen,molines,1995-10-25,J5M41995,65643,jennyfer,molines,1995-10-25,J5M41995,0.8541666666666666,1.0,1,1,1
50950,13088,65623,k,mccrea,1993-11-18,K0M21993,54550,khq,michel,1993-01-20,K0M21993,0.7999999999999999,0.6666666666666666,0,0,0
50958,42984,7113,joshua,psqtell,1989-11-30,J2P21989,63296,jessie,pogyr,1989-11-03,J2P21989,0.5555555555555555,0.4476190476190476,0,0,0
50966,41629,1954,jordan,cn,1990-08-14,J6C51990,62917,jordan,cm,1990-05-05,J6C51990,1.0,0.6666666666666666,0,0,0
50974,50973,56001,shermilla,coats,1986-08-12,S6C31986,56001,shermilla,coats,1986-07-12,S6C31986,1.0,1.0,0,1,1
50983,7140,65626,marc,bher,1995-09-04,M6B61995,52906,myrma,brown,1995-12-15,M6B61995,0.6333333333333333,0.4833333333333333,0,0,0
50983,24724,65626,marc,bher,1995-09-04,M6B61995,52906,mermvog,brown,1995-12-15,M6B61995,0.5952380952380952,0.4833333333333333,0,0,0
50986,40064,36967,rsncdpzlag,fvr,1981-12-15,R2F61981,48227,rxde,fr,1981-07-06,R2F61981,0.5666666666666667,0.611111111111111,0,0,0
50996,50995,65652,diego,ar,1995-08-22,D2A61995,65652,diego,ars,1995-09-22,D2A61995,1.0,0.9111111111111112,0,1,1
50999,44561,35376,nicholas,l,1986-04-28,N2L01986,3851,nicholas,lu,1986-12-12,N2L01986,1.0,0.8500000000000001,0,1,0
51015,14567,875,michael,dxbe,1989-04-10,M2D21989,54982,mxy,dsak,1989-09-05,M2D21989,0.4920634920634921,0.5,0,0,0
51015,27177,875,michael,dxbe,1989-04-10,M2D21989,34467,mike,douze,1989-11-03,M2D21989,0.7809523809523811,0.6333333333333333,0,0,0
51015,47981,875,michael,dxbe,1989-04-10,M2D21989,34467,mike,douze,1989-11-03,M2D21989,0.7809523809523811,0.6333333333333333,0,0,0
51025,51024,65654,roland,delancy,1989-02-12,R4D41989,65654,roland,delancy,1989-02-12,R4D41989,1.0,1.0,1,1,1
51037,13010,62333,jonathan,mcnohic,1986-12-30,J5M21986,30833,jennifer,mcgibbon,1986-10-12,J5M21986,0.5,0.6071428571428571,0,0,0
51037,39943,62333,jonathan,mcnohic,1986-12-30,J5M21986,52584,juan,mujica,1986-09-08,J5M21986,0.5972222222222222,0.6428571428571429,0,0,0
51040,33922,60698,anthony,louis,1966-11-05,A5L21966,60698,anthony,louis,1966-10-05,A5L21966,1.0,1.0,0,1,1
51040,33923,60698,anthony,louis,1966-11-05,A5L21966,60698,anthony,louis,1966-11-05,A5L21966,1.0,1.0,1,1,1
51059,32700,30597,cdr,brooks,1987-07-29,C3B61987,38886,cedrial,brown,1987-11-28,C3B61987,0.8285714285714287,0.79,0,0,0
51069,30386,59626,ralante,archibald,1991-08-27,R4A61991,59626,rulvvd,archibald,1991-08-27,R4A61991,0.5396825396825397,1.0,1,1,1
51070,30386,59626,ralante,archibald,1991-08-27,R4A61991,59626,rulvvd,archibald,1991-08-27,R4A61991,0.5396825396825397,1.0,1,1,1
51070,51069,59626,ralante,archibald,1991-08-27,R4A61991,59626,ralante,archibald,1991-08-27,R4A61991,1.0,1.0,1,1,1
51071,30386,59626,ralante,archibald,1991-08-27,R4A61991,59626,rulvvd,archibald,1991-08-27,R4A61991,0.5396825396825397,1.0,1,1,1
51071,51069,59626,ralante,archibald,1991-08-27,R4A61991,59626,ralante,archibald,1991-08-27,R4A61991,1.0,1.0,1,1,1
51071,51070,59626,ralante,archibald,1991-08-27,R4A61991,59626,ralante,archibald,1991-08-27,R4A61991,1.0,1.0,1,1,1
51073,6624,65668,ds,valdes,1994-03-25,D2V41994,41644,dzmu,villeda,1994-09-10,D2V41994,0.5833333333333334,0.6626984126984127,0,0,0
51086,51085,65653,sally,stevenson,1986-04-09,S4S31986,65653,sally,stevenson,1986-04-09,S4S31986,1.0,1.0,1,1,1
51088,51087,65660,robert,walerowicz,1967-06-27,R1W41967,65660,robert,walerowicz,1967-06-27,R1W41967,1.0,1.0,1,1,1
51089,51087,65660,robert,walerowicz,1967-06-27,R1W41967,65660,robert,walerowicz,1967-06-27,R1W41967,1.0,1.0,1,1,1
51089,51088,65660,robert,walerowicz,1967-06-27,R1W41967,65660,robert,walerowicz,1967-06-27,R1W41967,1.0,1.0,1,1,1
51092,25559,65674,eleana,mega,1975-06-17,E4M21975,58160,eilln,mckenzie,1975-05-04,E4M21975,0.7300000000000001,0.5833333333333334,0,0,0
51099,28825,49081,seamus,lvxab,1982-11-19,S5L11982,59185,shaun,lavigne,1982-10-01,S5L11982,0.7300000000000001,0.565079365079365,0,0,0
51101,28825,49081,seamus,lbm,1982-11-19,S5L11982,59185,shaun,lavigne,1982-10-01,S5L11982,0.7300000000000001,0.4920634920634921,0,0,0
51101,51099,49081,seamus,lbm,1982-11-19,S5L11982,49081,seamus,lvxab,1982-11-19,S5L11982,1.0,0.5111111111111111,1,1,1
51109,51108,65696,rose,perez,1986-06-11,R2P61986,65696,rose,perez,1986-06-11,R2P61986,1.0,1.0,1,1,1
51110,1498,65696,mg,perez,1986-06-11,M2P61986,4074,michael,pratt,1986-03-22,M2P61986,0.5476190476190476,0.6,0,0,0
51121,481,65701,sh,bericocheabaralt,1985-02-15,S0B61985,50960,s,burke,1985-09-26,S0B61985,0.8500000000000001,0.4847222222222222,0,0,0
51128,51126,65691,armando,baztbos,1974-03-24,A6B21974,65691,armando,bas,1974-03-21,A6B21974,1.0,0.6507936507936508,0,0,1
51130,29665,59437,sc,ztr,1986-06-27,S0Z31986,59437,s,zwt,1986-06-27,S0Z31986,0.8500000000000001,0.5555555555555555,1,1,1
51136,29910,59470,william,arenas,1987-09-26,W4A61987,59470,william,arenas,1987-09-16,W4A61987,1.0,1.0,0,1,1
51147,47352,65716,jonathan,hic,1970-12-05,J5H21970,59159,john,hiucwq,1970-12-04,J5H21970,0.8,0.8666666666666667,0,0,0
51158,51156,65682,dillon,white,1993-04-28,D4W31993,65682,dillon,white,1993-04-28,D4W31993,1.0,1.0,1,1,1
51161,10552,65680,shakime,brown,1994-06-13,S2B61994,53892,soch,bryant,1994-07-29,S2B61994,0.5952380952380952,0.76,0,0,0
51185,51183,65692,roland,locn,1977-01-21,R4L21977,65692,roland,lockhart,1977-01-21,R4L21977,1.0,0.7958333333333334,1,1,1
51187,51186,7844,oliver,johnkins,1956-09-03,O4J51956,7844,oliver,johnkins,1956-09-03,O4J51956,1.0,1.0,1,1,1
51188,51186,7844,olxnu,johnkins,1956-09-03,O4J51956,7844,oliver,johnkins,1956-09-03,O4J51956,0.5777777777777778,1.0,1,1,1
51188,51187,7844,olxnu,johnkins,1956-09-03,O4J51956,7844,oliver,johnkins,1956-09-03,O4J51956,0.5777777777777778,1.0,1,1,1
51206,51204,65679,charles,stevens,1994-11-03,C6S31994,65679,charles,stevens,1994-11-03,C6S31994,1.0,1.0,1,1,1
51207,32344,60926,douglas,pineda,1978-09-12,D2P51978,46242,dhojlfa,phengkhamphath,1978-06-03,D2P51978,0.7428571428571429,0.5674603174603174,0,0,0
51207,34688,60926,douglas,pineda,1978-09-12,D2P51978,60926,douglas,pineda,1978-09-12,D2P51978,1.0,1.0,1,1,1
51208,26444,60926,jo,pineda,1978-09-10,J0P51978,58464,ja,pantaleon,1978-06-12,J0P51978,0.6666666666666666,0.6203703703703703,0,0,0
51212,48157,65684,rs,gpodl,1975-12-25,R2G11975,64813,richard,gibbon,1975-12-01,R2G11975,0.5476190476190476,0.5777777777777778,0,0,0
51224,2934,65731,ce,howard,1995-06-20,C0H61995,51684,cih,harris,1995-02-09,C0H61995,0.611111111111111,0.6666666666666666,0,0,0
51230,51228,65728,frantz,raymond,1986-05-02,F6R51986,65728,frantz,raymond,1986-05-02,F6R51986,1.0,1.0,1,1,1
51235,51234,65730,dominique,godoy,1994-07-01,D5G31994,65730,dominique,godoy,1994-07-01,D5G31994,1.0,1.0,1,1,1
51236,51234,65730,dominique,godoy,1994-07-01,D5G31994,65730,dominique,godoy,1994-07-01,D5G31994,1.0,1.0,1,1,1
51236,51235,65730,dominique,godoy,1994-07-01,D5G31994,65730,dominique,godoy,1994-07-01,D5G31994,1.0,1.0,1,1,1
51239,51237,65729,cesar,cofre,1984-12-05,C2C11984,65729,cesar,cofre,1984-12-05,C2C11984,1.0,1.0,1,1,1
51244,25605,15220,dinson,catdl,1991-03-19,D5C31991,58193,dmch,cato,1991-10-01,D5C31991,0.4722222222222221,0.8483333333333334,0,0,0
51263,51262,65734,antoine,appleton,1985-04-12,A5A11985,65734,antoine,app,1985-04-12,A5A11985,1.0,0.8541666666666666,1,1,1
51264,22607,31182,qlt,mmo,1984-08-15,Q4M01984,46711,qhln,m,1984-05-20,Q4M01984,0.75,0.7999999999999999,0,0,0
51265,4205,31182,antoine,smith,1984-01-15,A5S51984,30485,antwain,smith,1984-03-17,A5S51984,0.8666666666666668,1.0,0,1,0
51265,29402,31182,antoine,smith,1984-01-15,A5S51984,20314,amlj,swint,1984-09-03,A5S51984,0.4642857142857142,0.76,0,0,0
51266,4205,31182,anb,smith,1984-01-15,A5S51984,30485,antwain,smith,1984-03-17,A5S51984,0.6507936507936508,1.0,0,0,0
51266,29402,31182,anb,smith,1984-01-15,A5S51984,20314,amlj,swint,1984-09-03,A5S51984,0.5277777777777778,0.76,0,0,0
51266,51265,31182,anb,smith,1984-01-15,A5S51984,31182,antoine,smith,1984-01-15,A5S51984,0.6507936507936508,1.0,1,1,1
51279,22400,57258,britton,blackwood,1994-05-21,B6B41994,57258,britton,blackwood,1994-05-25,B6B41994,1.0,1.0,0,1,1
51279,25452,57258,britton,blackwood,1994-05-21,B6B41994,58121,bernard,bellamy,1994-11-10,B6B41994,0.5238095238095238,0.5873015873015873,0,0,0
51279,25453,57258,britton,blackwood,1994-05-21,B6B41994,58121,bernard,bellamy,1994-12-10,B6B41994,0.5238095238095238,0.5873015873015873,0,0,0
51279,25454,57258,britton,blackwood,1994-05-21,B6B41994,58121,bernard,bellamy,1994-11-10,B6B41994,0.5238095238095238,0.5873015873015873,0,0,0
51292,51291,57108,anthony,irby,1970-01-05,A5I61970,57108,anthony,irby,1970-01-03,A5I61970,1.0,1.0,0,1,1
51293,51291,57108,anthony,irby,1970-01-05,A5I61970,57108,anthony,irby,1970-01-03,A5I61970,1.0,1.0,0,1,1
51293,51292,57108,anthony,irby,1970-01-05,A5I61970,57108,anthony,irby,1970-01-05,A5I61970,1.0,1.0,1,1,1
51297,21114,51670,fidel,salnave,1978-07-04,F3S41978,51670,fidel,salnave,1978-07-04,F3S41978,1.0,1.0,1,1,1
51297,21115,51670,fidel,salnave,1978-07-04,F3S41978,51670,fidel,salnave,1978-07-04,F3S41978,1.0,1.0,1,1,1
51297,26313,51670,fidel,salnave,1978-07-04,F3S41978,51670,fidel,salnave,1978-07-04,F3S41978,1.0,1.0,1,1,1
51298,11162,51670,fidel,snln,1978-07-04,F3S51978,54069,feyudrc,sksm,1978-07-07,F3S51978,0.565079365079365,0.5,0,0,0
51301,300,65782,marissa,murray,1990-03-13,M6M61990,50930,maria,moreno,1990-12-24,M6M61990,0.9428571428571428,0.5555555555555555,0,0,0
51301,28565,65782,marissa,murray,1990-03-13,M6M61990,51061,mrjh,marold,1990-05-02,M6M61990,0.5952380952380952,0.5555555555555555,0,0,0
51310,51309,65825,mckinsy,alfred,1996-04-12,M2A41996,65825,mckrc,alfred,1996-04-12,M2A41996,0.6761904761904761,1.0,1,1,1
51311,47908,65825,tlk,zj,1996-04-12,T4Z01996,64737,tyler,z,1996-04-18,T4Z01996,0.6888888888888888,0.8500000000000001,0,0,0
51316,12653,65776,bronqd,cramasta,1985-10-27,B6C61985,54433,barrington,christie,1985-03-03,B6C61985,0.6,0.6666666666666666,0,0,0
51316,49102,65776,bronqd,cramasta,1985-10-27,B6C61985,54433,barrington,christie,1985-03-03,B6C61985,0.6,0.6666666666666666,0,0,0
51317,12653,65776,brandon,cramasta,1985-10-27,B6C61985,54433,barrington,christie,1985-03-03,B6C61985,0.7871428571428571,0.6666666666666666,0,0,0
51317,49102,65776,brandon,cramasta,1985-10-27,B6C61985,54433,barrington,christie,1985-03-03,B6C61985,0.7871428571428571,0.6666666666666666,0,0,0
51317,51316,65776,brandon,cramasta,1985-10-27,B6C61985,65776,bronqd,cramasta,1985-10-27,B6C61985,0.7968253968253969,1.0,1,1,1
51328,51327,65746,vinroy,brown,1947-01-06,V5B61947,65746,vinroy,brown,1947-01-06,V5B61947,1.0,1.0,1,1,1
51351,27543,46473,rz,wilson,1985-03-22,R2W41985,46473,rashaad,wilson,1985-03-22,R2W41985,0.5476190476190476,1.0,1,1,1
51351,27544,46473,rz,wilson,1985-03-22,R2W41985,46473,rashaad,wilson,1985-03-22,R2W41985,0.5476190476190476,1.0,1,1,1
51352,37218,46473,pnwh,wilson,1975-03-22,P5W41975,61650,phmwl,williams,1975-05-30,P5W41975,0.6333333333333333,0.625,0,0,0
51362,51061,65664,michael,thompson,1972-01-16,M2T51972,65664,michael,thompson,1972-01-14,M2T51972,1.0,1.0,0,1,1
51364,51173,65745,sami,z,1970-07-22,S5Z01970,65711,samuel,zzz,1970-06-28,S5Z01970,0.825,0.7999999999999999,0,0,0
51379,51378,65744,genevieve,fitzpatrick,1976-10-10,G5F31976,65744,genevieve,fit,1976-10-10,G5F31976,1.0,0.8303030303030302,1,1,1
51381,27708,65771,twa,mmwso,1995-08-24,T0M21995,58859,t,mais,1995-07-31,T0M21995,0.7999999999999999,0.6333333333333333,0,0,0
51385,44531,65767,pedro,ferrada,1987-04-17,P3F61987,45741,pedro,ferrad,1987-04-17,P3F61987,1.0,0.9714285714285714,1,1,0
51388,38791,65778,nestor,davr,1989-12-01,N2D11989,19384,nicole,dpw,1989-12-22,N2D11989,0.5555555555555555,0.5277777777777778,0,0,0
51391,16959,8805,antoine,wa,1988-04-13,A5W01988,45346,aener,w,1988-12-26,A5W01988,0.5619047619047619,0.8500000000000001,0,0,0
51392,9951,8805,antoine,williams,1988-04-13,A5W41988,53758,antrinique,williams,1988-01-02,A5W41988,0.8733333333333334,1.0,0,1,0
51392,9952,8805,antoine,williams,1988-04-13,A5W41988,53758,antrinique,williams,1988-01-02,A5W41988,0.8733333333333334,1.0,0,1,0
51392,9953,8805,antoine,williams,1988-04-13,A5W41988,53758,anb,wial,1988-01-02,A5W41988,0.6507936507936508,0.8,0,0,0
51392,39070,8805,antoine,williams,1988-04-13,A5W41988,62216,antonio,walsh,1988-04-16,A5W41988,0.9095238095238096,0.5499999999999999,0,0,0
51396,3937,65753,clayton,josephs,1992-01-05,C4J21992,52010,chilove,jekhz,1992-06-15,C4J21992,0.6190476190476191,0.6761904761904761,0,0,0
51398,3937,65753,clayton,josephs,1992-01-04,C4J21992,52010,chilove,jekhz,1992-06-15,C4J21992,0.6190476190476191,0.6761904761904761,0,0,0
51398,51396,65753,clayton,josephs,1992-01-04,C4J21992,65753,clayton,josephs,1992-01-05,C4J21992,1.0,1.0,0,1,1
51399,46580,8805,q,wellp,1988-04-13,Q0W41988,64334,qk,williams,1988-05-27,Q0W41988,0.8500000000000001,0.6583333333333333,0,0,0
51400,376,8805,anro,williams,1987-04-13,A5W41987,50937,andrew,williams,1987-07-30,A5W41987,0.8,1.0,0,1,0
51400,43947,8805,anro,williams,1987-04-13,A5W41987,63594,andrew,welch,1987-05-05,A5W41987,0.8,0.5499999999999999,0,0,0
51401,32491,8805,anjn,wvl,1988-04-13,A5W11988,60295,andres,wabqd,1988-11-19,A5W11988,0.611111111111111,0.5111111111111111,0,0,0
51404,25495,59980,john,mauro,1995-03-07,J5M61995,57618,jamaree,moreland,1995-08-31,J5M61995,0.4642857142857142,0.5472222222222222,0,0,0
51404,25496,59980,john,mauro,1995-03-07,J5M61995,57618,jamaree,moreland,1995-08-31,J5M61995,0.4642857142857142,0.5472222222222222,0,0,0
51404,32647,59980,john,mauro,1995-03-07,J5M61995,60304,jamil,moreland,1995-07-05,J5M61995,0.4833333333333333,0.5472222222222222,0,0,0
51404,44209,59980,john,mauro,1995-03-07,J5M61995,57618,jamaree,more,1995-08-31,J5M61995,0.4642857142857142,0.6333333333333333,0,0,0
51407,44837,30397,daniel,sartori,1990-05-09,D5S61990,63860,daniel,srim,1990-11-16,D5S61990,1.0,0.5952380952380952,0,0,0
51419,18409,65817,say,s,1990-11-27,S0S01990,47062,s,s,1990-02-14,S0S01990,0.7999999999999999,1.0,0,1,0
51436,19094,41504,ramona,stefanescu,1983-06-26,R5S31983,16573,ronald,szgdt,1983-08-06,R5S31983,0.6944444444444443,0.5333333333333333,0,0,0
51437,19094,41504,ramona,stewd,1983-06-26,R5S31983,16573,ronald,szgdt,1983-08-06,R5S31983,0.6944444444444443,0.6,0,0,0
51437,51436,41504,ramona,stewd,1983-06-26,R5S31983,41504,ramona,stefanescu,1983-06-26,R5S31983,1.0,0.6333333333333333,1,1,1
51452,51451,65809,nykky,chanthavong,1990-03-22,N2C51990,65809,nykky,chanthavong,1990-07-22,N2C51990,1.0,1.0,0,1,1
51456,39651,62401,stacey,bustillo,1995-05-19,S3B21995,62401,stacey,bustillo,1995-05-19,S3B21995,1.0,1.0,1,1,1
51461,51460,65786,randall,woodin,1960-02-12,R5W31960,65786,randall,woodin,1960-09-12,R5W31960,1.0,1.0,0,1,1
51466,39816,65810,john,wbn,1993-03-09,J5W11993,39325,jamal,whfnsn,1993-10-12,J5W11993,0.4833333333333333,0.6666666666666666,0,0,0
51482,51481,65783,dorian,mckenzie,1973-05-23,D6M21973,65783,dorian,mckenzie,1973-05-07,D6M21973,1.0,1.0,0,1,1
51484,9369,55692,michael,mazj,1984-10-25,M2M21984,53545,mgh,mikolashek,1984-10-31,M2M21984,0.6507936507936508,0.5666666666666667,0,0,0
51484,28284,55692,michael,mazj,1984-10-25,M2M21984,59025,mjl,mcdougle,1984-01-20,M2M21984,0.4920634920634921,0.4583333333333333,0,0,0
51484,34848,55692,michael,mazj,1984-10-25,M2M21984,60976,michael,mcxotri,1984-08-03,M2M21984,1.0,0.4642857142857142,0,0,0
51484,34849,55692,michael,mazj,1984-10-25,M2M21984,60976,michael,mctwnz,1984-08-03,M2M21984,1.0,0.4722222222222221,0,0,0
51484,34850,55692,michael,mazj,1984-10-25,M2M21984,60976,michael,mckenzie,1984-08-03,M2M21984,1.0,0.5833333333333334,0,0,0
51485,9369,55692,michael,mazzarella,1984-10-25,M2M21984,53545,mgh,mikolashek,1984-10-31,M2M21984,0.6507936507936508,0.5166666666666667,0,0,0
51485,28284,55692,michael,mazzarella,1984-10-25,M2M21984,59025,mjl,mcdougle,1984-01-20,M2M21984,0.4920634920634921,0.4472222222222222,0,0,0
51485,34848,55692,michael,mazzarella,1984-10-25,M2M21984,60976,michael,mcxotri,1984-08-03,M2M21984,1.0,0.4952380952380952,0,0,0
51485,34849,55692,michael,mazzarella,1984-10-25,M2M21984,60976,michael,mctwnz,1984-08-03,M2M21984,1.0,0.5111111111111111,0,0,0
51485,34850,55692,michael,mazzarella,1984-10-25,M2M21984,60976,michael,mckenzie,1984-08-03,M2M21984,1.0,0.4472222222222222,0,0,0
51485,51484,55692,michael,mazzarella,1984-10-25,M2M21984,55692,michael,mazj,1984-10-25,M2M21984,1.0,0.6833333333333332,1,1,1
51499,51498,57299,jeanne,allen,1956-05-15,J5A41956,57299,jeanne,allen,1956-05-15,J5A41956,1.0,1.0,1,1,1
51510,44035,65853,william,ramos,1971-05-24,W4R51971,63619,walfca,reynolds,1971-08-10,W4R51971,0.6428571428571429,0.6583333333333333,0,0,0
51523,51522,65831,harry,feliciano,1972-11-03,H6F41972,65831,harry,feliciano,1972-11-02,H6F41972,1.0,1.0,0,1,1
51540,18393,65855,christopher,knapp,1986-05-14,C6K51986,56105,christine,king,1986-11-01,C6K51986,0.882828282828283,0.6333333333333333,0,0,0
51540,18394,65855,christopher,knapp,1986-05-14,C6K51986,56105,christine,king,1986-11-01,C6K51986,0.882828282828283,0.6333333333333333,0,0,0
51547,43957,48252,ejs,vazquez,1954-02-13,E2V21954,48252,eawx,vazquez,1954-02-13,E2V21954,0.5277777777777778,1.0,1,1,1
51553,13127,65829,tyv,johnson,1990-06-27,T1J51990,54575,tfc,jean,1990-09-28,T1J51990,0.5555555555555555,0.5952380952380952,0,0,0
51557,51556,55716,raphael,sanchez,1976-12-20,R1S51976,55716,raphael,sanchez,1976-12-29,R1S51976,1.0,1.0,0,1,1
51560,12334,65842,james,b,1984-07-06,J5B01984,54392,john,b,1984-02-13,J5B01984,0.4833333333333333,1.0,0,0,0
51561,51556,55716,raphael,sanchez,1976-12-20,R1S51976,55716,raphael,sanchez,1976-12-29,R1S51976,1.0,1.0,0,1,1
51561,51557,55716,raphael,sanchez,1976-12-20,R1S51976,55716,raphael,sanchez,1976-12-20,R1S51976,1.0,1.0,1,1,1
51563,6754,55716,rqd,sanchez,1976-12-23,R2S51976,52772,rsvh,small,1976-09-25,R2S51976,0.5277777777777778,0.5619047619047619,0,0,0
51563,6755,55716,rqd,sanchez,1976-12-23,R2S51976,52772,rachael,small,1976-09-25,R2S51976,0.4920634920634921,0.5619047619047619,0,0,0
51579,30177,65836,rocheny,behizaqt,1989-08-06,R2B21989,52701,rj,baquedano-rivera,1989-12-06,R2B21989,0.5476190476190476,0.5,0,0,0
51579,30179,65836,rocheny,behizaqt,1989-08-06,R2B21989,52701,rztw,baquedano-rivera,1989-12-09,R2B21989,0.4642857142857142,0.5,0,0,0
51587,51586,65841,robert,grantham,1964-09-16,R1G61964,65841,robert,grv,1964-09-16,R1G61964,1.0,0.6388888888888888,1,1,1
51595,40347,65849,christopher,q,1989-11-15,C6Q01989,62553,charese,q,1989-03-26,C6Q01989,0.7783549783549784,1.0,0,1,0
51598,51597,65854,alex,johnson,1996-01-11,A4J51996,65854,alex,johnson,1996-01-11,A4J51996,1.0,1.0,1,1,1
51599,51597,65854,alex,johnson,1996-01-11,A4J51996,65854,alex,johnson,1996-01-11,A4J51996,1.0,1.0,1,1,1
51599,51598,65854,alex,johnson,1996-01-11,A4J51996,65854,alex,johnson,1996-01-11,A4J51996,1.0,1.0,1,1,1
51602,51601,65835,joyce,donald,1983-02-23,J2D51983,65835,joyce,donald,1983-02-23,J2D51983,1.0,1.0,1,1,1
51605,51603,8715,george,simmons,1977-11-11,G6S51977,8715,george,sqim,1977-11-13,G6S51977,1.0,0.7535714285714287,0,0,1
51608,49757,25339,shateka,hr,1988-09-11,S3H61988,2447,stanley,hr,1988-11-16,S3H61988,0.6309523809523809,1.0,0,0,0
51619,42362,65838,nicholas,capiola,1951-11-02,N2C11951,18927,nicholas,capiola,1951-10-02,N2C11951,1.0,1.0,0,1,0
51632,51631,65873,daniel,gagne,1987-11-26,D5G21987,65873,daniel,gagne,1987-11-26,D5G21987,1.0,1.0,1,1,1
51652,51651,64023,tiffany,taylor,1984-10-05,T1T41984,64023,tiffany,tywl,1984-10-05,T1T41984,1.0,0.775,1,1,1
51662,24426,47525,michael,gardner,1977-08-25,M2G61977,47525,michael,gardner,1977-08-25,M2G61977,1.0,1.0,1,1,1
51662,24427,47525,michael,gardner,1977-08-25,M2G61977,47525,michael,gardner,1977-08-24,M2G61977,1.0,1.0,0,1,1
51662,24428,47525,michael,gardner,1977-08-25,M2G61977,47525,michael,gardner,1977-08-25,M2G61977,1.0,1.0,1,1,1
51662,32697,47525,michael,gardner,1977-08-25,M2G61977,35894,michael,garcia,1977-08-07,M2G61977,1.0,0.6428571428571429,0,0,0
51662,32699,47525,michael,gardner,1977-08-25,M2G61977,35894,michael,garcia,1977-08-07,M2G61977,1.0,0.6428571428571429,0,0,0
51698,50753,65877,aha,lco,1991-03-31,A0L21991,65586,a,lhkd,1991-10-07,A0L21991,0.7999999999999999,0.5277777777777778,0,0,0
51706,13636,35807,agvig,martin,1990-09-28,A2M61990,54701,as,morant,1990-09-13,A2M61990,0.5666666666666667,0.78,0,0,0
51706,13637,35807,agvig,martin,1990-09-28,A2M61990,54701,ashley,morant,1990-09-10,A2M61990,0.4555555555555555,0.78,0,0,0
51707,51705,35807,xavier,martin,1990-09-28,X1M61990,35807,xavier,martin,1990-09-28,X1M61990,1.0,1.0,1,1,1
51710,8124,65885,jj,jean,1993-05-12,J0J51993,36456,j,jones,1993-01-07,J0J51993,0.8500000000000001,0.6333333333333333,0,0,0
51710,45637,65885,jj,jean,1993-05-12,J0J51993,37170,j,johnson,1993-08-13,J0J51993,0.8500000000000001,0.5952380952380952,0,0,0
51717,10245,65440,john-pierre,iaq,1991-12-08,J5I21991,53805,jean,ismael,1991-02-22,J5I21991,0.5606060606060607,0.6666666666666666,0,0,0
51718,47085,65440,johnwpiotr,lundy,1991-12-08,J5L51991,64490,juan,lnroquimuer,1991-03-30,J5L51991,0.5666666666666667,0.5131313131313131,0,0,0
51736,9984,17784,brandon,carswell,1986-06-20,B6C61986,53746,bryant,carreno,1986-11-26,B6C61986,0.7968253968253969,0.6904761904761904,0,0,0
51737,3646,17784,rx,cs,1986-06-20,R2C01986,51182,richard,ch,1986-08-08,R2C01986,0.5476190476190476,0.6666666666666666,0,0,0
51741,27697,65899,dwayne,schneider,1989-04-27,D5S51989,58860,dontray,shamark,1989-10-14,D5S51989,0.5396825396825397,0.5873015873015873,0,0,0
51742,27697,65899,dwayne,schneider,1989-04-26,D5S51989,58860,dontray,shamark,1989-10-14,D5S51989,0.5396825396825397,0.5873015873015873,0,0,0
51742,51741,65899,dwayne,schneider,1989-04-26,D5S51989,65899,dwayne,schneider,1989-04-27,D5S51989,1.0,1.0,0,1,1
51743,27697,65899,dwayne,schneider,1989-03-27,D5S51989,58860,dontray,shamark,1989-10-14,D5S51989,0.5396825396825397,0.5873015873015873,0,0,0
51743,51741,65899,dwayne,schneider,1989-03-27,D5S51989,65899,dwayne,schneider,1989-04-27,D5S51989,1.0,1.0,0,1,1
51743,51742,65899,dwayne,schneider,1989-03-27,D5S51989,65899,dwayne,schneider,1989-04-26,D5S51989,1.0,1.0,0,1,1
51746,43856,65894,daniel,ww,1989-12-06,D5W01989,63574,donovan,w,1989-03-12,D5W01989,0.5396825396825397,0.8500000000000001,0,0,0
51748,31064,59846,dan,f,1984-01-23,D5F01984,59846,dan,f,1984-01-23,D5F01984,1.0,1.0,1,1,1
51762,24628,57935,mkgdels,rivera,1957-12-04,M2R11957,57935,magdelina,rivera,1957-12-04,M2R11957,0.780952380952381,1.0,1,1,1
51782,17700,9202,juan,wb,1991-01-17,J5W11991,55882,john,wiborg,1991-03-11,J5W11991,0.6666666666666666,0.7999999999999999,0,0,0
51802,51801,65916,mary,mcm,1982-10-19,M6M21982,65916,mary,mckinley,1982-10-19,M6M21982,1.0,0.6388888888888888,1,1,1
51803,51801,65916,mary,mckinley,1982-10-19,M6M21982,65916,mary,mckinley,1982-10-19,M6M21982,1.0,1.0,1,1,1
51803,51802,65916,mary,mckinley,1982-10-19,M6M21982,65916,mary,mcm,1982-10-19,M6M21982,1.0,0.6388888888888888,1,1,1
51805,51804,65893,rub,prophete,1996-07-08,R1P61996,65893,rub,prow,1996-09-08,R1P61996,1.0,0.7958333333333334,0,1,1
51810,31534,65917,willins,lz,1983-05-16,W4L21983,59994,willins,louis,1983-05-16,W4L21983,1.0,0.5666666666666667,1,1,0
51810,31535,65917,willins,lz,1983-05-16,W4L21983,59994,willins,louis,1983-05-16,W4L21983,1.0,0.5666666666666667,1,1,0
51811,31534,65917,willins,louis,1983-05-16,W4L21983,59994,willins,louis,1983-05-16,W4L21983,1.0,1.0,1,1,0
51811,31535,65917,willins,louis,1983-05-16,W4L21983,59994,willins,louis,1983-05-16,W4L21983,1.0,1.0,1,1,0
51811,51810,65917,willins,louis,1983-05-16,W4L21983,65917,willins,lz,1983-05-16,W4L21983,1.0,0.5666666666666667,1,1,1
51826,14624,65924,nxy,brown,1989-02-21,N2B61989,54989,niqq,brackney,1989-03-12,N2B61989,0.5277777777777778,0.6583333333333333,0,0,0
51826,43046,65924,nxy,brown,1989-02-21,N2B61989,63316,nicholas,burner,1989-03-21,N2B61989,0.4861111111111111,0.7300000000000001,0,0,0
51830,5039,65920,macdarius,oiv,1994-12-26,M2O11994,52327,moises,ob,1994-06-27,M2O11994,0.5185185185185185,0.611111111111111,0,0,0
51850,8564,65982,qh,moore,1977-01-30,Q0M61977,53308,q,martinez,1977-09-18,Q0M61977,0.8500000000000001,0.6583333333333333,0,0,0
51854,14795,65969,joseph,carter,1987-03-21,J2C61987,55020,jesxp,cruz,1987-04-09,J2C61987,0.765,0.611111111111111,0,0,0
51856,28377,59058,robert,heagle,1957-01-23,R1H21957,59058,robert,hegye,1957-01-23,R1H21957,1.0,0.8577777777777779,1,1,1
51857,28377,59058,robert,heagle,1957-01-23,R1H21957,59058,robert,hegye,1957-01-23,R1H21957,1.0,0.8577777777777779,1,1,1
51857,51856,59058,robert,heagle,1957-01-23,R1H21957,59058,robert,heagle,1957-01-23,R1H21957,1.0,1.0,1,1,1
51877,19403,47483,c,lahgvt,1991-12-17,C0L21991,56409,czcg,lacy,1991-08-13,C0L21991,0.775,0.611111111111111,0,0,0
51877,47367,47483,c,lahgvt,1991-12-17,C0L21991,56409,cz,lacy,1991-08-13,C0L21991,0.8500000000000001,0.611111111111111,0,0,0
51887,51886,65973,david,marbnu,1982-02-07,D1M61982,65973,david,marinelli,1982-02-07,D1M61982,1.0,0.7925925925925926,1,1,1
51896,51894,65985,lyle,nichols,1966-10-25,L4N21966,65985,lyle,nichols,1966-10-25,L4N21966,1.0,1.0,1,1,1
51914,19402,47483,cfarbaidou,lj,1991-12-17,C1L21991,56409,cvvnn,lacy,1991-08-13,C1L21991,0.4333333333333333,0.5833333333333334,0,0,0
51921,9285,65536,e,michel,1991-06-23,E0M21991,47133,e,mcmullen,1991-12-14,E0M21991,1.0,0.6388888888888888,0,0,0
51923,2105,65536,ghl,mg,1991-06-23,G4M21991,48321,gl,mackey,1991-08-02,G4M21991,0.611111111111111,0.5555555555555555,0,0,0
51940,32277,65977,christopher,ckl,1974-11-28,C6C41974,60218,craig,ckllfa,1974-10-14,C6C41974,0.6242424242424242,0.8833333333333334,0,0,0
51946,11965,65950,jeannette,meji,1981-08-28,J5M21981,54288,james,mogj,1981-11-17,J5M21981,0.5333333333333333,0.6666666666666666,0,0,0
51946,18506,65950,jeannette,meji,1981-08-28,J5M21981,56174,janaina,mzr,1981-11-26,J5M21981,0.671957671957672,0.5277777777777778,0,0,0
51949,51948,65956,margaret,wasilewki,1952-08-18,M6W21952,65956,margaret,wasilewki,1952-08-18,M6W21952,1.0,1.0,1,1,1
51959,51957,65970,george,smith,1963-02-08,G6S51963,65970,george,smith,1963-03-08,G6S51963,1.0,1.0,0,1,1
51962,51961,33555,william,hollaway,1962-12-26,W4H41962,33555,william,hollaway,1962-12-24,W4H41962,1.0,1.0,0,1,1
51970,21148,65957,david,brannigan,1976-01-09,D1B61976,56852,david,brown,1976-01-15,D1B61976,1.0,0.6444444444444445,0,0,0
51982,25348,65992,jaime,gu,1995-07-01,J5G01995,58133,jonathan,guyiei,1995-04-04,J5G01995,0.5499999999999999,0.8222222222222222,0,0,0
51987,20941,66019,wilkins,meran,1985-04-04,W4M61985,56803,wilkins,meran,1985-01-04,W4M61985,1.0,1.0,0,1,0
51989,24825,66019,wilkins,n,1985-04-01,W4N01985,57864,wwl,n,1985-12-14,W4N01985,0.6507936507936508,1.0,0,0,0
51991,24135,27249,tyrone,bqtp,1990-05-02,T6B21990,27249,tyrone,bc,1990-05-02,T6B21990,1.0,0.5833333333333334,1,1,1
51992,24137,27249,tyrone,bliss,1990-05-02,T6B41990,27249,twrs,bliss,1990-05-02,T6B41990,0.611111111111111,1.0,1,1,1
51994,22930,65998,lisa,garcia,1969-08-04,L2G61969,57412,ligo,garcia guzman,1969-05-28,L2G61969,0.6666666666666666,0.8923076923076924,0,0,0
52000,51999,66004,abid,rehman,1973-06-02,A1R51973,66004,abid,rehman,1973-06-02,A1R51973,1.0,1.0,1,1,1
52002,5698,3019,princemalachi,johnson,1986-04-04,P6J51986,34339,precious,jones,1986-11-08,P6J51986,0.6032051282051282,0.8323809523809523,0,0,0
52029,4948,66005,moga,se,1966-08-24,M2S01966,52324,michael,s,1966-10-31,M2S01966,0.5952380952380952,0.8500000000000001,0,0,0
52042,52041,66010,lee,pierce,1964-10-31,L0P61964,66010,lee,pierce,1964-10-31,L0P61964,1.0,1.0,1,1,1
52044,4753,65995,michael,grr,1987-02-11,M2G61987,52239,msgj,george,1987-11-06,M2G61987,0.4642857142857142,0.6666666666666666,0,0,0
52046,16909,65995,mucnan,forbes,1983-02-11,M2F61983,8488,michael,francis,1983-11-09,M2F61983,0.6428571428571429,0.6428571428571429,0,0,0
52049,34245,33014,walter,atwell,1989-06-09,W4A31989,60790,william,adams,1989-03-25,W4A31989,0.5396825396825397,0.4555555555555555,0,0,0
52053,47751,66015,andres,ckspcl,1989-07-23,A5C11989,64686,antonio,cooper,1989-02-04,A5C11989,0.5396825396825397,0.5555555555555555,0,0,0
52058,52056,66006,franklin,watson,1980-09-27,F6W31980,66006,franklin,watson,1980-09-27,F6W31980,1.0,1.0,1,1,1
52063,52062,5241,daniel,pieu,1987-01-13,D5P01987,5241,daniel,pou,1987-01-13,D5P01987,1.0,0.75,1,1,1
52080,26009,66038,rzka,n,1959-03-31,R2N01959,58314,ruqx,ni,1959-06-18,R2N01959,0.5,0.8500000000000001,0,0,0
52086,14456,66023,kristofer,morrissigler,1992-04-08,K6M61992,54345,kristen,marciniak,1992-04-06,K6M61992,0.9047619047619048,0.5925925925925926,0,0,0
52086,27294,66023,kristofer,morrissigler,1992-04-08,K6M61992,54345,kr,marfiwr,1992-04-06,K6M61992,0.7925925925925926,0.5515873015873015,0,0,0
52094,42401,66032,juan,delgado,1991-11-06,J5D41991,63112,jon,dowels,1991-01-14,J5D41991,0.75,0.6428571428571429,0,0,0
52100,52098,66034,jamal,franklin,1989-02-12,J5F61989,66034,jamal,franklin,1989-02-12,J5F61989,1.0,1.0,1,1,1
52110,6282,66041,christopher,dra,1988-03-19,C6D61988,52684,christopher,dru,1988-05-04,C6D61988,1.0,0.8222222222222222,0,1,0
52110,6283,66041,christopher,dra,1988-03-19,C6D61988,52684,christopher,drucker,1988-05-04,C6D61988,1.0,0.6507936507936508,0,0,0
52111,39696,66041,csrists,rr,1985-03-19,C6R01985,62379,christopher,ro,1985-08-09,C6R01985,0.6562770562770562,0.6666666666666666,0,0,0
52114,52113,66025,g,rice,1996-05-11,G0R21996,66025,g,rice,1996-06-11,G0R21996,1.0,1.0,0,1,1
52137,5086,30204,bfwn,fain,1975-09-25,B5F51975,52350,benjamin,fanfan,1975-04-02,B5F51975,0.5833333333333334,0.8,0,0,0
52139,46882,30204,brian,mj,1975-09-25,B6M21975,64433,barzi,mcfo,1975-06-30,B6M21975,0.6,0.5833333333333334,0,0,0
52145,52143,45814,heather,colson,1974-06-08,H3C41974,45814,heather,colson,1974-06-08,H3C41974,1.0,1.0,1,1,1
52148,49090,66022,pd,sampson,1985-05-18,P3S51985,65082,pod,senra,1985-02-14,P3S51985,0.611111111111111,0.4476190476190476,0,0,0
52151,52150,66048,kevin,edwards,1989-05-17,K1E31989,66048,kevin,edwards,1989-05-17,K1E31989,1.0,1.0,1,1,1
52154,7666,66045,roderick,griffin,1984-11-04,R3G61984,53050,roderick,griffin,1984-11-04,R3G61984,1.0,1.0,1,1,0
52156,21280,29183,xavier,ryo,1990-01-06,X1R01990,34398,xaep,r,1990-03-21,X1R01990,0.8,0.7999999999999999,0,0,0
52186,10558,66053,jason,miles,1981-02-01,J2M41981,53887,jason,mills,1981-05-28,J2M41981,1.0,0.9066666666666668,0,1,0
52186,10559,66053,jason,miles,1981-02-01,J2M41981,53887,jason,mills,1981-04-28,J2M41981,1.0,0.9066666666666668,0,1,0
52186,32089,66053,jason,miles,1981-02-01,J2M41981,60150,jasmine,milan,1981-06-24,J2M41981,0.8533333333333333,0.8133333333333334,0,0,0
52187,14366,66053,jason,xi,1961-02-01,J2X01961,13771,jackson,x,1961-11-25,J2X01961,0.923809523809524,0.8500000000000001,0,1,0
52190,29218,66051,mast,ml,1990-05-10,M2M41990,59293,michael,mlax,1990-05-01,M2M41990,0.4642857142857142,0.8666666666666667,0,0,0
52194,2924,44714,marlon,joseph,1993-06-28,M6J21993,47553,marvin,juxi,1993-02-13,M6J21993,0.8444444444444443,0.4722222222222221,0,0,0
52198,10419,66056,steven,taqreoc,1994-10-19,S3T21994,53859,stuart,tuckus,1994-08-24,S3T21994,0.5555555555555555,0.4365079365079365,0,0,0
52208,6186,66061,joseph,brainard,1973-08-04,J2B61973,52624,jason,bartley,1973-07-02,J2B61973,0.5888888888888889,0.4900793650793651,0,0,0
52220,52218,66059,melissa,fawcett,1968-05-22,M4F21968,66059,melissa,faccav,1968-07-22,M4F21968,1.0,0.6428571428571429,0,0,1
52231,52230,8786,jamie,honaker,1973-03-23,J5H51973,8786,jamie,honaker,1973-03-23,J5H51973,1.0,1.0,1,1,1
52232,5326,8786,jamie,oonyc,1973-03-23,J5O51973,52403,james,owm,1973-10-12,J5O51973,0.9066666666666668,0.5111111111111111,0,0,0
52234,36109,4862,gpl,pomm,1991-04-17,G1P51991,61338,gbc,pino,1991-07-03,G1P51991,0.5555555555555555,0.5,0,0,0
52260,42894,66057,brian,zg,1993-03-21,B6Z01993,63271,bryan,zxq,1993-07-01,B6Z01993,0.8933333333333333,0.611111111111111,0,0,0
52261,42504,66057,bo,nagy,1993-08-21,B0N21993,63144,b,nager,1993-04-21,B0N21993,0.8500000000000001,0.8483333333333334,0,0,0
52273,27849,66084,chrystal,romero,1989-12-01,C6R51989,58891,carlos,ramos,1989-02-18,C6R51989,0.625,0.5888888888888889,0,0,0
52273,27850,66084,chrystal,romero,1989-12-01,C6R51989,58891,carlos,ramos,1989-02-13,C6R51989,0.625,0.5888888888888889,0,0,0
52280,16224,65569,santiago,cordero,1979-11-18,S5C61979,55417,sandra,crn,1979-06-05,S5C61979,0.8055555555555556,0.6507936507936508,0,0,0
52280,50787,65569,santiago,cordero,1979-11-18,S5C61979,65569,santiago,cordero,1979-11-18,S5C61979,1.0,1.0,1,1,1
52286,52284,66072,ryan,early,1977-12-23,R5E61977,66072,ryan,early,1977-12-23,R5E61977,1.0,1.0,1,1,1
52289,52288,66060,robert,anderson,1991-01-31,R1A51991,66060,robert,anderson,1991-01-31,R1A51991,1.0,1.0,1,1,1
52292,8121,66069,dugagiou,greene,1995-09-19,D2G61995,53180,dakota,gregory,1995-02-10,D2G61995,0.625,0.6428571428571429,0,0,0
52292,8123,66069,dugagiou,greene,1995-09-19,D2G61995,53180,dxm,gregory,1995-04-10,D2G61995,0.4861111111111111,0.6428571428571429,0,0,0
52296,17469,66062,brandon,freeny,1985-01-06,B6F61985,55813,brenton,farmer,1985-12-02,B6F61985,0.8476190476190477,0.6666666666666666,0,0,0
52326,34939,66089,jamie,zowa,1993-02-05,J5Z01993,60987,jimmy,zeowa,1993-06-13,J5Z01993,0.6,0.94,0,0,0
52327,42587,66089,jamie,ede,1993-03-05,J5E31993,63188,james,eady,1993-02-20,J5E31993,0.9066666666666668,0.75,0,0,0
52328,42587,66089,jamie,edwards,1993-02-05,J5E31993,63188,james,eady,1993-02-20,J5E31993,0.9066666666666668,0.6150793650793651,0,0,0
52328,52327,66089,jamie,edwards,1993-02-05,J5E31993,66089,jamie,ede,1993-03-05,J5E31993,1.0,0.6507936507936508,0,0,1
52339,2055,66111,juan,chavez,1987-04-09,J5C11987,51437,jmayp,chavez,1987-03-16,J5C11987,0.6333333333333333,1.0,0,0,0
52345,17094,66094,rau,ponce,1960-04-05,R0P51960,23243,ra,pendleton,1960-11-06,R0P51960,0.9111111111111112,0.5333333333333333,0,0,0
52354,23070,56672,romario,a,1994-09-29,R5A01994,57452,romario,aa,1994-11-23,R5A01994,1.0,0.8500000000000001,0,1,0
52354,47712,56672,romario,a,1994-09-29,R5A01994,64662,randall,ae,1994-01-13,R5A01994,0.5238095238095238,0.8500000000000001,0,0,0
52379,36408,66103,c,sz,1977-10-06,C0S01977,61422,c,sae,1977-01-26,C0S01977,1.0,0.611111111111111,0,0,0
52387,37697,66101,robert,echols,1974-07-19,R1E21974,61801,rpbpa,easn,1974-09-22,R1E21974,0.5777777777777778,0.4722222222222221,0,0,0
52402,44441,41073,losnf,i,1984-08-27,L2I01984,2846,ljz,i,1984-02-11,L2I01984,0.5111111111111111,1.0,0,0,0
52404,5031,66105,chri,c,1989-07-14,C6C01989,52305,crwl,c,1989-05-04,C6C01989,0.6666666666666666,1.0,0,0,0
52404,48099,66105,chri,c,1989-07-14,C6C01989,64780,christopher,c,1989-06-25,C6C01989,0.8727272727272728,1.0,0,1,0
52432,52431,66114,tatiana,williams,1986-08-18,T3W41986,66114,tatiana,williams,1986-08-18,T3W41986,1.0,1.0,1,1,1
52434,22163,66120,robert,gray,1979-07-30,R1G61979,57161,robert,gray,1979-07-30,R1G61979,1.0,1.0,1,1,0
52436,28948,66120,lkz,mqw,1979-07-30,L2M21979,59220,ljtq,mcfield,1979-06-25,L2M21979,0.5277777777777778,0.4920634920634921,0,0,0
52444,13042,58579,marc,j,1974-10-19,M6J01974,54539,merrill,jg,1974-04-11,M6J01974,0.5952380952380952,0.8500000000000001,0,0,0
52450,37945,66127,cbadh,shippe,1977-11-12,C1S11977,61874,cop,sb,1977-10-30,C1S11977,0.5111111111111111,0.5555555555555555,0,0,0
52460,41400,66121,rnhrs,andre,1990-01-19,R5A51990,27585,ryan,angert,1990-09-09,R5A51990,0.4833333333333333,0.7911111111111111,0,0,0
52478,52476,66123,karin,jackson,1964-09-08,K6J21964,66123,karin,jackson,1964-09-08,K6J21964,1.0,1.0,1,1,1
52484,6384,31042,christopher,afil,1992-02-24,C6A11992,45465,chr,auvuutit,1992-07-08,C6A11992,0.8303030303030302,0.4583333333333333,0,0,0
52486,15313,66125,donald,hpe,1967-05-18,D5H11967,55166,donovan,hubson,1967-05-18,D5H11967,0.8222222222222222,0.5,1,1,0
52492,52491,66135,dwyth,taylor,1964-06-17,D3T41964,66135,dwyth,taylor,1964-06-17,D3T41964,1.0,1.0,1,1,1
52526,52524,66169,mauricio,arnnacfli,1972-03-23,M6A61972,66169,mauricio,araqa fpome,1972-03-23,M6A61972,1.0,0.6026936026936026,1,1,1
52534,19392,66152,kenyatta,jacn,1982-03-09,K5J21982,56415,kghnm,jekngi,1982-09-23,K5J21982,0.5499999999999999,0.611111111111111,0,0,0
52539,1582,66138,jontiria,szgj,1992-03-11,J5S01992,51247,johnnie,syi,1992-09-14,J5S01992,0.6904761904761904,0.5277777777777778,0,0,0
52547,8660,66165,leslie,pd,1992-08-19,L2P31992,52848,lx,petersen,1992-02-22,L2P31992,0.5555555555555555,0.5416666666666666,0,0,0
52550,52549,66157,debrcca,ridges,1974-05-20,D1R31974,66157,debrcca,ridges,1974-01-20,D1R31974,1.0,1.0,0,1,1
52559,20829,66144,brandon,berger,1993-01-30,B6B61993,56778,breon,barnes,1993-01-11,B6B61993,0.7657142857142858,0.6666666666666666,0,0,0
52570,52569,66139,brion,stanley,1975-05-15,B6S31975,66139,brion,stanley,1975-05-15,B6S31975,1.0,1.0,1,1,1
52581,12234,66155,mjchb,s,1995-09-23,M2S01995,54344,michael,s,1995-06-03,M2S01995,0.6761904761904761,1.0,0,0,0
52581,27880,66155,mjchb,s,1995-09-23,M2S01995,58883,michael,s,1995-10-20,M2S01995,0.6761904761904761,1.0,0,0,0
52586,52527,66141,tierra,spkih,1996-01-27,T6S11996,66141,tierra,spence,1996-01-27,T6S11996,1.0,0.5777777777777778,1,1,1
52595,52593,66163,victor,estrada,1943-03-20,V2E21943,66163,vezz,estrada,1943-03-20,V2E21943,0.4722222222222221,1.0,1,1,1
52620,51283,34020,steve,excellent,1991-09-28,S3E21991,34020,steve,excellent,1991-09-23,S3E21991,1.0,1.0,0,1,1
52624,20094,66194,alex,bc,1991-11-14,A4B21991,56602,alejandro,bs,1991-01-10,A4B21991,0.6944444444444443,0.6666666666666666,0,0,0
52624,39306,66194,alex,bc,1991-11-14,A4B21991,62284,alexander,bbjj,1991-12-09,A4B21991,0.888888888888889,0.5833333333333334,0,0,0
52631,52630,47393,toya,henry,1995-05-16,T0H51995,47393,toya,henry,1995-05-16,T0H51995,1.0,1.0,1,1,1
52632,50679,63124,nathaniel,owens,1960-07-24,N3O51960,63124,nathaniel,owens,1960-07-26,N3O51960,1.0,1.0,0,1,1
52634,50679,63124,nathaniel,owens,1960-07-24,N3O51960,63124,nathaniel,owens,1960-07-26,N3O51960,1.0,1.0,0,1,1
52634,52632,63124,nathaniel,owens,1960-07-24,N3O51960,63124,nathaniel,owens,1960-07-24,N3O51960,1.0,1.0,1,1,1
52638,36307,66179,jnwu,dumond,1981-09-28,J5D51981,61371,jane,downshumpries,1981-12-29,J5D51981,0.6666666666666666,0.605982905982906,0,0,0
52642,37438,66189,lazaro,zrobk,1986-12-13,L2Z61986,61737,lucious,zwars,1986-01-28,L2Z61986,0.5396825396825397,0.4666666666666666,0,0,0
52648,25600,66183,james,wxyb,1989-03-01,J5W21989,58179,jonathon,wcnt,1989-04-26,J5W21989,0.5499999999999999,0.5,0,0,0
52648,25601,66183,james,wxyb,1989-03-01,J5W21989,58179,jonathon,wgnu,1989-05-26,J5W21989,0.5499999999999999,0.5,0,0,0
52662,1495,66188,walter,p,1983-12-02,W4P01983,41997,whl,pvu,1983-10-02,W4P01983,0.6666666666666666,0.7999999999999999,0,0,0
52668,32879,48595,brltym,bbagnle,1991-03-23,B6B21991,27887,bradley,baqzrnge,1991-04-08,B6B21991,0.7968253968253969,0.7417857142857143,0,0,0
52668,33382,48595,brltym,bbagnle,1991-03-23,B6B21991,48595,brittany,bsant,1991-06-23,B6B21991,0.7777777777777778,0.6761904761904761,0,0,1
52670,41515,48595,brittany,brantley,1991-06-23,B6B61991,62904,briana,bryan,1991-01-03,B6B61991,0.8736111111111112,0.8133333333333332,0,0,0
52688,52687,66196,margaret,b,1970-12-25,M6B01970,66196,margaret,b,1970-12-25,M6B01970,1.0,1.0,1,1,1
52697,9821,39475,scott,clark,1993-01-16,S3C41993,53694,st,cuellar,1993-02-08,S3C41993,0.5666666666666667,0.5619047619047619,0,0,0
52701,34545,66200,lisa,garcia-heintskill,1963-11-23,L2G61963,60881,louis,grandelli,1963-09-19,L2G61963,0.4833333333333333,0.5620915032679737,0,0,0
52703,34545,66200,lisa,garcia-heintskill,1963-11-27,L2G61963,60881,louis,grandelli,1963-09-19,L2G61963,0.4833333333333333,0.5620915032679737,0,0,0
52703,52701,66200,lisa,garcia-heintskill,1963-11-27,L2G61963,66200,lisa,garcia-heintskill,1963-11-23,L2G61963,1.0,1.0,0,1,1
52706,52704,66199,anthony,hormaeche,1994-07-25,A5H61994,66199,anthony,hormaeche,1994-06-25,A5H61994,1.0,1.0,0,1,1
52720,52719,8910,samuel,giard,1989-05-10,S5G61989,8910,scmfi,giard,1989-05-10,S5G61989,0.5777777777777778,1.0,1,1,1
52724,52723,66204,elvis,anderson,1986-05-18,E4A51986,66204,elvis,anderson,1986-05-18,E4A51986,1.0,1.0,1,1,1
52745,14806,66209,c,mckenney,1990-10-18,C0M21990,55004,c,mccall,1990-07-16,C0M21990,1.0,0.5277777777777778,0,0,0
52745,33553,66209,c,mckenney,1990-10-18,C0M21990,60595,ce,mcgirt,1990-01-02,C0M21990,0.8500000000000001,0.5277777777777778,0,0,0
52757,52755,66208,steven,cruz,1956-04-22,S3C61956,66208,steven,cruz,1956-09-22,S3C61956,1.0,1.0,0,1,1
52778,52377,66233,luis,serrano,1977-07-31,L2S61977,66103,lx,sr,1977-10-06,L2S61977,0.5833333333333334,0.7857142857142857,0,0,0
52836,4933,66219,jhemel,west,1993-07-16,J5W21993,52295,james,wickman,1993-10-12,J5W21993,0.5888888888888889,0.4642857142857142,0,0,0
52837,4933,66219,jhemel,west,1993-07-16,J5W21993,52295,james,wickman,1993-10-12,J5W21993,0.5888888888888889,0.4642857142857142,0,0,0
52837,52836,66219,jhemel,west,1993-07-16,J5W21993,66219,jhemel,west,1993-07-16,J5W21993,1.0,1.0,1,1,1
52850,52848,66254,samantha,leach,1989-08-31,S5L21989,66254,samantha,lgi,1989-08-31,S5L21989,1.0,0.5111111111111111,1,1,1
52859,50778,32489,anderson,gebca,1987-06-28,A5G11987,65566,angiemarie,gabriel,1987-06-06,A5G11987,0.6333333333333333,0.5619047619047619,0,0,0
52859,50779,32489,anderson,gebca,1987-06-28,A5G11987,65566,angiemarie,gabriel,1987-06-06,A5G11987,0.6333333333333333,0.5619047619047619,0,0,0
52874,52872,42234,jagdies,nanda,1975-05-02,J2N51975,42234,jagdies,nanda,1975-05-02,J2N51975,1.0,1.0,1,1,1
52880,52878,66249,adrian,nitoiu,1973-04-30,A3N31973,66249,adrian,nt,1973-04-30,A3N31973,1.0,0.7999999999999999,1,1,1
52900,52899,66264,jwstth-c,mcfarlane,1993-08-07,J3M21993,66264,jewtin-z,mcfa,1993-08-07,J3M21993,0.6666666666666666,0.888888888888889,1,1,1
52901,51728,66264,justws-th,wco,1993-08-07,J2W21993,51211,jaqa,wklsen,1993-07-09,J2W21993,0.4537037037037037,0.5,0,0,0
52903,52902,66272,stephen,molnar,1956-01-18,S3M41956,66272,stephen,ml,1956-01-12,S3M41956,1.0,0.7999999999999999,0,1,1
52907,52906,66273,anthony,caggiano,1968-05-12,A5C21968,66273,anthony,caggiano,1968-05-12,A5C21968,1.0,1.0,1,1,1
52909,52908,66258,zaheer,khan,1990-02-24,Z6K51990,66258,zaheer,khan,1990-02-24,Z6K51990,1.0,1.0,1,1,1
52925,48517,66276,michael,mcgreen,1963-04-20,M2M21963,64887,michael,mhnzhngh,1963-03-30,M2M21963,1.0,0.5119047619047619,0,0,0
52936,5276,52375,murvin,thomas,1986-03-19,M6T51986,52375,murvin,thomas,1986-03-22,M6T51986,1.0,1.0,0,1,1
52952,52951,66265,ste,spaziano,1964-12-11,S3S11964,66265,stephen,spaziano,1964-12-11,S3S11964,0.8666666666666668,1.0,1,1,1
52956,20173,57922,gy,sabdtmg,1977-05-27,G0S11977,56613,ge,spelman,1977-04-05,G0S11977,0.6666666666666666,0.5238095238095238,0,0,0
52982,20563,66256,jvdempv,jones,1989-04-15,J1J51989,8676,javon,jemu,1989-11-29,J1J51989,0.5619047619047619,0.4833333333333333,0,0,0
52987,11094,57300,jyzfk,ferguson,1977-11-16,J2F61977,54063,jason,franco,1977-03-07,J2F61977,0.4666666666666666,0.625,0,0,0
53007,11947,59117,christopher,coorga,1985-06-22,C6C61985,54285,christopher,crespo,1985-09-23,C6C61985,1.0,0.5555555555555555,0,0,0
53015,53013,49906,jawara,thompson,1985-01-28,J6T51985,49906,jawara,thompson,1985-01-28,J6T51985,1.0,1.0,1,1,1
53024,53022,66301,natalia,soto,1987-04-24,N3S31987,66301,nthhzi,soto,1987-04-24,N3S31987,0.6428571428571429,1.0,1,1,1
53029,17154,55733,sara,woodlief,1976-01-17,S6W31976,55733,sara,woodlief,1976-04-17,S6W31976,1.0,1.0,0,1,1
53029,17156,55733,sara,woodlief,1976-01-17,S6W31976,55733,sara,woodlief,1976-04-17,S6W31976,1.0,1.0,0,1,1
53041,53040,66296,willie,hill,1990-04-25,W4H41990,66296,willie,hill,1990-05-25,W4H41990,1.0,1.0,0,1,1
53042,53040,66296,willie,hill,1990-05-22,W4H41990,66296,willie,hill,1990-05-25,W4H41990,1.0,1.0,0,1,1
53042,53041,66296,willie,hill,1990-05-22,W4H41990,66296,willie,hill,1990-04-25,W4H41990,1.0,1.0,0,1,1
53046,41340,66292,r,lakg,1977-07-08,R0L21977,62846,r,lewis,1977-10-10,R0L21977,1.0,0.4833333333333333,0,0,0
53062,27632,66305,dharmendra,dass,1994-12-24,D6D21994,58835,darren,daez,1994-12-16,D6D21994,0.8,0.6666666666666666,0,0,0
53072,53070,66316,juwauquinn,johnson,1993-08-20,J2J51993,66316,juwauquinn,johnson,1993-08-20,J2J51993,1.0,1.0,1,1,1
53078,2454,66303,lorraine,francisco,1992-11-23,L6F61992,51556,larry,farlow,1992-06-05,L6F61992,0.6833333333333332,0.5,0,0,0
53092,22392,66310,kr,jxs,1981-10-19,K6J01981,57244,kurveen,joa,1981-06-28,K6J01981,0.7857142857142857,0.5555555555555555,0,0,0
53108,53106,66290,kollin,whitaker,1977-03-06,K4W31977,66290,kollin,whitaker,1977-03-03,K4W31977,1.0,1.0,0,1,1
53127,34870,65933,berloudi,simon,1992-11-19,B6S51992,60982,byrbd,sanchez escobar,1992-12-04,B6S51992,0.6583333333333333,0.5111111111111111,0,0,0
53127,34871,65933,berloudi,simon,1992-11-19,B6S51992,60982,barbara,sanchez escobar,1992-12-04,B6S51992,0.5119047619047619,0.5111111111111111,0,0,0
53143,39864,66318,michael,qs,1983-07-13,M2Q01983,62431,michael,q,1983-02-12,M2Q01983,1.0,0.8500000000000001,0,1,0
53149,10882,58635,carlos,lopez,1982-08-19,C6L11982,53991,carl,lovett,1982-08-05,C6L11982,0.9333333333333332,0.76,0,0,0
53153,53151,66328,mahmoud,mohamed,1968-06-15,M5M51968,66328,myhmf,mohamed,1968-06-15,M5M51968,0.6761904761904761,1.0,1,1,1
53159,53157,66319,eston,anderson,1965-06-24,E2A51965,66319,eston,an,1965-06-24,E2A51965,1.0,0.8,1,1,1
53163,52244,66333,k,rodriguez,1981-03-26,K0R31981,66066,k,rodriguez,1981-02-16,K0R31981,1.0,1.0,0,1,0
53183,18185,66325,andre,aef,1994-10-05,A5A11994,56043,ana,avellaneda,1994-02-10,A5A11994,0.6888888888888888,0.6222222222222222,0,0,0
53183,34008,66325,andre,aef,1994-10-05,A5A11994,60715,ameer,abdul-malik,1994-10-01,A5A11994,0.6222222222222222,0.4747474747474747,0,0,0
53190,29795,66332,jqw,hdeevoa,1991-12-12,J0H31991,59460,jkq,hatcher,1991-03-08,J0H31991,0.5555555555555555,0.5238095238095238,0,0,0
53192,7812,66332,joseph,haberkam,1991-02-12,J2H11991,53078,joshua,hbyto,1991-04-21,J2H11991,0.8444444444444443,0.5499999999999999,0,0,0
53192,22306,66332,joseph,haberkam,1991-02-12,J2H11991,57215,jessica,hoepker,1991-04-26,J2H11991,0.5317460317460317,0.6071428571428571,0,0,0
53196,11461,63792,jimmy,ghepx,1978-12-20,J5G11978,50653,juan,guopaw,1978-10-16,J5G11978,0.4833333333333333,0.5777777777777778,0,0,0
53196,43986,63792,jimmy,ghepx,1978-12-20,J5G11978,63598,james,gaboton,1978-01-29,J5G11978,0.6,0.4476190476190476,0,0,0
53198,44677,63792,jimmy,shwpp,1978-12-24,J5S11978,63792,jimmy,swupga,1978-12-24,J5S11978,1.0,0.7300000000000001,1,1,1
53213,53211,66359,joshua,perez,1982-07-21,J2P61982,66359,joshua,perez,1982-07-21,J2P61982,1.0,1.0,1,1,1
53215,53214,66356,richard,shields,1991-12-20,R2S41991,66356,rxcv,shields,1991-02-20,R2S41991,0.5952380952380952,1.0,0,0,1
53217,31891,66339,mahkew,hester,1983-12-02,M2H21983,13663,max,hecva,1983-09-20,M2H21983,0.6666666666666666,0.5777777777777778,0,0,0
53237,37555,66365,hdfbdd,mendiola,1993-09-01,H3M51993,61575,ht,mims,1993-02-15,H3M51993,0.5555555555555555,0.5833333333333334,0,0,0
53240,53239,66361,myryd,antoine,1987-09-05,M6A51987,66361,marydashanah,antoine,1987-04-05,M6A51987,0.6277777777777778,1.0,0,0,1
53254,53253,66351,rogelio,fw,1985-05-30,R2F01985,66351,rogelio,f,1985-05-20,R2F01985,1.0,0.8500000000000001,0,1,1
53257,4549,66345,bth,setov,1993-06-18,B3S31993,41849,bet,scott,1993-11-25,B3S31993,0.5555555555555555,0.6222222222222222,0,0,0
53259,24441,8689,xy,francois,1986-08-01,X0F61986,57862,xx,fernand,1986-03-27,X0F61986,0.6666666666666666,0.6071428571428571,0,0,0
53262,1184,66358,patricio,rane,1970-04-01,P3R51970,51151,pedro,rnh,1970-05-03,P3R51970,0.6583333333333333,0.75,0,0,0
53262,34583,66358,patricio,rane,1970-04-01,P3R51970,51151,pedro,rnvki,1970-05-03,P3R51970,0.6583333333333333,0.6333333333333333,0,0,0
53268,27182,6624,courtney,aaron,1986-10-05,C6A61986,58714,charlene,araya,1986-08-24,C6A61986,0.5833333333333334,0.6222222222222222,0,0,0
53274,32762,60027,run,burns,1978-07-16,R5B61978,10805,ramone,brown,1978-01-17,R5B61978,0.6666666666666666,0.76,0,0,0
53277,1986,66354,kevin,miaipa,1982-11-03,K1M11982,51399,kevin,mphd,1982-08-03,K1M11982,1.0,0.4722222222222221,0,0,0
53286,6781,66352,mkc,mendezbamaca,1990-09-12,M2M51990,36993,mikey,mombranche,1990-09-12,M2M51990,0.6888888888888888,0.5888888888888889,1,1,0
53286,6782,66352,mkc,mendezbamaca,1990-09-12,M2M51990,36993,mikey,mom,1990-09-10,M2M51990,0.6888888888888888,0.4722222222222221,0,0,0
53287,11585,66352,jose,mendezbamaca,1990-09-12,J2M51990,39783,jesse,montooth,1990-11-13,J2M51990,0.8049999999999999,0.4722222222222221,0,0,0
53290,11904,66340,dmq,rexvh,1990-03-27,D5R21990,54228,demetris,russaw,1990-05-24,D5R21990,0.6388888888888888,0.4555555555555555,0,0,0
53290,23185,66340,dmq,rexvh,1990-03-27,D5R21990,57521,don,ruqs,1990-01-05,D5R21990,0.5555555555555555,0.4833333333333333,0,0,0
53300,43321,59175,e,swain,1963-06-06,E0S51963,63401,e,senger,1963-01-05,E0S51963,1.0,0.5777777777777778,0,0,0
53311,14941,66368,michael,wiltshire,1993-04-22,M2W41993,39772,michael,williams,1993-02-10,M2W41993,1.0,0.6601851851851852,0,0,0
53323,53322,66370,avianna,vassell,1994-11-14,A1V21994,66370,avianna,vassell,1994-11-14,A1V21994,1.0,1.0,1,1,1
53345,53343,66376,muhammad,iqubal,1991-08-02,M5I21991,66376,muhammad,ixdb,1991-01-02,M5I21991,1.0,0.611111111111111,0,0,1
53346,31677,66367,jawan,crcg,1993-04-19,J5C61993,60045,jawaun,curry,1993-09-06,J5C61993,0.9666666666666668,0.6333333333333333,0,0,0
53346,31679,66367,jawan,crcg,1993-04-19,J5C61993,60045,jawaun,curry,1993-08-06,J5C61993,0.9666666666666668,0.6333333333333333,0,0,0
53346,50813,66367,jawan,crcg,1993-04-19,J5C61993,65601,jensen,crxic,1993-10-26,J5C61993,0.5777777777777778,0.6333333333333333,0,0,0
53352,51374,15599,travis,spencer,1987-07-16,T6S11987,65763,tiare,sfilg,1987-05-08,T6S11987,0.5888888888888889,0.4476190476190476,0,0,0
53354,51372,15599,travis,sc,1987-07-16,T6S01987,65763,tiare,sk,1987-05-08,T6S01987,0.5888888888888889,0.6666666666666666,0,0,0
53359,20504,66378,johana,sanchez,1988-03-10,J5S51988,2753,john,smith,1988-11-18,J5S51988,0.9222222222222222,0.5619047619047619,0,0,0
53367,44304,66389,mh,franklin,1987-05-25,M0F61987,44416,m,francisco,1987-05-23,M0F61987,0.8500000000000001,0.836111111111111,0,0,0
53371,53370,66380,brfct,smith,1995-07-27,B6S51995,66380,brawl,smith,1995-07-21,B6S51995,0.6,1.0,0,0,1
53372,18751,66380,braxton,k,1995-01-27,B6K01995,56207,bryant,kh,1995-06-16,B6K01995,0.826031746031746,0.8500000000000001,0,0,0
53379,51876,47483,chsrtav,haughton,1991-12-17,C6H21991,47483,chartavious,hiyget,1991-12-17,C6H21991,0.7962481962481963,0.625,1,1,1
53380,51876,47483,charjavmo,haughton,1991-12-17,C6H21991,47483,chartavious,hiyget,1991-12-17,C6H21991,0.882828282828283,0.625,1,1,1
53380,53379,47483,charjavmo,haughton,1991-12-17,C6H21991,47483,chsrtav,haughton,1991-12-17,C6H21991,0.6899470899470899,1.0,1,1,1
53381,42379,47483,chartavious,hlk,1991-12-17,C6H41991,63131,char,holliday,1991-04-26,C6H41991,0.8727272727272728,0.6388888888888888,0,0,0
53383,30782,66385,shannon,smith,1987-12-02,S5S51987,59764,shium,snza,1987-07-13,S5S51987,0.5619047619047619,0.4833333333333333,0,0,0
53390,31379,66388,mickel,dhanoolal,1993-03-17,M2D51993,59949,miesha,daniel,1993-02-14,M2D51993,0.6666666666666666,0.7333333333333334,0,0,0
53390,39380,66388,mickel,dhanoolal,1993-03-17,M2D51993,62313,miesha,daniel,1993-02-12,M2D51993,0.6666666666666666,0.7333333333333334,0,0,0
53402,53400,66384,henry,vera,1977-01-06,H5V61977,66384,henry,vera,1977-01-16,H5V61977,1.0,1.0,0,1,1
53431,22207,38809,marcelo,severino,1986-03-27,M6S11986,38809,marcelo,severino,1986-03-27,M6S11986,1.0,1.0,1,1,1
53438,53437,35922,avis,goldsby,1990-07-08,A1G41990,35922,avis,goldsby,1990-07-01,A1G41990,1.0,1.0,0,1,1
53455,22389,15866,david,robbins,1974-04-20,D1R11974,15866,david,robbins,1974-04-28,D1R11974,1.0,1.0,0,1,1
53460,11999,66396,luisa,eqckbu,1991-08-07,L2E21991,54294,lisette,echevarria,1991-12-20,L2E21991,0.6761904761904761,0.5111111111111111,0,0,0
53476,29154,66417,yanelis,martinez,1981-07-05,Y5M61981,59281,yoan,miranda,1981-03-14,Y5M61981,0.7535714285714287,0.7417857142857143,0,0,0
53486,53485,9238,teshane,jemmott,1991-05-18,T2J51991,9238,teshane,jemmott,1991-05-18,T2J51991,1.0,1.0,1,1,1
53492,53491,66415,frederick,vetensky,1947-02-23,F6V31947,66415,frederick,vetensky,1947-02-23,F6V31947,1.0,1.0,1,1,1
53498,45460,66401,jayc,ts,1976-04-18,J2T21976,64025,joxuk,txzns,1976-09-18,J2T21976,0.4833333333333333,0.5666666666666667,0,0,0
53508,41967,66442,otvd,lama,1970-05-30,O3L51970,15360,oidarr,lencioni,1970-10-12,O3L51970,0.611111111111111,0.4583333333333333,0,0,0
53513,53434,65947,ricardo,ruiz,1990-02-10,R2R21990,65947,ricardo,ruiz,1990-01-10,R2R21990,1.0,1.0,0,1,1
53529,48704,66419,cheryl,orsbel,1962-05-22,C6O61962,64944,christine,oraxran,1962-03-21,C6O61962,0.611111111111111,0.5396825396825397,0,0,0
53533,53532,66420,xavier,julin,1993-04-27,X1J41993,66420,xavier,julin,1993-04-27,X1J41993,1.0,1.0,1,1,1
53539,53538,66450,brian,therrien,1965-03-31,B6T61965,66450,brian,therrien,1965-03-30,B6T61965,1.0,1.0,0,1,1
53540,53538,66450,brian,therrien,1965-03-30,B6T61965,66450,brian,therrien,1965-03-30,B6T61965,1.0,1.0,1,1,1
53540,53539,66450,brian,therrien,1965-03-30,B6T61965,66450,brian,therrien,1965-03-31,B6T61965,1.0,1.0,0,1,1
53542,53541,66433,shion,henley,1970-09-14,S5H51970,66433,shion,henley,1970-09-14,S5H51970,1.0,1.0,1,1,1
53543,51173,66433,shion,z,1970-09-14,S5Z01970,65711,samuel,zzz,1970-06-28,S5Z01970,0.4555555555555555,0.7999999999999999,0,0,0
53543,51364,66433,shion,z,1970-09-14,S5Z01970,65745,sami,z,1970-07-22,S5Z01970,0.6333333333333333,1.0,0,0,0
53550,15258,56500,mick,preston,1970-07-08,M2P61970,55137,maxine,peart,1970-05-29,M2P61970,0.611111111111111,0.7364285714285714,0,0,0
53550,15259,56500,mick,preston,1970-07-08,M2P61970,55137,muxxs,peart,1970-03-29,M2P61970,0.4833333333333333,0.7364285714285714,0,0,0
53550,15260,56500,mick,preston,1970-07-08,M2P61970,55137,maxine,peart,1970-05-24,M2P61970,0.611111111111111,0.7364285714285714,0,0,0
53550,34102,56500,mick,preston,1970-07-08,M2P61970,17688,michael,prvn,1970-01-24,M2P61970,0.8083333333333333,0.5952380952380952,0,0,0
53553,21433,66430,kevin,rcm,1972-11-05,K1R21972,56959,kb,raja,1972-04-01,K1R21972,0.5666666666666667,0.5277777777777778,0,0,0
53563,53562,65897,an,stroud,1995-08-29,A5S31995,65897,anthony,stroud,1995-08-29,A5S31995,0.8095238095238095,1.0,1,1,1
53566,53565,66426,sterling,tatum,1986-11-15,S3T31986,66426,sterling,tatum,1986-11-15,S3T31986,1.0,1.0,1,1,1
53570,43972,65657,jx,canzani,1983-11-03,J0C51983,63593,ja,chancey,1983-01-17,J0C51983,0.6666666666666666,0.6190476190476191,0,0,0
53581,29233,66422,jaysa,almonte,1980-09-17,J2A41980,59297,jose,alabc,1980-08-18,J2A41980,0.6333333333333333,0.5619047619047619,0,0,0
53586,8335,66453,roi,mzake,1962-05-30,R0M21962,53241,r,mwc,1962-07-26,R0M21962,0.7999999999999999,0.5111111111111111,0,0,0
53586,29779,66453,roi,mzake,1962-05-30,R0M21962,51399,re,mcmanus,1962-08-03,R0M21962,0.611111111111111,0.5619047619047619,0,0,0
53590,53589,66454,artley,carter,1956-04-25,A6C61956,66454,artley,carter,1956-04-25,A6C61956,1.0,1.0,1,1,1
53595,13717,66438,kordell,ri,1987-11-10,K6R01987,54758,karen,r,1987-04-03,K6R01987,0.6761904761904761,0.8500000000000001,0,0,0
53595,19487,66438,kordell,ri,1987-11-10,K6R01987,55743,kristin,r,1987-02-17,K6R01987,0.5238095238095238,0.8500000000000001,0,0,0
53597,53596,66438,kordell,rycymy,1987-11-10,K6R21987,66438,kordell,richter,1987-01-10,K6R21987,1.0,0.5396825396825397,0,0,1
53611,53610,66449,askew,joshua,1993-11-02,A2J21993,66449,askew,joshua,1993-11-02,A2J21993,1.0,1.0,1,1,1
53612,53610,66449,askew,joshua,1993-11-02,A2J21993,66449,askew,joshua,1993-11-02,A2J21993,1.0,1.0,1,1,1
53612,53611,66449,askew,joshua,1993-11-02,A2J21993,66449,askew,joshua,1993-11-02,A2J21993,1.0,1.0,1,1,1
53614,29278,66428,eock,wxac,1988-04-04,E2W21988,59305,exebc,wks,1988-02-12,E2W21988,0.4833333333333333,0.5277777777777778,0,0,0
53616,48553,66445,loovth,mikelstein,1992-12-01,L1M21992,64929,laporsha,mosley,1992-12-22,L1M21992,0.625,0.6055555555555555,0,0,0
53620,38313,57681,andres,arcacorrederas,1977-12-05,A5A61977,61990,andre,archat,1977-02-11,A5A61977,0.9666666666666668,0.6507936507936508,0,0,0
53620,38315,57681,andres,arcacorrederas,1977-12-05,A5A61977,61990,andre,archat,1977-02-16,A5A61977,0.9666666666666668,0.6507936507936508,0,0,0
53621,38313,57681,andres,arsacorv,1977-12-05,A5A61977,61990,andre,archat,1977-02-11,A5A61977,0.9666666666666668,0.6388888888888888,0,0,0
53621,38315,57681,andres,arsacorv,1977-12-05,A5A61977,61990,andre,archat,1977-02-16,A5A61977,0.9666666666666668,0.6388888888888888,0,0,0
53621,53620,57681,andres,arsacorv,1977-12-05,A5A61977,57681,andres,arcacorrederas,1977-12-05,A5A61977,1.0,0.6706349206349206,1,1,1
53624,53623,66479,dsu,obrecht,1964-01-19,D2O11964,66479,douglas,obrecht,1964-01-18,D2O11964,0.6507936507936508,1.0,0,0,1
53627,40201,53728,tiffany,mu,1978-01-27,T1M01978,28949,tiffany,m,1978-05-23,T1M01978,1.0,0.8500000000000001,0,1,0
53627,45971,53728,tiffany,mu,1978-01-27,T1M01978,57036,tiffany,m,1978-07-10,T1M01978,1.0,0.8500000000000001,0,1,0
53642,11343,29710,daniel,cortes,1990-04-03,D5C61990,54119,daniel,carvallo,1990-01-20,D5C61990,1.0,0.5277777777777778,0,0,0
53642,11344,29710,daniel,cortes,1990-04-03,D5C61990,54119,daniel,carvallo,1990-07-20,D5C61990,1.0,0.5277777777777778,0,0,0
53644,5867,66470,d,aq,1983-10-23,D0A21983,52553,d,acosta,1983-06-15,D0A21983,1.0,0.5555555555555555,0,0,0
53646,22581,66455,james,p,1956-01-12,J5P01956,57299,jeanne,pua,1956-05-15,J5P01956,0.5888888888888889,0.7999999999999999,0,0,0
53651,53649,66469,gcbpivl,beato,1989-05-02,G1B31989,66469,gabriela,beato,1989-05-22,G1B31989,0.6904761904761904,1.0,0,0,1
53656,53655,66475,jej,gonzalez,1989-12-12,J2G51989,66475,juhhic,gonzalez,1989-12-12,J2G51989,0.5,1.0,1,1,1
53657,9563,66475,jessica,xonz,1989-12-12,J2X51989,43362,joshua,xcnsm,1989-07-09,J2X51989,0.6428571428571429,0.6333333333333333,0,0,0
53664,48064,37023,andra,allen,1974-08-25,A5A41974,64779,aner,allxnlhngd,1974-09-23,A5A41974,0.8266666666666667,0.8133333333333334,0,0,0
53666,48064,37023,andra,allen,1974-08-25,A5A41974,64779,aner,allxnlhngd,1974-09-23,A5A41974,0.8266666666666667,0.8133333333333334,0,0,0
53666,53664,37023,andra,allen,1974-08-25,A5A41974,37023,andra,allen,1974-08-25,A5A41974,1.0,1.0,1,1,1
53668,53667,66465,jessica,figueroa,1980-11-19,J2F21980,66465,jessica,figueroa,1980-11-19,J2F21980,1.0,1.0,1,1,1
53672,8624,66467,bbrho,ps,1984-05-08,B6P21984,53354,brandon,puuc,1984-11-10,B6P21984,0.6761904761904761,0.5833333333333334,0,0,0
53675,24438,66480,kevin,florence,1987-05-01,K1F41987,57840,kjptu,flewellyn,1987-04-29,K1F41987,0.4666666666666666,0.6601851851851852,0,0,0
53676,24943,8602,michael,mccauley,1990-05-03,M2M21990,16722,mikhail,mcleea,1990-11-23,M2M21990,0.8476190476190477,0.8022222222222223,0,0,0
53677,24943,8602,michael,mccauley,1990-09-13,M2M21990,16722,mikhail,mcleea,1990-11-23,M2M21990,0.8476190476190477,0.8022222222222223,0,0,0
53677,53676,8602,michael,mccauley,1990-09-13,M2M21990,8602,michael,mccauley,1990-05-03,M2M21990,1.0,1.0,0,1,1
53678,9445,8602,x,mctayu,1980-09-03,X0M21980,44662,x,masyt,1980-12-11,X0M21980,1.0,0.765,0,0,0
53682,46789,66458,cra,clerie,1995-05-24,C6C41995,64391,christopher,collins,1995-10-22,C6C41995,0.6161616161616161,0.6428571428571429,0,0,0
53693,53692,66476,catalino,bautista,1979-04-30,C3B31979,66476,catalino,bautista,1979-04-30,C3B31979,1.0,1.0,1,1,1
53701,29987,66468,hz,xulk,1983-09-04,H2X41983,59498,hag,xul,1983-12-19,H2X41983,0.611111111111111,0.9416666666666668,0,0,0
53716,34580,66490,jose,acosta,1965-12-18,J2A21965,60901,josqb,ax,1965-01-25,J2A21965,0.8483333333333334,0.5555555555555555,0,0,0
53723,53722,66485,tanya,kennon,1988-04-23,T5K51988,66485,tanya,kennon,1988-04-23,T5K51988,1.0,1.0,1,1,1
53725,53724,66491,michael,prycvy,1991-02-04,M2P61991,66491,michael,proctor,1991-02-04,M2P61991,1.0,0.6428571428571429,1,1,1
53726,53724,66491,michael,proctor,1991-02-04,M2P61991,66491,michael,proctor,1991-02-04,M2P61991,1.0,1.0,1,1,1
53726,53725,66491,michael,proctor,1991-02-04,M2P61991,66491,michael,prycvy,1991-02-04,M2P61991,1.0,0.6428571428571429,1,1,1
53741,53739,66498,erica,james,1991-07-05,E6J51991,66498,erica,james,1991-04-05,E6J51991,1.0,1.0,0,1,1
53750,53749,49062,tjm,brown,1972-07-20,T2B61972,49062,tq,brown,1972-07-20,T2B61972,0.611111111111111,1.0,1,1,1
53753,25395,66501,christo,rucker,1980-05-11,C6R21980,58120,carlos,rosario,1980-04-10,C6R21980,0.6626984126984127,0.5396825396825397,0,0,0
53753,25396,66501,christo,rucker,1980-05-11,C6R21980,58120,carlos,rosario,1980-04-10,C6R21980,0.6626984126984127,0.5396825396825397,0,0,0
53753,33557,66501,christo,rucker,1980-05-11,C6R21980,60584,carlos,rugel,1980-01-01,C6R21980,0.6626984126984127,0.76,0,0,0
53753,43582,66501,christo,rucker,1980-05-11,C6R21980,63490,chr,rice,1980-01-10,C6R21980,0.8666666666666668,0.775,0,0,0
53770,20720,66513,dm,cividiamei,1978-05-03,D5C11978,56761,dwun,cooper,1978-11-01,D5C11978,0.5833333333333334,0.5111111111111111,0,0,0
53777,53775,66505,james,stnj,1986-03-12,J5S31986,66505,james,stalter,1986-03-12,J5S31986,1.0,0.5952380952380952,1,1,1
53792,26340,66517,alexander,rodriguezmulato,1989-11-14,A4R31989,2105,alexander,rodriguez,1989-03-28,A4R31989,1.0,0.92,0,1,0
53797,19111,66512,alvin,k,1979-07-12,A4K01979,56329,alex,kso,1979-01-17,A4K01979,0.6333333333333333,0.7999999999999999,0,0,0
53809,42583,58729,ac,sk,1995-06-06,A2S01995,63193,asfoe,s,1995-04-17,A2S01995,0.5666666666666667,0.8500000000000001,0,0,0
53815,53814,66514,john,flowers,1961-05-17,J5F41961,66514,john,flowers,1961-01-15,J5F41961,1.0,1.0,0,1,1
53824,48897,64188,jan,singh,1994-05-10,J5S51994,65012,jean,shgniue,1994-01-21,J5S51994,0.925,0.565079365079365,0,0,0
53828,39092,62225,scott,mayberry,1956-04-29,S3M11956,62225,scott,mayberry,1956-09-29,S3M11956,1.0,1.0,0,1,1
53833,53832,63833,shawn,oliver,1970-07-26,S5O41970,63833,shawn,oliver,1970-07-25,S5O41970,1.0,1.0,0,1,1
53837,53835,66516,elon,tcv,1980-04-04,E4T21980,66516,elon,tisdale,1980-04-04,E4T21980,1.0,0.4920634920634921,1,1,1
53852,51947,66524,jhony,f,1981-04-12,J5F01981,65950,jeannette,fe,1981-08-28,J5F01981,0.5407407407407407,0.8500000000000001,0,0,0
53855,48113,66529,ctnj,mc,1991-10-01,C3M21991,64787,cdrik,mejia,1991-10-14,C3M21991,0.4833333333333333,0.5666666666666667,0,0,0
53862,14605,66526,jmf,johnson,1993-02-02,J5J51993,54979,jonathan,johnson,1993-07-06,J5J51993,0.4861111111111111,1.0,0,0,0
53873,53872,66531,patrice,johnson,1981-08-10,P3J51981,66531,patrice,jwgnb,1981-08-10,P3J51981,1.0,0.5619047619047619,1,1,1
53875,53874,66533,erica,hicks,1990-03-08,E6H21990,66533,erica,hicks,1990-03-08,E6H21990,1.0,1.0,1,1,1
53876,53874,66533,erica,hcd,1990-03-08,E6H21990,66533,erica,hicks,1990-03-08,E6H21990,1.0,0.6888888888888888,1,1,1
53876,53875,66533,erica,hcd,1990-03-08,E6H21990,66533,erica,hicks,1990-03-08,E6H21990,1.0,0.6888888888888888,1,1,1
53896,18822,66553,anlpr,borrero,1988-04-24,A5B61988,2223,and,barnes,1988-06-03,A5B61988,0.6888888888888888,0.6428571428571429,0,0,0
53903,53901,66567,jennifer,bp,1957-11-22,J5B01957,66567,jennifer,bp,1957-11-22,J5B01957,1.0,1.0,1,1,1
53907,14848,66548,annaisa,ricardo,1989-07-22,A5R21989,55016,anthony,ressy,1989-06-24,A5R21989,0.5238095238095238,0.4476190476190476,0,0,0
53907,30366,66548,annaisa,ricardo,1989-07-22,A5R21989,59604,amaes,raq,1989-11-29,A5R21989,0.6761904761904761,0.6507936507936508,0,0,0
53909,14848,66548,annaisa,ricardo,1989-07-28,A5R21989,55016,anthony,ressy,1989-06-24,A5R21989,0.5238095238095238,0.4476190476190476,0,0,0
53909,30366,66548,annaisa,ricardo,1989-07-28,A5R21989,59604,amaes,raq,1989-11-29,A5R21989,0.6761904761904761,0.6507936507936508,0,0,0
53909,53907,66548,annaisa,ricardo,1989-07-28,A5R21989,66548,annaisa,ricardo,1989-07-22,A5R21989,1.0,1.0,0,1,1
53920,24452,66552,michael,blanchette,1970-06-04,M2B41970,57876,michael,blum,1970-01-02,M2B41970,1.0,0.5666666666666667,0,0,0
53920,29063,66552,michael,blanchette,1970-06-04,M2B41970,57876,michael,blum,1970-01-02,M2B41970,1.0,0.5666666666666667,0,0,0
53926,50174,59544,jimmy,callins,1993-01-16,J5C41993,65425,juan,cuellar,1993-05-10,J5C41993,0.4833333333333333,0.6190476190476191,0,0,0
53939,24962,66551,rk,mufe,1994-08-31,R2M11994,57993,richllen,mbte,1994-05-10,R2M11994,0.5416666666666666,0.6666666666666666,0,0,0
53946,50174,59544,jimmy,callins,1993-01-16,J5C41993,65425,juan,cuellar,1993-05-10,J5C41993,0.4833333333333333,0.6190476190476191,0,0,0
53946,53926,59544,jimmy,callins,1993-01-16,J5C41993,59544,jimmy,callins,1993-01-16,J5C41993,1.0,1.0,1,1,1
53947,50174,59544,jimmy,callins,1993-01-16,J5C41993,65425,juan,cuellar,1993-05-10,J5C41993,0.4833333333333333,0.6190476190476191,0,0,0
53947,53926,59544,jimmy,callins,1993-01-16,J5C41993,59544,jimmy,callins,1993-01-16,J5C41993,1.0,1.0,1,1,1
53947,53946,59544,jimmy,callins,1993-01-16,J5C41993,59544,jimmy,callins,1993-01-16,J5C41993,1.0,1.0,1,1,1
53957,38011,66539,alvy,giron,1977-08-31,A4G61977,61896,alton,gurney,1977-05-25,A4G61977,0.6333333333333333,0.7300000000000001,0,0,0
53957,38012,66539,alvy,giron,1977-08-31,A4G61977,61896,alton,gurney,1977-05-25,A4G61977,0.6333333333333333,0.7300000000000001,0,0,0
53957,41211,66539,alvy,giron,1977-08-31,A4G61977,61896,alton,gurney,1977-05-25,A4G61977,0.6333333333333333,0.7300000000000001,0,0,0
53966,53965,66564,jocenildo,souza,1970-11-16,J2S21970,66564,jocenildo,souza,1970-11-10,J2S21970,1.0,1.0,0,1,1
53972,28451,17803,trv,cred,1993-01-19,T6C61993,59068,tyrone,carter,1993-11-05,T6C61993,0.6666666666666666,0.775,0,0,0
53978,1878,66565,c,moss-jordan,1984-01-01,C0M21984,1307,c,mazrodu,1984-06-01,C0M21984,1.0,0.5616883116883117,0,0,0
53990,53988,39852,brandon,loud,1993-06-30,B6L31993,39852,brandon,loud,1993-06-30,B6L31993,1.0,1.0,1,1,1
54019,52685,66573,curtis,sneed,1967-03-13,C6S51967,66203,christopher,smith,1967-10-16,C6S51967,0.695959595959596,0.4666666666666666,0,0,0
54025,15825,66576,noe,carabjal,1978-12-19,N0C61978,55321,n,charlot,1978-04-17,N0C61978,0.7999999999999999,0.6904761904761904,0,0,0
54028,1392,66591,victor,g,1966-12-19,V2G01966,51224,vj,ga,1966-07-13,V2G01966,0.5555555555555555,0.8500000000000001,0,0,0
54032,21937,32722,jose,amador,1989-03-19,J2A51989,57078,jason,ankney,1989-02-06,J2A51989,0.6333333333333333,0.4444444444444444,0,0,0
54040,46863,66581,justin,ge,1990-04-19,J2G01990,64415,justin,g,1990-03-20,J2G01990,1.0,0.8500000000000001,0,1,0
54051,52405,66105,christopher,chisolm,1989-07-14,C6C21989,66105,cur,chisolm,1989-07-14,C6C21989,0.6161616161616161,1.0,1,1,1
54059,4573,66571,bhp,dg,1964-01-26,B0D21964,52171,b,dzdmm,1964-11-11,B0D21964,0.7999999999999999,0.5666666666666667,0,0,0
54067,48337,66604,richard,ru,1987-02-09,R2R01987,55340,rx,ri,1987-05-23,R2R01987,0.5476190476190476,0.6666666666666666,0,0,0
54082,37619,33470,maxene,j,1987-06-30,M2J01987,61766,michael,j,1987-04-28,M2J01987,0.5396825396825397,1.0,0,0,0
54084,50327,66580,richard,otto,1987-03-11,R2O31987,65464,regtd,odmnpet,1987-12-02,R2O31987,0.5619047619047619,0.4642857142857142,0,0,0
54108,46887,66590,jose,sandi,1988-07-06,J2S51988,64418,jacob,samp,1988-07-10,J2S51988,0.4833333333333333,0.6333333333333333,0,0,0
54109,46887,66590,jose,sandibenavides,1988-07-06,J2S51988,64418,jacob,samp,1988-07-10,J2S51988,0.4833333333333333,0.5476190476190476,0,0,0
54109,54108,66590,jose,sandibenavides,1988-07-06,J2S51988,66590,jose,sandi,1988-07-06,J2S51988,1.0,0.8714285714285714,1,1,1
54154,1433,51230,antwon,boyd,1992-09-02,A5B31992,51230,antwon,boyd,1992-09-02,A5B31992,1.0,1.0,1,1,1
54154,21375,51230,antwon,boyd,1992-09-02,A5B31992,56925,ameer,badal,1992-05-06,A5B31992,0.4555555555555555,0.6333333333333333,0,0,0
54155,1433,51230,antwon,boyd,1992-09-02,A5B31992,51230,antwon,boyd,1992-09-02,A5B31992,1.0,1.0,1,1,1
54155,21375,51230,antwon,boyd,1992-09-02,A5B31992,56925,ameer,badal,1992-05-06,A5B31992,0.4555555555555555,0.6333333333333333,0,0,0
54155,54154,51230,antwon,boyd,1992-09-02,A5B31992,51230,antwon,boyd,1992-09-02,A5B31992,1.0,1.0,1,1,1
54166,46893,27194,frxoy,p,1990-07-21,F6P01990,64436,fry,pwi,1990-12-07,F6P01990,0.6888888888888888,0.7999999999999999,0,0,0
54194,21166,56879,michael,whiteman,1987-08-23,M2W31987,56879,michael,whiteman,1987-08-23,M2W31987,1.0,1.0,1,1,1
54194,21167,56879,michael,whiteman,1987-08-23,M2W31987,56879,micado,whiteman,1987-08-03,M2W31987,0.8222222222222222,1.0,0,1,1
54198,52482,36874,christopher,alexander,1992-09-13,C6A41992,31042,christopher,aiello,1992-07-24,C6A41992,1.0,0.5,0,0,0
54221,54219,66626,t,elwood,1953-05-04,T0E41953,66626,t,elwood,1953-05-04,T0E41953,1.0,1.0,1,1,1
54238,54237,66653,samuel,chrupcala,1991-01-16,S5C61991,66653,samuel,chrupcala,1991-01-16,S5C61991,1.0,1.0,1,1,1
54259,54258,774,mijtar,mczrq,1971-12-12,M2M21971,774,michael,mcgroarthy,1971-12-12,M2M21971,0.6428571428571429,0.6333333333333333,1,0,1
54265,31303,64665,mc,skwrw,1991-06-05,M2S61991,59910,michael,short,1991-12-08,M2S61991,0.7857142857142857,0.6,0,0,0
54266,31303,64665,mcdowell,sherwood,1991-06-05,M2S61991,59910,michael,short,1991-12-08,M2S61991,0.6904761904761904,0.6833333333333332,0,0,0
54266,54265,64665,mcdowell,sherwood,1991-06-05,M2S61991,64665,mc,skwrw,1991-06-05,M2S61991,0.8,0.5472222222222222,1,1,1
54272,32486,66647,alem,tpazusamb,1980-08-31,A4T11980,60286,albert,tpa,1980-08-18,A4T11980,0.8,0.8444444444444443,0,0,0
54274,34071,36743,jerry,l,1990-08-14,J6L01990,60721,jeremiah,lo,1990-07-26,J6L01990,0.6583333333333333,0.8500000000000001,0,0,0
54274,49358,36743,jerry,l,1990-08-14,J6L01990,65146,jaryam,l,1990-06-18,J6L01990,0.7300000000000001,1.0,0,0,0
54287,29937,66643,stanley,louis,1988-06-08,S3L21988,51225,shadi,lc,1988-07-01,S3L21988,0.5619047619047619,0.5666666666666667,0,0,0
54292,54291,66633,rosiland,murphy,1974-09-24,R2M61974,66633,rosiland,murphy,1974-09-21,R2M61974,1.0,1.0,0,1,1
54301,5891,5845,mre,hqlkf,1988-12-09,M6H21988,8687,marshall,higgs,1988-11-26,M6H21988,0.6388888888888888,0.4666666666666666,0,0,0
54301,28956,5845,mre,hqlkf,1988-12-09,M6H21988,8687,marshall,higgs,1988-11-26,M6H21988,0.6388888888888888,0.4666666666666666,0,0,0
54301,30095,5845,mre,hqlkf,1988-12-09,M6H21988,8687,mar,higgs,1988-11-26,M6H21988,0.5555555555555555,0.4666666666666666,0,0,0
54310,54309,66651,emili,giurgiuveanu,1991-03-05,E5G61991,66651,emili,giurgiuveanu,1991-03-04,E5G61991,1.0,1.0,0,1,1
54330,2117,66683,nicole,moet,1986-01-31,N2M31986,51432,nkmr,md,1986-11-21,N2M31986,0.4722222222222221,0.5833333333333334,0,0,0
54330,13594,66683,nicole,moet,1986-01-31,N2M31986,54672,nikevis,mitchell,1986-05-07,N2M31986,0.6428571428571429,0.5972222222222222,0,0,0
54338,37996,66661,alphonce,metelus,1994-07-29,A4M31994,61875,alex,matesime,1994-06-04,A4M31994,0.5833333333333334,0.6071428571428571,0,0,0
54342,40163,66686,jessica,perez-adams,1985-07-31,J2P61985,60538,jokpv,pruett,1985-04-12,J2P61985,0.4476190476190476,0.4797979797979798,0,0,0
54342,44647,66686,jessica,perez-adams,1985-07-31,J2P61985,21667,josue,pierre,1985-12-28,J2P61985,0.5619047619047619,0.6767676767676768,0,0,0
54350,54349,66657,juan,arroya,1941-02-05,J5A61941,66657,juan,arroya,1941-02-05,J5A61941,1.0,1.0,1,1,1
54352,54351,66659,tibor,vittman,1976-04-24,T1V31976,66659,tibor,vittman,1976-04-24,T1V31976,1.0,1.0,1,1,1
54356,48156,50532,rh,gpo,1975-12-31,R0G11975,64813,rh,gibbon,1975-12-09,R0G11975,1.0,0.6666666666666666,0,0,0
54371,20808,65972,mqbvr,delgiudice,1986-08-01,M2D41986,49911,mike,delgado,1986-08-03,M2D41986,0.4833333333333333,0.8428571428571429,0,0,0
54371,26746,65972,mqbvr,delgiudice,1986-08-01,M2D41986,47168,michael,doyle,1986-09-24,M2D41986,0.4476190476190476,0.5222222222222221,0,0,0
54388,14065,8828,robb,sebasty,1976-07-22,R1S11976,54859,robin,spickard,1976-05-27,R1S11976,0.8483333333333334,0.5119047619047619,0,0,0
54389,46346,8828,k,l,1976-07-22,K0L01976,16679,kh,lee,1976-04-02,K0L01976,0.8500000000000001,0.7999999999999999,0,0,0
54391,54390,66684,allen,maxwell,1981-03-11,A4M21981,66684,allen,mcxcy,1981-03-11,A4M21981,1.0,0.5619047619047619,1,1,1
54398,54396,66666,david,schutz,1970-05-10,D1S31970,66666,david,schutz,1970-05-10,D1S31970,1.0,1.0,1,1,1
54402,40954,40286,jb,cwyvn,1983-06-10,J1C11983,10819,jbn,chapman,1983-09-07,J1C11983,0.9111111111111112,0.5619047619047619,0,0,0
54410,25369,36274,blaine,wiggins,1988-11-10,B4W21988,48516,blxc,wiggins,1988-11-10,B4W21988,0.611111111111111,1.0,1,1,0
54424,54423,66702,sannie,williams,1960-03-29,S5W41960,66702,sannie,williams,1960-06-29,S5W41960,1.0,1.0,0,1,1
54433,27262,66688,donel,rlin,1982-08-20,D5R41982,58726,deandre,rolle,1982-06-27,D5R41982,0.565079365079365,0.6333333333333333,0,0,0
54443,27891,45856,t,graham,1981-08-14,T0G61981,30731,ta,gerig,1981-08-20,T0G61981,0.8500000000000001,0.5777777777777778,0,0,0
54446,11343,29710,daniel,cortes,1990-04-03,D5C61990,54119,daniel,carvallo,1990-01-20,D5C61990,1.0,0.5277777777777778,0,0,0
54446,11344,29710,daniel,cortes,1990-04-03,D5C61990,54119,daniel,carvallo,1990-07-20,D5C61990,1.0,0.5277777777777778,0,0,0
54446,53642,29710,daniel,cortes,1990-04-03,D5C61990,29710,daniel,cortes,1990-04-03,D5C61990,1.0,1.0,1,1,1
54464,17431,66708,dustin,graham,1988-06-03,D2G61988,55818,deuq,gersbach,1988-08-16,D2G61988,0.611111111111111,0.625,0,0,0
54464,18219,66708,dustin,graham,1988-06-03,D2G61988,56090,dz,griffith,1988-02-24,D2G61988,0.5555555555555555,0.5277777777777778,0,0,0
54481,54480,66705,juan,marinero,1980-02-29,J5M61980,66705,juan,marinero,1980-02-23,J5M61980,1.0,1.0,0,1,1
54483,1009,66706,h,spencer,1991-09-04,H0S11991,51099,h,sparks,1991-07-13,H0S11991,1.0,0.5396825396825397,0,0,0
54493,23498,34535,barel,msld,1988-07-15,B6M21988,57580,brian,mj,1988-08-31,B6M21988,0.6,0.5833333333333334,0,0,0
54493,35266,34535,barel,msld,1988-07-15,B6M21988,20838,berton,michel,1988-09-09,B6M21988,0.5888888888888889,0.4722222222222221,0,0,0
54493,35267,34535,barel,msld,1988-07-15,B6M21988,20838,berton,michel,1988-09-09,B6M21988,0.5888888888888889,0.4722222222222221,0,0,0
54493,48077,34535,barel,msld,1988-07-15,B6M21988,64775,brandon,moss,1988-01-14,B6M21988,0.565079365079365,0.6666666666666666,0,0,0
54503,54501,66727,jesse,iwanow,1969-06-12,J2I51969,66727,jesse,iwanow,1969-06-12,J2I51969,1.0,1.0,1,1,1
54509,54507,57840,joshua,flewellyn,1987-04-20,J2F41987,57840,joshua,flewellyn,1987-04-29,J2F41987,1.0,1.0,0,1,1
54515,54513,66723,jerry,nguyen,1987-08-12,J6N21987,66723,jerry,nmgy,1987-03-12,J6N21987,1.0,0.775,0,1,1
54518,31809,66743,zy,dias,1995-05-11,Z0D21995,60058,zi,diaz,1995-02-07,Z0D21995,0.6666666666666666,0.8833333333333334,0,0,0
54519,4933,66726,janae,wachington,1993-03-07,J5W21993,52295,james,wickman,1993-10-12,J5W21993,0.7866666666666667,0.6714285714285714,0,0,0
54519,52836,66726,janae,wachington,1993-03-07,J5W21993,66219,jhemel,west,1993-07-16,J5W21993,0.5777777777777778,0.5666666666666667,0,0,0
54519,52837,66726,janae,wachington,1993-03-07,J5W21993,66219,jhemel,west,1993-07-16,J5W21993,0.5777777777777778,0.5666666666666667,0,0,0
54531,52212,66730,a,llgu,1990-12-04,A0L21990,29075,a,lxf,1990-11-26,A0L21990,1.0,0.5277777777777778,0,0,0
54538,53070,46205,jacob,johnson,1993-05-07,J2J51993,66316,juwauquinn,johnson,1993-08-20,J2J51993,0.5333333333333333,1.0,0,0,0
54538,53072,46205,jacob,johnson,1993-05-07,J2J51993,66316,juwauquinn,johnson,1993-08-20,J2J51993,0.5333333333333333,1.0,0,0,0
54539,22870,46205,jacob,johnson,1990-05-27,J2J51990,7845,jose,jones,1990-01-02,J2J51990,0.4833333333333333,0.8323809523809523,0,0,0
54544,3547,66742,chris,hernandez,1982-07-29,C6H61982,8739,christopher,harwood,1982-06-16,C6H61982,0.890909090909091,0.5886243386243386,0,0,0
54550,54549,10387,terracne,ha,1986-09-25,T6H01986,10387,terp,hwuh,1986-09-21,T6H01986,0.7958333333333334,0.5833333333333334,0,0,1
54552,27691,58855,tiara,higgs,1988-11-25,T6H21988,58855,tiara,hx,1988-11-25,T6H21988,1.0,0.5666666666666667,1,1,1
54557,49305,66729,as,ueaa,1983-09-27,A2U01983,65185,axcle,u,1983-03-26,A2U01983,0.5666666666666667,0.775,0,0,0
54563,18950,66720,lhrisj,scmpm,1989-01-30,L6S51989,56294,lhrbhti,santiago,1989-06-19,L6S51989,0.6428571428571429,0.4416666666666666,0,0,0
54578,54576,66728,michele,rivera,1965-01-25,M2R11965,66728,michele,rivera,1965-01-25,M2R11965,1.0,1.0,1,1,1
54596,54594,66721,amanda,thy,1990-12-03,A5T01990,66721,amanda,t,1990-12-03,A5T01990,1.0,0.7999999999999999,1,1,1
54614,54613,66746,marcos,mercado quijano,1964-04-13,M6M61964,66746,marcos,mercado quijano,1964-04-13,M6M61964,1.0,1.0,1,1,1
54615,9772,66750,muy,pcc,1984-05-29,M0P21984,53707,m,ppkt,1984-08-13,M0P21984,0.7999999999999999,0.5277777777777778,0,0,0
54617,9369,66750,mesrhj,mcclayton,1984-05-09,M2M21984,53545,mgh,mikolashek,1984-10-31,M2M21984,0.6666666666666666,0.5314814814814816,0,0,0
54617,28284,66750,mesrhj,mcclayton,1984-05-09,M2M21984,59025,mjl,mcdougle,1984-01-20,M2M21984,0.5,0.5694444444444444,0,0,0
54617,34848,66750,mesrhj,mcclayton,1984-05-09,M2M21984,60976,michael,mcxotri,1984-08-03,M2M21984,0.5396825396825397,0.5873015873015873,0,0,0
54617,34849,66750,mesrhj,mcclayton,1984-05-09,M2M21984,60976,michael,mctwnz,1984-08-03,M2M21984,0.5396825396825397,0.5185185185185185,0,0,0
54617,34850,66750,mesrhj,mcclayton,1984-05-09,M2M21984,60976,michael,mckenzie,1984-08-03,M2M21984,0.5396825396825397,0.4907407407407407,0,0,0
54617,51484,66750,mesrhj,mcclayton,1984-05-09,M2M21984,55692,michael,mazj,1984-10-25,M2M21984,0.5396825396825397,0.5740740740740741,0,0,0
54617,51485,66750,mesrhj,mcclayton,1984-05-09,M2M21984,55692,michael,mazzarella,1984-10-25,M2M21984,0.5396825396825397,0.4333333333333333,0,0,0
54620,54618,66269,gonzalo,ortizgay,1977-03-27,G5O61977,66269,gonzalo,ortizgay,1977-03-17,G5O61977,1.0,1.0,0,1,1
54621,54333,58177,clyde,frazier,1995-07-21,C4F61995,58177,clyde,frazier,1995-07-21,C4F61995,1.0,1.0,1,1,1
54623,54333,58177,clyde,frazier,1995-07-21,C4F61995,58177,clyde,frazier,1995-07-21,C4F61995,1.0,1.0,1,1,1
54623,54621,58177,clyde,frazier,1995-07-21,C4F61995,58177,clyde,frazier,1995-07-21,C4F61995,1.0,1.0,1,1,1
54638,10139,66760,cordell,gqfgo,1964-01-14,C6G11964,53773,cornelius,gp,1964-05-18,C6G11964,0.8296296296296296,0.5666666666666667,0,0,0
54654,14754,51612,zachary,moore,1993-08-19,Z2M61993,51612,zachary,moore,1993-08-13,Z2M61993,1.0,1.0,0,1,1
54655,14754,51612,zachary,moore,1993-08-10,Z2M61993,51612,zachary,moore,1993-08-13,Z2M61993,1.0,1.0,0,1,1
54655,54654,51612,zachary,moore,1993-08-10,Z2M61993,51612,zachary,moore,1993-08-19,Z2M61993,1.0,1.0,0,1,1
54657,40727,66753,richard,z,1984-11-01,R2Z01984,25542,richard,z,1984-06-13,R2Z01984,1.0,1.0,0,1,0
54672,5325,66756,juan,lo,1973-07-17,J5L01973,52403,james,l,1973-10-12,J5L01973,0.6333333333333333,0.8500000000000001,0,0,0
54678,2906,64522,krq,los,1974-08-22,K6L21974,34047,kurt,lewis,1974-08-03,K6L21974,0.75,0.5111111111111111,0,0,0
54680,47179,64522,brian,jcin,1974-08-22,B6J51974,64522,brian,johnson,1974-08-22,B6J51974,1.0,0.5952380952380952,1,1,1
54680,47180,64522,brian,jcin,1974-08-22,B6J51974,64522,brian,johnson,1974-08-22,B6J51974,1.0,0.5952380952380952,1,1,1
54683,33469,66759,daniel,serna,1981-08-20,D5S61981,60553,daniel,serna,1981-06-20,D5S61981,1.0,1.0,0,1,0
54686,14575,66745,br,toliver,1988-11-03,B6T41988,54976,brandy,taylor,1988-10-03,B6T41988,0.8222222222222222,0.6428571428571429,0,0,0
54692,13632,66291,gerard,rejt,1995-08-24,G6R21995,54706,gayr,regaldo,1995-10-20,G6R21995,0.6388888888888888,0.5952380952380952,0,0,0
54699,46119,66778,trashundra,mr,1990-10-12,T6M61990,64225,tiara,martin,1990-05-02,T6M61990,0.5222222222222221,0.7999999999999999,0,0,0
54699,46121,66778,trashundra,mr,1990-10-12,T6M61990,64225,tiara,martin,1990-05-02,T6M61990,0.5222222222222221,0.7999999999999999,0,0,0
54701,54700,66778,trashundra,mcgowan,1990-10-12,T6M21990,66778,trashundra,mcgowan,1990-10-17,T6M21990,1.0,1.0,0,1,1
54715,51601,65835,joyce,donald,1983-02-23,J2D51983,65835,joyce,donald,1983-02-23,J2D51983,1.0,1.0,1,1,1
54715,51602,65835,joyce,donald,1983-02-23,J2D51983,65835,joyce,donald,1983-02-23,J2D51983,1.0,1.0,1,1,1
54720,8711,66781,dieuseul,pierre-gilles,1981-01-24,D2P61981,53343,dtsj,princilus,1981-09-03,D2P61981,0.5833333333333334,0.6538461538461539,0,0,0
54722,8711,66781,dieuseul,pierre-gilles,1981-01-24,D2P61981,53343,dtsj,princilus,1981-09-03,D2P61981,0.5833333333333334,0.6538461538461539,0,0,0
54722,54720,66781,dieuseul,pierre-gilles,1981-01-24,D2P61981,66781,dieuseul,pierre-gilles,1981-01-24,D2P61981,1.0,1.0,1,1,1
54724,54723,50381,ricardo,karns,1986-02-09,R2K61986,50381,ricardo,karns,1986-03-09,R2K61986,1.0,1.0,0,1,1
54733,54732,66776,bryan,bonevelle,1975-05-06,B6B51975,66776,bryan,bonevelle,1975-05-06,B6B51975,1.0,1.0,1,1,1
54743,11731,66784,l,dacelpza,1993-12-02,L0D21993,54194,ly,dhgmb,1993-06-30,L0D21993,0.8500000000000001,0.4416666666666666,0,0,0
54747,51274,66768,b,smith-claxton,1961-05-21,B0S51961,65775,b,smith,1961-09-25,B0S51961,1.0,0.8769230769230769,0,1,0
54756,20815,66777,ma,bynes,1994-11-25,M0B51994,56740,m,bumpers,1994-11-12,M0B51994,0.8500000000000001,0.6761904761904761,0,0,0
54758,54757,66777,latara,bynes,1994-11-24,L3B51994,66777,latara,bynes,1994-12-25,L3B51994,1.0,1.0,0,1,1
54763,33293,66799,michael,v,1980-01-22,M2V01980,60510,mnjxn,v,1980-04-04,M2V01980,0.4476190476190476,1.0,0,0,0
54785,49467,66793,justin,foh,1994-04-23,J2F01994,65202,jesse,fa,1994-06-29,J2F01994,0.5777777777777778,0.611111111111111,0,0,0
54785,49468,66793,justin,foh,1994-04-23,J2F01994,65202,jesse,f,1994-06-29,J2F01994,0.5777777777777778,0.7999999999999999,0,0,0
54789,1814,66779,shonquavia,et,1990-07-27,S5E31990,51353,shanice,ethridge,1990-09-16,S5E31990,0.6714285714285714,0.8,0,0,0
54793,54792,66788,bienvgntz,valoy,1971-01-25,B5V41971,66788,bienvenido,valoy,1971-01-25,B5V41971,0.8533333333333333,1.0,1,1,1
54797,54795,66652,herman,isaacs,1971-04-22,H6I21971,66652,herman,isaacs,1971-03-22,H6I21971,1.0,1.0,0,1,1
54799,35637,66815,jr,grjs,1978-06-27,J6G61978,61199,jordan,green,1978-07-20,J6G61978,0.7999999999999999,0.6333333333333333,0,0,0
54800,54798,66815,arunkumar,krishamoorthy,1978-06-07,A6K61978,66815,arunkumar,krnshjmu,1978-09-27,A6K61978,1.0,0.6698717948717948,0,0,1
54806,17544,55838,emanuel,rgnwarys,1980-06-17,E5R21980,55838,emanuel,richardson,1980-06-17,E5R21980,1.0,0.6333333333333333,1,1,1
54806,17546,55838,emanuel,rgnwarys,1980-06-17,E5R21980,55838,emanuel,richardson,1980-06-17,E5R21980,1.0,0.6333333333333333,1,1,1
54809,45576,66808,j,matthews,1986-04-08,J0M31986,63815,ja,mitchell,1986-12-16,J0M31986,0.8500000000000001,0.6666666666666666,0,0,0
54828,8595,66809,carlos,gonzalez,1991-04-14,C6G51991,53312,carlos,gonzareh-yst,1991-03-08,C6G51991,1.0,0.85,0,1,0
54837,17393,66820,christina,fuentes,1991-10-10,C6F51991,55804,christine,fhma,1991-02-01,C6F51991,0.9555555555555556,0.4642857142857142,0,0,0
54839,17393,66820,cru,fuentes,1991-10-12,C6F51991,55804,christine,fhma,1991-02-01,C6F51991,0.6296296296296297,0.4642857142857142,0,0,0
54839,54837,66820,cru,fuentes,1991-10-12,C6F51991,66820,christina,fuentes,1991-10-10,C6F51991,0.6296296296296297,1.0,0,0,1
54865,54864,66803,aaron,viulqbam,1990-01-18,A6V41990,66803,aaron,villacampa,1990-11-18,A6V41990,1.0,0.7666666666666667,0,1,1
54868,15531,55240,francesco,daleo,1990-02-19,F6D41990,55240,fratfqcc,daleo,1990-02-19,F6D41990,0.8087962962962962,1.0,1,1,1
54875,9314,66823,christopher,wvm,1962-09-10,C6W11962,53508,carolyn,weaver,1962-01-29,C6W11962,0.5670995670995671,0.6666666666666666,0,0,0
54879,8760,66812,kelvin,kent,1986-02-18,K4K51986,52867,kyle,kane,1986-06-28,K4K51986,0.6388888888888888,0.6666666666666666,0,0,0
54888,39389,66832,darea,nawki,1984-05-23,D6N21984,62309,dernq,nng,1984-12-03,D6N21984,0.6,0.5111111111111111,0,0,0
54904,54903,66837,jules,pier,1943-03-30,J4P61943,66837,jules,pier,1943-01-30,J4P61943,1.0,1.0,0,1,1
54917,45402,66831,john,macneil,1983-08-29,J5M21983,64013,jamar,mcfarlane,1983-11-05,J5M21983,0.4833333333333333,0.5886243386243386,0,0,0
54924,20724,33017,philip,patnaude,1966-06-01,P4P31966,33017,philip,patnaude,1966-06-01,P4P31966,1.0,1.0,1,1,1
54930,13348,43470,rivelino,lewis,1993-10-19,R1L21993,43470,rivelino,lewis,1993-10-19,R1L21993,1.0,1.0,1,1,1
54930,13349,43470,rivelino,lewis,1993-10-19,R1L21993,43470,rivelino,lewis,1993-10-19,R1L21993,1.0,1.0,1,1,1
54931,13348,43470,rivelino,lewis,1993-10-19,R1L21993,43470,rivelino,lewis,1993-10-19,R1L21993,1.0,1.0,1,1,1
54931,13349,43470,rivelino,lewis,1993-10-19,R1L21993,43470,rivelino,lewis,1993-10-19,R1L21993,1.0,1.0,1,1,1
54931,54930,43470,rivelino,lewis,1993-10-19,R1L21993,43470,rivelino,lewis,1993-10-19,R1L21993,1.0,1.0,1,1,1
54932,13348,43470,rivelino,lewis,1993-10-19,R1L21993,43470,rivelino,lewis,1993-10-19,R1L21993,1.0,1.0,1,1,1
54932,13349,43470,rivelino,lewis,1993-10-19,R1L21993,43470,rivelino,lewis,1993-10-19,R1L21993,1.0,1.0,1,1,1
54932,54930,43470,rivelino,lewis,1993-10-19,R1L21993,43470,rivelino,lewis,1993-10-19,R1L21993,1.0,1.0,1,1,1
54932,54931,43470,rivelino,lewis,1993-10-19,R1L21993,43470,rivelino,lewis,1993-10-19,R1L21993,1.0,1.0,1,1,1
54938,54936,66828,edwice,saintlouis,1992-09-28,E3S51992,66828,edwice,saintlouis,1992-09-28,E3S51992,1.0,1.0,1,1,1
54945,31346,64749,brian,jhb,1991-08-01,B6J11991,59906,brooke,jv,1991-01-14,B6J11991,0.5777777777777778,0.611111111111111,0,0,0
54949,21401,56929,tylicia,walker,1993-06-20,T4W41993,56929,tylicia,walker,1993-03-20,T4W41993,1.0,1.0,0,1,1
54956,54954,66830,shameka,prince,1986-02-28,S5P61986,66830,shameka,prince,1986-02-28,S5P61986,1.0,1.0,1,1,1
54957,11904,49398,dany,rosales,1990-09-22,D5R21990,54228,demetris,russaw,1990-05-24,D5R21990,0.4583333333333333,0.6428571428571429,0,0,0
54957,23185,49398,dany,rosales,1990-09-22,D5R21990,57521,don,ruqs,1990-01-05,D5R21990,0.75,0.5952380952380952,0,0,0
54957,53290,49398,dany,rosales,1990-09-22,D5R21990,66340,dmq,rexvh,1990-03-27,D5R21990,0.5277777777777778,0.4476190476190476,0,0,0
54971,53953,66858,michael,chance,1981-09-14,M2C51981,51059,ms,cmlv,1981-09-22,M2C51981,0.5476190476190476,0.4722222222222221,0,0,0
54972,45117,53861,nkmetei,ceb,1993-11-09,N2C11993,63931,nisnia,cooprider,1993-12-03,N2C11993,0.5396825396825397,0.4814814814814814,0,0,0
54975,25368,66863,shtso,wg,1988-12-27,S3W21988,48516,st,wiggins,1988-11-30,S3W21988,0.82,0.7857142857142857,0,0,0
54988,54987,66862,willie,grant,1977-05-12,W4G61977,66862,willie,grant,1977-05-12,W4G61977,1.0,1.0,1,1,1
54994,19017,66860,mozj,bahoque,1982-02-19,M2B21982,37741,mnuhze,basile,1982-11-10,M2B21982,0.611111111111111,0.6428571428571429,0,0,0
54994,19018,66860,mozj,bahoque,1982-02-19,M2B21982,37741,michael,basile,1982-11-17,M2B21982,0.4642857142857142,0.6428571428571429,0,0,0
54994,30297,66860,mozj,bahoque,1982-02-19,M2B21982,54490,mcgex,bslha,1982-05-08,M2B21982,0.4833333333333333,0.5619047619047619,0,0,0
54999,11878,66857,christopher,chaq,1986-02-28,C6C21986,54257,christine,cyxyem,1986-11-22,C6C21986,0.882828282828283,0.4722222222222221,0,0,0
55002,36683,42400,david,dhmi,1983-10-13,D1D51983,61479,dv,dameus,1983-09-10,D1D51983,0.82,0.611111111111111,0,0,0
55003,36683,42400,david,daniels,1983-10-14,D1D51983,61479,dv,dameus,1983-09-10,D1D51983,0.82,0.7968253968253969,0,0,0
55003,55002,42400,david,daniels,1983-10-14,D1D51983,42400,david,dhmi,1983-10-13,D1D51983,1.0,0.5952380952380952,0,0,1
55016,14376,66869,w,a,1981-02-26,W0A01981,54907,w,aw,1981-01-04,W0A01981,1.0,0.8500000000000001,0,1,0
55020,6940,66866,ku,weeden,1985-11-21,K0W31985,52855,kw,wt,1985-08-08,K0W31985,0.6666666666666666,0.5555555555555555,0,0,0
55027,4677,42000,anthony,jackson,1992-02-20,A5J21992,42000,anthony,jackson,1992-02-20,A5J21992,1.0,1.0,1,1,1
55027,4678,42000,anthony,jackson,1992-02-20,A5J21992,42000,anthony,jackson,1992-02-20,A5J21992,1.0,1.0,1,1,1
55027,4679,42000,anthony,jackson,1992-02-20,A5J21992,42000,anthony,jackson,1992-02-20,A5J21992,1.0,1.0,1,1,1
55030,16273,66871,ch,santiago,1988-02-15,C0S51988,55450,c,sean,1988-07-01,C0S51988,0.8500000000000001,0.7375,0,0,0
55031,55029,66871,carjst,santiago,1988-02-15,C6S51988,66871,christopher,santiago,1988-02-10,C6S51988,0.6767676767676768,1.0,0,0,1
55036,40518,50711,jyf,turnquest,1984-12-04,J1T61984,62589,jeffrey,thornton,1984-12-14,J1T61984,0.6507936507936508,0.6481481481481481,0,0,0
55037,23339,50711,j,turnquest,1984-12-04,J0T61984,57536,j,turner,1984-07-06,J0T61984,1.0,0.8777777777777778,0,1,0
55044,33213,66891,rnvf,boscio,1992-03-26,R5B21992,60467,ryan,bassaragh,1992-04-27,R5B21992,0.5,0.5185185185185185,0,0,0
55058,55057,66879,luis,arnx,1987-11-21,L2A61987,66879,luis,arteaga,1987-11-21,L2A61987,1.0,0.5952380952380952,1,1,1
55060,47742,66881,michelle,tof,1979-10-14,M2T11979,64675,mwc,tyobq,1979-09-26,M2T11979,0.6388888888888888,0.6888888888888888,0,0,0
55062,37925,58252,bryan,rm,1988-02-25,B6R51988,52709,brandon,rhn,1988-10-15,B6R51988,0.8323809523809523,0.611111111111111,0,0,0
55067,11863,54246,brandon,thomas,1986-05-16,B6T51986,54246,brandon,thomas,1986-05-16,B6T51986,1.0,1.0,1,1,1
55101,38868,62174,cornelius,rafferty,1988-06-28,C6R11988,62174,cornelius,rafcgcp,1988-03-28,C6R11988,1.0,0.6011904761904762,0,0,1
55103,38868,62174,cornelius,rafferty,1988-06-28,C6R11988,62174,cornelius,rafcgcp,1988-03-28,C6R11988,1.0,0.6011904761904762,0,0,1
55103,55101,62174,cornelius,rafferty,1988-06-28,C6R11988,62174,cornelius,rafferty,1988-06-28,C6R11988,1.0,1.0,1,1,1
55105,55104,66921,angel,dela rosa,1979-04-09,A5D41979,66921,angel,dela rosa,1979-04-06,A5D41979,1.0,1.0,0,1,1
55109,32249,66432,k,shatas,1949-09-04,K0S31949,52425,ki,sdd,1949-07-24,K0S31949,0.8500000000000001,0.5,0,0,0
55111,39800,66910,terrize,major,1989-03-12,T6M21989,54199,terrance,mckinney,1989-03-08,T6M21989,0.8678571428571429,0.4416666666666666,0,0,0
55112,47520,66910,terrize,major,1982-03-11,T6M21982,64624,travis,mixl,1982-08-30,T6M21982,0.6428571428571429,0.4833333333333333,0,0,0
55114,34994,36662,bfcb,dyu,1985-10-09,B2D01985,61004,bz,d,1985-08-27,B2D01985,0.5833333333333334,0.7999999999999999,0,0,0
55119,21734,66899,mv,logan,1990-05-29,M1L21990,57028,mvr,louis,1990-09-04,M1L21990,0.9111111111111112,0.6,0,0,0
55151,28466,66898,clofgi,cadevil,1994-01-20,C4C31994,59101,celoues,ctmw,1994-01-31,C4C31994,0.6428571428571429,0.4642857142857142,0,0,0
55153,44874,63863,frederick,taylor,1957-08-07,F6T41957,63863,frederick,taylor,1957-09-07,F6T41957,1.0,1.0,0,1,1
55229,22551,57318,milton,mirma,1972-12-02,M4M61972,57318,milton,martin,1972-12-12,M4M61972,1.0,0.5777777777777778,0,0,1
55234,35493,66928,jared,bradwell,1983-04-01,J6B61983,5665,jerry,byrd,1983-11-11,J6B61983,0.6,0.7375,0,0,0
55234,35495,66928,jared,bradwell,1983-04-01,J6B61983,5665,jerry,byrd,1983-11-11,J6B61983,0.6,0.7375,0,0,0
55243,55242,21395,moises,miranda,1986-06-27,M2M61986,21395,moises,miranda,1986-06-27,M2M61986,1.0,1.0,1,1,1
55244,55242,21395,moises,miranda,1986-06-27,M2M61986,21395,moises,miranda,1986-06-27,M2M61986,1.0,1.0,1,1,1
55244,55243,21395,moises,miranda,1986-06-27,M2M61986,21395,moises,miranda,1986-06-27,M2M61986,1.0,1.0,1,1,1
55250,55249,66930,dammieum,johnson,1968-05-29,D5J51968,66930,dammieum,johnson,1968-05-29,D5J51968,1.0,1.0,1,1,1
55251,34506,8771,evc,weatherholt,1986-11-27,E1W31986,60865,ebony,wooden,1986-03-10,E1W31986,0.5111111111111111,0.5050505050505051,0,0,0
55278,8147,41700,gssnc,fernandezrobles,1990-12-25,G5F61990,30501,goun,francois,1990-10-09,G5F61990,0.6333333333333333,0.5861111111111111,0,0,0
55279,8147,41700,giancarlo,fernandezrobles,1990-12-25,G5F61990,30501,goun,francois,1990-10-09,G5F61990,0.5740740740740741,0.5861111111111111,0,0,0
55279,55278,41700,giancarlo,fernandezrobles,1990-12-25,G5F61990,41700,gssnc,fernandezrobles,1990-12-25,G5F61990,0.6444444444444445,1.0,1,1,1
55284,29767,66932,usn,gtgzat,1972-01-07,U2G31972,59459,uz,gotiear,1972-06-02,U2G31972,0.611111111111111,0.6428571428571429,0,0,0
55292,55290,40321,joseph,kozma,1968-09-08,J2K21968,40321,joseph,kozma,1968-09-08,J2K21968,1.0,1.0,1,1,1
55295,42905,66947,cux,erd,1987-09-24,C2E61987,63264,couzdpe,ermar,1987-03-30,C2E61987,0.6507936507936508,0.6888888888888888,0,0,0
55296,33549,66958,fhri,san pedro,1982-03-21,F6S51982,41252,fredderick,simmons,1982-01-23,F6S51982,0.6833333333333332,0.5026455026455027,0,0,0
55296,33550,66958,fhri,san pedro,1982-03-21,F6S51982,41252,fredderick,simmons,1982-01-23,F6S51982,0.6833333333333332,0.5026455026455027,0,0,0
55296,33551,66958,fhri,san pedro,1982-03-21,F6S51982,41252,frf,simmons,1982-01-23,F6S51982,0.75,0.5026455026455027,0,0,0
55298,25274,66958,christopher,ia,1982-03-21,C6I01982,54379,christopher,i,1982-08-12,C6I01982,1.0,0.8500000000000001,0,1,0
55301,55299,66965,pww,primeaux,1980-08-15,P0P61980,66965,p,pr,1980-08-15,P0P61980,0.7999999999999999,0.8,1,1,1
55303,8967,66976,michael,dj,1995-02-07,M2D21995,53429,michael,dj,1995-03-29,M2D21995,1.0,1.0,0,1,0
55306,20190,66962,maurice,treadwell,1984-07-25,M6T61984,56646,maria,torresrodrigues,1984-02-20,M6T61984,0.8323809523809523,0.5703703703703703,0,0,0
55309,55308,66967,maria,solis,1973-04-15,M6S41973,66967,mrnt,solis,1973-04-15,M6S41973,0.6333333333333333,1.0,1,1,1
55321,6718,60153,njy,bo,1986-07-23,N2B01986,19164,niocz,b,1986-01-21,N2B01986,0.5111111111111111,0.8500000000000001,0,0,0
55332,51434,66970,vincent,heist,1970-05-04,V5H21970,65784,venql,hgw,1970-05-30,V5H21970,0.5619047619047619,0.5111111111111111,0,0,0
55339,27805,66942,rz,torres,1994-02-16,R2T61994,39707,raj,torc,1994-02-18,R2T61994,0.611111111111111,0.825,0,0,0
55341,34919,66955,michelle,ducoc,1988-02-19,M2D21988,61008,michael,duggan,1988-01-31,M2D21988,0.9214285714285716,0.5777777777777778,0,0,0
55343,19900,66955,michelle,miio,1988-02-14,M2M01988,55928,mc,mow,1988-02-27,M2M01988,0.775,0.5277777777777778,0,0,0
55346,55345,66972,tavia,mills,1989-11-22,T1M41989,66972,tavia,mills,1989-11-22,T1M41989,1.0,1.0,1,1,1
55348,18386,66952,m,h,1993-08-12,M0H01993,56128,m,ha,1993-11-29,M0H01993,1.0,0.8500000000000001,0,1,0
55348,39767,66952,m,h,1993-08-12,M0H01993,62428,ma,h,1993-08-19,M0H01993,0.8500000000000001,1.0,0,1,0
55355,55354,66961,jeremiah,joseph,1991-08-29,J6J21991,66961,jeremiah,joseph,1991-08-27,J6J21991,1.0,1.0,0,1,1
55356,37965,66963,rg,wrcv,1974-12-22,R2W61974,3680,roger,wirb,1974-10-21,R2W61974,0.82,0.6666666666666666,0,0,0
55363,55362,66946,abraham,fzrdd,1967-09-24,A1F21967,66946,abraham,fgoc,1967-09-22,A1F21967,1.0,0.4833333333333333,0,0,1
55380,39285,66966,mary,bailey,1984-05-06,M6B41984,20972,mrfm,black,1984-12-17,M6B41984,0.6666666666666666,0.5888888888888889,0,0,0
55385,55384,66969,ricardo,tomassoni,1970-11-18,R2T51970,66969,ricardo,tomassoni,1970-11-14,R2T51970,1.0,1.0,0,1,1
55397,50458,66979,jonathan,matthew,1992-03-11,J5M31992,65510,james,matuska,1992-01-04,J5M31992,0.5499999999999999,0.6190476190476191,0,0,0
55399,900,7685,dekfrlaf,lxp,1990-05-13,D2L21990,5748,dcnz,lqb,1990-07-30,D2L21990,0.4583333333333333,0.5555555555555555,0,0,0
55399,26362,7685,dekfrlaf,lxp,1990-05-13,D2L21990,52569,dxic,lewis,1990-08-16,D2L21990,0.4583333333333333,0.5111111111111111,0,0,0
55400,26803,7685,dfv,john,1990-05-13,D1J51990,19455,devdu,jnm,1990-09-23,D1J51990,0.6888888888888888,0.5277777777777778,0,0,0
55404,45291,66993,reginald,mp,1983-08-07,R2M11983,63983,rgl,mv,1983-04-13,R2M11983,0.6388888888888888,0.6666666666666666,0,0,0
55414,357,66996,david,o,1991-11-11,D1O01991,34054,david,ouwa,1991-04-18,D1O01991,1.0,0.775,0,1,0
55439,21210,30014,carlos,bznd,1991-12-20,C6B21991,56882,carlos,baca,1991-02-21,C6B21991,1.0,0.5,0,0,0
55451,21743,56761,ne,cooper,1978-11-01,N0C11978,57036,niwi,cbr,1978-07-10,N0C11978,0.5833333333333334,0.5,0,0,0
55475,45960,17673,javon,jackson,1988-09-11,J1J21988,64168,jwbcl,jacobwitz,1988-04-20,J1J21988,0.4666666666666666,0.671957671957672,0,0,0
55490,12045,67003,roger,bigc,1990-09-26,R2B21990,54276,rashad,bogans,1990-10-13,R2B21990,0.4555555555555555,0.611111111111111,0,0,0
55497,53545,31309,keonah,dailey,1991-11-05,K5D41991,31309,keonah,dailey,1991-11-05,K5D41991,1.0,1.0,1,1,1
55498,36190,31309,kdo,buc,1991-11-05,K3B21991,61352,katie,bajd,1991-11-04,K3B21991,0.5111111111111111,0.5277777777777778,0,0,0
55501,55500,67004,stephen,sanford,1978-06-15,S3S51978,67004,stephen,sanford,1978-06-15,S3S51978,1.0,1.0,1,1,1
55503,41951,67010,covaney,gr,1995-06-12,C1G61995,63013,cbr,garv,1995-08-19,C1G61995,0.4920634920634921,0.8500000000000001,0,0,0
55510,55509,67009,timothy,bouma,1985-02-05,T5B51985,67009,timothy,bouma,1985-02-07,T5B51985,1.0,1.0,0,1,1
55513,13259,67001,robert,jones,1987-06-28,R1J51987,54596,rba,johnson,1987-08-12,R1J51987,0.6666666666666666,0.8323809523809523,0,0,0
55523,55522,66914,demetnd,jewel,1993-01-19,D5J41993,66914,demetrius,jewel,1993-01-19,D5J41993,0.853968253968254,1.0,1,1,1
55525,19308,12561,jamaal,brown,1987-07-07,J5B61987,56397,james,bryant,1987-04-22,J5B61987,0.79,0.76,0,0,0
55525,19310,12561,jamaal,brown,1987-07-07,J5B61987,56397,james,bryant,1987-04-29,J5B61987,0.79,0.76,0,0,0
55525,24796,12561,jamaal,brown,1987-07-07,J5B61987,57957,james,barona,1987-07-24,J5B61987,0.79,0.8400000000000001,0,0,0
55525,36311,12561,jamaal,brown,1987-07-07,J5B61987,56397,james,bryant,1987-04-22,J5B61987,0.79,0.76,0,0,0
55540,55539,67015,estn,santana,1989-10-29,E2S51989,67015,esteban,santana,1989-10-29,E2S51989,0.8083333333333333,1.0,1,1,1
55559,17291,67020,christopher,g,1981-07-26,C6G01981,55767,cristian,g,1981-12-05,C6G01981,0.6931818181818182,1.0,0,0,0
55561,38997,67028,wilkerson,f,1995-10-04,W4F01995,62191,william,f,1995-11-01,W4F01995,0.5873015873015873,1.0,0,0,0
55563,25117,67017,jesuo,brtfx,1990-12-20,J2B61990,58046,joquial,bryant,1990-12-21,J2B61990,0.5619047619047619,0.5777777777777778,0,0,0
55563,41476,67017,jesuo,brtfx,1990-12-20,J2B61990,62865,joshua,brisk,1990-02-06,J2B61990,0.7300000000000001,0.6,0,0,0
55563,41477,67017,jesuo,brtfx,1990-12-20,J2B61990,62865,joshua,brisk,1990-02-06,J2B61990,0.7300000000000001,0.6,0,0,0
55563,47422,67017,jesuo,brtfx,1990-12-20,J2B61990,58385,justin,burgess,1990-06-15,J2B61990,0.5888888888888889,0.5619047619047619,0,0,0
55563,47423,67017,jesuo,brtfx,1990-12-20,J2B61990,58385,justin,burgess,1990-09-15,J2B61990,0.5888888888888889,0.5619047619047619,0,0,0
55567,8792,67012,ftmbg,zo,1991-09-24,F3Z01991,53379,fatimah,zo,1991-07-14,F3Z01991,0.6761904761904761,1.0,0,0,0
55570,55569,67022,emile,jonassaint,1988-12-09,E5J51988,67022,emile,jonassaint,1988-12-09,E5J51988,1.0,1.0,1,1,1
55582,28643,67056,mw,b,1981-06-11,M0B01981,59107,ma,bia,1981-02-15,M0B01981,0.6666666666666666,0.7999999999999999,0,0,0
55586,5276,52375,murvin,thomas,1986-03-29,M6T51986,52375,murvin,thomas,1986-03-22,M6T51986,1.0,1.0,0,1,1
55586,52936,52375,murvin,thomas,1986-03-29,M6T51986,52375,murvin,thomas,1986-03-19,M6T51986,1.0,1.0,0,1,1
55611,11411,54136,freddy,cardona,1965-02-15,F6C61965,54136,freddy,care,1965-02-15,F6C61965,1.0,0.8083333333333333,1,1,1
55611,40294,54136,freddy,cardona,1965-02-15,F6C61965,54136,freddy,cardona,1965-02-15,F6C61965,1.0,1.0,1,1,1
55643,47955,67055,max,barber,1973-04-12,M2B61973,64747,mickeal,brooks,1973-07-21,M2B61973,0.4920634920634921,0.5555555555555555,0,0,0
55658,14106,67067,m,auzc,1970-04-08,M0A21970,54856,m,aasoon,1970-03-25,M0A21970,1.0,0.4722222222222221,0,0,0
55669,54870,66804,usbel,ferdinand,1994-09-05,U2F61994,66804,usbel,ferdinand,1994-01-05,U2F61994,1.0,1.0,0,1,1
55670,12738,66804,j,ferdinand,1994-09-05,J0F61994,54436,ji,forbes,1994-06-03,J0F61994,0.8500000000000001,0.5,0,0,0
55677,37805,67066,carl,cell,1986-08-27,C6C41986,61845,curtis,cl,1986-06-13,C6C41986,0.611111111111111,0.8500000000000001,0,0,0
55679,37805,67066,carl,collins,1986-08-27,C6C41986,61845,curtis,cl,1986-06-13,C6C41986,0.611111111111111,0.7857142857142857,0,0,0
55679,55677,67066,carl,collins,1986-08-27,C6C41986,67066,carl,cell,1986-08-27,C6C41986,1.0,0.7535714285714287,1,1,1
55685,26004,66974,damion,matthews,1976-06-23,D5M31976,58307,daniel,mdxnc,1976-10-26,D5M31976,0.6666666666666666,0.4416666666666666,0,0,0
55699,55698,67071,donald,taft,1985-01-25,D5T11985,67071,donald,taft,1985-01-25,D5T11985,1.0,1.0,1,1,1
55701,53999,66542,brion,altidor,1995-08-30,B6A41995,66542,brion,altidor,1995-08-30,B6A41995,1.0,1.0,1,1,1
55703,31195,66542,brion,wlth,1995-05-30,B6W41995,56348,branden,williams,1995-08-02,B6W41995,0.6761904761904761,0.5833333333333334,0,0,0
55708,55707,67093,lario,bell,1958-02-04,L6B41958,67093,lario,bell,1958-02-01,L6B41958,1.0,1.0,0,1,1
55734,44654,66696,rakeem,bxs,1995-03-26,R2B21995,63797,roger,becklum,1995-11-17,R2B21995,0.5777777777777778,0.4920634920634921,0,0,0
55742,53796,67081,alain,xkk,1976-12-06,A4X01976,66512,alvin,xe,1976-07-12,A4X01976,0.8933333333333333,0.611111111111111,0,0,0
55757,55755,67098,jason,rodriguez,1970-08-13,J2R31970,67098,jason,rodriguez,1970-08-14,J2R31970,1.0,1.0,0,1,1
55770,42462,67076,anthony,uegtd,1993-08-12,A5U21993,55053,andres,ussa,1993-04-16,A5U21993,0.5396825396825397,0.4833333333333333,0,0,0
55770,42464,67076,anthony,uegtd,1993-08-12,A5U21993,55053,andres,ussa,1993-04-06,A5U21993,0.5396825396825397,0.4833333333333333,0,0,0
55771,11944,67076,anthony,n,1993-08-12,A5N01993,46587,amanda,n,1993-02-19,A5N01993,0.5396825396825397,1.0,0,0,0
55791,28447,67095,lzs,swvjhe,1988-07-25,L2S11988,59065,lashanna,svottjoxnjo,1988-09-27,L2S11988,0.6388888888888888,0.5909090909090909,0,0,0
55809,8013,47180,ronald,schultheiss,1991-12-23,R5S41991,53119,ryan,shields,1991-03-07,R5S41991,0.6388888888888888,0.6562770562770562,0,0,0
55811,8013,47180,ronald,schultheiss,1991-12-23,R5S41991,53119,ryan,shields,1991-03-07,R5S41991,0.6388888888888888,0.6562770562770562,0,0,0
55811,55809,47180,ronald,schultheiss,1991-12-23,R5S41991,47180,ronald,schultheiss,1991-12-23,R5S41991,1.0,1.0,1,1,1
55814,46135,67085,n,frf,1970-09-09,N0F61970,64233,nno,forur,1970-11-07,N0F61970,0.7999999999999999,0.6888888888888888,0,0,0
55818,8960,67117,robert,clelland,1980-04-20,R1C41980,2598,robert,coleman,1980-01-25,R1C41980,1.0,0.8017857142857143,0,1,0
55826,10431,36407,jpciar,raquepaw,1984-06-24,J1R21984,53863,juvuan,richards,1984-06-30,J1R21984,0.5555555555555555,0.5,0,0,0
55879,12653,65776,brandon,craza,1985-10-27,B6C61985,54433,barrington,christie,1985-03-03,B6C61985,0.7871428571428571,0.5499999999999999,0,0,0
55879,49102,65776,brandon,craza,1985-10-27,B6C61985,54433,barrington,christie,1985-03-03,B6C61985,0.7871428571428571,0.5499999999999999,0,0,0
55879,51316,65776,brandon,craza,1985-10-27,B6C61985,65776,bronqd,cramasta,1985-10-27,B6C61985,0.7968253968253969,0.8366666666666667,1,1,1
55879,51317,65776,brandon,craza,1985-10-27,B6C61985,65776,brandon,cramasta,1985-10-27,B6C61985,1.0,0.8366666666666667,1,1,1
55882,55881,67104,michael,zacharias,1994-04-28,M2Z21994,67104,micxgc,zacharias,1994-04-28,M2Z21994,0.6428571428571429,1.0,1,1,1
55887,466,67115,jxn,garcia,1970-06-27,J5G61970,37680,jean,guerrier,1970-03-10,J5G61970,0.75,0.625,0,0,0
55887,42757,67115,jxn,garcia,1970-06-27,J5G61970,37680,jean,guerrier,1970-03-10,J5G61970,0.75,0.625,0,0,0
55893,10304,67123,h,waiqp,1971-02-16,H0W21971,53830,h,wkof,1971-10-16,H0W21971,1.0,0.4833333333333333,0,0,0
55895,55894,67123,robert,bailey,1976-02-16,R1B41976,67123,robert,bailey,1976-02-16,R1B41976,1.0,1.0,1,1,1
55901,32879,67105,brian,byzoe,1991-01-29,B6B21991,27887,bradley,baqzrnge,1991-04-08,B6B21991,0.6761904761904761,0.6583333333333333,0,0,0
55901,33382,67105,brian,byzoe,1991-01-29,B6B21991,48595,brittany,bsant,1991-06-23,B6B21991,0.9125,0.4666666666666666,0,0,0
55901,52668,67105,brian,byzoe,1991-01-29,B6B21991,48595,brltym,bbagnle,1991-03-23,B6B21991,0.5777777777777778,0.5619047619047619,0,0,0
55908,53588,67126,rfz,fer,1962-07-06,R1F61962,66453,robert,frater,1962-05-30,R1F61962,0.5,0.6666666666666666,0,0,0
55922,55921,67157,erica,burns,1974-06-27,E6B61974,67157,erica,burns,1974-06-27,E6B61974,1.0,1.0,1,1,1
55928,2926,9304,f,bellamy,1985-08-18,F0B41985,51681,fh,blount,1985-11-16,F0B41985,0.8500000000000001,0.5396825396825397,0,0,0
55937,55936,67155,bejamin,kenausis,1989-05-06,B2K51989,67155,bejamin,kenausis,1989-05-06,B2K51989,1.0,1.0,1,1,1
55942,24721,3953,tommy,johnson,1980-11-08,T5J51980,57910,tameka,johnson,1980-01-31,T5J51980,0.5777777777777778,1.0,0,0,0
55943,24721,3953,tommy,johnson,1980-11-08,T5J51980,57910,tameka,johnson,1980-01-31,T5J51980,0.5777777777777778,1.0,0,0,0
55943,55942,3953,tommy,johnson,1980-11-08,T5J51980,3953,tommy,johnson,1980-11-08,T5J51980,1.0,1.0,1,1,1
55951,55950,67143,linda,etienne,1985-01-04,L5E31985,67143,linda,eth,1985-07-04,L5E31985,1.0,0.6507936507936508,0,0,1
55954,55165,67154,david,p,1955-10-01,D1P01955,23759,david,po,1955-05-07,D1P01955,1.0,0.8500000000000001,0,1,0
55958,55956,67146,marco,escobar,1968-06-30,M6E21968,67146,marco,escihx,1968-06-30,M6E21968,1.0,0.6428571428571429,1,1,1
55963,23757,58172,robert,sheets,1961-09-16,R1S31961,57640,roberta,stealy,1961-01-08,R1S31961,0.9714285714285714,0.5555555555555555,0,0,0
55963,25510,58172,robert,sheets,1961-09-16,R1S31961,58172,robert,sheets,1961-08-16,R1S31961,1.0,1.0,0,1,1
55975,55974,67163,dainoral,wit,1962-12-01,D5W31962,67163,dainoral,witherington,1962-12-01,D5W31962,1.0,0.825,1,1,1
55976,55974,67163,dainoral,witherington,1962-12-01,D5W31962,67163,dainoral,witherington,1962-12-01,D5W31962,1.0,1.0,1,1,1
55976,55975,67163,dainoral,witherington,1962-12-01,D5W31962,67163,dainoral,wit,1962-12-01,D5W31962,1.0,0.825,1,1,1
55992,16902,67144,joshua,ibb,1990-02-03,J2I11990,55617,jacolby,ibq,1990-03-11,J2I11990,0.5396825396825397,0.8222222222222222,0,0,0
56011,54626,67133,v,snell,1979-02-01,V0S51979,66751,v,santouse,1979-08-28,V0S51979,1.0,0.5499999999999999,0,0,0
56025,30020,65662,c,rzosv,1980-10-19,C0R21980,59505,ce,rqsut,1980-04-13,C0R21980,0.8500000000000001,0.6,0,0,0
56033,56032,67170,vendar,leroy,1987-12-16,V5L61987,67170,vendar,leroy,1987-12-16,V5L61987,1.0,1.0,1,1,1
56055,13869,67189,victory,ogiste,1995-12-10,V2O21995,54772,vestin,os,1995-03-11,V2O21995,0.5396825396825397,0.7999999999999999,0,0,0
56077,56076,67168,kerby,dorce,1986-08-29,K6D61986,67168,kerby,dorce,1986-08-22,K6D61986,1.0,1.0,0,1,1
56091,45996,67179,jamie,m,1980-03-24,J5M01980,56658,janey,mn,1980-05-03,J5M01980,0.7866666666666667,0.8500000000000001,0,0,0
56095,23423,60777,riv,cxmragtn,1958-12-26,R1C51958,56963,rvc,campanile,1958-08-03,R1C51958,0.5555555555555555,0.5648148148148148,0,0,0
56096,36792,60777,michael,v,1988-12-26,M2V01988,61522,michael,vy,1988-04-15,M2V01988,1.0,0.8500000000000001,0,1,0
56112,5289,66501,christopher,encqb,1980-05-11,C6E51980,6981,christopher,enuo,1980-09-14,C6E51980,1.0,0.6333333333333333,0,0,0
56116,43237,67176,christian,eaey,1975-08-19,C6E01975,63380,csr,e,1975-07-31,C6E01975,0.6666666666666666,0.775,0,0,0
56120,56118,17004,andrew,farquharson,1964-09-19,A5F61964,17004,andrew,farquharson,1964-09-19,A5F61964,1.0,1.0,1,1,1
56125,56124,67187,zafxa,ane,1989-08-02,Z1A51989,67187,zab,amenk,1989-08-02,Z1A51989,0.6888888888888888,0.6888888888888888,1,1,1
56130,19389,67196,amanda,vu,1989-08-31,A5V01989,56402,andres,vp,1989-01-02,A5V01989,0.6666666666666666,0.6666666666666666,0,0,0
56134,56133,67203,anthony,greer,1954-09-08,A5G61954,67203,anthony,greer,1954-09-08,A5G61954,1.0,1.0,1,1,1
56156,10547,67202,do,frazier,1993-08-30,D0F61993,53886,dd,fernandez,1993-01-19,D0F61993,0.6666666666666666,0.671957671957672,0,0,0
56160,35616,61192,eric,dominguez,1964-02-06,E6D51964,61192,eric,dominguez,1964-02-06,E6D51964,1.0,1.0,1,1,1
56160,35617,61192,eric,dominguez,1964-02-06,E6D51964,61192,eric,dominguez,1964-02-08,E6D51964,1.0,1.0,0,1,1
56171,56169,67209,quanneshia,cummings,1982-12-25,Q5C51982,67209,quanneshia,cummings,1982-12-24,Q5C51982,1.0,1.0,0,1,1
56180,37395,67213,daniel,euua,1988-08-06,D5E01988,61741,danielle,eeww,1988-05-18,D5E01988,0.95,0.5,0,0,0
56201,56199,67208,everett,jeanbaptiste,1975-06-09,E1J51975,67208,everett,jeanbaptiste,1975-08-09,E1J51975,1.0,1.0,0,1,1
56206,56205,67240,ralph,fr,1949-02-21,R4F61949,67240,rwl,franetovich,1949-02-21,R4F61949,0.6888888888888888,0.7818181818181817,1,1,1
56209,32052,67225,svyui,gray,1969-12-19,S1G61969,60140,sp,garner,1969-11-08,S1G61969,0.5666666666666667,0.6388888888888888,0,0,0
56213,4493,59731,curtis,sanders,1986-03-17,C6S51986,52151,crystal,smith,1986-02-12,C6S51986,0.6626984126984127,0.4476190476190476,0,0,0
56213,37205,59731,curtis,sanders,1986-03-17,C6S51986,61666,christopher,santiago,1986-04-09,C6S51986,0.695959595959596,0.6011904761904762,0,0,0
56222,4621,56504,t,rapone,1973-12-10,T0R11973,52170,t,ribeiro,1973-05-23,T0R11973,1.0,0.5396825396825397,0,0,0
56229,10157,19645,jeremy,psii,1980-03-05,J6P21980,45420,jerald,pxze,1980-04-20,J6P21980,0.6666666666666666,0.5,0,0,0
56245,56150,67228,dq,wcijulv,1989-08-20,D2W21989,67193,dc,wohz,1989-06-13,D2W21989,0.6666666666666666,0.4642857142857142,0,0,0
56259,46824,67224,h,ross,1990-06-23,H0R21990,64432,h,rosati,1990-11-22,H0R21990,1.0,0.825,0,1,0
56260,11904,67224,diamond,ross,1990-06-22,D5R21990,54228,demetris,russaw,1990-05-24,D5R21990,0.5119047619047619,0.775,0,0,0
56260,23185,67224,diamond,ross,1990-06-22,D5R21990,57521,don,ruqs,1990-01-05,D5R21990,0.4920634920634921,0.6666666666666666,0,0,0
56260,53290,67224,diamond,ross,1990-06-22,D5R21990,66340,dmq,rexvh,1990-03-27,D5R21990,0.6507936507936508,0.4833333333333333,0,0,0
56260,54957,67224,diamond,ross,1990-06-22,D5R21990,49398,dany,rosales,1990-09-22,D5R21990,0.5952380952380952,0.8083333333333333,0,0,0
56261,11904,67224,diamond,ross,1990-06-23,D5R21990,54228,demetris,russaw,1990-05-24,D5R21990,0.5119047619047619,0.775,0,0,0
56261,23185,67224,diamond,ross,1990-06-23,D5R21990,57521,don,ruqs,1990-01-05,D5R21990,0.4920634920634921,0.6666666666666666,0,0,0
56261,53290,67224,diamond,ross,1990-06-23,D5R21990,66340,dmq,rexvh,1990-03-27,D5R21990,0.6507936507936508,0.4833333333333333,0,0,0
56261,54957,67224,diamond,ross,1990-06-23,D5R21990,49398,dany,rosales,1990-09-22,D5R21990,0.5952380952380952,0.8083333333333333,0,0,0
56261,56260,67224,diamond,ross,1990-06-23,D5R21990,67224,diamond,ross,1990-06-22,D5R21990,1.0,1.0,0,1,1
56268,26340,66517,alexander,rodriguezmulato,1989-11-14,A4R31989,2105,alexander,rodriguez,1989-03-28,A4R31989,1.0,0.92,0,1,0
56268,53792,66517,alexander,rodriguezmulato,1989-11-14,A4R31989,66517,alexander,rodriguezmulato,1989-11-14,A4R31989,1.0,1.0,1,1,1
56270,26340,66517,alexander,rodriguezmulato,1989-11-14,A4R31989,2105,alexander,rodriguez,1989-03-28,A4R31989,1.0,0.92,0,1,0
56270,53792,66517,alexander,rodriguezmulato,1989-11-14,A4R31989,66517,alexander,rodriguezmulato,1989-11-14,A4R31989,1.0,1.0,1,1,1
56270,56268,66517,alexander,rodriguezmulato,1989-11-14,A4R31989,66517,alexander,rodriguezmulato,1989-11-14,A4R31989,1.0,1.0,1,1,1
56276,56274,67235,kathi,sotomayor,1955-01-15,K3S31955,67235,kathi,sotomayor,1955-01-15,K3S31955,1.0,1.0,1,1,1
56291,55744,67220,james,wright,1961-02-01,J5W61961,67082,john,wright,1961-09-14,J5W61961,0.4833333333333333,1.0,0,0,0
56313,36498,61459,roswell,bridger,1952-09-19,R2B61952,61459,roswell,bridger,1952-09-09,R2B61952,1.0,1.0,0,1,1
56331,28627,67239,christoff,wbz,1992-04-09,C6W11992,45465,christopher,wupusti,1992-07-08,C6W11992,0.882828282828283,0.4920634920634921,0,0,0
56338,21314,25001,vincent,stanley,1963-06-29,V5S31963,25001,vincent,stanley,1963-06-29,V5S31963,1.0,1.0,1,1,1
56339,21314,25001,vincent,stanley,1963-06-29,V5S31963,25001,vincent,stanley,1963-06-29,V5S31963,1.0,1.0,1,1,1
56339,56338,25001,vincent,stanley,1963-06-29,V5S31963,25001,vincent,stanley,1963-06-29,V5S31963,1.0,1.0,1,1,1
56362,56361,2171,david,mclawrence,1955-11-24,D1M21955,2171,david,mclawrence,1955-11-24,D1M21955,1.0,1.0,1,1,1
56371,5877,67264,jack,rivamencwi,1989-03-07,J2R11989,52564,jason,riveraloh,1989-11-21,J2R11989,0.6333333333333333,0.6185185185185186,0,0,0
56371,5878,67264,jack,rivamencwi,1989-03-07,J2R11989,52564,jason,riverf-cwyn,1989-11-21,J2R11989,0.6333333333333333,0.8118181818181819,0,0,0
56375,56373,67253,zucvgr,mosco,1991-09-29,Z2M21991,67253,zachary,mosco,1991-09-29,Z2M21991,0.6428571428571429,1.0,1,1,1
56377,56376,11263,rayson,robinson,1981-01-17,R2R11981,11263,rayson,rbxdns,1981-09-17,R2R11981,1.0,0.75,0,0,1
56382,43095,67268,hoq,gierbolini,1993-10-15,H2G61993,63348,hussain,gurli,1993-01-16,H2G61993,0.4920634920634921,0.65,0,0,0
56382,43097,67268,hoq,gierbolini,1993-10-15,H2G61993,63348,hass,gordon,1993-01-16,H2G61993,0.5277777777777778,0.6055555555555555,0,0,0
56388,39259,67259,shambria,brd,1994-08-18,S5B61994,62272,san,brn,1994-01-10,S5B61994,0.6388888888888888,0.8222222222222222,0,0,0
56394,30936,67262,nxpoxe,wilson,1989-08-31,N2W41989,59798,nixton,wallace jr.,1989-03-10,N2W41989,0.6666666666666666,0.5050505050505051,0,0,0
56401,56400,67265,corrine,minto-vespia,1975-02-28,C6M51975,67265,corrine,minto-vespia,1975-04-28,C6M51975,1.0,1.0,0,1,1
56402,56400,67265,corrine,munto,1975-02-24,C6M51975,67265,corrine,minto-vespia,1975-04-28,C6M51975,1.0,0.74,0,0,1
56402,56401,67265,corrine,munto,1975-02-24,C6M51975,67265,corrine,minto-vespia,1975-02-28,C6M51975,1.0,0.74,0,0,1
56405,56403,67275,alexander,salow,1965-10-09,A4S41965,67275,ale,salow,1965-10-09,A4S41965,0.8444444444444443,1.0,1,1,1
56407,56406,49014,willie,perry,1952-01-07,W4P61952,49014,willie,perry,1952-01-03,W4P61952,1.0,1.0,0,1,1
56410,28556,18165,eic,exceus,1986-09-21,E2E21986,59092,ecm,estes,1986-09-28,E2E21986,0.5555555555555555,0.7300000000000001,0,0,0
56412,22602,57311,carlos,posada,1967-05-05,C6P21967,57311,carlos,posada,1967-05-06,C6P21967,1.0,1.0,0,1,1
56412,22604,57311,carlos,posada,1967-05-05,C6P21967,57311,carlos,posada,1967-05-05,C6P21967,1.0,1.0,1,1,1
56414,22602,57311,carlos,posada,1967-07-05,C6P21967,57311,carlos,posada,1967-05-06,C6P21967,1.0,1.0,0,1,1
56414,22604,57311,carlos,posada,1967-07-05,C6P21967,57311,carlos,posada,1967-05-05,C6P21967,1.0,1.0,0,1,1
56414,56412,57311,carlos,posada,1967-07-05,C6P21967,57311,carlos,posada,1967-05-05,C6P21967,1.0,1.0,0,1,1
56420,56386,10828,justin,martin,1991-08-17,J2M61991,10828,justin,martin,1991-08-17,J2M61991,1.0,1.0,1,1,1
56433,2380,67261,thomas,bx,1989-04-04,T5B21989,51526,thomas,bickis,1989-07-13,T5B21989,1.0,0.5555555555555555,0,0,0
56433,2381,67261,thomas,bx,1989-04-04,T5B21989,51526,thomas,bickis,1989-07-03,T5B21989,1.0,0.5555555555555555,0,0,0
56433,41353,67261,thomas,bx,1989-04-04,T5B21989,62844,timara,bqmb,1989-01-08,T5B21989,0.6666666666666666,0.5833333333333334,0,0,0
56437,56436,1343,reginald,lovett,1988-12-28,R2L11988,1343,reginald,lovett,1988-12-28,R2L11988,1.0,1.0,1,1,1
56453,36190,67333,kyt,beas-gonzalez,1991-04-24,K3B21991,61352,katie,bajd,1991-11-04,K3B21991,0.6888888888888888,0.5512820512820512,0,0,0
56453,55498,67333,kyt,beas-gonzalez,1991-04-24,K3B21991,31309,kdo,buc,1991-11-05,K3B21991,0.5555555555555555,0.47008547008547,0,0,0
56463,54884,67295,m,rodriguez,1978-10-08,M0R31978,36486,m,rdg,1978-12-03,M0R31978,1.0,0.7999999999999999,0,1,0
56476,56475,67284,john,pepper,1968-08-14,J5P11968,67284,john,pepper,1968-08-14,J5P11968,1.0,1.0,1,1,1
56480,34882,67294,eil,cil,1964-10-09,E4C41964,49456,elt,coleman,1964-08-14,E4C41964,0.5555555555555555,0.6507936507936508,0,0,0
56491,56490,67289,marlese,eafford,1992-09-16,M6E11992,67289,marlese,eafford,1992-09-16,M6E11992,1.0,1.0,1,1,1
56496,17143,67282,jonathan,tl,1981-06-29,J5T41981,55720,junior,twlak,1981-09-03,J5T41981,0.5138888888888888,0.82,0,0,0
56496,17144,67282,jonathan,tl,1981-06-29,J5T41981,55720,junior,telcine,1981-09-03,J5T41981,0.5138888888888888,0.7857142857142857,0,0,0
56503,55671,58207,daquan,m,1993-11-26,D2M01993,67052,desu,mm,1993-07-06,D2M01993,0.611111111111111,0.8500000000000001,0,0,0
56518,13524,67287,diamond,aiym,1993-07-07,D5A51993,54669,dm,anifh,1993-10-01,D5A51993,0.7857142857142857,0.6333333333333333,0,0,0
56523,12854,67292,miguel,reyes,1993-02-02,M2R21993,43102,michael,ricciardi,1993-07-08,M2R21993,0.7968253968253969,0.437037037037037,0,0,0
56523,50099,67292,miguel,reyes,1993-02-02,M2R21993,65412,mcroal,roach,1993-08-15,M2R21993,0.5555555555555555,0.4666666666666666,0,0,0
56538,13863,46508,james,mcfarlane,1973-10-22,J5M21973,54767,james,mckenzie,1973-03-29,J5M21973,1.0,0.6481481481481481,0,0,0
56543,56542,67305,sharicca,senatus,1995-06-14,S6S51995,67305,sharicca,senatus,1995-06-14,S6S51995,1.0,1.0,1,1,1
56544,22400,57258,britton,blackwood,1994-05-25,B6B41994,57258,britton,blackwood,1994-05-25,B6B41994,1.0,1.0,1,1,1
56544,25452,57258,britton,blackwood,1994-05-25,B6B41994,58121,bernard,bellamy,1994-11-10,B6B41994,0.5238095238095238,0.5873015873015873,0,0,0
56544,25453,57258,britton,blackwood,1994-05-25,B6B41994,58121,bernard,bellamy,1994-12-10,B6B41994,0.5238095238095238,0.5873015873015873,0,0,0
56544,25454,57258,britton,blackwood,1994-05-25,B6B41994,58121,bernard,bellamy,1994-11-10,B6B41994,0.5238095238095238,0.5873015873015873,0,0,0
56544,51279,57258,britton,blackwood,1994-05-25,B6B41994,57258,britton,blackwood,1994-05-21,B6B41994,1.0,1.0,0,1,1
56549,56548,14844,robert,burgess,1951-05-07,R1B61951,14844,robert,burgess,1951-05-07,R1B61951,1.0,1.0,1,1,1
56559,2897,24244,chrbstz,dampman,1982-04-04,C6D51982,51649,crxf,denby,1982-02-23,C6D51982,0.5952380952380952,0.4476190476190476,0,0,0
56559,27942,24244,chrbstz,dampman,1982-04-04,C6D51982,58956,christian,dume,1982-02-28,C6D51982,0.8296296296296296,0.5952380952380952,0,0,0
56559,27944,24244,chrbstz,dampman,1982-04-04,C6D51982,58956,christian,dume,1982-02-23,C6D51982,0.8296296296296296,0.5952380952380952,0,0,0
56564,53593,67308,btngho,morris,1980-04-23,B3M61980,66436,bt,meredith,1980-03-05,B3M61980,0.8222222222222222,0.625,0,0,0
56567,56566,67313,tiffany,allen,1985-08-20,T1A41985,67313,tiffany,allen,1985-08-10,T1A41985,1.0,1.0,0,1,1
56587,56586,67306,cheryl,seebach,1975-05-13,C6S11975,67306,cheryl,seebach,1975-07-13,C6S11975,1.0,1.0,0,1,1
56600,56598,67314,yun,ke,1977-09-21,Y5K01977,67314,yun,ke,1977-09-21,Y5K01977,1.0,1.0,1,1,1
56618,1886,67307,alexander,degaesp,1992-05-23,A4D21992,40605,alexus,dacq,1992-06-10,A4D21992,0.8222222222222222,0.5952380952380952,0,0,0
56618,26709,67307,alexander,degaesp,1992-05-23,A4D21992,58544,alex,diaz,1992-05-11,A4D21992,0.888888888888889,0.5952380952380952,0,0,0
56622,22506,64061,chrcvtoehe,mitneget,1976-04-24,C6M31976,57292,christopher,metcalf,1976-03-12,C6M31976,0.8118181818181819,0.4900793650793651,0,0,0
56622,22508,64061,chrcvtoehe,mitneget,1976-04-24,C6M31976,57292,christopher,metcalf,1976-03-12,C6M31976,0.8118181818181819,0.4900793650793651,0,0,0
56624,3213,64061,cqr,micheletti,1976-04-24,C6M21976,36196,carrie,miqy,1976-03-08,C6M21976,0.6666666666666666,0.5666666666666667,0,0,0
56624,45541,64061,cqr,micheletti,1976-04-24,C6M21976,64061,cyrestb,micheletti,1976-04-24,C6M21976,0.6507936507936508,1.0,1,1,1
56630,56628,20333,kp,smith,1988-04-25,K1S51988,20333,kevin,smith,1988-04-25,K1S51988,0.5666666666666667,1.0,1,1,1
56636,56635,67317,kiker,zanatt,1985-05-06,K2Z51985,67317,kiker,zanatta-kowalski,1985-05-06,K2Z51985,1.0,0.875,1,1,1
56639,56637,67296,adrian,betancourt,1994-09-20,A3B31994,67296,adrian,betux,1994-09-20,A3B31994,1.0,0.8133333333333334,1,1,1
56645,18144,67322,alexjvxt,vszqbz,1989-11-18,A4V21989,56044,alexa,vazquez,1989-02-14,A4V21989,0.86,0.7714285714285715,0,0,0
56656,56655,67300,brandon,rogers,1988-02-16,B6R21988,67300,brandon,rogers,1988-02-16,B6R21988,1.0,1.0,1,1,1
56659,56658,67309,crystal,lord,1985-08-12,C6L61985,67309,crystal,lord,1985-01-12,C6L61985,1.0,1.0,0,1,1
56661,42372,67360,c,smxn,1977-08-05,C0S51977,63120,c,smith,1977-11-24,C0S51977,1.0,0.6333333333333333,0,0,0
56669,56667,67336,leeann,tripp,1965-11-16,L5T61965,67336,leeann,tripp,1965-11-16,L5T61965,1.0,1.0,1,1,1
56672,13490,67349,ghjrte,berra,1986-12-26,G6B61986,54693,gregory,brcfo,1986-06-30,G6B61986,0.5396825396825397,0.6,0,0,0
56675,56673,67338,james,dirette,1980-04-24,J5D61980,67338,james,dirette,1980-04-29,J5D61980,1.0,1.0,0,1,1
56684,33610,60445,jennifer,vayz,1990-06-13,J5V21990,60606,jin,vjp,1990-03-22,J5V21990,0.6805555555555555,0.5277777777777778,0,0,0
56692,9910,67358,u,torres,1967-12-19,U0T61967,53737,u,torras r,1967-11-17,U0T61967,1.0,0.8916666666666667,0,1,0
56694,8091,67340,maick,desousa,1993-03-18,M2D21993,50843,michael,dq,1993-11-08,M2D21993,0.6761904761904761,0.5476190476190476,0,0,0
56695,8091,67340,maick,desousa,1993-03-18,M2D21993,50843,michael,dq,1993-11-08,M2D21993,0.6761904761904761,0.5476190476190476,0,0,0
56695,56694,67340,maick,desousa,1993-03-18,M2D21993,67340,maick,desousa,1993-03-18,M2D21993,1.0,1.0,1,1,1
56698,39215,67345,p,charlemagne,1993-07-30,P0C61993,54328,py,charles,1993-11-11,P0C61993,0.8500000000000001,0.8805194805194805,0,0,0
56706,23153,48947,cwrigt,sullivan,1964-12-12,C6S41964,57515,carla,silva,1964-03-11,C6S41964,0.5777777777777778,0.8274999999999999,0,0,0
56707,23153,48947,christopher,sullivan,1964-11-12,C6S41964,57515,carla,silva,1964-03-11,C6S41964,0.5272727272727272,0.8274999999999999,0,0,0
56707,56706,48947,christopher,sullivan,1964-11-12,C6S41964,48947,cwrigt,sullivan,1964-12-12,C6S41964,0.6767676767676768,1.0,0,0,1
56718,47728,35931,ryan,ricci,1988-07-03,R5R21988,64672,rohan,rket,1988-09-11,R5R21988,0.8049999999999999,0.4833333333333333,0,0,0
56721,6797,67359,james,jones,1980-10-17,J5J51980,36508,jameka,johnson,1980-01-31,J5J51980,0.8933333333333334,0.8323809523809523,0,0,0
56729,56727,67346,dondrick,cherry,1971-03-29,D5C61971,67346,dondrick,cherry,1971-03-26,D5C61971,1.0,1.0,0,1,1
56733,20800,49993,leroy,battie,1992-06-14,L6B31992,56757,larry,bid,1992-05-09,L6B31992,0.76,0.5,0,0,0
56741,56739,46548,aland,lauerre,1951-11-15,A4L61951,46548,aland,lauerre,1951-11-15,A4L61951,1.0,1.0,1,1,1
56744,56743,67347,chevon,williams,1982-11-24,C1W41982,67347,chevon,williams,1982-11-24,C1W41982,1.0,1.0,1,1,1
56750,56748,67357,brittany,repp,1988-06-04,B6R11988,67357,brittany,repp,1988-06-04,B6R11988,1.0,1.0,1,1,1
56753,56751,57954,brwbl,johnson,1962-08-24,B6J51962,57954,brenley,johnson,1962-08-24,B6J51962,0.6761904761904761,1.0,1,1,1
56774,56772,67365,jode,harris,1985-04-30,J3H61985,67365,jode,harris,1985-04-30,J3H61985,1.0,1.0,1,1,1
56790,11441,67381,iy,r,1988-09-04,I0R01988,42909,ia,ro,1988-04-25,I0R01988,0.6666666666666666,0.8500000000000001,0,0,0
56795,56794,67374,rishiraj,job,1978-11-26,R2J11978,67374,rishiraj,job,1978-11-27,R2J11978,1.0,1.0,0,1,1
56796,21535,54955,vp,sharp,1977-02-12,V0S61977,56982,v,saraviaciudadreal,1977-10-25,V0S61977,0.8500000000000001,0.592156862745098,0,0,0
56807,21361,29364,frederick,evans,1961-09-18,F6E11961,29364,frederick,evans,1961-09-18,F6E11961,1.0,1.0,1,1,1
56825,21362,29364,frederick,evans,1901-09-18,F6E11901,29364,frederick,evans,1901-09-18,F6E11901,1.0,1.0,1,1,1
56848,46111,67375,ian,drzii,1979-11-20,I5D61979,64208,imo,darlington,1979-04-01,I5D61979,0.5555555555555555,0.6333333333333333,0,0,0
56852,56850,67378,conroy,thompson,1987-12-06,C5T51987,67378,conroy,thompson,1987-12-04,C5T51987,1.0,1.0,0,1,1
56861,46849,67399,kristopher,j,1987-07-13,K6J01987,64429,kerry,jeo,1987-04-03,K6J01987,0.5333333333333333,0.7999999999999999,0,0,0
56872,56871,67415,fdwju,holloway,1986-11-07,F3H41986,67415,fttar,holloway,1986-11-08,F3H41986,0.4666666666666666,1.0,0,0,1
56875,36676,67428,qrdit,burgos,1983-02-14,Q6B61983,61503,qrds,brmnci,1983-08-16,Q6B61983,0.8483333333333334,0.5555555555555555,0,0,0
56888,18871,67419,alexander,palacios,1988-03-27,A4P41988,56241,alexis,palen,1988-02-02,A4P41988,0.8222222222222222,0.6583333333333333,0,0,0
56888,37705,67419,alexander,palacios,1988-03-27,A4P41988,61812,albeiro,plnc,1988-07-10,A4P41988,0.671957671957672,0.7375,0,0,0
56915,31900,60091,clifton,huggins,1991-11-03,C4H21991,60091,clifton,huggins,1991-11-02,C4H21991,1.0,1.0,0,1,1
56915,31901,60091,clifton,huggins,1991-11-03,C4H21991,60091,clifton,huggins,1991-11-02,C4H21991,1.0,1.0,0,1,1
56933,56932,67422,axel,lopez,1976-11-12,A2L11976,67422,axel,lopez,1976-01-18,A2L11976,1.0,1.0,0,1,1
56934,21799,67426,marc,rq,1971-10-23,M6R21971,57068,mark,rawiszer,1971-09-03,M6R21971,0.8833333333333334,0.5416666666666666,0,0,0
56954,56953,67421,thomas,souza,1994-10-08,T5S21994,67421,thomas,souza,1994-12-08,T5S21994,1.0,1.0,0,1,1
56956,56955,67406,ebonie,baptiste,1995-06-24,E1B11995,67406,ebonie,baptiste,1995-06-24,E1B11995,1.0,1.0,1,1,1
56986,56985,67411,chr,borras,1982-05-08,C6B61982,67411,chrisrozc,borras,1982-05-08,C6B61982,0.8444444444444443,1.0,1,1,1
56996,47571,67431,k,crowley,1965-08-19,K0C61965,64646,k,carfora,1965-04-17,K0C61965,1.0,0.6190476190476191,0,0,0
57002,57001,67451,aaron,gunn,1979-12-28,A6G51979,67451,aaron,gunn,1979-12-28,A6G51979,1.0,1.0,1,1,1
57014,57013,67436,feroza,harciu,1961-06-03,F6H61961,67436,feroza,harrinarine,1961-04-03,F6H61961,1.0,0.6767676767676768,0,0,1
57016,9188,67449,christopher,po,1977-01-05,C6P01977,19588,carlos,p,1977-10-01,C6P01977,0.5934343434343434,0.8500000000000001,0,0,0
57034,46979,67462,jonathan,bn,1985-01-31,J5B51985,64464,john,bennett,1985-08-15,J5B51985,0.8,0.7857142857142857,0,0,0
57087,19205,50417,brian,rocha,1983-04-13,B6R21983,56358,br,rjmra blfclza,1983-09-03,B6R21983,0.84,0.517948717948718,0,0,0
57103,21905,67381,bakv,thomas,1988-09-04,B2T51988,57111,byz,tm,1988-08-22,B2T51988,0.5277777777777778,0.7999999999999999,0,0,0
57112,55628,67483,nelson,cr,1996-04-27,N4C61996,67068,nelson,caraballo,1996-06-26,N4C61996,1.0,0.7666666666666667,0,1,0
57114,37578,67468,p,rd,1988-12-16,P0R31988,61781,p,rodriguez,1988-03-21,P0R31988,1.0,0.7666666666666667,0,1,0
57118,35511,67477,jason,c,1980-07-08,J2C01980,61175,joseph,cg,1980-09-02,J2C01980,0.5888888888888889,0.8500000000000001,0,0,0
57148,56190,46327,antonio,bpvto,1987-03-03,A5B31987,46327,antonio,battle,1987-02-03,A5B31987,1.0,0.5777777777777778,0,0,1
57149,56190,46327,antonio,battle,1987-08-03,A5B31987,46327,antonio,battle,1987-02-03,A5B31987,1.0,1.0,0,1,1
57149,57148,46327,antonio,battle,1987-08-03,A5B31987,46327,antonio,bpvto,1987-03-03,A5B31987,1.0,0.5777777777777778,0,0,1
57161,15208,67473,cu,lpy,1987-05-05,C0L11987,55118,cxuu,lipper,1987-11-07,C0L11987,0.8500000000000001,0.6666666666666666,0,0,0
57161,41103,67473,cu,lpy,1987-05-05,C0L11987,62764,cqgc,lvl,1987-01-22,C0L11987,0.5833333333333334,0.5555555555555555,0,0,0
57163,4476,12216,andrew,mcleod,1974-09-27,A5M21974,52156,ana,mejarodriguez,1974-06-09,A5M21974,0.6666666666666666,0.6581196581196581,0,0,0
57177,42549,63185,clemin,paul,1995-11-27,C4P41995,63185,clemin,paul,1995-12-27,C4P41995,1.0,1.0,0,1,1
57180,48101,64037,mrdrsh,una,1989-02-14,M6U51989,64780,mhrispop,uoen,1989-06-25,M6U51989,0.625,0.5277777777777778,0,0,0
57184,57183,67484,robert,peckham,1984-06-06,R1P21984,67484,robert,peckham,1984-06-02,R1P21984,1.0,1.0,0,1,1
57189,5043,50173,r,shelton,1985-12-11,R0S41985,52296,r,shuler,1985-09-02,R0S41985,1.0,0.6626984126984127,0,0,0
57191,57190,50173,glenn,shelton,1985-12-17,G4S41985,50173,glenn,shelton,1985-12-17,G4S41985,1.0,1.0,1,1,1
57209,22095,67509,michael,rodriguez,1981-12-27,M2R31981,31989,moeshae,reed,1981-03-09,M2R31981,0.7428571428571429,0.5740740740740741,0,0,0
57210,51623,67515,pqqx,bwaya,1968-05-26,P2B01968,65839,pcv,bi,1968-03-02,P2B01968,0.5277777777777778,0.5666666666666667,0,0,0
57236,3539,44301,richard,bzrbu,1992-07-16,R2B21992,51850,reginald,bsiw,1992-04-28,R2B21992,0.6904761904761904,0.4833333333333333,0,0,0
57236,39407,44301,richard,bzrbu,1992-07-16,R2B21992,62300,rajiv,buci,1992-01-24,R2B21992,0.5619047619047619,0.4833333333333333,0,0,0
57240,47820,67493,roseamaria,ebtt,1974-02-08,R2E11974,64699,rosalie,eubc,1974-10-10,R2E11974,0.8344444444444444,0.6666666666666666,0,0,0
57242,57241,67493,r,sutton,1974-02-15,R0S31974,67493,r,sutton,1974-02-18,R0S31974,1.0,1.0,0,1,1
57247,15156,67506,rsq,reyes,1988-05-28,R2R21988,55129,riyjag,rc,1988-05-24,R2R21988,0.5,0.5666666666666667,0,0,0
57247,38983,67506,rsq,reyes,1988-05-28,R2R21988,62195,rrs,rxllefie,1988-09-09,R2R21988,0.5555555555555555,0.5499999999999999,0,0,0
57251,57249,20488,stacey,mccall,1971-05-22,S3M21971,20488,stql,mccall,1971-05-22,S3M21971,0.611111111111111,1.0,1,1,1
57252,15269,67517,deneal,hill,1984-07-22,D5H41984,48446,daniel,holliday,1984-03-30,D5H41984,0.7999999999999999,0.775,0,0,0
57253,15269,67517,deneal,hill,1984-07-22,D5H41984,48446,daniel,holliday,1984-03-30,D5H41984,0.7999999999999999,0.775,0,0,0
57253,57252,67517,deneal,hill,1984-07-22,D5H41984,67517,deneal,hill,1984-07-22,D5H41984,1.0,1.0,1,1,1
57267,31572,67501,s,joseph,1975-12-09,S0J21975,59995,sa,joseph,1975-07-31,S0J21975,0.8500000000000001,1.0,0,1,0
57275,17029,67496,doneshia,sams,1983-05-25,D5S51983,40230,dwayne,singh,1983-10-19,D5S51983,0.625,0.4833333333333333,0,0,0
57275,42425,67496,doneshia,sams,1983-05-25,D5S51983,40230,dwayne,sm,1983-10-19,D5S51983,0.625,0.8500000000000001,0,0,0
57277,57276,4623,alphonso,wright,1990-05-16,A4W61990,4623,alphonso,wright,1990-05-16,A4W61990,1.0,1.0,1,1,1
57295,45472,64034,alexander,castro,1982-03-03,A4C21982,64034,alexander,castro,1982-03-03,A4C21982,1.0,1.0,1,1,1
57324,5937,67547,cpr,ammon,1991-02-01,C1A51991,25291,cbcdxe,anderson,1991-01-03,C1A51991,0.5,0.5472222222222222,0,0,0
57325,40320,67547,christine,ammon,1991-02-01,C6A51991,62557,ciara,anderson,1991-08-11,C6A51991,0.5333333333333333,0.5472222222222222,0,0,0
57329,4309,67552,michael,vyy,1975-11-25,M2V01975,52119,magda,va,1975-10-09,M2V01975,0.5619047619047619,0.611111111111111,0,0,0
57335,3561,67551,epeg,morency,1993-06-07,E1M61993,51846,evenson,morency,1993-06-07,E1M61993,0.5952380952380952,1.0,1,1,0
57335,19430,67551,epeg,morency,1993-06-07,E1M61993,51846,evenson,morency,1993-06-07,E1M61993,0.5952380952380952,1.0,1,1,0
57359,57358,67530,myriam,pierre,1986-05-27,M6P61986,67530,myriam,pierre,1986-05-27,M6P61986,1.0,1.0,1,1,1
57372,28458,67555,sean,baker,1987-08-04,S5B21987,59055,shinell,baxterskeffrey,1987-09-29,S5B21987,0.5952380952380952,0.7752380952380953,0,0,0
57374,28458,67555,sean,baker,1987-02-05,S5B21987,59055,shinell,baxterskeffrey,1987-09-29,S5B21987,0.5952380952380952,0.7752380952380953,0,0,0
57374,57372,67555,sean,baker,1987-02-05,S5B21987,67555,sean,baker,1987-08-04,S5B21987,1.0,1.0,0,1,1
57380,45108,67537,julio,acevedo,1994-04-09,J4A21994,63946,julio,ag,1994-11-01,J4A21994,1.0,0.5476190476190476,0,0,0
57385,57384,10721,denae,desvergers,1986-10-13,D5D21986,10721,denae,desvergers,1986-10-13,D5D21986,1.0,1.0,1,1,1
57387,3567,67546,cqrk,hess,1988-04-08,C6H21988,51860,charles,husey,1988-08-31,C6H21988,0.5952380952380952,0.6333333333333333,0,0,0
57387,3569,67546,cqrk,hess,1988-04-08,C6H21988,51860,charles,husey,1988-08-31,C6H21988,0.5952380952380952,0.6333333333333333,0,0,0
57407,20768,67568,marlanea,parker,1978-03-12,M6P61978,56750,marc,pra,1978-09-13,M6P61978,0.7958333333333334,0.75,0,0,0
57408,32849,56450,derek,mq,1991-03-30,D6M21991,60373,drli,meq,1991-01-10,D6M21991,0.6333333333333333,0.611111111111111,0,0,0
57409,19640,56450,derek,zch,1991-03-30,D6Z01991,56450,derek,zc,1991-03-30,D6Z01991,1.0,0.9111111111111112,1,1,1
57413,42548,67564,bryant,knight,1988-05-05,B6K51988,23282,brvttbg,king,1988-03-12,B6K51988,0.6428571428571429,0.825,0,0,0
57415,57414,67569,elizabeth,nivar,1985-03-20,E4N11985,67569,elizabeth,nivar,1985-03-20,E4N11985,1.0,1.0,1,1,1
57419,57418,67570,vikie,sthilaire,1983-01-03,V2S31983,67570,vikie,sthilaire,1983-01-24,V2S31983,1.0,1.0,0,1,1
57432,37674,66705,juan,jaa,1980-02-21,J5J01980,61792,jamie,jo,1980-03-24,J5J01980,0.6333333333333333,0.611111111111111,0,0,0
57436,27500,67560,zz,bq,1971-12-31,Z0B21971,58811,zeu,beckford,1971-04-10,Z0B21971,0.611111111111111,0.5416666666666666,0,0,0
57441,7325,10582,ladarious,smith,1989-04-05,L3S51989,52960,leticia,sanchez,1989-11-12,L3S51989,0.4761904761904761,0.5619047619047619,0,0,0
57441,48536,10582,ladarious,smith,1989-04-05,L3S51989,59215,ladarious,smith,1989-08-05,L3S51989,1.0,1.0,0,1,0
57467,42834,67588,mi,d,1986-08-02,M0D01986,63274,m,d,1986-11-03,M0D01986,0.8500000000000001,1.0,0,1,0
57469,57461,65109,robert,norman,1971-07-03,R1N61971,65109,robert,norman,1971-07-04,R1N61971,1.0,1.0,0,1,1
57474,50909,67573,akeem,james,1996-03-04,A2J51996,65624,asxznz,jean,1996-02-18,A2J51996,0.4555555555555555,0.6333333333333333,0,0,0
57476,50909,67573,akeem,james,1996-03-07,A2J51996,65624,asxznz,jean,1996-02-18,A2J51996,0.4555555555555555,0.6333333333333333,0,0,0
57476,57474,67573,akeem,james,1996-03-07,A2J51996,67573,akeem,james,1996-03-04,A2J51996,1.0,1.0,0,1,1
57477,11385,39627,christopher,deb,1989-05-21,C6D11989,48248,crystal,davis,1989-12-10,C6D11989,0.6450216450216449,0.5111111111111111,0,0,0
57477,29969,39627,christopher,deb,1989-05-21,C6D11989,59517,cory,dv,1989-12-19,C6D11989,0.5606060606060607,0.611111111111111,0,0,0
57479,55246,39627,christopher,jen,1989-01-21,C6J51989,64827,cyr,johnson,1989-03-15,C6J51989,0.6161616161616161,0.6507936507936508,0,0,0
57488,51307,67594,alexander,fv,1993-06-10,A4F01993,65768,alcxvh,f,1993-11-18,A4F01993,0.611111111111111,0.8500000000000001,0,0,0
57489,25274,67575,chrmbcop,i,1982-08-28,C6I01982,54379,christopher,i,1982-08-12,C6I01982,0.6931818181818182,1.0,0,0,0
57489,55298,67575,chrmbcop,i,1982-08-28,C6I01982,66958,christopher,ia,1982-03-21,C6I01982,0.6931818181818182,0.8500000000000001,0,0,0
57508,41706,67634,shawn,hall,1976-04-07,S5H41976,49817,swanzetta,hill,1976-02-17,S5H41976,0.6648148148148149,0.8500000000000001,0,0,0
57512,57510,67623,gary,miller,1981-07-25,G6M41981,67623,gary,miller,1981-07-25,G6M41981,1.0,1.0,1,1,1
57516,44544,67598,fabiola,sqex,1988-05-16,F1S21988,63773,fafi,saj,1988-04-25,F1S21988,0.7809523809523811,0.5277777777777778,0,0,0
57519,18738,58364,kev,o,1967-01-25,K1O01967,56213,kevin,o,1967-03-25,K1O01967,0.9066666666666668,1.0,0,1,0
57520,20893,58364,kenneth,tommie,1967-01-25,K5T51967,56817,kenton,thomas,1967-07-07,K5T51967,0.8477777777777777,0.6666666666666666,0,0,0
57520,26268,58364,kenneth,tommie,1967-01-25,K5T51967,58364,kenneth,tommie,1967-01-25,K5T51967,1.0,1.0,1,1,1
57520,26269,58364,kenneth,tommie,1967-01-25,K5T51967,58364,kenneth,tommie,1967-01-25,K5T51967,1.0,1.0,1,1,1
57522,44184,67608,nathan,morris,1983-10-05,N3M61983,63647,nathaniel,martin,1983-07-25,N3M61983,0.9333333333333332,0.6666666666666666,0,0,0
57524,44184,67608,nathan,morris,1983-10-03,N3M61983,63647,nathaniel,martin,1983-07-25,N3M61983,0.9333333333333332,0.6666666666666666,0,0,0
57524,57522,67608,nathan,morris,1983-10-03,N3M61983,67608,nathan,morris,1983-10-05,N3M61983,1.0,1.0,0,1,1
57539,57538,67600,edku,hale,1978-02-15,E3H41978,67600,edward,hale,1978-02-15,E3H41978,0.611111111111111,1.0,1,1,1
57566,57565,67606,basil,pitt,1950-05-21,B2P31950,67606,basil,pitt,1950-05-21,B2P31950,1.0,1.0,1,1,1
57568,36015,31180,es,rcnh,1961-06-21,E2R21961,61296,eus,ricciardelli,1961-01-15,E2R21961,0.611111111111111,0.5555555555555555,0,0,0
57595,57594,67601,miguel,garcia-silverio,1995-11-18,M2G61995,67601,miguel,garcia-silverio,1995-11-18,M2G61995,1.0,1.0,1,1,1
57596,12403,67601,riv,g,1995-11-18,R1G01995,50923,rovens,g,1995-07-05,R1G01995,0.6666666666666666,1.0,0,0,0
57597,8574,67603,mmr,rosato,1992-12-04,M6R21992,53304,marion,rickard,1992-04-18,M6R21992,0.6666666666666666,0.5396825396825397,0,0,0
57604,25667,67607,michael,depre,1988-01-21,M2D11988,27533,michael,duplessy,1988-09-30,M2D11988,1.0,0.5472222222222222,0,0,0
57605,25667,67607,michael,depre,1988-01-21,M2D11988,27533,michael,duplessy,1988-09-30,M2D11988,1.0,0.5472222222222222,0,0,0
57605,57604,67607,michael,depre,1988-01-21,M2D11988,67607,michael,depre,1988-01-21,M2D11988,1.0,1.0,1,1,1
57617,57499,67605,berris,mckenzie,1958-10-06,B6M21958,67605,berris,mckenzie,1958-10-06,B6M21958,1.0,1.0,1,1,1
57623,1889,67647,krista,k,1992-05-27,K6K01992,51377,kory,kks,1992-11-20,K6K01992,0.611111111111111,0.7999999999999999,0,0,0
57632,57631,67641,clifford,wellington,1981-04-15,C4W41981,67641,clifford,wellington,1981-06-15,C4W41981,1.0,1.0,0,1,1
57635,57633,67640,adrian,maisonet,1996-05-13,A3M21996,67640,adoq,maisonet,1996-05-16,A3M21996,0.611111111111111,1.0,0,0,1
57662,49989,65357,errol,kirton,1979-09-28,E6K61979,65357,errol,kirton,1979-09-28,E6K61979,1.0,1.0,1,1,1
57670,57669,67646,meghan,henry,1993-10-16,M2H51993,67646,meghan,henry,1993-10-16,M2H51993,1.0,1.0,1,1,1
57672,3127,59791,jonathan,stdiy,1992-08-14,J5S31992,51735,james,scott,1992-04-17,J5S31992,0.5499999999999999,0.4666666666666666,0,0,0
57672,11547,59791,jonathan,stdiy,1992-08-14,J5S31992,27494,jamal,sty,1992-02-13,J5S31992,0.6583333333333333,0.6888888888888888,0,0,0
57672,30890,59791,jonathan,stdiy,1992-08-14,J5S31992,59791,jonathan,stremy,1992-08-14,J5S31992,1.0,0.76,1,1,1
57682,57681,48005,sean,harris,1988-06-02,S5H61988,48005,sean,harris,1988-06-02,S5H61988,1.0,1.0,1,1,1
57683,57681,48005,sean,harris,1988-01-02,S5H61988,48005,sean,harris,1988-06-02,S5H61988,1.0,1.0,0,1,1
57683,57682,48005,sean,harris,1988-01-02,S5H61988,48005,sean,harris,1988-06-02,S5H61988,1.0,1.0,0,1,1
57684,1909,67681,tyrel,doe,1992-11-14,T6D01992,51365,terrashika,doi,1992-03-20,T6D01992,0.5222222222222221,0.8222222222222222,0,0,0
57684,5296,67681,tyrel,doe,1992-11-14,T6D01992,51365,terrashika,dt,1992-03-20,T6D01992,0.5222222222222221,0.611111111111111,0,0,0
57686,1909,67681,tyrel,doe,1992-11-14,T6D01992,51365,terrashika,doi,1992-03-20,T6D01992,0.5222222222222221,0.8222222222222222,0,0,0
57686,5296,67681,tyrel,doe,1992-11-14,T6D01992,51365,terrashika,dt,1992-03-20,T6D01992,0.5222222222222221,0.611111111111111,0,0,0
57686,57684,67681,tyrel,doe,1992-11-14,T6D01992,67681,tyrel,doe,1992-11-14,T6D01992,1.0,1.0,1,1,1
57706,34646,67669,christina,caccamo,1987-02-26,C6C21987,60917,christine,cazacu,1987-05-19,C6C21987,0.9555555555555556,0.6626984126984127,0,0,0
57720,6579,56128,markevis,harvard,1993-11-29,M6H61993,39432,martavis,harvard,1993-11-29,M6H61993,0.8833333333333334,1.0,1,1,0
57720,33339,56128,markevis,harvard,1993-11-29,M6H61993,39432,martavis,harvard,1993-11-29,M6H61993,0.8833333333333334,1.0,1,1,0
57728,21572,59819,densmore,daniels,1994-10-20,D5D51994,56989,dominic,demvnv,1994-07-29,D5D51994,0.4900793650793651,0.5396825396825397,0,0,0
57734,57733,67666,william,valdes,1987-05-06,W4V41987,67666,william,valdes,1987-05-06,W4V41987,1.0,1.0,1,1,1
57758,50947,67676,james,mullin,1995-09-14,J5M41995,65643,jennyfer,molines,1995-10-25,J5M41995,0.5499999999999999,0.7714285714285715,0,0,0
57758,50948,67676,james,mullin,1995-09-14,J5M41995,65643,jen,molines,1995-10-25,J5M41995,0.5111111111111111,0.7714285714285715,0,0,0
57759,16450,67691,jent,m,1981-02-25,J5M01981,55506,juan,m,1981-02-21,J5M01981,0.6666666666666666,1.0,0,0,0
57759,21660,67691,jent,m,1981-02-25,J5M01981,57027,jim,me,1981-04-06,J5M01981,0.5277777777777778,0.8500000000000001,0,0,0
57760,11965,67691,jent,mceachrane,1981-02-25,J5M21981,54288,james,mogj,1981-11-17,J5M21981,0.4833333333333333,0.45,0,0,0
57760,18506,67691,jent,mceachrane,1981-02-25,J5M21981,56174,janaina,mzr,1981-11-26,J5M21981,0.5952380952380952,0.6222222222222222,0,0,0
57760,51946,67691,jent,mceachrane,1981-02-25,J5M21981,65950,jeannette,meji,1981-08-28,J5M21981,0.8518518518518519,0.5666666666666667,0,0,0
57764,57763,67656,giovanni,shaw,1994-05-07,G1S01994,67656,giovanni,shaw,1994-05-07,G1S01994,1.0,1.0,1,1,1
57768,16655,67661,juan,molina,1962-05-22,J5M41962,55554,john,millk,1962-05-11,J5M41962,0.6666666666666666,0.5888888888888889,0,0,0
57769,16655,67661,juan,molina,1962-05-22,J5M41962,55554,john,millk,1962-05-11,J5M41962,0.6666666666666666,0.5888888888888889,0,0,0
57769,57768,67661,juan,molina,1962-05-22,J5M41962,67661,juan,molina,1962-05-22,J5M41962,1.0,1.0,1,1,1
57779,8719,53337,najeh,davenport,1979-02-08,N2D11979,53337,najeh,davenport,1979-04-08,N2D11979,1.0,1.0,0,1,1
57795,23612,67687,gerardo,cruz,1980-05-21,G6C61980,57621,gir,crespo,1980-07-23,G6C61980,0.6507936507936508,0.611111111111111,0,0,0
57818,5201,67655,ca,yf,1964-10-05,C0Y11964,52361,c,yfrh,1964-02-28,C0Y11964,0.8500000000000001,0.8666666666666667,0,0,0
57828,24167,67727,mirtg,harris,1962-01-28,M6H61962,57793,mauricio,hernandez,1962-07-04,M6H61962,0.5472222222222222,0.5,0,0,0
57839,45797,67723,luis,martinez,1968-07-22,L2M61968,64103,leslie,martinez,1968-10-05,L2M61968,0.6388888888888888,1.0,0,0,0
57841,42291,67720,jessie,fernandez,1990-08-28,J2F61990,54186,jose,frfoz,1990-06-02,J2F61990,0.6388888888888888,0.5407407407407407,0,0,0
57844,728,67701,samantha,q,1986-11-12,S5Q01986,51026,sna,qsg,1986-08-13,S5Q01986,0.6805555555555555,0.7999999999999999,0,0,0
57863,57862,67709,vincent,gallo,1944-09-30,V5G41944,67709,vbnsd,gallo,1944-09-30,V5G41944,0.5619047619047619,1.0,1,1,1
57875,57874,67702,quincel,robinson,1993-06-16,Q5R11993,67702,quincel,robinson,1993-06-16,Q5R11993,1.0,1.0,1,1,1
57892,32328,66843,paul,defrancesco,1983-03-13,P4D11983,60226,paul,davis,1983-08-19,P4D11983,1.0,0.6242424242424242,0,0,0
57894,12228,67696,daniel,marquez,1986-12-07,D5M61986,46149,deneil,merritt,1986-01-24,D5M61986,0.8400000000000001,0.5238095238095238,0,0,0
57911,57910,67735,edelyn,soto,1977-09-02,E3S31977,67735,edelyn,soto,1977-09-02,E3S31977,1.0,1.0,1,1,1
57924,17162,67695,angelica,marziano,1989-11-22,A5M61989,55717,amfj,mirw,1989-10-08,A5M61989,0.4583333333333333,0.5972222222222222,0,0,0
57924,25374,67695,angelica,marziano,1989-11-22,A5M61989,58127,andrew,martinez,1989-05-25,A5M61989,0.625,0.825,0,0,0
57925,17162,67695,angelica,marziano,1989-11-22,A5M61989,55717,amfj,mirw,1989-10-08,A5M61989,0.4583333333333333,0.5972222222222222,0,0,0
57925,25374,67695,angelica,marziano,1989-11-22,A5M61989,58127,andrew,martinez,1989-05-25,A5M61989,0.625,0.825,0,0,0
57925,57924,67695,angelica,marziano,1989-11-22,A5M61989,67695,angelica,marziano,1989-11-22,A5M61989,1.0,1.0,1,1,1
57926,17160,67695,a,marziano,1989-11-22,A0M61989,55717,a,miranda,1989-12-08,A0M61989,1.0,0.7821428571428571,0,1,0
57928,57927,67707,mscn,houk,1986-04-24,M2H21986,67707,michael,houk,1986-04-24,M2H21986,0.5952380952380952,1.0,1,1,1
57929,57927,67707,michael,houk,1986-04-24,M2H21986,67707,michael,houk,1986-04-24,M2H21986,1.0,1.0,1,1,1
57929,57928,67707,michael,houk,1986-04-24,M2H21986,67707,mscn,houk,1986-04-24,M2H21986,0.5952380952380952,1.0,1,1,1
57972,47835,64568,alejandro,eastman,1944-11-16,A4E21944,64568,alejandro,eastman,1944-11-16,A4E21944,1.0,1.0,1,1,1
57972,47836,64568,alejandro,eastman,1944-11-16,A4E21944,64568,alejandro,eakfta,1944-11-16,A4E21944,1.0,0.7968253968253969,1,1,1
57975,25054,67698,christopher,porter,1995-02-15,C6P61995,58031,carlos,pierre,1995-06-20,C6P61995,0.5934343434343434,0.6944444444444443,0,0,0
57977,25054,67698,chry,porter,1995-02-15,C6P61995,58031,carlos,pierre,1995-06-20,C6P61995,0.611111111111111,0.6944444444444443,0,0,0
57977,57975,67698,chry,porter,1995-02-15,C6P61995,67698,christopher,porter,1995-02-15,C6P61995,0.6742424242424242,1.0,1,1,1
57978,15409,40791,scott,mascio,1980-09-27,S3M21980,55185,st,mcdonald,1980-05-13,S3M21980,0.5666666666666667,0.625,0,0,0
57984,18723,67719,tov,walker,1994-03-11,T1W41994,56218,tevin,williams,1994-08-24,T1W41994,0.6888888888888888,0.5277777777777778,0,0,0
57984,18725,67719,tov,walker,1994-03-11,T1W41994,56218,tevin,williams,1994-08-24,T1W41994,0.6888888888888888,0.5277777777777778,0,0,0
57984,20863,67719,tov,walker,1994-03-11,T1W41994,49739,tb,wallace,1994-10-02,T1W41994,0.611111111111111,0.8222222222222222,0,0,0
57986,32067,67719,v,walker,1994-03-11,V0W41994,60147,v,willkn,1994-09-29,V0W41994,1.0,0.6666666666666666,0,0,0
57989,57988,67704,javaris,mcclam,1996-08-20,J1M21996,67704,javaris,mcclam,1996-08-20,J1M21996,1.0,1.0,1,1,1
57992,57990,67730,juvfr,hock,1948-10-16,J1H21948,67730,jeffrey,hock,1948-10-16,J1H21948,0.6761904761904761,1.0,1,1,1
58003,58002,67737,shanice,brown,1992-08-31,S5B61992,67737,shanice,brown,1992-08-31,S5B61992,1.0,1.0,1,1,1
58014,26430,49455,c,megeu,1989-12-03,C0M21989,58416,ch,mngq,1989-09-18,C0M21989,0.8500000000000001,0.6333333333333333,0,0,0
58030,26005,67774,damian,speid,1975-09-14,D5S11975,58307,daniel,sponew,1975-10-26,D5S11975,0.6666666666666666,0.76,0,0,0
58032,44254,63670,lawrence,andrews,1989-11-27,L6A51989,63670,lawrence,andrews,1989-11-27,L6A51989,1.0,1.0,1,1,1
58034,44254,63670,lawrence,andrews,1989-11-27,L6A51989,63670,lawrence,andrews,1989-11-27,L6A51989,1.0,1.0,1,1,1
58034,58032,63670,lawrence,andrews,1989-11-27,L6A51989,63670,lawrence,andrews,1989-11-27,L6A51989,1.0,1.0,1,1,1
58042,54807,67749,jeramy,mathis,1986-01-08,J6M31986,66808,jarvis,matthews,1986-02-08,J6M31986,0.5555555555555555,0.8736111111111112,0,0,0
58046,57239,67754,moses,ri,1991-04-16,M2R01991,67512,miguel,r,1991-09-13,M2R01991,0.5777777777777778,0.8500000000000001,0,0,0
58052,29159,47092,rya,w,1984-04-01,R0W01984,59285,r,w,1984-07-29,R0W01984,0.7999999999999999,1.0,0,1,0
58058,13149,13745,ricky,tutes,1956-07-21,R2T31956,13745,ricky,tutes,1956-07-21,R2T31956,1.0,1.0,1,1,1
58058,13151,13745,ricky,tutes,1956-07-21,R2T31956,13745,ricky,tutes,1956-07-21,R2T31956,1.0,1.0,1,1,1
58061,26479,67739,jn,ca,1983-11-15,J5C01983,58470,jamleb,c,1983-06-19,J5C01983,0.5555555555555555,0.8500000000000001,0,0,0
58081,58080,67748,marco,pannell,1983-04-30,M6P51983,67748,marco,pannell,1983-09-30,M6P51983,1.0,1.0,0,1,1
58091,44372,67755,nniz,asprilla,1992-12-12,N2A21992,25315,naesp,aj,1992-10-23,N2A21992,0.4833333333333333,0.5416666666666666,0,0,0
58092,28797,67741,kkddya,sapp,1983-01-30,K3S11983,59171,keith,safuo,1983-06-26,K3S11983,0.4555555555555555,0.6333333333333333,0,0,0
58095,2696,67738,martin,davis,1976-11-16,M6D11976,51644,mauricio,dv,1976-10-24,M6D11976,0.7777777777777778,0.82,0,0,0
58103,58102,67761,steve,sanchez,1985-08-02,S3S51985,67761,steve,sanchez,1985-08-02,S3S51985,1.0,1.0,1,1,1
58111,49425,51037,le,walls,1983-05-29,L0W41983,65194,l,williams,1983-12-09,L0W41983,0.8500000000000001,0.7899999999999999,0,0,0
58112,58110,51037,sergio,walls,1983-05-29,S6W41983,51037,sergio,walls,1983-05-29,S6W41983,1.0,1.0,1,1,1
58113,11443,5532,f,s,1988-04-02,F0S01988,54144,fh,s,1988-11-27,F0S01988,0.8500000000000001,1.0,0,1,0
58119,47443,64593,james,fox,1984-08-03,J5F21984,64593,james,fox,1984-08-03,J5F21984,1.0,1.0,1,1,1
58119,47444,64593,james,fox,1984-08-03,J5F21984,64593,james,fox,1984-01-03,J5F21984,1.0,1.0,0,1,1
58120,47443,64593,james,fox,1984-08-03,J5F21984,64593,james,fox,1984-08-03,J5F21984,1.0,1.0,1,1,1
58120,47444,64593,james,fox,1984-08-03,J5F21984,64593,james,fox,1984-01-03,J5F21984,1.0,1.0,0,1,1
58120,58119,64593,james,fox,1984-08-03,J5F21984,64593,james,fox,1984-08-03,J5F21984,1.0,1.0,1,1,1
58121,47443,64593,james,fox,1984-08-03,J5F21984,64593,james,fox,1984-08-03,J5F21984,1.0,1.0,1,1,1
58121,47444,64593,james,fox,1984-08-03,J5F21984,64593,james,fox,1984-01-03,J5F21984,1.0,1.0,0,1,1
58121,58119,64593,james,fox,1984-08-03,J5F21984,64593,james,fox,1984-08-03,J5F21984,1.0,1.0,1,1,1
58121,58120,64593,james,fox,1984-08-03,J5F21984,64593,james,fox,1984-08-03,J5F21984,1.0,1.0,1,1,1
58153,47553,67787,e,linares,1973-11-28,E0L51973,10621,eiow,leon,1973-06-14,E0L51973,0.775,0.5952380952380952,0,0,0
58167,58142,23254,ronnie,thomas,1983-05-20,R5T51983,23254,ran,thomas,1983-05-29,R5T51983,0.6666666666666666,1.0,0,0,1
58184,24729,34055,maslin,brutus,1984-03-14,M2B61984,46679,maquia,brayboy,1984-01-16,M2B61984,0.6666666666666666,0.5396825396825397,0,0,0
58186,58185,67782,duran,lloyd,1988-08-26,D6L31988,67782,duran,lloyd,1988-08-26,D6L31988,1.0,1.0,1,1,1
58208,14595,67804,walter,wilson,1981-02-01,W4W41981,36291,waldo,wljnr,1981-04-14,W4W41981,0.79,0.7300000000000001,0,0,0
58209,25690,67815,michelle,gr,1974-10-06,M2G61974,58222,michael,grella,1974-09-28,M2G61974,0.9214285714285716,0.8222222222222222,0,0,0
58216,34817,67802,jgnf,jc,1989-05-23,J5J01989,60973,june,j,1989-04-06,J5J01989,0.6666666666666666,0.8500000000000001,0,0,0
58219,49427,67800,james,williams,1983-08-22,J5W41983,65194,jimmy,williams,1983-12-09,J5W41983,0.6,1.0,0,0,0
58241,58239,67805,robert,chironno,1973-09-10,R1C61973,67805,robert,chironno,1973-09-17,R1C61973,1.0,1.0,0,1,1
58249,14631,67813,craig,zn,1985-03-09,C6Z51985,54966,crmst,zambrano,1985-05-13,C6Z51985,0.6,0.5416666666666666,0,0,0
58249,14632,67813,craig,zn,1985-03-09,C6Z51985,54966,cristhian,zambrano,1985-05-13,C6Z51985,0.6444444444444445,0.5416666666666666,0,0,0
58259,58257,49960,davidson,charles,1992-02-20,D1C61992,49960,davidson,charles,1992-02-20,D1C61992,1.0,1.0,1,1,1
58260,21676,57040,andre,uter,1984-07-08,A5U31984,57040,andre,uter,1984-05-08,A5U31984,1.0,1.0,0,1,1
58265,14514,67821,k,icm,1956-09-28,K0I21956,54932,k,iuqkaho,1956-12-25,K0I21956,1.0,0.4920634920634921,0,0,0
58274,58272,67794,robernis,perez,1982-07-06,R1P61982,67794,robernis,perez,1982-02-16,R1P61982,1.0,1.0,0,1,1
58280,58278,67817,iks,portnoy,1970-04-06,I2P61970,67817,isaac,portnoy,1970-04-05,I2P61970,0.6888888888888888,1.0,0,0,1
58283,17021,67801,john,chironno,1962-11-23,J5C61962,55662,john,chirrono,1962-11-23,J5C61962,1.0,0.95,1,1,0
58283,44780,67801,john,chironno,1962-11-23,J5C61962,63841,juan,crespo,1962-07-21,J5C61962,0.6666666666666666,0.625,0,0,0
58286,58285,67816,amanda,hart,1993-09-06,A5H61993,67816,amanda,hart,1993-09-07,A5H61993,1.0,1.0,0,1,1
58306,37478,63291,crrmltop,k,1982-08-16,C6K01982,61736,cornelius,k,1982-01-29,C6K01982,0.5694444444444444,1.0,0,0,0
58329,16860,67845,kazvm,mckenzie,1964-07-24,K2M21964,55620,kec,mzrlq,1964-01-28,K2M21964,0.5111111111111111,0.4416666666666666,0,0,0
58332,14879,67846,christopher,marques,1991-09-01,C6M61991,8763,chr,marion,1991-04-02,C6M61991,0.8303030303030302,0.6428571428571429,0,0,0
58333,14879,67846,chr,marques,1991-09-01,C6M61991,8763,chr,marion,1991-04-02,C6M61991,1.0,0.6428571428571429,0,0,0
58333,58332,67846,chr,marques,1991-09-01,C6M61991,67846,christopher,marques,1991-09-01,C6M61991,0.8303030303030302,1.0,1,1,1
58334,30201,67846,christopher,zax,1991-09-01,C6Z21991,36277,cgurthe,zek,1991-02-08,C6Z21991,0.6562770562770562,0.5555555555555555,0,0,0
58357,58356,29311,delmar,mclaughlin,1990-09-14,D4M21990,29311,delmar,mc,1990-09-14,D4M21990,1.0,0.7866666666666667,1,1,1
58375,12963,67831,daniel,cwnkq,1987-05-28,D5C51987,54515,donald,conjpj,1987-12-15,D5C51987,0.6944444444444443,0.5777777777777778,0,0,0
58375,23635,67831,daniel,cwnkq,1987-05-28,D5C51987,57582,demyrih,camel,1987-09-05,D5C51987,0.5396825396825397,0.4666666666666666,0,0,0
58385,43035,7877,cte,smith,1981-06-20,C3S51981,63315,cathqr,smith,1981-01-22,C3S51981,0.6666666666666666,1.0,0,0,0
58388,57172,67829,danny,martin,1963-10-27,D5M61963,17704,dmf,morr,1963-09-05,D5M61963,0.5111111111111111,0.611111111111111,0,0,0
58389,49723,67844,cj,brown,1979-11-06,C0B61979,65297,co,brown,1979-01-21,C0B61979,0.6666666666666666,1.0,0,0,0
58411,57695,67663,robert,porras,1986-09-04,R1P61986,67663,robert,porras,1986-09-04,R1P61986,1.0,1.0,1,1,1
58425,35486,67863,e,holloway,1981-05-17,E0H41981,61155,e,hellp,1981-09-16,E0H41981,1.0,0.6583333333333333,0,0,0
58432,18996,8061,p,hodge,1981-10-10,P0H31981,45111,p,had,1981-04-25,P0H31981,1.0,0.6888888888888888,0,0,0
58439,55029,67855,cherline,saintlouis,1988-08-19,C6S51988,66871,christopher,santiago,1988-02-10,C6S51988,0.6931818181818182,0.7822222222222223,0,0,0
58439,55031,67855,cherline,saintlouis,1988-08-19,C6S51988,66871,carjst,santiago,1988-02-15,C6S51988,0.5277777777777778,0.7822222222222223,0,0,0
58442,58441,67859,brian,rhmpurm,1987-08-07,B6R51987,67859,brian,rambarrat,1987-08-07,B6R51987,1.0,0.5873015873015873,1,1,1
58455,29268,67853,louis,jusf,1977-11-30,L2J21977,59306,leqvud,jasmin,1977-07-11,L2J21977,0.5777777777777778,0.611111111111111,0,0,0
58462,58458,7106,jermaine,westbrook,1990-10-16,J6W21990,7106,jermaine,westbrook,1990-10-16,J6W21990,1.0,1.0,1,1,1
58474,58458,7106,jermaine,westbrook,1990-10-16,J6W21990,7106,jermaine,westbrook,1990-10-16,J6W21990,1.0,1.0,1,1,1
58474,58462,7106,jermaine,westbrook,1990-10-16,J6W21990,7106,jermaine,westbrook,1990-10-16,J6W21990,1.0,1.0,1,1,1
58475,58458,7106,jermaine,wexo,1990-10-16,J6W21990,7106,jermaine,westbrook,1990-10-16,J6W21990,1.0,0.6944444444444443,1,1,1
58475,58462,7106,jermaine,wexo,1990-10-16,J6W21990,7106,jermaine,westbrook,1990-10-16,J6W21990,1.0,0.6944444444444443,1,1,1
58475,58474,7106,jermaine,wexo,1990-10-16,J6W21990,7106,jermaine,westbrook,1990-10-16,J6W21990,1.0,0.6944444444444443,1,1,1
58480,796,67870,chrrxtop,tdd,1987-10-23,C6T01987,24039,crwxr,t,1987-06-18,C6T01987,0.6833333333333332,0.7999999999999999,0,0,0
58481,50507,67870,chrkstx,thomas,1987-10-23,C6T51987,65523,christopher,tom,1987-11-29,C6T51987,0.806060606060606,0.8500000000000001,0,0,0
58499,58497,67850,max,vassar,1950-03-27,M2V21950,67850,max,vassar,1950-03-26,M2V21950,1.0,1.0,0,1,1
58534,58533,67888,rodrigo,lessa,1993-07-22,R3L21993,67888,rodrigo,lessa,1993-07-23,R3L21993,1.0,1.0,0,1,1
58541,48269,16324,sandra,rqkriguezcy,1988-07-20,S5R21988,2447,smwnlw,rich,1988-11-16,S5R21988,0.5555555555555555,0.5606060606060607,0,0,0
58553,58551,67890,lessely,hyppolite,1985-03-06,L2H11985,67890,lessely,hyppolite,1985-03-06,L2H11985,1.0,1.0,1,1,1
58554,39029,67880,jaime,hi,1981-09-20,J5H01981,7342,james,h,1981-10-03,J5H01981,0.8933333333333333,0.8500000000000001,0,0,0
58556,46218,67880,jaime,higuera,1981-09-20,J5H21981,64252,james,hughes,1981-10-23,J5H21981,0.8933333333333333,0.6626984126984127,0,0,0
58564,58563,67900,kristy,monti,1978-11-24,K6M51978,67900,kristy,monti,1978-11-24,K6M51978,1.0,1.0,1,1,1
58586,58584,67902,anderson,gauthier,1980-02-26,A5G31980,67902,anderson,gauthier,1980-02-25,A5G31980,1.0,1.0,0,1,1
58593,10569,67355,kamille,clarke,1994-08-04,K5C41994,53894,keontrae,clarke,1994-01-13,K5C41994,0.5119047619047619,1.0,0,0,0
58593,10571,67355,kamille,clarke,1994-08-04,K5C41994,53894,keontrae,clarke,1994-08-13,K5C41994,0.5119047619047619,1.0,0,0,0
58602,3538,51850,reginald,butler,1992-02-28,R2B31992,51850,rhj,butler,1992-04-21,R2B31992,0.4861111111111111,1.0,0,0,1
58603,3538,51850,reginald,butler,1992-05-28,R2B31992,51850,rhj,butler,1992-04-21,R2B31992,0.4861111111111111,1.0,0,0,1
58603,58602,51850,reginald,butler,1992-05-28,R2B31992,51850,reginald,butler,1992-02-28,R2B31992,1.0,1.0,0,1,1
58604,3538,51850,reginald,butler,1992-04-28,R2B31992,51850,rhj,butler,1992-04-21,R2B31992,0.4861111111111111,1.0,0,0,1
58604,58602,51850,reginald,butler,1992-04-28,R2B31992,51850,reginald,butler,1992-02-28,R2B31992,1.0,1.0,0,1,1
58604,58603,51850,reginald,butler,1992-04-28,R2B31992,51850,reginald,butler,1992-05-28,R2B31992,1.0,1.0,0,1,1
58607,1788,51314,russell,gaskin,1994-08-30,R2G21994,51314,russell,gaskin,1994-03-30,R2G21994,1.0,1.0,0,1,1
58611,48172,67903,thomas,fd,1988-01-15,T5F31988,33076,thomas,ftaue,1988-04-17,T5F31988,1.0,0.5666666666666667,0,0,0
58616,58615,67908,kellie,butler,1972-07-22,K4B31972,67908,kylog,butler,1972-07-22,K4B31972,0.5777777777777778,1.0,1,1,1
58622,58620,67915,trevor,thornton,1981-11-12,T6T61981,67915,trevor,thornton,1981-11-13,T6T61981,1.0,1.0,0,1,1
58625,4991,67898,mccp,ramos,1975-08-30,M2R51975,52307,msp,ryn,1975-03-13,M2R51975,0.75,0.5111111111111111,0,0,0
58628,1788,51314,russell,gaskin,1994-08-30,R2G21994,51314,russell,gaskin,1994-03-30,R2G21994,1.0,1.0,0,1,1
58628,58607,51314,russell,gaskin,1994-08-30,R2G21994,51314,russell,gaskin,1994-08-30,R2G21994,1.0,1.0,1,1,1
58640,7790,67906,jason,dwui,1990-11-09,J2D01990,53099,justin,de,1990-08-03,J2D01990,0.7300000000000001,0.5833333333333334,0,0,0
58640,17658,67906,jason,dwui,1990-11-09,J2D01990,55868,jake,dei,1990-10-09,J2D01990,0.6333333333333333,0.75,0,0,0
58640,20782,67906,jason,dwui,1990-11-09,J2D01990,55971,jose,d,1990-05-03,J2D01990,0.6333333333333333,0.775,0,0,0
58643,58619,54383,jose,hi,1958-06-21,J2H01958,54383,jose,h,1958-06-21,J2H01958,1.0,0.8500000000000001,1,1,1
58658,58657,67937,jean,mbilli,1966-05-24,J5M11966,67937,jean,mbilli,1966-05-24,J5M11966,1.0,1.0,1,1,1
58659,33533,67920,jerremy,sangsl ual,1984-04-22,J6S51984,60594,jarod,singh,1984-06-20,J6S51984,0.5619047619047619,0.6333333333333333,0,0,0
58684,58448,12417,jose,medina,1985-08-01,J2M31985,67857,jason,mutrux,1985-06-13,J2M31985,0.6333333333333333,0.4444444444444444,0,0,0
58686,30957,67944,jorge,correa,1989-08-03,J6C61989,9377,jarvis,cure,1989-11-04,J6C61989,0.5777777777777778,0.775,0,0,0
58697,58696,67940,lissette,ha,1978-07-03,L2H01978,67940,lismwy,h,1978-07-03,L2H01978,0.625,0.8500000000000001,1,1,1
58699,20740,25511,james,hurui,1985-08-04,J5H61985,56758,john,hartsock,1985-03-25,J5H61985,0.4833333333333333,0.5499999999999999,0,0,0
58714,24613,67957,david,mhquc,1993-12-26,D1M21993,57932,davel,mqbgnpl,1993-05-19,D1M21993,0.8133333333333334,0.5619047619047619,0,0,0
58714,27704,67957,david,mhquc,1993-12-26,D1M21993,58857,david,moise,1993-06-06,D1M21993,1.0,0.4666666666666666,0,0,0
58752,9317,67962,aa,carr,1993-08-24,A0C61993,43590,aiy,char,1993-07-30,A0C61993,0.611111111111111,0.8500000000000001,0,0,0
58769,49329,38560,arj,burzc,1991-02-16,A6B61991,65150,ariel,barias,1991-10-31,A6B61991,0.6888888888888888,0.5777777777777778,0,0,0
58775,58774,67967,dominique,gadson,1992-07-10,D5G31992,67967,domi,gadson,1992-07-10,D5G31992,0.888888888888889,1.0,1,1,1
58776,17836,67975,tracy,williams,1985-10-07,T6W41985,49389,travis,willis,1985-03-28,T6W41985,0.79,0.95,0,0,0
58805,12817,67963,se,seenathsingh,1961-07-15,S0S51961,35385,s,sohnm,1961-01-18,S0S51961,0.8500000000000001,0.5055555555555555,0,0,0
58805,14947,67963,se,seenathsingh,1961-07-15,S0S51961,55054,s,senich,1961-09-11,S0S51961,0.8500000000000001,0.6833333333333332,0,0,0
58807,38508,8588,jesse,lebrecht,1971-12-08,J2L11971,62050,jose,lv,1971-12-08,J2L11971,0.8049999999999999,0.5416666666666666,1,1,0
58809,36927,67980,janc,sanchez-rodriguez,1995-07-07,J5S51995,61544,jonathan,saintil,1995-02-05,J5S51995,0.5972222222222222,0.6022408963585434,0,0,0
58809,36929,67980,janc,sanchez-rodriguez,1995-07-07,J5S51995,61544,jonathan,saintil,1995-02-05,J5S51995,0.5972222222222222,0.6022408963585434,0,0,0
58809,48541,67980,janc,sanchez-rodriguez,1995-07-07,J5S51995,64919,junio,sainvil,1995-11-29,J5S51995,0.6333333333333333,0.6022408963585434,0,0,0
58812,29184,67960,amsterby,etienne,1990-12-17,A5E31990,869,andre,eaton,1990-07-15,A5E31990,0.5472222222222222,0.6761904761904761,0,0,0
58812,38075,67960,amsterby,etienne,1990-12-17,A5E31990,61900,anthony,edie,1990-05-02,A5E31990,0.6011904761904762,0.7535714285714287,0,0,0
58814,49926,67960,aq,etienne,1990-12-17,A2E31990,65352,akeem,edwards,1990-11-29,A2E31990,0.5666666666666667,0.4285714285714285,0,0,0
58816,58815,67965,jz,lexr,1984-07-11,J0L21984,67965,jx,lktj,1984-07-10,J0L21984,0.6666666666666666,0.5,0,0,1
58819,52765,43480,jacklyn,borges,1980-01-05,J2B61980,66218,jessica,baron,1980-07-15,J2B61980,0.4285714285714285,0.5888888888888889,0,0,0
58831,33924,67986,largos,stephens,1981-01-21,L6S31981,60702,laurence,stevens,1981-11-04,L6S31981,0.625,0.9083333333333332,0,0,0
58831,33925,67986,largos,stephens,1981-01-21,L6S31981,60702,laurence,stevens,1981-11-04,L6S31981,0.625,0.9083333333333332,0,0,0
58841,58827,67982,bradley,king,1971-03-14,B6K51971,67982,bradley,king,1971-03-11,B6K51971,1.0,1.0,0,1,1
58844,58842,13378,eugene,tuus,1985-04-20,E2T21985,13378,eugene,tucker,1985-02-20,E2T21985,1.0,0.611111111111111,0,0,1
58859,5698,1288,pherbeiomi,junior,1986-12-19,P6J51986,34339,precious,jones,1986-11-08,P6J51986,0.6416666666666667,0.5777777777777778,0,0,0
58859,52002,1288,pherbeiomi,junior,1986-12-19,P6J51986,3019,princemalachi,johnson,1986-04-04,P6J51986,0.6316239316239316,0.6428571428571429,0,0,0
58910,58908,67993,amy,fisher,1976-06-28,A5F21976,67993,amy,fisher,1976-06-28,A5F21976,1.0,1.0,1,1,1
58911,19191,47029,hardy,g,1982-08-02,H6G01982,39415,herbert,g,1982-06-02,H6G01982,0.5619047619047619,1.0,0,0,0
58919,58917,68020,samantha,windle,1992-05-10,S5W51992,68020,samantha,windle,1992-08-10,S5W51992,1.0,1.0,0,1,1
58926,31379,59949,mg,daniel,1993-02-12,M2D51993,59949,miesha,daniel,1993-02-14,M2D51993,0.5555555555555555,1.0,0,0,1
58926,39380,59949,mg,daniel,1993-02-12,M2D51993,62313,miesha,daniel,1993-02-12,M2D51993,0.5555555555555555,1.0,1,1,0
58926,53390,59949,mg,daniel,1993-02-12,M2D51993,66388,mickel,dhanoolal,1993-03-17,M2D51993,0.5555555555555555,0.7333333333333334,0,0,0
58927,31379,59949,mg,daniel,1993-02-12,M2D51993,59949,miesha,daniel,1993-02-14,M2D51993,0.5555555555555555,1.0,0,0,1
58927,39380,59949,mg,daniel,1993-02-12,M2D51993,62313,miesha,daniel,1993-02-12,M2D51993,0.5555555555555555,1.0,1,1,0
58927,53390,59949,mg,daniel,1993-02-12,M2D51993,66388,mickel,dhanoolal,1993-03-17,M2D51993,0.5555555555555555,0.7333333333333334,0,0,0
58927,58926,59949,mg,daniel,1993-02-12,M2D51993,59949,mg,daniel,1993-02-12,M2D51993,1.0,1.0,1,1,1
58954,34737,60929,veugoplalan,devaswampadaibv,1970-05-13,V2D11970,60929,veugoplalan,devaswovp,1970-05-13,V2D11970,1.0,0.8488888888888889,1,1,1
58960,9243,68008,t,j,1984-12-15,T0J01984,53471,t,j,1984-07-05,T0J01984,1.0,1.0,0,1,0
58966,51832,35086,marvin,desir,1992-12-29,M6D21992,59500,moriach,deus,1992-08-30,M6D21992,0.6428571428571429,0.8266666666666667,0,0,0
58970,58969,68017,tiago,monteiro,1990-08-20,T2M51990,68017,tiago,monteiro,1990-08-20,T2M51990,1.0,1.0,1,1,1
58983,40769,68034,keelan,swans,1989-08-12,K4S51989,62668,kelly,sen,1989-04-24,K4S51989,0.76,0.6888888888888888,0,0,0
58992,27741,58469,ekaz,ca,1979-11-14,E2C01979,58867,eous,ci,1979-08-23,E2C01979,0.5,0.6666666666666666,0,0,0
58993,42597,58469,tiara,pryor,1970-11-17,T6P61970,63237,travis,perkins,1970-07-30,T6P61970,0.5888888888888889,0.5619047619047619,0,0,0
58998,46455,12156,thomas,crq,1979-09-30,T5C61979,64309,tomas,cruz,1979-06-23,T5C61979,0.95,0.7777777777777778,0,0,0
58999,43054,12156,thomas,kraft,1979-09-30,T5K61979,56936,tm,khrr,1979-05-13,T5K61979,0.7999999999999999,0.6333333333333333,0,0,0
59000,43054,12156,thomas,kraft,1979-09-20,T5K61979,56936,tm,khrr,1979-05-13,T5K61979,0.7999999999999999,0.6333333333333333,0,0,0
59000,58999,12156,thomas,kraft,1979-09-20,T5K61979,12156,thomas,kraft,1979-09-30,T5K61979,1.0,1.0,0,1,1
59002,44114,68059,reese,clarke,1987-10-25,R2C41987,63628,raisa,cl,1987-07-02,R2C41987,0.6,0.8222222222222222,0,0,0
59017,14154,68037,jose,diaz,1984-09-08,J2D21984,19311,jeqi,dozier,1984-03-28,J2D21984,0.5,0.6388888888888888,0,0,0
59053,1880,56744,jnrkgba,miyy,1984-07-13,J5M01984,1307,juan,m,1984-06-01,J5M01984,0.5952380952380952,0.775,0,0,0
59058,4197,60620,chavalier,johnson,1991-04-09,C1J51991,34827,cfbs,johnson,1991-10-24,C1J51991,0.4537037037037037,1.0,0,0,0
59075,59073,68053,alberto,soldiew,1969-01-27,A4S41969,68053,alberto,soldiew,1969-01-27,A4S41969,1.0,1.0,1,1,1
59079,43054,12156,thomas,kraft,1979-09-30,T5K61979,56936,tm,khrr,1979-05-13,T5K61979,0.7999999999999999,0.6333333333333333,0,0,0
59079,58999,12156,thomas,kraft,1979-09-30,T5K61979,12156,thomas,kraft,1979-09-30,T5K61979,1.0,1.0,1,1,1
59079,59000,12156,thomas,kraft,1979-09-30,T5K61979,12156,thomas,kraft,1979-09-20,T5K61979,1.0,1.0,0,1,1
59083,23451,68055,joseph,bjlue,1990-03-23,J2B21990,57574,justin,bkcns,1990-10-30,J2B21990,0.5555555555555555,0.4666666666666666,0,0,0
59083,26369,68055,joseph,bjlue,1990-03-23,J2B21990,58385,justin,bsrt,1990-09-11,J2B21990,0.5555555555555555,0.4833333333333333,0,0,0
59101,42030,68070,diane,ncam,1974-09-14,D5N21974,32696,duane,ngnningk,1974-04-09,D5N21974,0.88,0.4583333333333333,0,0,0
59103,7614,68066,thomas,gyorfi,1991-04-03,T5G61991,49240,tamoy,garwood,1991-12-23,T5G61991,0.5888888888888889,0.5317460317460317,0,0,0
59104,32531,68066,tg,gykbx,1991-04-03,T2G21991,60273,tess,goesem,1991-07-12,T2G21991,0.5833333333333334,0.4555555555555555,0,0,0
59107,30319,68079,amy,msrgh,1983-08-16,A5M21983,59601,andre,mos,1983-08-23,A5M21983,0.5111111111111111,0.6888888888888888,0,0,0
59107,38138,68079,amy,msrgh,1983-08-16,A5M21983,61953,anastasiya,mushlin,1983-06-20,A5M21983,0.4777777777777778,0.6761904761904761,0,0,0
59108,46907,68079,amy,murphyquintana,1983-08-16,A5M61983,64427,an,merritt,1983-11-13,A5M61983,0.611111111111111,0.6190476190476191,0,0,0
59111,59098,24803,dwight,davisjr,1990-04-13,D2D11990,24803,dwight,davisjr,1990-04-13,D2D11990,1.0,1.0,1,1,1
59148,31221,68081,dpnbs,dyf,1990-07-25,D1D11990,11417,daptf,davis,1990-06-22,D1D11990,0.6,0.5111111111111111,0,0,0
59151,34446,68071,christopher,james,1990-04-11,C6J51990,17529,cory,jones,1990-11-11,C6J51990,0.5606060606060607,0.76,0,0,0
59158,38002,9783,marvin,washington,1989-07-28,M6W21989,61878,mareeta,wicyihh,1989-11-29,M6W21989,0.6428571428571429,0.465079365079365,0,0,0
59159,38002,9783,marvin,washington,1989-07-24,M6W21989,61878,mareeta,wicyihh,1989-11-29,M6W21989,0.6428571428571429,0.465079365079365,0,0,0
59159,59158,9783,marvin,washington,1989-07-24,M6W21989,9783,marvin,washington,1989-07-28,M6W21989,1.0,1.0,0,1,1
59160,35464,68086,sishc,cruz,1995-06-15,S2C61995,61157,sasha,coar,1995-07-29,S2C61995,0.76,0.5,0,0,0
59164,59163,68083,nina,mahmud,1978-06-14,N5M51978,68083,nina,mahmud,1978-06-08,N5M51978,1.0,1.0,0,1,1
59165,59163,68083,nina,mahmud,1978-06-04,N5M51978,68083,nina,mahmud,1978-06-08,N5M51978,1.0,1.0,0,1,1
59165,59164,68083,nina,mahmud,1978-06-04,N5M51978,68083,nina,mahmud,1978-06-14,N5M51978,1.0,1.0,0,1,1
59170,16959,68087,andy,wi,1988-08-19,A5W01988,45346,aener,w,1988-12-26,A5W01988,0.6333333333333333,0.8500000000000001,0,0,0
59170,51391,68087,andy,wi,1988-08-19,A5W01988,8805,antoine,wa,1988-04-13,A5W01988,0.5952380952380952,0.6666666666666666,0,0,0
59171,530,68087,mq,wilvi,1988-08-19,M2W41988,50969,mcm,wl,1988-08-23,M2W41988,0.611111111111111,0.82,0,0,0
59171,9808,68087,mq,wilvi,1988-08-19,M2W41988,53693,michael,wilson,1988-08-30,M2W41988,0.5476190476190476,0.79,0,0,0
59171,9809,68087,mq,wilvi,1988-08-19,M2W41988,53693,michael,wilson,1988-08-30,M2W41988,0.5476190476190476,0.79,0,0,0
59175,49903,68088,michelle,traslavina,1982-10-12,M2T61982,65344,michael,tirrel,1982-04-20,M2T61982,0.9214285714285716,0.6,0,0,0
59176,49903,68088,michelle,traslavina,1982-10-12,M2T61982,65344,michael,tirrel,1982-04-20,M2T61982,0.9214285714285716,0.6,0,0,0
59176,59175,68088,michelle,traslavina,1982-10-12,M2T61982,68088,michelle,traslavina,1982-10-12,M2T61982,1.0,1.0,1,1,1
59188,59187,68091,doyle,dixon,1959-11-21,D4D21959,68091,doyle,dtx,1959-11-23,D4D21959,1.0,0.6888888888888888,0,0,1
59193,12336,68094,tony,stricklin,1992-06-20,T5S31992,46563,timothy,stevens,1992-07-09,T5S31992,0.5952380952380952,0.5873015873015873,0,0,0
59193,25246,68094,tony,stricklin,1992-06-20,T5S31992,58085,then,stinson,1992-03-13,T5S31992,0.6666666666666666,0.671957671957672,0,0,0
59195,12336,68094,tony,stricklin,1992-08-20,T5S31992,46563,timothy,stevens,1992-07-09,T5S31992,0.5952380952380952,0.5873015873015873,0,0,0
59195,25246,68094,tony,stricklin,1992-08-20,T5S31992,58085,then,stinson,1992-03-13,T5S31992,0.6666666666666666,0.671957671957672,0,0,0
59195,59193,68094,tony,stricklin,1992-08-20,T5S31992,68094,tony,stricklin,1992-06-20,T5S31992,1.0,1.0,0,1,1
59198,59197,68098,miguel,gonzalez,1973-12-09,M2G51973,68098,miguel,gonzalez,1973-12-09,M2G51973,1.0,1.0,1,1,1
59214,14295,68092,dominique,smith,1986-01-08,D5S51986,24535,demet,smith,1986-05-08,D5S51986,0.5407407407407407,1.0,0,0,0
59215,27305,68092,d,ky,1986-01-08,D0K01986,58725,de,ku,1986-08-12,D0K01986,0.8500000000000001,0.6666666666666666,0,0,0
59237,49183,68101,alain,l,1991-10-15,A4L01991,65119,alex,l,1991-01-24,A4L01991,0.6333333333333333,1.0,0,0,0
59242,59241,68112,david,downs,1977-01-07,D1D51977,68112,david,downs,1977-01-07,D1D51977,1.0,1.0,1,1,1
59243,59241,68112,david,downs,1977-01-07,D1D51977,68112,david,downs,1977-01-07,D1D51977,1.0,1.0,1,1,1
59243,59242,68112,david,downs,1977-01-07,D1D51977,68112,david,downs,1977-01-07,D1D51977,1.0,1.0,1,1,1
59251,34370,68102,dnug,c,1974-03-16,D5C01974,60838,domqc,ci,1974-06-16,D5C01974,0.4833333333333333,0.8500000000000001,0,0,0
59257,58125,11906,zane,thompson-henry,1991-10-21,Z5T51991,67743,zinnfderq,thomas,1991-08-12,Z5T51991,0.6944444444444443,0.8380952380952381,0,0,0
59258,58125,11906,zane,thompson-henry,1991-10-31,Z5T51991,67743,zinnfderq,thomas,1991-08-12,Z5T51991,0.6944444444444443,0.8380952380952381,0,0,0
59258,59257,11906,zane,thompson-henry,1991-10-31,Z5T51991,11906,zane,thompson-henry,1991-10-21,Z5T51991,1.0,1.0,0,1,1
59264,59263,68124,maria,mccutcheon,1973-05-04,M6M21973,68124,maria,mccutb,1973-05-04,M6M21973,1.0,0.8666666666666667,1,1,1
59265,26059,7066,vqq,s,1991-05-10,V2S01991,58338,victor,s,1991-04-07,V2S01991,0.5,1.0,0,0,0
59272,920,68131,ezekiel,ua,1955-09-14,E2U01955,23615,ez,ui,1955-06-08,E2U01955,0.8095238095238095,0.6666666666666666,0,0,0
59280,9032,68129,raysheuna,house,1992-05-20,R2H21992,53437,rcvul,hicks,1992-02-05,R2H21992,0.5407407407407407,0.6,0,0,0
59281,9032,68129,raysheuna,house,1992-05-20,R2H21992,53437,rcvul,hicks,1992-02-05,R2H21992,0.5407407407407407,0.6,0,0,0
59281,59280,68129,raysheuna,house,1992-05-20,R2H21992,68129,raysheuna,house,1992-05-20,R2H21992,1.0,1.0,1,1,1
59305,57442,68127,ledford,paeee,1989-02-21,L3P01989,10582,ladarious,p,1989-04-05,L3P01989,0.5886243386243386,0.76,0,0,0
59308,59307,68136,anthony,milner,1980-06-26,A5M41980,68136,anthony,milner,1980-06-26,A5M41980,1.0,1.0,1,1,1
59309,35344,68136,anthony,mg,1980-06-26,A5M21980,49961,anacia,mxnwga,1980-02-18,A5M21980,0.5396825396825397,0.5555555555555555,0,0,0
59333,59332,68160,kaya,ferdinand,1989-06-15,K0F61989,68160,kaya,ferdinand,1989-06-15,K0F61989,1.0,1.0,1,1,1
59353,2930,68141,anthony,smith,1989-03-27,A5S51989,51693,antwan,somuk,1989-03-07,A5S51989,0.8222222222222222,0.6,0,0,0
59353,18324,68141,anthony,smith,1989-03-27,A5S51989,56080,andrienna,sanchez,1989-09-08,A5S51989,0.5873015873015873,0.5619047619047619,0,0,0
59364,52010,68143,po,j,1986-06-21,P0J01986,3019,p,j,1986-04-03,P0J01986,0.8500000000000001,1.0,0,1,0
59370,35309,68144,la,wec,1987-03-25,L0W21987,41815,l,wzlrj,1987-03-06,L0W21987,0.8500000000000001,0.5111111111111111,0,0,0
59377,49566,68159,bart,jano,1984-10-08,B6J51984,15244,bernie,jean,1984-05-06,B6J51984,0.611111111111111,0.8500000000000001,0,0,0
59378,41177,68159,l,jano,1984-10-08,L0J51984,62798,l,jemail,1984-01-14,L0J51984,1.0,0.611111111111111,0,0,0
59396,34216,68183,roa,knight,1984-05-01,R0K51984,60762,r,kinsella,1984-12-29,R0K51984,0.7999999999999999,0.5138888888888888,0,0,0
59399,59397,68164,christoher,roberts,1968-07-23,C6R11968,68164,christoher,roberts,1968-07-26,C6R11968,1.0,1.0,0,1,1
59401,18252,68179,christina,sargent,1983-12-24,C6S61983,7532,carl,schurman,1983-08-31,C6S61983,0.5740740740740741,0.6011904761904762,0,0,0
59413,15945,68169,frank,smith,1987-07-11,F6S51987,17711,frank,schmidt,1987-04-20,F6S51987,1.0,0.7364285714285714,0,0,0
59421,4835,36453,st,p,1981-08-03,S3P01981,52255,stawac,p,1981-03-27,S3P01981,0.8222222222222222,1.0,0,1,0
59448,16387,68205,kaycie,ferrara,1991-11-25,K2F61991,55470,keisha,fradin,1991-12-07,K2F61991,0.5555555555555555,0.6428571428571429,0,0,0
59454,59120,24543,april,hkzl,1966-09-06,A1H21966,68076,afu,hsg,1966-09-24,A1H21966,0.5111111111111111,0.5277777777777778,0,0,0
59474,38103,68201,c,dqt,1957-08-20,C0D21957,61925,c,dknc,1957-06-09,C0D21957,1.0,0.5277777777777778,0,0,0
59478,32641,6662,paula,dv,1976-07-16,P4D11976,60300,paul,davis,1976-06-02,P4D11976,0.96,0.82,0,1,0
59479,42344,6662,ha,duncan,1973-07-16,H0D51973,63138,h,dom,1973-01-27,H0D51973,0.8500000000000001,0.5,0,0,0
59498,8484,68198,demario,dennis,1983-01-07,D5D51983,53282,dhmq,dtnz,1983-04-02,D5D51983,0.5952380952380952,0.611111111111111,0,0,0
59543,59541,68224,barrington,figueroa,1952-08-27,B6F21952,68224,barrington,figw,1952-08-20,B6F21952,1.0,0.7958333333333334,0,1,1
59554,59553,68218,sharikia,thompkins,1996-04-26,S6T51996,68218,sharikia,thompkins,1996-04-26,S6T51996,1.0,1.0,1,1,1
59555,59553,68218,sharikia,thompkins,1996-04-26,S6T51996,68218,sharikia,thompkins,1996-04-26,S6T51996,1.0,1.0,1,1,1
59555,59554,68218,sharikia,thompkins,1996-04-26,S6T51996,68218,sharikia,thompkins,1996-04-26,S6T51996,1.0,1.0,1,1,1
59578,59577,68219,angela,nelson,1969-07-03,A5N41969,68219,angela,nelson,1969-05-03,A5N41969,1.0,1.0,0,1,1
59608,3046,68232,za,rc,1981-09-05,Z0R21981,41921,zz,rqky,1981-01-21,Z0R21981,0.6666666666666666,0.5833333333333334,0,0,0
59647,24231,33349,stex,williams,1955-11-07,S3W41955,57769,stefan,walters,1955-07-04,S3W41955,0.825,0.6011904761904762,0,0,0
59654,11201,68255,joshua,agaph,1985-08-10,J2A21985,1994,joseph,aqy,1985-05-26,J2A21985,0.8444444444444443,0.5111111111111111,0,0,0
59656,3932,42331,michelle,merritt,1978-01-28,M2M61978,52011,michael,marceau,1978-07-07,M2M61978,0.9214285714285716,0.5238095238095238,0,0,0
59675,49301,68260,michael,bentivegna,1989-03-04,M2B51989,65172,mmc,bonhomme,1989-01-21,M2B51989,0.6507936507936508,0.5583333333333333,0,0,0
59679,82,53081,muo,bb,1989-09-01,M0B01989,29205,mneh,bo,1989-11-10,M0B01989,0.5277777777777778,0.6666666666666666,0,0,0
59680,27456,53081,ts,soto,1989-09-08,T2S31989,58768,twchq,stone,1989-07-07,T2S31989,0.5666666666666667,0.6722222222222222,0,0,0
59685,31974,68265,jennie,rosado,1985-12-31,J5R21985,33282,jamere,rogers,1985-03-17,J5R21985,0.6666666666666666,0.5555555555555555,0,0,0
59689,59688,68252,ckmr,louis,1989-10-20,C5L21989,68252,camary,louis,1989-10-23,C5L21989,0.775,1.0,0,1,1
59713,59712,68251,jonathan,ozt,1989-08-19,J5O21989,68251,jonvrh,ospina,1989-08-19,J5O21989,0.8055555555555556,0.5,1,1,1
59714,59712,68251,jonathan,ospina,1989-08-19,J5O21989,68251,jonvrh,ospina,1989-08-19,J5O21989,0.8055555555555556,1.0,1,1,1
59714,59713,68251,jonathan,ospina,1989-08-19,J5O21989,68251,jonathan,ozt,1989-08-19,J5O21989,1.0,0.5,1,1,1
59717,59706,6635,noor,ahmadoiya,1981-02-24,N6A51981,6635,noor,ahmadoiya,1981-02-26,N6A51981,1.0,1.0,0,1,1
59728,56181,68277,l,zb,1976-05-27,L0Z11976,67216,li,zb,1976-11-05,L0Z11976,0.8500000000000001,1.0,0,1,0
59734,57376,68267,lq,pzn,1972-04-23,L2P21972,67536,louis,pictph,1972-10-20,L2P21972,0.5666666666666667,0.5,0,0,0
59750,53310,41434,mgz,yldq,1993-08-15,M2Y41993,66368,mgc,yilt,1993-04-26,M2Y41993,0.8222222222222222,0.6666666666666666,0,0,0
59751,28999,68282,jason,robertson,1990-11-13,J2R11990,59238,jose,rubio,1990-01-22,J2R11990,0.6333333333333333,0.5333333333333333,0,0,0
59764,59763,68278,shane,vm,1981-03-10,S5V51981,68278,shane,vanderburg,1981-08-10,S5V51981,1.0,0.5333333333333333,0,0,1
59810,29172,68288,roger,guerra,1993-09-02,R2G61993,59278,roshod,graham,1993-12-27,R2G61993,0.5777777777777778,0.6666666666666666,0,0,0
59824,59823,68299,victoria,boone,1971-10-22,V2B51971,68299,victoria,boone,1971-10-22,V2B51971,1.0,1.0,1,1,1
59830,55246,68319,charles,johnson,1989-04-22,C6J51989,64827,cyr,johnson,1989-03-15,C6J51989,0.6507936507936508,1.0,0,0,0
59830,57479,68319,charles,johnson,1989-04-22,C6J51989,39627,christopher,jen,1989-01-21,C6J51989,0.6562770562770562,0.6507936507936508,0,0,0
59834,21766,67327,eugene,ouzts,1982-08-05,E2O21982,16861,ezf,oosk,1982-02-14,E2O21982,0.5,0.4833333333333333,0,0,0
59836,56056,67189,vjnao,oe,1995-12-10,V2O01995,67189,victory,o,1995-12-10,V2O01995,0.5619047619047619,0.8500000000000001,1,1,1
59840,27073,68305,tf,freel,1972-06-02,T1F61972,17894,tpq,farman,1972-08-28,T1F61972,0.611111111111111,0.5777777777777778,0,0,0
59861,59859,68304,breanna,carter,1994-03-21,B6C61994,68304,breanna,carter,1994-03-27,B6C61994,1.0,1.0,0,1,1
59862,16810,68316,daniel,murphy,1981-04-11,D5M61981,55611,daniel,morganti,1981-03-09,D5M61981,1.0,0.5277777777777778,0,0,0
59864,16810,68316,daniel,murphy,1981-04-11,D5M61981,55611,daniel,morganti,1981-03-09,D5M61981,1.0,0.5277777777777778,0,0,0
59864,59862,68316,daniel,murphy,1981-04-11,D5M61981,68316,daniel,murphy,1981-04-11,D5M61981,1.0,1.0,1,1,1
59870,59868,47203,swtphm,brown,1986-01-13,S3B61986,47203,st,brown,1986-01-13,S3B61986,0.7999999999999999,1.0,1,1,1
59871,45123,45331,mayker,fcnfr,1979-06-10,M2F21979,63941,mjet,fagan,1979-10-28,M2F21979,0.611111111111111,0.4666666666666666,0,0,0
59894,59893,44972,andres,valencia,1991-01-08,A5V41991,44972,andres,vylelxi,1991-01-08,A5V41991,1.0,0.6904761904761904,1,1,1
59895,22150,68310,shakeia,ta,1991-11-29,S2T01991,57170,siegrist,t,1991-02-25,S2T01991,0.6011904761904762,0.8500000000000001,0,0,0
59899,59898,68315,jesenia,gavilan,1988-10-02,J2G11988,68315,jesenia,gavilan,1988-10-02,J2G11988,1.0,1.0,1,1,1
59902,36548,68331,jessica,r,1982-06-28,J2R01982,61447,jose,ro,1982-07-13,J2R01982,0.6150793650793651,0.8500000000000001,0,0,0
59903,36547,68331,jessica,rhoat,1982-06-28,J2R31982,61447,jose,rodriguez,1982-07-13,J2R31982,0.6150793650793651,0.5407407407407407,0,0,0
59915,45863,68323,wilson,cheri,1961-02-06,W4C61961,64130,willie,christian,1961-08-27,W4C61961,0.6666666666666666,0.7985185185185185,0,0,0
59918,59916,68324,rafael,dejesus,1990-01-17,R1D21990,68324,rafael,dejesus,1990-01-17,R1D21990,1.0,1.0,1,1,1
59924,41521,12252,rb,aiah,1997-01-20,R1A01997,62894,roberto,aw,1997-03-30,R1A01997,0.7857142857142857,0.5833333333333334,0,0,0
59927,24800,68322,stikka,johnson,1987-11-25,S3J51987,57962,satab,johnson,1987-12-25,S3J51987,0.7300000000000001,1.0,0,0,0
59954,59952,68336,kyn,boyd,1981-06-04,K5B31981,68336,kanetra,boyd,1981-06-08,K5B31981,0.6507936507936508,1.0,0,0,1
59955,9469,68341,christopher,graves,1988-12-28,C6G61988,53562,christopher,garth,1988-01-30,C6G61988,1.0,0.5888888888888889,0,0,0
59963,59962,68342,rafael,montesano,1983-11-15,R1M51983,68342,rafael,mynbese,1983-11-04,R1M51983,1.0,0.671957671957672,0,0,1
59979,2954,17687,leonard,alexander,1988-05-26,L5A41988,17687,leonard,alexander,1988-05-26,L5A41988,1.0,1.0,1,1,1
59984,47413,68352,jerry,noel,1961-11-12,J6N41961,64572,jerome,noll,1961-08-14,J6N41961,0.79,0.8666666666666667,0,0,0
59987,59986,68345,luis,vallejo,1992-07-05,L2V41992,68345,luis,vallejo,1992-07-05,L2V41992,1.0,1.0,1,1,1
59991,25970,68349,michael,sittif,1979-05-17,M2S31979,58309,michael,stanley,1979-12-25,M2S31979,1.0,0.5396825396825397,0,0,0
60034,60033,68367,vanesha,newsome,1994-09-04,V5N21994,68367,vanesha,newsome,1994-09-04,V5N21994,1.0,1.0,1,1,1
60035,60033,68367,vanesha,newsome,1994-09-04,V5N21994,68367,vanesha,newsome,1994-09-04,V5N21994,1.0,1.0,1,1,1
60035,60034,68367,vanesha,newsome,1994-09-04,V5N21994,68367,vanesha,newsome,1994-09-04,V5N21994,1.0,1.0,1,1,1
60052,14567,34467,mike,douze,1989-11-03,M2D21989,54982,mxy,dsak,1989-09-05,M2D21989,0.5277777777777778,0.4833333333333333,0,0,0
60052,27177,34467,mike,douze,1989-11-03,M2D21989,34467,mike,douze,1989-11-03,M2D21989,1.0,1.0,1,1,1
60052,47981,34467,mike,douze,1989-11-03,M2D21989,34467,mike,douze,1989-11-03,M2D21989,1.0,1.0,1,1,1
60052,51015,34467,mike,douze,1989-11-03,M2D21989,875,michael,dxbe,1989-04-10,M2D21989,0.7809523809523811,0.6333333333333333,0,0,0
60054,1026,68376,lester,ldcur,1968-08-29,L2L31968,51112,lgk,leto,1968-11-17,L2L31968,0.5,0.4833333333333333,0,0,0
60055,1026,68376,lester,littman,1968-08-29,L2L31968,51112,lgk,leto,1968-11-17,L2L31968,0.5,0.5952380952380952,0,0,0
60055,60054,68376,lester,littman,1968-08-29,L2L31968,68376,lester,ldcur,1968-08-29,L2L31968,1.0,0.4476190476190476,1,1,1
60070,2520,68364,ashley,blakenship,1985-03-16,A2B41985,51557,ashley,black,1985-12-13,A2B41985,1.0,0.8133333333333334,0,1,0
60071,2522,68364,ashley,blale,1988-03-16,A2B41988,51557,ashley,black,1988-12-13,A2B41988,1.0,0.8133333333333334,0,1,0
60089,1909,67681,tyrel,doe,1992-11-14,T6D01992,51365,terrashika,doi,1992-03-20,T6D01992,0.5222222222222221,0.8222222222222222,0,0,0
60089,5296,67681,tyrel,doe,1992-11-14,T6D01992,51365,terrashika,dt,1992-03-20,T6D01992,0.5222222222222221,0.611111111111111,0,0,0
60089,57684,67681,tyrel,doe,1992-11-14,T6D01992,67681,tyrel,doe,1992-11-14,T6D01992,1.0,1.0,1,1,1
60089,57686,67681,tyrel,doe,1992-11-14,T6D01992,67681,tyrel,doe,1992-11-14,T6D01992,1.0,1.0,1,1,1
60127,34044,68378,k,frank,1990-12-17,K0F61990,37689,kke,ferguson,1990-05-14,K0F61990,0.7999999999999999,0.5499999999999999,0,0,0
60132,36252,68398,je,jennings,1992-02-12,J0J51992,61396,jae,johnson,1992-10-15,J0J51992,0.611111111111111,0.6071428571428571,0,0,0
60132,36253,68398,je,jennings,1992-02-12,J0J51992,61396,jgzuw,johnson,1992-10-15,J0J51992,0.5666666666666667,0.6071428571428571,0,0,0
60168,39291,68402,andrew,mcaliley,1988-09-24,A5M21988,10226,antwan,mcnair,1988-04-16,A5M21988,0.6666666666666666,0.7777777777777778,0,0,0
60203,60202,66797,rohan,barrett,1976-04-26,R5B61976,66797,rohan,barrett,1976-04-26,R5B61976,1.0,1.0,1,1,1
60207,53001,68424,sandy,brown,1986-07-10,S5B61986,66304,shontrice,brinson,1986-12-21,S5B61986,0.5407407407407407,0.6761904761904761,0,0,0
60215,60214,68435,jose,cortegaa,1983-12-15,J2C61983,68435,jose,cortez-amaya,1983-12-15,J2C61983,1.0,0.8916666666666667,1,1,1
60221,42516,67866,carrie,bein,1989-09-15,C6B51989,63184,christina,bennie,1989-12-05,C6B51989,0.611111111111111,0.8444444444444443,0,0,0
60221,42517,67866,carrie,bein,1989-09-15,C6B51989,63184,christina,bennie,1989-12-05,C6B51989,0.611111111111111,0.8444444444444443,0,0,0
60224,60223,68438,arleen,martin,1985-08-14,A6M61985,68438,arleen,martin,1985-02-14,A6M61985,1.0,1.0,0,1,1
60226,55371,68430,hayn,fuertes,1964-09-14,H5F61964,66951,hymgl,farmer,1964-02-04,H5F61964,0.6333333333333333,0.5317460317460317,0,0,0
60229,5566,68422,rgsfsn,stephens,1989-08-01,R2S31989,52472,roseson,sjtrji,1989-06-20,R2S31989,0.7714285714285715,0.5277777777777778,0,0,0
60229,7730,68422,rgsfsn,stephens,1989-08-01,R2S31989,53081,rz,soto,1989-09-01,R2S31989,0.5555555555555555,0.5833333333333334,0,0,0
60229,44476,68422,rgsfsn,stephens,1989-08-01,R2S31989,63732,ricardo,stewart,1989-02-24,R2S31989,0.4365079365079365,0.6011904761904762,0,0,0
60232,22305,68431,jocmlich,hz,1991-02-01,J2H21991,57215,jessica,hzipts,1991-04-25,J2H21991,0.4900793650793651,0.8222222222222222,0,0,0
60245,37619,68425,michael,jxh,1987-05-12,M2J01987,61766,michael,j,1987-04-28,M2J01987,1.0,0.7999999999999999,0,1,0
60245,54082,68425,michael,jxh,1987-05-12,M2J01987,33470,maxene,j,1987-06-30,M2J01987,0.5396825396825397,0.7999999999999999,0,0,0
60250,39257,68437,txam,lee,1983-08-11,T2L01983,62268,tjr,lee,1983-09-24,T2L01983,0.5277777777777778,1.0,0,0,0
60280,60279,68441,alexander,williams,1988-01-16,A4W41988,68441,alexander,williams,1988-01-16,A4W41988,1.0,1.0,1,1,1
60292,60291,68453,roslyn,shirdel,1965-10-08,R2S61965,68453,roslyn,shirdel,1965-10-05,R2S61965,1.0,1.0,0,1,1
60294,30974,68456,david,da,1994-06-20,D1D01994,59819,dpzsmon,d,1994-10-20,D1D01994,0.4476190476190476,0.8500000000000001,0,0,0
60319,60318,5121,michele,gallander,1986-07-28,M2G41986,5121,michele,gallander,1986-07-28,M2G41986,1.0,1.0,1,1,1
60322,60321,68449,kesnel,despinasse,1990-02-20,K2D21990,68449,kesnel,dehqbfass,1990-02-20,K2D21990,1.0,0.6851851851851851,1,1,1
60324,58484,9059,wkyuox,burks,1986-09-26,W2B61986,54595,wze,barr,1986-12-01,W2B61986,0.5,0.6333333333333333,0,0,0
60332,60330,16719,ralph,guelce,1991-12-17,R4G41991,16719,ralph,guelce,1991-12-17,R4G41991,1.0,1.0,1,1,1
60339,2411,68474,matthew,tnh,1985-01-10,M3T51985,51524,mtwx,thompson,1985-09-05,M3T51985,0.5952380952380952,0.6388888888888888,0,0,0
60343,1624,68458,kimberly,e,1987-09-24,K5E01987,33606,kena,eo,1987-09-26,K5E01987,0.5833333333333334,0.8500000000000001,0,0,0
60354,54022,68463,seno,va,1989-06-08,S5V01989,66587,shamel,v,1989-10-10,S5V01989,0.4722222222222221,0.8500000000000001,0,0,0
60365,17742,68469,aaed,ross,1975-04-13,A3R21975,55894,aodo,rosales-tobias,1975-10-01,A3R21975,0.6666666666666666,0.8333333333333333,0,0,0
60367,3399,68461,gerardo,dj,1989-04-15,G6D21989,51831,grmp,dcve,1989-04-27,G6D21989,0.5952380952380952,0.5833333333333334,0,0,0
60393,6505,68484,wvi,hines,1994-08-18,W1H51994,52415,wivdae,hammonds,1994-06-25,W1H51994,0.75,0.6583333333333333,0,0,0
60394,23916,68484,anika,hines,1994-08-18,A5H51994,57697,andre,hmxs,1994-03-04,A5H51994,0.6,0.6333333333333333,0,0,0
60410,2696,68482,mark,dbf,1976-08-13,M6D11976,51644,mauricio,dv,1976-10-24,M6D11976,0.7666666666666667,0.611111111111111,0,0,0
60410,58095,68482,mark,dbf,1976-08-13,M6D11976,67738,martin,davis,1976-11-16,M6D11976,0.825,0.5111111111111111,0,0,0
60411,36927,67980,jonathan,sanchez-rodriguez,1995-07-07,J5S51995,61544,jonathan,saintil,1995-02-05,J5S51995,1.0,0.6022408963585434,0,0,0
60411,36929,67980,jonathan,sanchez-rodriguez,1995-07-07,J5S51995,61544,jonathan,saintil,1995-02-05,J5S51995,1.0,0.6022408963585434,0,0,0
60411,48541,67980,jonathan,sanchez-rodriguez,1995-07-07,J5S51995,64919,junio,sainvil,1995-11-29,J5S51995,0.5472222222222222,0.6022408963585434,0,0,0
60411,58809,67980,jonathan,sanchez-rodriguez,1995-07-07,J5S51995,67980,janc,sanchez-rodriguez,1995-07-07,J5S51995,0.5972222222222222,1.0,1,1,1
60423,51145,68477,e,brown,1990-03-27,E0B61990,65706,ea,brown,1990-11-06,E0B61990,0.8500000000000001,1.0,0,1,0
60425,60424,68477,eizf,brown,1990-03-27,E2B61990,68477,esju,brown,1990-03-27,E2B61990,0.5,1.0,1,1,1
60430,33288,68487,ae,charles,1979-10-01,A0C61979,60495,a,ccrte,1979-03-02,A0C61979,0.8500000000000001,0.6761904761904761,0,0,0
60436,3228,68492,christina,trueblood,1979-10-24,C6T61979,51776,chreotr,tir,1979-06-29,C6T61979,0.671957671957672,0.6296296296296297,0,0,0
60436,3230,68492,christina,trueblood,1979-10-24,C6T61979,51776,christopher,tirado,1979-06-22,C6T61979,0.8424242424242424,0.611111111111111,0,0,0
60442,7844,68500,christian,cgn,1982-03-11,C6C51982,53109,christopher,chandler,1982-03-22,C6C51982,0.8424242424242424,0.6388888888888888,0,0,0
60446,51078,8393,michael,z,1989-05-22,M2Z01989,51626,michael,z,1989-04-02,M2Z01989,1.0,1.0,0,1,0
60455,60453,68496,sean,holder,1995-10-20,S5H41995,68496,sean,hhler,1995-11-20,S5H41995,1.0,0.8400000000000001,0,1,1
60463,4005,68498,er,brown,1987-12-05,E6B61987,51976,eric,broadway,1987-11-22,E6B61987,0.8666666666666667,0.8366666666666667,0,0,0
60463,4006,68498,er,brown,1987-12-05,E6B61987,51976,eric,broadway,1987-11-24,E6B61987,0.8666666666666667,0.8366666666666667,0,0,0
60463,16228,68498,er,brown,1987-12-05,E6B61987,55419,erik,barnard,1987-01-27,E6B61987,0.8666666666666667,0.6761904761904761,0,0,0
60466,60465,68497,thomas,clark,1991-11-29,T5C41991,68497,thomas,clark,1991-11-29,T5C41991,1.0,1.0,1,1,1
60475,12426,8393,mirma,mcdaniel,1989-08-22,M6M21989,42622,marsell,mce,1989-01-02,M6M21989,0.5619047619047619,0.6388888888888888,0,0,0
60489,41744,68505,mhx,vargas,1980-05-17,M2V61980,62956,mc,vrz,1980-08-22,M2V61980,0.611111111111111,0.6666666666666666,0,0,0
60507,1466,68512,jenna,carlo,1988-07-12,J5C61988,51233,janene,crupi,1988-07-26,J5C61988,0.765,0.6,0,0,0
60507,4510,68512,jenna,carlo,1988-07-12,J5C61988,30625,jonathan,curry,1988-03-23,J5C61988,0.6583333333333333,0.6,0,0,0
60508,17020,68512,jenna,carlo,1982-07-12,J5C61982,55662,john,chirrono,1982-11-23,J5C61982,0.6333333333333333,0.6583333333333333,0,0,0
60508,40336,68512,jenna,carlo,1982-07-12,J5C61982,62573,james,charles,1982-09-18,J5C61982,0.4666666666666666,0.8114285714285714,0,0,0
60508,40337,68512,jenna,carlo,1982-07-12,J5C61982,62573,james,charles,1982-09-18,J5C61982,0.4666666666666666,0.8114285714285714,0,0,0
60515,37672,68504,zaa,gurley,1986-09-06,Z0G61986,61784,zo,graham,1986-06-19,Z0G61986,0.611111111111111,0.5555555555555555,0,0,0
60530,59883,68516,ti,cihi,1982-10-27,T0C01982,68320,tu,ccg,1982-11-08,T0C01982,0.6666666666666666,0.5277777777777778,0,0,0
60533,60531,68522,fabian,powell,1991-08-28,F1P41991,68522,fabian,powell,1991-08-28,F1P41991,1.0,1.0,1,1,1
60551,22456,68514,josh,gx,1985-10-11,J2G01985,57250,jazmin,gi,1985-08-29,J2G01985,0.4722222222222221,0.6666666666666666,0,0,0
60551,43220,68514,josh,gx,1985-10-11,J2G01985,63394,jeosjf,g,1985-02-17,J2G01985,0.775,0.8500000000000001,0,0,0
60556,38130,34115,eniee,austin,1990-05-01,E5A21990,34115,eniee,austin,1990-05-01,E5A21990,1.0,1.0,1,1,1
60565,19771,2251,ernest,mscl,1977-12-21,E6M21977,56511,eureka,major,1977-10-04,E6M21977,0.6666666666666666,0.4833333333333333,0,0,0
60582,37524,68528,patrick,calder,1973-03-20,P3C41973,61761,patrick,clark,1973-03-17,P3C41973,1.0,0.765,0,0,0
60582,37525,68528,patrick,calder,1973-03-20,P3C41973,61761,patrick,clark,1973-03-17,P3C41973,1.0,0.765,0,0,0
60590,35251,68533,manuel,soto,1980-03-16,M5S31980,61101,manid,sites,1980-04-08,M5S31980,0.79,0.6333333333333333,0,0,0
60599,60597,68536,lajuan,lee,1975-01-03,L2L01975,68536,lajuan,lee,1975-01-03,L2L01975,1.0,1.0,1,1,1
60604,4855,68538,jzshagu,doby,1994-06-05,J2D11994,52261,jacques,dov,1994-02-05,J2D11994,0.5238095238095238,0.7777777777777778,0,0,0
60624,44557,68544,brandon,brown,1995-07-05,B6B61995,63769,brisha,borden,1995-08-25,B6B61995,0.5396825396825397,0.765,0,0,0
60647,14570,68551,jennifer,kuckenbaker,1982-03-28,J5K21982,54998,james,koek,1982-05-14,J5K21982,0.5499999999999999,0.5631313131313131,0,0,0
60647,50080,68551,jennifer,kuckenbaker,1982-03-28,J5K21982,54998,james,koscak,1982-05-14,J5K21982,0.5499999999999999,0.5934343434343434,0,0,0
60667,10061,68555,john,c,1973-07-01,J5C01973,53771,jean,c,1973-06-21,J5C01973,0.6666666666666666,1.0,0,0,0
60670,60669,68556,andrew,whitney,1983-02-11,A5W31983,68556,andrew,whitney,1983-02-11,A5W31983,1.0,1.0,1,1,1
60680,60679,68557,lourdes,jenkins,1968-09-13,L6J51968,68557,lourdes,jenkins,1968-09-13,L6J51968,1.0,1.0,1,1,1
60685,49148,68563,l,groenewald,1977-09-15,L0G61977,52044,li,graf,1977-12-12,L0G61977,0.8500000000000001,0.5666666666666667,0,0,0
60694,32559,68564,er,shy,1985-05-07,E6S01985,60284,eric,s,1985-02-22,E6S01985,0.8666666666666667,0.7999999999999999,0,0,0
60694,32561,68564,er,shy,1985-05-07,E6S01985,60284,eric,s,1985-07-20,E6S01985,0.8666666666666667,0.7999999999999999,0,0,0
60699,16049,23727,zgp,russell,1985-01-10,Z1R21985,14898,zebbie,ryjhrid,1985-01-31,Z1R21985,0.5,0.4285714285714285,0,0,0
60702,60453,68496,sean,holder,1995-10-20,S5H41995,68496,sean,hhler,1995-11-20,S5H41995,1.0,0.8400000000000001,0,1,1
60702,60455,68496,sean,holder,1995-10-20,S5H41995,68496,sean,holder,1995-10-20,S5H41995,1.0,1.0,1,1,1
60710,45170,34895,shavorn,forbes,1992-12-07,S1F61992,63955,shavorn,forbes,1992-12-07,S1F61992,1.0,1.0,1,1,0
60714,41841,68589,douglas,baker,1982-05-13,D2B21982,62982,dohiz,bc,1982-11-04,D2B21982,0.5619047619047619,0.5666666666666667,0,0,0
60715,41841,68589,djxvl,baker,1982-05-13,D2B21982,62982,dohiz,bc,1982-11-04,D2B21982,0.4666666666666666,0.5666666666666667,0,0,0
60715,60714,68589,djxvl,baker,1982-05-13,D2B21982,68589,douglas,baker,1982-05-13,D2B21982,0.5619047619047619,1.0,1,1,1
60718,2305,11106,diai,prz,1981-05-28,D0P61981,51511,d,perez-alejo,1981-08-16,D0P61981,0.775,0.7818181818181817,0,0,0
60732,19753,11106,dwayne,brennen,1981-05-28,D5B61981,56485,deon,burks,1981-12-29,D5B61981,0.611111111111111,0.5619047619047619,0,0,0
60732,28573,11106,dwayne,brennen,1981-05-28,D5B61981,52635,daniel,brown,1981-12-19,D5B61981,0.7999999999999999,0.6761904761904761,0,0,0
60732,31857,11106,dwayne,brennen,1981-05-28,D5B61981,35374,don,berry,1981-10-29,D5B61981,0.6666666666666666,0.565079365079365,0,0,0
60732,31887,11106,dwayne,brennen,1981-05-28,D5B61981,35374,don,berry,1981-10-24,D5B61981,0.6666666666666666,0.565079365079365,0,0,0
60732,31888,11106,dwayne,brennen,1981-05-28,D5B61981,35374,don,berry,1981-10-29,D5B61981,0.6666666666666666,0.565079365079365,0,0,0
60732,46861,11106,dwayne,brennen,1981-05-28,D5B61981,64419,daniel,branco,1981-03-26,D5B61981,0.7999999999999999,0.6428571428571429,0,0,0
60735,35517,42708,emm,rod,1987-02-10,E5R31987,42708,emigdio,rodriguez,1987-02-10,E5R31987,0.6507936507936508,0.8444444444444443,1,1,1
60735,35518,42708,emm,rod,1987-02-10,E5R31987,42708,emigdio,rodriguez,1987-02-10,E5R31987,0.6507936507936508,0.8444444444444443,1,1,1
60735,35519,42708,emm,rod,1987-02-10,E5R31987,42708,emigdio,rodriguez,1987-02-10,E5R31987,0.6507936507936508,0.8444444444444443,1,1,1
60738,48613,39209,dz,vulazquez,1988-07-19,D2V41988,64948,dglif,valencia,1988-09-10,D2V41988,0.5666666666666667,0.4583333333333333,0,0,0
60749,419,68578,s,wa,1989-06-02,S0W01989,50947,s,whoh,1989-08-14,S0W01989,1.0,0.5833333333333334,0,0,0
60759,60638,68553,almalinda,gonzalez,1995-01-11,A4G51995,68553,almalinda,ggnzg,1995-01-11,A4G51995,1.0,0.6583333333333333,1,1,1
60768,1994,14995,useo,daniels,1987-08-25,U2D51987,49873,ukmoh,duncan,1987-06-03,U2D51987,0.6333333333333333,0.5396825396825397,0,0,0
60774,27567,68596,james,logan,1978-08-07,J5L21978,58813,jean,loaz,1978-01-10,J5L21978,0.6333333333333333,0.8266666666666667,0,0,0
60777,3791,51943,franklin,wright,1983-03-13,F6W61983,51943,frxo,wright,1983-03-13,F6W61983,0.5833333333333334,1.0,1,1,1
60779,3791,51943,franklin,wright,1983-03-13,F6W61983,51943,frxo,wright,1983-03-13,F6W61983,0.5833333333333334,1.0,1,1,1
60779,60777,51943,franklin,wright,1983-03-13,F6W61983,51943,franklin,wright,1983-03-13,F6W61983,1.0,1.0,1,1,1
60791,60790,68602,brittany,avery,1994-06-21,B6A11994,68602,brittany,avery,1994-06-26,B6A11994,1.0,1.0,0,1,1
60792,14870,68604,k,sbnkr,1989-08-15,K0S11989,55058,ks,sp,1989-05-07,K0S11989,0.8500000000000001,0.5666666666666667,0,0,0
60792,25576,68604,k,sbnkr,1989-08-15,K0S11989,4619,kh,sbroe,1989-11-30,K0S11989,0.8500000000000001,0.6,0,0,0
60804,24166,62296,mark,harden,1972-07-19,M6H61972,57793,mauricio,hernandez,1972-07-04,M6H61972,0.7666666666666667,0.7999999999999999,0,0,0
60804,32190,62296,mark,harden,1972-07-19,M6H61972,41905,morris,hernandez,1972-03-13,M6H61972,0.611111111111111,0.7999999999999999,0,0,0
60807,60797,45932,tb,phillips,1993-06-02,T1P41993,45932,tevin,phillips,1993-06-02,T1P41993,0.5666666666666667,1.0,1,1,1
60813,2906,34047,kurt,lzud,1974-08-03,K6L21974,34047,kurt,lewis,1974-08-03,K6L21974,1.0,0.4833333333333333,1,1,1
60813,54678,34047,kurt,lzud,1974-08-03,K6L21974,64522,krq,los,1974-08-22,K6L21974,0.75,0.5277777777777778,0,0,0
60815,2906,34047,kurt,lewis,1974-08-09,K6L21974,34047,kurt,lewis,1974-08-03,K6L21974,1.0,1.0,0,1,1
60815,54678,34047,kurt,lewis,1974-08-09,K6L21974,64522,krq,los,1974-08-22,K6L21974,0.75,0.5111111111111111,0,0,0
60815,60813,34047,kurt,lewis,1974-08-09,K6L21974,34047,kurt,lzud,1974-08-03,K6L21974,1.0,0.4833333333333333,0,0,1
60816,14372,44498,leotis,breedlove,1992-10-13,L3B61992,44498,letjl,br,1992-10-23,L3B61992,0.76,0.7925925925925926,0,0,1
60818,34599,44498,me,bree,1992-10-23,M0B61992,60893,mwn,brown,1992-03-29,M0B61992,0.611111111111111,0.6333333333333333,0,0,0
60828,4009,68595,rolando,pena,1985-06-13,R4P51985,52016,ralph,pimentel,1985-10-03,R4P51985,0.565079365079365,0.7375,0,0,0
60829,4009,68595,rolando,pena,1985-06-13,R4P51985,52016,ralph,pimentel,1985-10-03,R4P51985,0.565079365079365,0.7375,0,0,0
60829,60828,68595,rolando,pena,1985-06-13,R4P51985,68595,rolando,pena,1985-06-13,R4P51985,1.0,1.0,1,1,1
