id,authors,title,venue_name,venue_vol,venue_date,blocking_key
ahlskog1994a,m. ahlskog; j. paloheimo; h. stubb; p. dyreklev; m. fahlman,inganas and m.r.,Andersson J Appl. Phys.,76,1994,I525M4221994
ahlskog1994a,m. ahlskog; j. paloheimo; h. stubb; p. dyreklev; m. fahlman; o. inganas and m.r. andersson,,J Appl. Phys.,76,1994,
ahlskog1994a,m. ahlskog; j. paloheimo; h. stubb; p. dyreklev; m. fahlman; o. inganas and m.r. andersson,,J Appl. Phys.,76,1994,
ahlskog1994a,m. ahlskog; j. paloheimo; h. stubb; p. dyreklev; m. fahlman; o. inganas and m.r. andersson,,J Appl. Phys.,76,1994,
ahlskog1994a,m. ahlskog; j. paloheimo; h. stubb; p. dyreklev; m. fahlman; o. inganas and m.r. andersson,,J Appl. Phys.,76,1994,
ahlskog1994a,m. ahlskog; j. paloheimo; h. stubb; p. dyreklev; m. fahlman; o. inganas and m.r. andersson,,J Appl. Phys.,76,1994,
ahlskog1994a,m. ahlskog; j. paloheimo; h. stubb; p. dyreklev; m. fahlman; o. inganas and m.r. andersson,,J Appl. Phys.,76,1994,
ahlskog1994a,m. ahlskog; j. paloheimo; h. stubb; p. dyreklev; m. fahlman; o. inganas and m.r. andersson,,Journal of Applied Physics,76,1994,
asfahl1992a,c. ray asfahl.,robots and manufacturing automation.,,,1992,R132C6211992
benford1993a,steve benford and lennart e. fahlen.,a spatial model of interaction in large virtual environments.,In Proceedings of ECSCW'93,,1993,A213S3111993
benford1994a,benford; and fahln,"viewpoints, actionpoints and spatial frames for collaborative user interfaces,",6th ERCIM workshop,,1994,V153B5161994
benford1995a,benford; bowers; fahln; greenhalgh; and snowdon,"user embodiment in collaborative virtual environments,",in Proc. ACM Conference on Human Factors in Computing Systems (CHI95),,1995,U265B5161995
benford1995a,benford; bowers; fahlen; greenhalgh; snowdon,user embodiment in collaborative virtual environments.,In Proceedings of CHI95,,1995,U265B5161995
benford1995a,benford; bowers; fahlen; greenhalgh; snowdon,user embodiment in collaborative virtual environments.,In Proceedings of CHI95,242 249.,,
benford1995b,steve benford; john bowers; lennart fahlen; chris greenhalg; john mariani; and tom rodden.,networked virtual realitty and cooperative work.,Presence,4(4),1995,N362S3111995
brown1992a,brown; d. f.; moura; h. and watt,"actress: an action semantics directed compiler generator,",`Proceedings of the International Workshop on Compiler Construction (CC-92)',,1992,A236B6531992
brown1992a,brown; d. f.; moura; h. and watt,"actress: an action semantics directed compiler generator,",`Proceedings of the International Workshop on Compiler Construction (CC-92)',,1992,A236B6531992
brown1992a,d. f. brown; h. moura; and d. a. watt. actress:,an action semantics directed compiler generator.,Proceedings of the 4th International Conference on Compiler Construction (CC'92),,1992,A523D1161992
buth1992a,b. buth; k.-h. buth; m. franzle; b. v. karger; y. lakhneche; h. langmaack; and m. muller-olm.,provably correct compiler development and implementation.,Compiler Construction,,1992,P611B1321992
buth1992a,b. buth et. al.,"provably correct compiler implementation,",Compiler Construction,,1992,P611B1331992
buth1992a,b. buth et. al.,"provably correct compiler implementation,",Compiler Construction,,1992,P611B1331992
buth1992a,b. buth et. al.,"provably correct compiler implementation,",Compiler Construction,,1992,P611B1331992
buth1992a,bettina buth; karl-heinz buth; martin franzle; burghard von karger; yassine lakhneche; hans langmaack; and markus muller-olm.,provably correct compiler development and implementation.,Compiler Construction number 641 in Lecture Notes in Computer Science,,1992,P611B3511992
carlson1993a,carlson; c.; l.e.fahln.; conklin,integrated cscw tools within a shared 3d virtual environment. hypertext: an introduction and survey.,In Computer Supported Cooperative Work: A Book of Readings.,,1993,I532C6421993
cramer1985a,cramer,a representation for the adaptive generation of simple sequential programs.,Proceedings of an International Conference on Genetic Algorithms and Their Applications,,1985,A616C6561985
daelemans1995a,daelemans; van den bosch; and weijters,"ig-tree: a variant of ibl. submitted. available from request to antal@cs.rulimburg.nl fahlman, (1990). the cascade-correlation learning architecture.",,,1995,I236D4551995
deb1989a,,an investigation of niche and species formation in genetic function op-timization.,Proceedings of the Third International Conference on Genetic Algorithms,,,
deb1989a,,an investigation of niche and species formation in genetic function optimization.,Proceedings of the Third International Conference on Genetic Algorithms,,1989,
deb1989a,,an investigation of niche and species formation in genetic function optimization.,Proceedings of the Third International Conference on Genetic Algorithms,,1989,
dempster1977a,dempster; laird; and rubin,maximum likelihood from incomplete data via the em algorithm.,Journal of the Royal Statistical Society B,39,1977,M255D5121977
dempster1977a,dempster; laird; and rubin,maximum likelihood from incomplete data via the em algorithm.,Journal of the Royal Statistical Society B,39,1977,M255D5121977
dill1997a,m. dill and m.,fahle limited translation invari-ance of human visual pattern recognition.,Perception and Psychophysics (in press).,,1997,F445M3451997
dill1997a,m. dill and m.,fahle limited translation invari-ance of human visual pattern recognition.,Perception and Psychophysics (in press).,,1997,F445M3451997
dill1997b,m. dill and m.,fahle the role of visual field position in pattern-discrimination learning.,Proceedings of the Royal Society London B (in press).,,1997,F436M3451997
dill1997b,m. dill and m.,fahle the role of visual field position in pattern-discrimination learning.,Proceedings of the Royal Society London B (in press).,,1997,F436M3451997
dutta1988a,dutta; s. and shekhar,bond rating: a non-conservative application of neural networks.,In International Joint Conference on Neural Networks,volume 2,1988,B536D3251988
fahle1981a,m. fahle and t. poggio.,visual hyperacuity: spatiotemporal interpolation in human vision.,Proceedings of the Royal Society of London B,213,1981,V241M1451981
fahle1991a,fahle,"(1991) parallel perception of vernier offsets, curvature, and chevrons in humans.",Vis. Res.,31:,,
fahle1992a,fahle; m. w. and edelman,learning in hyperacuity: influence of stimulus range and of feedback.,Vision Research.,,1992,L655F4551992
fahle1993a,m fahle and s edelman.,"long-term learning in vernier acuity: effects of stimulus orientation, range and of feedback.",Vision Research,33(3),1993,L523M1451993
fahle1993a,fahle; m. and edelman,"long-term learning in vernier acuity: effects of stimulus orientation, range and of feedback.",Vision Research,33,1993,L523F4551993
fahle1993a,fahle; m. and edelman,"long-term learning in vernier acuity: effects of stimulus orientation, range and of feedback.",Vision Research,33,1993,L523F4551993
fahle1995a,fahle; edelman; and poggio,fast perceptual learning in hyperacuity.,Vision Research,35,1995,F231F4341995
fahle1995a,fahle; edelman; and poggio,fast perceptual learning in hyperacuity.,Vision Research,35,1995,F231F4341995
fahle1995a,fahle; edelman; and poggio,fast perceptual learning in hyperacuity.,Vision Research,35,1995,F231F4341995
fahle1995a,fahle; edelman; and poggio,fast perceptual learning in hyperacuity.,Vision Research,35,1995,F231F4341995
fahle1997a,fahle,"specificity of learning curvature, orientation, and vernier discriminations.",Vision Research,37(14),1997,S121F4001997
fahle1997a,fahle,"specificity of learning curvature, orientation, and vernier discriminations.",Vision Research,37(14),1997,S121F4001997
fahlen1993a,lennart e. fahlen; charles grant brown; olov stahl; and christer carlsson.,a space based model for user interaction in shared synthetic environments.,In Proceedings of Interchi '93,,1993,A212L5631993
fahlen1993a,lennart e. fahlen; charles grant brown; olov stahl; and christer carlsson.,a space based model for user interaction in shared synthetic environments.,In Proceedings of Interchi '93,,1993,A212L5631993
fahlen1993a,lennart e. fahlen; charles grant brown; olov stahl; and christer carlsson.,a space based model for user interaction in shared synthetic environments.,In Proceedings of Interchi '93,,1993,A212L5631993
fahlen1993a,lennart e. fahlen; charles grant brown; olov stahl; and christer carlsson.,a space based model for user interaction in shared synthetic environments.,In Proceedings of Interchi '93,,1993,A212L5631993
fahlen1993a,lennart e. fahlen; charles grant brown; olov stahl; and christer carlsson.,a space based model for user interaction in shared synthetic environments.,In Proceedings of Interchi '93,,1993,A212L5631993
fahlman1974a,s. fahlman,"""a planning system for robot construction tasks,""",Artificial Intelligence,vol. 5,1974,"""145S1451974"
fahlman1974a,s. fahlman,"""a planning system for robot construction tasks,""",Artificial Intelligence,vol. 5,1974,"""145S1451974"
fahlman1974a,scott elliott fahlman.,a planning system for robot construction tasks.,Artificial Intelligence,5(1),1974,A145S3431974
fahlman1974a,scott elliott fahlman.,a planning system for robot construction tasks.,Artificial Intelligence,5(1),1974,A145S3431974
fahlman1974a,fahlman,a planning system for robot construction tasks.,Artificial Intelligence,5 (1),1974,A145F4551974
fahlman1974a,fahlman,a planning system for robot construction tasks.,Artificial Intelligence,5(1),1974,A145F4551974
fahlman1974a,s. e. fahlman.,a planning system for robot construction tasks.,Artificial Intelligence,5,1974,A145S1451974
fahlman1974a,s. e. fahlman.,a planning system for robot construction tasks.,Artificial Intelligence,5,1974,A145S1451974
fahlman1974a,s.e. fahlman.,a planning system for robot construction tasks.,Artificial Intelligence,5,1974,A145S1451974
fahlman1974a,s fahlman.,a planning system for robot construction tasks.,Artificial Intelligence,5,1974,A145S1451974
fahlman1974a,s. f. fahlman.,a planning system for robot construction tasks.,Artifical Intel-lignece 5:pp.,,1974,A145S1141974
fahlman1974a,s. e. fahlman.,a planning system for robot construction tasks.,Artificial Intelligence,5,1974,A145S1451974
fahlman1974a,scott elliott fahlman.,a planning system for robot construction tasks.,Artificial Intelligence,5(1),1974,A145S3431974
fahlman1979a,fahlman,"netl: a system for representing and using real world knowledge,",,,1979,N342F4551979
fahlman1979a,s. e. fahlman.,netl: a system for representing and using real world knowledge.,,,1979,N342S1451979
fahlman1979a,fahlman,netl: a system for representing and using real world knowledge.,,,1979,N342F4551979
fahlman1979a,fahlman,netl: a system for representing and using real world knowledge.,,,1979,N342F4551979
fahlman1979a,fahlman,netl: a system for representing and using real world knowledge.,,,1979,N342F4551979
fahlman1979a,fahlman,netl: a system for representing and using real-world knowledge.,,,1979,N342F4551979
fahlman1979a,fahlman,netl: a system for representing and using real-world knowledge.,,,1979,N342F4551979
fahlman1979a,fahlman,netl: a system for representing and using real-world knowledge.,,,1979,N342F4551979
fahlman1979a,fahlman,"netl: a system for representing and using real world knowledge,",,,1979,N342F4551979
fahlman1979a,fahlman,"netl: a system for representing and using real world knowledge,",,,1979,N342F4551979
fahlman1979a,fahlman,"netl: a system for representing and using real world knowledge,",,,1979,N342F4551979
fahlman1979a,fahlman,"netl: a system for representing and using real world knowledge, cam-bridge:",,,1979,N342F4551979
fahlman1979a,fahlman,"netl: a system for representing and using real world knowledge,",,,1979,N342F4551979
fahlman1979a,fahlman,netl: a system for representing and using real-world knowledge.,,,1979,N342F4551979
fahlman1979a,scott e. fahlman.,netl: a system for representing and using real-world knowledge.,,,1979,N342S3141979
fahlman1979a,s. e. fahlman.,netl : a system for representing and using real-world knowledge.,,,1979,N342S1451979
fahlman1979a,s.e. fahlman.,"netl: a system for representing real-world knowledge,",,,,
fahlman1979a,scott e. fahlman.,a system for representing and using real-world knowledge.,,,1979,A223S3141979
fahlman1979a,scott e. fahlman.,a system for representing and using real-world knowledge.,,,1979,A223S3141979
fahlman1979a,scott e. fahlman.,netl: a system for representing and using real-world knowledge.,,,1979,N342S3141979
fahlman1979a,s. fahlman,netl: a system for representing and using real-world knowledge.,,,1979,N342S1451979
fahlman1979a,scott e. fahlman.,netl: a system for representing real world knowledge.,,,1979,N342S3141979
fahlman1979a,scott e. fahlman.,netl: a system for representing and using real-world knowledge.,,,1979,N342S3141979
fahlman1979a,s. fahlman.,netl: a system for representing and using real-world knowledge.,,,1979,N342S1451979
fahlman1979a,scott e fahlman.,"netl, a system for representing and using real-world knowledge.",,,1979,N342S3141979
fahlman1979a,fahlman,"""netl: a system for representing and using real world knowledge"",",,,1979,"""534F4551979"
fahlman1979a,s. fahlman.,netl: a system for representing and using real-world knowledge.,,,1979,N342S1451979
fahlman1979a,s. e. fahlman.,netl: a system for representing and using real-world knowledge.,,,1977,N342S1451977
fahlman1979a,s.e. fahlman.,"netl: a system for representing and using real world knowledge,",,,1979,N342S1451979
fahlman1979a,s.e. fahlman.,netl: a system for representing and using real-world knowledge.,,,1979,N342S1451979
fahlman1979a,s. fahlman,"netl: a system for representing and using real world knowledge,",,,1979,N342S1451979
fahlman1979a,s. fahlman.,netl: a system for representing and using real-world knowledge.,,,1979,N342S1451979
fahlman1979a,scott e. fahlman.,netl: a system for representing and using real-world knowledge.,,,1979,N342S3141979
fahlman1980a,scott e. fahlman.,design sketch for a million-element netl machine.,In The First Annual Conference on Artificial Intelligence. AAAI,,1980,D225S3141980
fahlman1981a,fahlman,"""representing implicit knowledge.""",Parallel Models of Associative Memory.,,1981,"""616F4551981"
fahlman1981b,fahlman s; touretzky d and van roggen w,"cancellation in a parallel semantic network,",In Proc IJCAI-81,,,
fahlman1985a,scott e. fahlman.,extended abstract:,Parallel processing in artificial intelligence. Parallel Computing,2,1985,E235S3141985
fahlman1987a,fahlman; s. and hinton,connectionist architectures for artificial intelligence.,Computer,20,1987,C523F4551987
fahlman1987a,scott e fahlman and geoffrey e hinton.,connectionist architectures for artificial intelligence.,Computer,20(1),1987,C523S3141987
fahlman1987a,fahlman; s. and hinton,connectionist architectures for artificial intelligence.,Computer,20,1987,C523F4551987
fahlman1988a,s. e. fahlman,"""faster-learning variations on back-propagation: an empirical study,""",Proc. of the 1988 Connectionist Models Summer School,,1989,"""123S1451989"
fahlman1988a,fahlman,faster-learning variations on backpropagation: an empirical study.,Proc. of the Connectionist Model Summer School.,,1988,F236F4551988
fahlman1988a,fahlman,faster-learning variations on back-propagation.,T.,,1988,F236F4551988
fahlman1988a,fahlman,faster-learning variations on back-propagation: an empirical study.,Proceedings of the 1988 Connectionist Models Summer School,,1989,F236F4551989
fahlman1988a,fahlman,faster learning variations on backpropagation: an empirical study.,In Proc. 1988 Connectionist Models Summer School.,,1988,F236F4551988
fahlman1988a,fahlman,"`fast-learning variations on back-propagation: an empirical study',",Proc. 1988 Connectionist Models Summer School,,1989,`123F4551989
fahlman1988a,fahlman,fast-learning variations on backpropagation: an empirical study.,Proceedings of the 1988 Connectionist Models Summer School.,,1988,F234F4551988
fahlman1988a,fahlman,fast-learning variations on back-propagation: an empirical study.,Proceedings of the 1988 Connectionist Models Summer School,,1989,F234F4551989
fahlman1988a,fahlman,fast-learning variations on back-propagation: an empirical study.,Proceedings of the 1988 Connectionist Models Summer School,,1989,F234F4551989
fahlman1988a,fahlman,fast-learning variations on back-propagation: an empirical study.,Proceedings of the 1988 Connectionist Models Summer School,,1989,F234F4551989
fahlman1988a,fahlman,fast-learning variations on back-propagation: an empirical study.,Proceedings of the 1988 Connectionist Models Summer School,,1989,F234F4551989
fahlman1988a,s. fahlman.,faster learning variations on back-propagation: an empirical study.,In Procs. of the 1988 Connectionist Models Summer School,,1988,F236S1451988
fahlman1988a,s.e. fahlman.,fast-learning variations on back-propagation: an empirical study.,Proceedings of the 1988 Connectionist Models Summer School,,,
fahlman1988a,s. e. fahlman.,faster-learning variations on back-propagation: an empirical study.,In Proceedings of the 1988 Connectionists Models Summer School.,,1988,F236S1451988
fahlman1988a,scott e. fahlman.,faster learning variations on back-propagation: an empirical study.,,,1988,F236S3141988
fahlman1988a,fahlman,e . faster-learning variations of backpropagation : an empirical study.,Proceedings of the 1988 Connectionist Models Summer School,,1988,E123F4551988
fahlman1988a,fahlman,e . faster-learning variations of backpropagation : an empirical study.,Proceedings of the 1988 Connectionist Models Summer School,,1988,E123F4551988
fahlman1988a,fahlman,e . faster-learning variations of backpropagation : an empirical study.,Proceedings of the 1988 Connectionist Models Summer School,,1988,E123F4551988
fahlman1988a,fahlman,fast-learning variations on back-propagation: an empirical study.,Proceedings of the 1988 Connectionist Models Summer School,,1989,F234F4551989
fahlman1988a,fahlman,(1988) faster-learning variations on back-propagation: an empiri cal study.,Proceedings of 1988 Connectionist Models Summer School,,,
fahlman1988a,s e fahlman.,faster-learning variations on back-propagation: an empirical study.,Proceedings of the 1988 Connectionist Models Summer School,,1988,F236S1451988
fahlman1988a,s.e. fahlman.,faster-learning variations on backpropagation : an empirical study. in t.j.,in 1988 Connectionist Models Summer School.,,1988,F236S1451988
fahlman1988a,fahlman,faster-learning variations of backpropagation : an empirical study.,Proceedings of the 1988 Connectionist Models Summer School,,1988,F236F4551988
fahlman1988a,s. fahlmann,"faster-learning variations on backpropagation: an empirical study,",Proceedings of the 1988 Connectionist Models Summer School,,1988,F236S1451988
fahlman1988a,s. fahlmann,"faster-learning variations on backpropagation: an empirical study,",Proceedings of the 1988 Connectionist Models Summer School,,1988,F236S1451988
fahlman1988a,s.e. fahlman,"""faster-learning variations on backpropagation : an empirical study,""",in 1988 Connectionist Models Summer School,,1988,"""123S1451988"
fahlman1988a,fahlman,"""faster-learning variations on back-propagation: an empirical study"". in:",Proc. of the 1988 Connectionist Models Summer School,,1988,"""123F4551988"
fahlman1988a,s.e. fahlman.,faster-learning variations on back-propagation: an empirical study.,In Proceedings of the 1988 Connectionist Models Summer School,,1988,F236S1451988
fahlman1988a,scott e. fahlman,"""faster-learning variations on back-propagation: an empirical study"",",in Proceedings of the 1988 Connectionist Models Summer School Pitts-burg (1988),,,
fahlman1988a,s. fahlman.,faster-learning variations on backpropagation: an empirical study.,Proceedings of the 1988 Connectionist Models Summer School,,1988,F236S1451988
fahlman1988a,s. fahlman.,faster-learning variations on backpropagation: an empirical study.,Proceedings of the 1988 Connectionist Models Summer School,,1988,F236S1451988
fahlman1988a,s. fahlman.,faster-learning variations on back-propagation: an empirical study.,In Connectionist Models Summer School,,1988,F236S1451988
fahlman1988a,s. e. fahlman,"faster-learning variations on back-propagation: an empirical study,",in Proceedings of the 1988 Connectionist Models Summer School,,1988,F236S1451988
fahlman1988a,s. e. fahlman,"faster-learning variations on backpropagation: an empirical study,",in Proceedings of the 1988 Connectionist Models Summer School,,1988,F236S1451988
fahlman1988a,s. e. fahlman.,fast-learning variations on back-propagation: an empirical study.,Connectionist Models Summer School: 1988 Proceedings,,1988,F234S1451988
fahlman1988a,s. e.,"fahlman (1988): faster-learning variations on back-propagation: an empirical study,",in Proceedings of the 1988 Connectionist Summer School,,,
fahlman1988a,s. e.,"fahlman (1988): faster-learning variations on backpropagation: an empirical study,",in Proceedings of the 1988 Connectionist Models Summer School,,,
fahlman1988a,fahlman,"fast learning variations on backpropagation: an empirical study,",In proceedings of the 1988 Connectionist Models Summer School,,1989,F234F4551989
fahlman1988a,scott fahlman,"""faster-learning variations on back propagation: an empirical study,""",In Proceedings of the 1988 Connectionist Models Summer School.,,1988,"""123S3141988"
fahlman1988b,s.e. fahlman,"an empirical study of learning speed in backpropagation networks,",,,1988,A551S1451988
fahlman1988b,scott e. fahlman.,an empirical study of learning speed in back-propagation networks.,,,1988,A551S3141988
fahlman1988b,fahlman s. e.,"an empirical study of learning speed in backpropagation networks,",,,1988,A551F4551988
fahlman1988b,fahlman,an empirical study of learning speed in backpropagation networks.,,,1988,A551F4551988
fahlman1988b,fahlman,"an empirical study of learning speed in back-propagation networks,",,,1988,A551F4551988
fahlman1988b,fahlman,an empirical study of learning speed in back-propagation networks.,,,1988,A551F4551988
fahlman1988b,fahlman,an empirical study of learning speed in backpropagation networks.,,,1988,A551F4551988
fahlman1988b,fahlman,an empirical study of learning speed in backpropagation networks.,,,1988,A551F4551988
fahlman1988b,fahlman,an empirical study of learning speed in backpropagation networks.,,,1988,A551F4551988
fahlman1988b,fahlman,an empirical study of learning speed in backpropagation networks.,,,1988,A551F4551988
fahlman1988b,fahlman,an empirical study of learning speed in backpropagation networks.,,,1988,A551F4551988
fahlman1988b,fahlman,"(1988) an empirical study of learning speed in backpropagation networks (cmu-cs-88-162),",,,,
fahlman1988b,fahlman,"an empirical study of learning speed in back-propagation networks,",,,1988,A551F4551988
fahlman1988b,fahlman; scott.,an empirical study of learning speed in back-propagation networks.,,,1988,A551F4551988
fahlman1988b,fahlman; scott.,an empirical study of learning speed in back-propagation networks.,,,1988,A551F4551988
fahlman1988b,fahlman; scott.,an empirical study of learning speed in back-propagation networks.,,,1988,A551F4551988
fahlman1988b,fahlman; scott.,an empirical study of learning speed in back-propagation networks.,,,1988,A551F4551988
fahlman1988b,s. e. fahlman.,an empirical study of learning speed in back-propagation networks.,,,1988,A551S1451988
fahlman1988b,fahlman,an empirical study of learning speed in back-propagation networks.,In Proceedings of the 1988 Connectionist Models Summer School.,,1988,A551F4551988
fahlman1988b,fahlman,an empirical study of learning speed in back-propagation networks.,In Proceedings of the 1988 Connectionist Models Summer School.,,1988,A551F4551988
fahlman1988b,scott e. fahlman.,an empirical strudy of learning speed in back-propagation networks.,,,1988,A551S3141988
fahlman1988b,s. fahlman.,an empirical study of learning speed in back-propagation networks.,,,1988,A551S1451988
fahlman1988b,s. e. fahlman,"""an empirical study of learning speed in backpropagation networks,""",,,1988,"""551S1451988"
fahlman1988b,s. e. fahlman,"""an empirical study of learning speed in back-propagation networks,""",,,1988,"""551S1451988"
fahlman1988b,s.e. fahlman.,an empirical study of learning speed in back-propagation networks.,,,1988,A551S1451988
fahlman1988b,s. e. fahlman,"""an empirical study of learning speed in backpropagation networks,""",,,1998,"""551S1451998"
fahlman1988b,scott e. fahlman.,an empirical study of learning speed in back-propagation networks.,,,1988,A551S3141988
fahlman1988b,s. e. fahlman,"an empirical study of learning speed in back-propagation networks,",,,1988,A551S1451988
fahlman1988b,s. e. fahlman,"an empirical study of learning speed in back-propagation networks,",,,1988,A551S1451988
fahlman1988b,scott e. fahlman.,an empirical study of learning speed in back-propagation networks.,,,1988,A551S3141988
fahlman1988b,scott e. fahlman.,an empirical study of learning speed in back-propagation networks.,,,1988,A551S3141988
fahlman1988b,fahlman,"an empirical study of learning speed in back-propagation networks,",,,1988,A551F4551988
fahlman1988b,s. e. fahlman.,an empirical study of learning speed in back propagation networks.,,,1988,A551S1451988
fahlman1988b,s.e. fahlman.,an empirical study of learning speed in back-propagation networks.,,,1988,A551S1451988
fahlman1988b,fahlman,"an empirical study of learning speed in backpropagation networks,",,,1988,A551F4551988
fahlman1988b,s. fahlman,"""an empirical study of learning speed in back-propagation networks,""",,,1988,"""551S1451988"
fahlman1988b,s. e. fahlman,"""an empirical study of learning speed in back-propagation networks"",",,,1988,"""551S1451988"
fahlman1988b,fahlman,"""an empirical study of learning speed in back-propagation networks"",",,,1988,"""551F4551988"
fahlman1988b,s. e. fahlman.,an empirical study of learning speed in backpropagation networks.,,,1988,A551S1451988
fahlman1988b,scott e. fahlman.,an empirical study of learning speed in back-propagation networks.,,,1988,A551S3141988
fahlman1988b,s. e. fahlman,"of learning speed in back-propagation networks,",,,1988,O146S1451988
fahlman1988b,fahlman; scott e.,"""an empirical study of learning speed in back-propagation networks.""",,,1988,"""551F4551988"
fahlman1988b,fahlman; scott e.,"""an empirical study of learnin g speed in backpropagation networks"",technical report cmu-cs-88-162,",,,1988,"""551F4551988"
fahlman1988b,scott fahlman,"""an empirical study of learning speed in backpropagation networks,""",,,1988,"""551S3141988"
fahlman1988b,scott fahlman,"""an empirical study of learning speed in backpropagation networks,""",,,1988,"""551S3141988"
fahlman1988b,scott fahlman,"""an empirical study of learning speed in backpropagation networks,""",,,1988,"""551S3141988"
fahlman1990a,fahlman; s.e. and lebiere,"the cascade-correlation learning architecture,",,,1991,T223F4551991
fahlman1990a,s.e. fahlman and c. lebiere:,"the cascade-correlation learning architecture,",,,1991,T223S1451991
fahlman1990a,s.e. fahlman and c. lebiere:,"the cascade-correlation learning architecture,",,,1991,T223S1451991
fahlman1990a,fahlman; s. e. and lebiere,"the cascade-correlation learning architec ture,",,,1990,T223F4551990
fahlman1990a,fahlman; s. e. and lebiere,"the cascade-correlation learning architecture,",,,1990,T223F4551990
fahlman1990a,fahlman; s. e. and lebiere,the cascade-correlation learning architecture.,,,1990,T223F4551990
fahlman1990a,fahlman; s. e. and lebiere,the cascade-correlation learning architecture.,,,1990,T223F4551990
fahlman1990a,fahlman; s. e. and lebiere,the cascade-correlation learning architecture.,,,1990,T223F4551990
fahlman1990a,fahlman; s. e. and lebiere,the cascade-correlation learning architecture.,,,1990,T223F4551990
fahlman1990a,fahlman; s. e. and lebiere,the cascade-correlation learning architecture.,,,1990,T223F4551990
fahlman1990a,fahlman; and lebiere,cascade-correlation learning architecture,,,1989,C232F4551989
fahlman1990a,fahlman; and lebiere,cascade-correlation learning architecture,,,1989,C232F4551989
fahlman1990a,fahlman; and lebiere,cascade-correlation learning architecture,,,1989,C232F4551989
fahlman1990a,fahlman; and lebiere,the cascade-correlation learning architecture.,,,1990,T223F4551990
fahlman1990a,fahlman; and lebiere,the cascade-correlation learning architecture.,,,1990,T223F4551990
fahlman1990a,s. e. fahlman and c. lebiere.,the cascade-correlation learning architecture.,,,1990,T223S1451990
fahlman1990a,fahlman s. e.; lebiere c.,"the cascade-correlation learning architecture,",,,1990,T223F4551990
fahlman1990a,fahlman; s. and lebiere,the cascade-correlation learning architecture.,,,1990,T223F4551990
fahlman1990a,s. e. fahlman and c. lebiere,"the cascade-correlation learning architecture,",,,1990,T223S1451990
fahlman1990a,s. e. fahlman and c. lebiere.,the cascade-correlation learning architecture.,,,1990,T223S1451990
fahlman1990a,s. e. fahlman and c. lebiere,"""the cascade-correlation learning architecture"",",,,1990,"""322S1451990"
fahlman1990a,fahlman; s. and lebiere,the cascade-correlation learning architecture.,,,1990,T223F4551990
fahlman1990a,scott e. fahlman and christian lebiere.,the cascade-correlation learning architecture.,,,1990,T223S3141990
fahlman1990a,fahlman; and lebiere,the cascade-correlation learning architecture.,,,1990,T223F4551990
fahlman1990a,fahlman; and lebiere,the cascade-correlation learning architecture.,,,1990,T223F4551990
fahlman1990a,fahlman; and lebiere,the cascade-correlation learning architecture.,,,1990,T223F4551990
fahlman1990a,fahlman; and lebiere,the cascade-correlation learning architecture.,,,1990,T223F4551990
fahlman1990a,fahlman; and lebiere,the cascade-correlation learning architecture.,,,1990,T223F4551990
fahlman1990a,s.e. fahlman and c. lebiere.,the cascade-correlation learning architecture.,,,1990,T223S1451990
fahlman1990a,s. e. fahlman and c. lebiere,"the cascade-correlation learning architecture,",,,1991,T223S1451991
fahlman1990a,s. e. fahlman and c. lebiere,"the cascade-correlation learning architecture,",,,1991,T223S1451991
fahlman1990a,fahlman; lebiere,"the cascade-correlation learning architecture,",,,1991,T223F4551991
fahlman1990a,s. fahlman and c. lebiere,"the casade-correlation learning architecture,",,,1990,T223S1451990
fahlman1990a,s. e. fahlman and c. lebiere,"""the cascade correlation learning architecture"",",,,1990,"""322S1451990"
fahlman1990a,fahlman; s. e. and lebiere,the cascade-correlation learning architecture.,,,1990,T223F4551990
fahlman1990a,fahlman; s. and lebiere,"""the cascade-correlation learning architecture"".",,,1990,"""322F4551990"
fahlman1990a,fahlman; s. and lebiere,the cascade-correlation learning architecture.,,,1990,T223F4551990
fahlman1990a,scott e. fahlman and christian lebiere.,the cascade-correlation learning architecture.,,,1990,T223S3141990
fahlman1990a,s. e. fahlman and christian lebiere.,the cascade-correlation learning architecture.,,,1990,T223S1451990
fahlman1990a,s. fahlman and c. lebiere,"""the cascade-correlation learning architecture,""",,,1990,"""322S1451990"
fahlman1990a,fahlman; s. and lebiere,the cascade-correlation learning architecture.,,,1990,T223F4551990
fahlman1990a,fahlman; s. and lebiere,the cascade-correlation learning architecture.,,,1990,T223F4551990
fahlman1990a,fahlman; s. and lebiere,the cascade-correlation learning architecture.,,,1990,T223F4551990
fahlman1990a,s. fahlman and c. lebiere,"""the cascade-correlation learning architecture,""",,,1990,"""322S1451990"
fahlman1990a,s.e. fahlman and c. lebiere.,the cascade-correlation learning architecture.,,,1991,T223S1451991
fahlman1990a,fahlman; s. and lebiere,the cascade-correlation learning architecture.,,,1990,T223F4551990
fahlman1990a,s. e. fahlman and c. lebiere.,the cascade-correlation learning architecture.,,,1990,T223S1451990
fahlman1990a,s. e. fahlman and c. lebiere.,the cascade-correlation learning architecture.,,,1990,T223S1451990
fahlman1990a,s. e. fahlman and c. lebiere.,the cascade-correlation learning architecture.,,,1990,T223S1451990
fahlman1990a,scott e. fahlman and christian lebiere.,the cascade-correlation learning architecture.,,,1990,T223S3141990
fahlman1990a,fahlman; s. e. and lebiere,the cascade-correlation learning architecture.,,,1990,T223F4551990
fahlman1990a,fahlman; scott e.; and lebiere,"christi an, ""the cascade--correlation learning architecture"",",,,1991,C623F4551991
fahlman1990a,fahlman; s. e. and lebiere,"the cascade-correlation learning architecture,",,,,
fahlman1990a,fahlman; s. e. and lebiere,"the cascade-correlation learning architecture,",,,,
fahlman1990a,s.e. fahlman; c. lebiere,"""the cascade-correlation learning algorithm"",",,,1990,"""322S1451990"
fahlman1990a,s.e. fahlman and c. lebiere,"the cascade-correlation learning architecture,",Advances in Neural Information Processing 2,,1990,T223S1451990
fahlman1990a,scott e. fahlman and christian lebiere.,the cascade-correlation learning architecture.,In,,1990,T223S3141990
fahlman1990a,fahlman; s. and lebiere,the cascade-correlation learning architecture.,Advances in Neural Information Processing Systems (volume 2),,1989,T223F4551989
fahlman1990a,fahlman; s. and lebiere,the cascade-correlation learning architecture.,Advances in Neural Information Processing Systems (volume 2),,1989,T223F4551989
fahlman1990a,fahlman; s. and lebiere,the cascade-correlation learning architecture.,Advances in Neural Information Processing Systems (volume 2),,1989,T223F4551989
fahlman1990a,fahlman; s. and lebiere,the cascade-correlation learning architecture.,Advances in Neural Information Processing Systems (volume 2),,1989,T223F4551989
fahlman1990a,fahlman; s. and lebiere,the cascade-correlation learning architecture.,Advances in Neural Information Processing Systems (volume 2),,1989,T223F4551989
fahlman1990a,fahlman; s. and lebiere,the cascade-correlation learning architecture.,Advances in Neural Information Processing Systems (volume 2),,1989,T223F4551989
fahlman1990a,fahlman; s. and lebiere,the cascade-correlation learning architecture.,Advances in Neural Information Processing Systems (volume 2),,1989,T223F4551989
fahlman1990a,fahlman; s. and lebiere,the cascade-correlation learning architecture.,Advances in Neural Information Processing Systems (volume 2),,1989,T223F4551989
fahlman1990a,fahlman; s. and lebiere,the cascade-correlation learning architecture.,Advances in Neural Information Processing Systems (volume 2),,1989,T223F4551989
fahlman1990a,fahlman; s. and lebiere,the cascade-correlation learning architecture.,Advances in Neural Information Processing Systems (volume 2).,,1989,T223F4551989
fahlman1990a,fahlman; s. and lebiere,the cascade-correlation learning architecture.,Advances in Neural Information Processing Systems (volume 2).,,1989,T223F4551989
fahlman1990a,fahlman; s. and lebiere,the cascade-correlation learning architecture.,Advances in Neural Information Processing Systems (volume 2).,,1990,T223F4551990
fahlman1990a,fahlman,"lebiere (1990), the cascade-correlation learning architecture,",in Advances in Neural Information Processing Systems 2,,,
fahlman1990a,fahlman; s. e. and lebiere,the cascade-correlation learning architecture.,Advances in Neural Information Processing Systems (Vol.,,1989,T223F4551989
fahlman1990a,fahlman; s. e. and lebiere,the cascade-correlation learning architecture.,Advances in Neural Information Processing Systems (volume 2),,1989,T223F4551989
fahlman1990a,fahlman; s. e. and lebiere,"the cascade-correlation learning architecture,","""Advances in Neural Information Processing Systems""",Vol. 2,1990,T223F4551990
fahlman1990a,fahlman; s. e. and lebiere,"the cascade-correlation learning architecture,",`Advances in Neural Information Processing Systems',Vol. 2,1990,T223F4551990
fahlman1990a,fahlman; s. e. and lebiere,"the cascade-correlation learning architecture,","""Advances in Neural Information Processing Systems""",Vol. 2,1990,T223F4551990
fahlman1990a,fahlman; s. e. and lebiere,the cascade correlation architecture.,In Advances in Neural Information Processing Systems,Volume 2,1990,T223F4551990
fahlman1990a,fahlman; s. e. and lebiere,the cascade correlation architecture.,In Advances in Neural Information Processing Systems,Volume 2,1990,T223F4551990
fahlman1990a,fahlman; s. e. and lebiere,the cascade-correlation learning architecture.,In Advances in Neural Information Processing Systems,volume 2,1989,T223F4551989
fahlman1990a,fahlman; s. e. and lebiere,the cascade-correlation learning architecture.,In Advances in Neural Information Processing Systems,vol. 2,1990,T223F4551990
fahlman1990a,fahlman; s. e. and lebiere,the cascade correlation learning architecture.,In Neural Information Processing Systems,2.,1990,T223F4551990
fahlman1990a,fahlman; s. e. and lebiere,the cascade correlation learning architecture.,In Neural Information Processing Systems,2.,1990,T223F4551990
fahlman1990a,fahlman; s. e. and lebiere,the cascade-correlation architecture.,Advances in Neural Information Processing Structures,2,1990,T223F4551990
fahlman1990a,fahlman; s. e. and lebiere,the cascade-correlation architecture.,Advances in Neural Information Processing Structures,2,1990,T223F4551990
fahlman1990a,fahlman; s. e. and lebiere,the cascade-correlation learning algorithm.,Advances in Neural Information Processing Systems,2,1990,T223F4551990
fahlman1990a,fahlman; s. e. and lebiere,the cascade-correlation learning architecture.,Advances in Neural Information Processing Systems,2.,1990,T223F4551990
fahlman1990a,fahlman; and lebiere,the cascade correlaion learning architecture.,NIPS.,,1990,T223F4551990
fahlman1990a,fahlman; and lebiere,the cascade-correlation architecture.,In Advances in Neural Information Processing Systems,Vol. 2.,1990,T223F4551990
fahlman1990a,fahlman; and lebiere,the cascade-correlation architecture.,In Advances in Neural Information Processing Systems,Vol. 2.,1990,T223F4551990
fahlman1990a,fahlman; and lebiere,the cascade correlation architecture.,Advances in 43 Neural Information Processing Systems,2,1990,T223F4551990
fahlman1990a,fahlman; and lebiere,the cascade correlation architecture.,Advances in Neural Information Processing Systems,2,1990,T223F4551990
fahlman1990a,fahlman; and lebiere,the cascade-correlation learning architecture.,In Advances in Neural Information Processing Systems,Vol. 2).,1990,T223F4551990
fahlman1990a,fahlman; and lebiere,the cascade-correlation learning architecture.,In Advances in Neural Information Processing Systems,Vol. 2).,1990,T223F4551990
fahlman1990a,fahlman; and lebiere,the cascade-correlation learning architecture.,In Advances in Neural Information Processing Systems,2.,1990,T223F4551990
fahlman1990a,fahlman; and lebiere,the cascade-correlation learning architecture.,Advances in Neural Information Processing Systems,2,1990,T223F4551990
fahlman1990a,fahlman; and lebiere,the cascade-correlation learning architecture.,Advances in Neural Information Processing Systems,2,1990,T223F4551990
fahlman1990a,fahlman; and lebiere,the cascade-correlation learning architecture.,Advances in Neural Information Processing Systems,2,1990,T223F4551990
fahlman1990a,fahlman; and lebiere,the cascade-correlation learning architecture.,Advances in Neural Information Processing Systems,2,1990,T223F4551990
fahlman1990a,fahlman; and lebiere,the cascade-correlation learning architecture.,Advances in Neural Information Processing Systems,2,1990,T223F4551990
fahlman1990a,fahlman; and lebiere,the cascade-correlation learning architecture.,Advances in Neural Information Processing Systems,2,1990,T223F4551990
fahlman1990a,fahlman; and lebiere,the cascade-correlation learning architecture.,Advances in Neural Information Processing Systems,2,1990,T223F4551990
fahlman1990a,fahlman; and lebiere,the cascade-correlation learning architecture.,Advances in Neural Information Processing Systems,2,1990,T223F4551990
fahlman1990a,fahlman; and lebiere,the cascade-correlation learning architecture.,Advances in Neural Information Processing Systems,2,1990,T223F4551990
fahlman1990a,fahlman; s. and lebiere c.,the cascade correlation learning architecture.,,,1991,T223F4551991
fahlman1990a,fahlman; s. and lebiere c.,the cascade correlation learning architecture.,,,1991,T223F4551991
fahlman1990a,fahlman; s. and lebiere c.,the cascade correlation learning architecture.,,,1991,T223F4551991
fahlman1990a,fahlman; s. and c. lebiere.,the cascade-correlation learning architecture.,Advances in Neural Information Processing Systems: Proceedings of the 1989 Conference,,1990,T223F4551990
fahlman1990a,fahlman; s. and lebiere,the cascade-correlation architecture.,Advances in Neural Information Processing Structures,2,1990,T223F4551990
fahlman1990a,fahlman; s. and lebiere,the cascade-correlation architecture.,Advances in Neural Information Processing Structures,2,1990,T223F4551990
fahlman1990a,fahlman; and lebiere,the cascade-correlation learning architecture.,In Advances in Neural Information Processing Systems,Vol. 2,1989,T223F4551989
fahlman1990a,fahlman; and lebiere,"the cascade-correlation learning architecture. in touret-zky,",Advances in Neural Information Processing Systems,Vol. 2,1989,T223F4551989
fahlman1990a,fahlman; and lebiere,the cascade-correlation learning architecture.,Advances in Neural Information Processing Systems,Vol. 2,1989,T223F4551989
fahlman1990a,fahlman; and lebiere,the cascade-correlation learning architecture.,Advances in Neural Information Processing Systems,Vol. 2,1989,T223F4551989
fahlman1990a,fahlman; and lebiere,the cascade-correlation learning architecture.,Advances in Neural Information Processing Systems,Vol. 2,1989,T223F4551989
fahlman1990a,fahlman; and lebiere,the cascade-correlation learning architecture.,In Advances in Neural Information Processing Systems,2,1989,T223F4551989
fahlman1990a,fahlman; and lebiere,the cascade-correlation learning architecture.,In Advances in Neural Information Processing Systems,2,1989,T223F4551989
fahlman1990a,fahlman; and lebiere,the cascade-correlation learning architecture.,In Advances in Neural Information Processing Systems,2,1989,T223F4551989
fahlman1990a,fahlman; s.e. and lebiere,the cascade-correlation architecture.,In:Advances in Neural Information Processing Systems,,1990,T223F4551990
fahlman1990a,fahlman; s.e. and lebiere,the cascade-correlation learning architecture.,Advances in Neural Information Processing Systems,II,1990,T223F4551990
fahlman1990a,fahlman; s.e. and lebiere,"""the cascade correlation learning architecture,""",NIPS,Vol. 2,1990,"""322F4551990"
fahlman1990a,fahlmann; s. e. and lebiere,the cascade-correlation learning architecture.,In Advances in Neural Information Processing Systems 2 (NIPS-2),,1989,T223F4551989
fahlman1990a,s. e. fahlman and c. lebiere.,the cascade-correlation learning architecture.,Advances in Neural Information Processing Systems,volume2,1990,T223S1451990
fahlman1990a,s. e. fahlman and c. lebiere.,the cascade-correlation learning architecture.,Advances in Neural Information Processing Systems,volume2,1990,T223S1451990
fahlman1990a,fahlman s. and lebiere c.,the cascade correlation learning architecture.,Advances in Neural Information Processing Systems,volume2,1990,T223F4551990
fahlman1990a,s. fahlman and c. lebiere.,the cascade-correlation learning architecture.,In Adv. in Neural Info. Processing Systems,volume2,1989,T223S1451989
fahlman1990a,s.e. fahlman and c. lebiere.,the cascade-correlation learning architecture.,In Advances in Neural Information Processing Systems,volume2,1989,T223S1451989
fahlman1990a,s. fahlman and c. lebiere.,the cascade-correlation learning architecture.,Advances in Neural Information Processing Systems,volume2.,1990,T223S1451990
fahlman1990a,s. fahlman and c. lebiere.,the cascade-correlation learning architecture.,Advances in Neural Information Processing Systems,volume2.,1990,T223S1451990
fahlman1990a,s. fahlman and c. lebiere.,the cascade-correlation learning architecture.,Advances in Neural Information Processing Systems,volume 2,1990,T223S1451990
fahlman1990a,s.e. fahlman and c. lebiere.,the cascade-correlation learn-ing architecture. in d.s.,Advances in Neural Information Processing Systems,volume 2,,
fahlman1990a,s.e. fahlman and c. lebiere.,the cascade-correlation learning architecture. in d.s.,Advances in Neural Information Processing Systems,volume 2,,
fahlman1990a,s. e. fahlman and c. lebiere,"the cascade-correlation learning architecture,",In Advances in Neural Information Processing Systems,volume 2,1989,T223S1451989
fahlman1990a,s. e. fahlman and c. lebiere,"the cascade-correlation learning architec ture,","in ""Advances in Neural Information Processing Systems","2""",1990,T223S1451990
fahlman1990a,s. e. fahlmann; c. lebiere:,"""the cascade-correlation learning architecture"",",Advances in Neural Information Processing Systems,2,1990,"""322S1451990"
fahlman1990a,s. e. fahlman and c. lebiere.,the cascade-correlation architecture.,Advances in Neural Information Processing Systems,2.,1990,T223S1451990
fahlman1990a,s. fahlman and c. lebiere,"""the cascade-correlation learning architecture,""",in Advances in Neural Information Processing Systems,vol. 2,1990,"""322S1451990"
fahlman1990a,s. fahlman and c. lebiere,"""the cascade-correlation learning architecture,""",in Advances in Neural Information Processing Systems,vol.2,1990,"""322S1451990"
fahlman1990a,s. fahlman and c. lebiere,"""the cascade-correlation learning architecture,""",in Advances in Neural Information Processing Systems,vol. 2,1990,"""322S1451990"
fahlman1990a,s. fahlman and c. lebiere.,the cascade correlation learning algorithm.,Neural Information Systems,volume2,1990,T223S1451990
fahlman1990a,fahlman; lebiere,"""the cascade-correlation architecture,""",in Advances in neural information processing systems,2,1990,"""322F4551990"
fahlman1990a,s. e. fahlman and c. lebiere,"the cascade-correlation learning algorithm,",Advances in Neural Information Processing Systems,2,1990,T223S1451990
fahlman1990a,s.e. fahlman and c. lebiere.,the cascade-correlation learning architecture.,Advances in Neural Information Processing Systems,2,1990,T223S1451990
fahlman1990a,s. e. fahlman and c. lebiere.,the cascade-correlation learning architecture.,Advances in Neural Information Processing Systems,2,1990,T223S1451990
fahlman1990a,s. e. fahlman and c. lebiere.,the cascade-correlation learning architecture.,Advances in Neural Information Processing Systems,,1990,T223S1451990
fahlman1990a,s. e. fahlman and c. lebiere.,the cascade-correlation learning architecture.,Neural Information Processing Systems,volume 2.,1990,T223S1451990
fahlman1990a,fahlmann; scott; c. lebiere.,the cascade-correlation learning architechture.,in Advances in Neural Information Processing,2 .,,
fahlman1990a,s. fahlman and c. libiere,"""the cascade correlation architecture"",",Advances in Neural Information Processing Systems,2,,
fahlman1990a,s.e. fahlman and c. lebiere.,the cascade-correlation learning architecture.,Advances in Neural Information Processing Systems,volume 2,1990,T223S1451990
fahlman1990a,s.e. fahlman and c. lebiere.,the cascade-correlation learning architecture.,Advances in Neural Information Processing Systems,volume 2,1990,T223S1451990
fahlman1990a,s. e. fahlman and c. lebiere.,the cascade-correlation learning architecture.,Advances in Neural Information Processing Systems,volume 2,1990,T223S1451990
fahlman1990a,s. e. fahlman and c. lebiere.,the cascade-correlation learning architecture.,Advances in Neural Information Processing Systems,volume 2,1990,T223S1451990
fahlman1990a,fahlman; s.e. and lebiere c.,the cascade-correlation learning architecture.,In Advances in Neural Information Processing Systems II (Denver 1989),,1990,T223F4551990
fahlman1990a,fahlman; s.e. and lebiere,"the cascade-correlation learning architecture,",Advances in Neural Information Processing,vol. 2,1990,T223F4551990
fahlman1990a,s.e. fahlman and c. lebiere,"""the cascade-correlation learning architecture,""",in Ad vances in Neural Information Processing Systems II,,1989,"""322S1451989"
fahlman1990a,fahlman; s. e. and lebiere,the cascade-correlation learning architecture.,Advances in Neural Information Processing Systems,volume 2,1990,T223F4551990
fahlman1990a,fahlmann; scott; c. lebiere.,the cascade-correlation learning architechture.,in Advances in Neural Information Processing,2.,,
fahlman1990a,fahlmann; scott; c. lebiere.,the cascade-correlation learning architecture.,in Advances in Neural Information Processing,2.,,
fahlman1990a,s. e. fahlman and c. lebiere,"the cascade-correlation learning architecture,",in NIPS 2,,1990,T223S1451990
fahlman1990a,scott e. fahlman and christian lebiere.,the cascade-correlation learning architec-ture.,In [13],,1990,T223S3141990
fahlman1990a,scott e. fahlman and christian lebiere.,the cascade-correlation learning architec-ture.,In [13],,1990,T223S3141990
fahlman1990a,scott e. fahlman and christian lebiere.,the cascade-correlation learning architecture.,In [9],,1990,T223S3141990
fahlman1990a,s.e. fahlman and c. lebiere.,the cascade-correlation learning architecture.,Advances in Neural Information Processing Systems,2,1990,T223S1451990
fahlman1990a,s.e. fahlman and c. lebiere.,the cascade-correlation learning architecture.,Advances in Neural Information Processing Systems,2,1990,T223S1451990
fahlman1990a,s. fahlman and c. lebiere,"""the cascade correlation learning algorithm,""",in Neural Information Systems,2,1990,"""322S1451990"
fahlman1990a,s. fahlman and c. lebiere,"""the cascade correlation learning algorithm,""",in Neural Information Systems,2,1990,"""322S1451990"
fahlman1990a,fahlman; s.e. and lebiere,"the cascade-correlation learning architecture,",Advances in Neural Information Processing,vol. 2,1990,T223F4551990
fahlman1990a,s. e. fahlman and c. lebiere.,the cascade-correlation learning architecture.,Advances in Neural Information Processing Systems,volume 2,1990,T223S1451990
fahlman1990a,s.e. fahlman and c. lebiere.,the cascade-correlation learning architecture.,Advances in Neural Information Processing Systems,2.,1990,T223S1451990
fahlman1990a,scott e. fahlman and christian lebiere.,the cascade-correlation learning architecture.,In [16],,1990,T223S3141990
fahlman1990a,fahlman; and lebiere,the cascade-correlation learning architecture.,Advance in Neural Information Processing Systems,Vol 2,1990,T223F4551990
fahlman1990a,fahlman; s. and lebiere,the cascade-correlation learning architecture.,Advances in Neural Information Processing Systems,2,1990,T223F4551990
fahlman1990a,s. e. fahlman and c. lebiere.,the cascade-correlation architecture.,Advances in Neural Information Processing Structures,2,1990,T223S1451990
fahlman1990a,s. e. fahlman and c. lebiere.,the cascade-correlation architecture.,Advances in Neural Information Processing Structures,2,1990,T223S1451990
fahlman1990a,s. fahlman and c. lebiere.,the cascade-correlation learning architecture.,Advances in Neural Information Processing Systems,volume 2,1989,T223S1451989
fahlman1990a,s. fahlmann; c. lebiere,"the cascade-correlation learning architecture,",Advances in Neural Information Processing,2,,
fahlman1990a,s. fahlmann; c. lebiere,"the cascade-correlation learning architecture,",Advances in Neural Information Processing,2,,
fahlman1990a,scott e. fahlman and christian lebiere.,the cascade-correlation learning architecture.,In [22],,1990,T223S3141990
fahlman1990a,s. fahlman and c. lebiere.,the cascade correlation learning algorithm.,Neural Information Systems,2,1990,T223S1451990
fahlman1990a,s. fahlman and c. lebiere.,the cascade correlation learning algorithm.,Neural Information Systems,2,1990,T223S1451990
fahlman1990a,fahlman; scott e.,"""the cascade-correlation learning architecture"",",in Advances in Neural Information Processing Systems,2,1990,"""322F4551990"
fahlman1990a,s. fahlman,"""the cascade-correlation learning architecture,""",in Advances in Neural Information Processing Systems,2,1990,"""322S1451990"
fahlman1990a,s.e. fahlman and c. lebiere.,the cascade-correlation learning architecture.,Advances in Neural Information Processing Systems,2.,1990,T223S1451990
fahlman1990a,s.e. fahlman and lebiere c.,; the cascaded-correlation learning architecture.,In: Advances in Neural Information Processing Systems,2,1990,;322S1451990
fahlman1990a,scott e. fahlman and christian lebiere.,the cascade-correlation learning architecture.,In Advances in Neural Information Processing Systems,2,1990,T223S3141990
fahlman1990a,scott e. fahlman and christian lebiere.,the cascade-correlation learning architecture.,In Advances in Neural Information Processing Systems,2,1990,T223S3141990
fahlman1990a,s.e. fahlman and c. lebiere.,the cascade-correlation learning architecture.,Advances in Neural Information Processing Systems,volume 2,1990,T223S1451990
fahlman1990a,s.e. fahlman and c. lebiere.,the cascade-correlation learning architecture.,Advances in Neural Information Processing Systems,volume 2,1990,T223S1451990
fahlman1990a,scott e. fahlman and christian lebiere.,the cascade-correlation learning architecture.,In Advances in Neural Information Processing Systems II,,1990,T223S3141990
fahlman1990a,s. e. fahlman and c. lebiere.,the cascade correlation learning algorithm.,Neural Information Processing Systems,2,1990,T223S1451990
fahlman1990a,s. fahlman and c. lebiere.,the cascade-correlation learning architecture.,Advances in Neural Information Processing Systems,,1990,T223S1451990
fahlman1990a,s. fahlman and c. lebiere.,the cascade-correlation learning architecture.,Advances in Neural Information Processing Systems,,1990,T223S1451990
fahlman1990a,s.e. fahlman and c. lebiere,"""the cascade-correlation learning architecture"",",Advances in Neural Information Processing Systems,Vol.2,1990,"""322S1451990"
fahlman1990a,s.e. fahlman and c. lebiere,"""the cascade-correlation learning architecture"",",Advances in Neural Information Processing Systems,Vol.2,1990,"""322S1451990"
fahlman1990a,s.e. fahlman and c. lebiere,"the cascade-correlation learning architecture,",Advances in Neural Information Processing Systems,Vol.2,1990,T223S1451990
fahlman1990a,s.e. fahlman and c. lebiere,"the cascade-correlation learning architecture,",Advances in Neural Information Processing Systems,Vol.2,1990,T223S1451990
fahlman1990a,fahlman; s. e. and lebiere,the cascade-correlation learning architecture.,Advances in Neural Information Processing Systems,2.,1990,T223F4551990
fahlman1990a,fahlman; s. e. and lebiere,the cascade-correlation learning architecture.,Advances in Neural Information Processing Systems,2.,1990,T223F4551990
fahlman1990a,fahlman; and lebiere,"""the cascade-correlation learning architecture,""",Advances in Neural Information Processing Systems,2,1990,"""322F4551990"
fahlman1990a,fahlman; s. e. and lebiere,the cascade correlation learning architecture.,In Neural Information Systems,2.,1990,T223F4551990
fahlman1990a,fahlman; s. e. and lebiere,the cascade correlation learning architecture.,In Neural Information Systems,2.,1990,T223F4551990
fahlman1990a,fahlman; s.e. and lebiere c.,the cascade-correlation learning architecture.,In Advances in Neural Information Processing Systems II (Denver 1989),,1990,T223F4551990
fahlman1990a,s. e. fahlman and lebiere c.,"the cascade-correlation learning architecture,",in Neural Information Processing Systems,2,1990,T223S1451990
fahlman1990a,s. e. fahlman and c. lebiere,"the cascade-correlation learning architecture,",in Neural Information Processing Systems,2,1990,T223S1451990
fahlman1990a,s. e. fahlman and c. lebiere,"the cascade-correlation learning architecture,",in Advances in Neural Information Systems II,,1991,T223S1451991
fahlman1990a,s. e. fahlman and c. lebiere.,the cascade-correlation learning architecture.,Advances in Neural Information Processing Systems (NIPS89),vol.2,1990,T223S1451990
fahlman1991a,fahlman,the recurrent cascade-correlation architecture.,Advances in Neural Information Processing Systems,3,1991,T626F4551991
fahlman1991a,fahlman,the recurrent cascade-correlation architecture.,Advances in Neural Information Processing Systems,3,1991,T626F4551991
fahlman1991a,fahlman,the recurrent cascade-correlation architecture.,Advances in Neural Information Processing Systems,3,1991,T626F4551991
fahlman1991a,fahlman,the recurrent cascade-correlation architecture.,Advances in Neural Information Processing Systems,3,1991,T626F4551991
fahlman1991a,fahlman,the recurrent cascade-correlation architecture.,Advances in Neural Information Processing Systems,3,1991,T626F4551991
fahlman1991a,fahlman,the recurrent cascade-correlation learning algorithm.,Advances in Neural Information Processing Systems,3,1991,T626F4551991
fahlman1991a,fahlman,the recurrent cascade-correlation learning algorithm.,Advances in Neural Information Processing Systems,3,1991,T626F4551991
fahlman1991a,fahlman,the recurrent cascade-correlation learning algorithm.,NIPS 3,,1991,T626F4551991
fahlman1991a,fahlmann; s.e.(1990).,the recurrent cascade-correlation architecture.,InAdvances in Neural Information Processing Systgems,,,
fahlman1991a,scott e. fahlman.,the recurrent cascade-correlation architecture.,Advances in Neural Information Processing Systems,3,1991,T626S3141991
fahlman1991a,s. fahlman.,the recurrent cascade-correlation architecture.,Advances in Neural Information Processing Systems,3,1991,T626S1451991
fahlman1991a,scott e. fahlman.,the recurrent cascade-correlation architecture.,Advances in Neural Information Processing Systems,3,1991,T626S3141991
fahlman1991a,s. fahlman,"""the recurrent cascade-correlation architecture,""",in Advances in Neural Information Processing Systems,3,1991,"""362S1451991"
fahlman1991a,scott e. fahlman.,the recurrent cascade-correlation architecture.,Advances in Neural Information Processing Systems,3,1991,T626S3141991
fahlman1991a,scott e. fahlman.,the recurrent cascade-correlation architecture.,Advances in Neural Information Processing Systems,3,1991,T626S3141991
fahlman1991a,s. fahlman.,the recurrent cascade-correlation architecture.,Advances in Neural Information Processing Systems,3,1991,T626S1451991
fahlman1991a,s. fahlman.,the recurrent cascade-correlation architecture.,Advances in Neural Information Processing Systems,3,1991,T626S1451991
fahlman1991a,fahlman; scott e.,"""the recurrent cascade-correlation architecture"",",in Advances in Neural Information Processing Systems,3,1991,"""362F4551991"
fahlman1991a,s. fahlman,"""the recurrent cascade-correlation architecture,""",in Advances in Neural Information Pro--cessing Systems,3,1991,"""362S1451991"
fahlman1991b,scott e. fahlman and david b. mcdonald.,design considerations for cmu common lisp.,Advanced Language Implementation,chapter 6,1991,D225S3141991
fahlman1991b,scott e. fahlman and david b. mcdonald.,design considerations for cmu common lisp.,Advanced Language Implementation,chapter 6,1991,D225S3141991
fahlman1991c,fahlman,the recurrent cascade-correlation architecture.,,,1991,T626F4551991
fahlman1991c,scott e. fahlman,"""the recurrent cascade-correlation architecture,""",,,1991,"""362S3141991"
fahlman1991c,scott e. fahlman,"""the recurrent cascade-correlation architecture,""",,,1991,"""362S3141991"
fahlman1991c,scott e. fahlman,"""the recurrent cascade-correlation architecture,""",,,1991,"""362S3141991"
fahlman1993a,scott e. fahlman.,some thoughts on netl 15 years later.,Innovative Applications of Massive Parallelism,,1993,S532S3141993
fahlman1993b,fahlman,"cmu benchmark collection for neural net learning algorithms,",,,1993,C515F4551993
fahlman1996a,s. e. fahlman; l. d. baker and j. a. boyan,"the cascade 2 learning architecture,",,,1996,T223S1451996
fahlman1996a,s. e. fahlman; l. d. baker and j. a. boyan,"the cascade 2 learning architecture,",,,1996,T223S1451996
fahlman1996a,s. e. fahlman; l. d. baker and j. a. boyan,"the cascade 2 learning architecture,",,,1996,T223S1451996
fahln1993a,fahln; l.e.; c.g.brown; o.stahl; c.carlsson.,a space based model for user interaction in shared synthetic environments.,In Proceedings of InterCHI93 (Amsterdam).,,1993,A212F4541993
fahln1993a,fahln; l.e.; c.g.brown; o.stahl; c.carlsson.,a space based model for user interaction in shared synthetic environments.,In proceedings of the InterCHI93 conference (Amsterdam).,,1993,A212F4541993
forchheimer1983a,r. forchheimer and o. fahlander,"low bit-rate coding through animation,",in Proceedings Picture Coding Symposium (PCS-83) Davis,,1983,L136R1621983
frankel1994a,j.frankel; l.alvarez; r.horowitz; and p.li.,"""robust platoon manuevers for avhs,""",,,,
hendren1992a,l. j. hendren; g. r. gao; e. r. altman; and c. muk-erji.,a register allocation framework based on hierarchical cyclic interval graphs.,Proc. of the Intl. Conf. on Compiler Construction number 641 in Lec. Notes in Comp. Sci.,,1992,A622L2531992
herzog1995a,herzog; m.h. and fahle,a recurrent model for learning a hyperacuity task.,Perception,24,1995,A626H6221995
hoehfeld1992a,hoehfeld; m. and fahlman,learning with limited numerical precision using the cascade-correlation algorithm.,,,1991,L655H1431991
hoehfeld1992a,m. h. hoehfeld and s. fahlman.,learning with limited numerical precision using the cascade-correlation algorithm.,IEEE Transactions on Neural Networks,vol. 3,1992,L655M1431992
knoop1992a,knoop; j. and steffen,"the interprocedural coincidence theorem,",in Proceedings of the Fourth International Conference on Compiler Construction,Vol. 641,1992,T536K5121992
knoop1992a,knoop; j. and steffen,"the interprocedural coincidence theorem,",in Proceedings of the Fourth International Conference on Compiler Construction,Vol. 641,1992,T536K5121992
knoop1992a,knoop; j. and steffen,"the interprocedural coincidence theorem,",in Proceedings of the Fourth International Conference on Compiler Construction,Vol. 641,1992,T536K5121992
knoop1992a,knoop; j. and steffen,"the interprocedural coincidence theorem,",in Proceedings of the Fourth International Conference on Compiler Construction,Vol. 641,1992,T536K5121992
knoop1992a,knoop; j. and steffen,"the interprocedural coincidence theorem,",in Proc. of the Fourth Int. Conf. on Comp. Construct.,Vol. 641,1992,T536K5121992
knoop1992a,knoop; j. and steffen,"the interprocedural coincidence theorem,",in Proc. of the Fourth Int. Conf. on Comp. Construct.,Vol. 641,1992,T536K5121992
knoop1992a,knoop; j. and steffen,"the interprocedural coincidence theorem,",in Proceedings of the Fourth International Conference on Compiler Construction,Vol. 641,1992,T536K5121992
knoop1992a,knoop; j. and steffen,"the interprocedural coincidence theorem,",in Proceedings of the Fourth International Conference on Compiler Construction,Vol. 641,1992,T536K5121992
knoop1992a,knoop; j. and steffen,"the interprocedural coincidence theorem,",in Proceedings of the Fourth International Conference on Compiler Construction,Vol. 641,1992,T536K5121992
knoop1992a,knoop; j. and steffen,"the interprocedural coincidence theorem,",in Proceedings of the Fourth International Conference on Compiler Construction,Vol. 641,1992,T536K5121992
knoop1992a,knoop; j. and steffen,"the interprocedural coincidence theorem,",in Proc. of the Fourth Int. Conf. on Comp. Construct.,Vol. 641,1992,T536K5121992
knoop1992a,knoop; j. and steffen,"the interprocedural coincidence theorem,",in Proceedings of the Fourth International Conference on Compiler Construction,Vol. 641,1992,T536K5121992
knoop1992a,knoop; j. and steffen,"the interprocedural coincidence theorem,",in Proceedings of the Fourth International Conference on Compiler Construction,Vol. 641,1992,T536K5121992
knoop1992a,j. knoop and b. steffen.,the interprocedural coincidence theorem.,Proceedings of the Fourth International Conference on Compiler Construction Lecture Notes in Computer Science,Vol. 641,1992,T536J2511992
knoop1992a,j. knoop and b. steffen.,the interprocedural coincidence theorem.,Proceedings of the Fourth International Conference on Compiler Construction Lecture Notes in Computer Science,Vol. 641,1992,T536J2511992
knoop1992a,j. knoop and b. steffen.,the interprocedural coincidence theorem.,In Proceedings of the Fourth International Conference on Compiler Construction,Vol. 641,1992,T536J2511992
knopp1992a,jurgen knopp.,improving the performance of parallel lisp by compile time analysis.,Compiler Construction volume 641 of Lecture Notes in Computer Science,,1992,I516J6251992
kriegel1993a,kriegel; heep s.; fahldiek a.; mysliwitz n.,"""query processing of geometric objects with free form boundaries in spatial databases"".",Proc. 4th Int. Conf. DEXA 1993,,,
kriegel1993a,kriegel; heep s.; fahldiek a.; mysliwitz n.,"""query processing of geometric objects with free form boundaries in spatial databases"".",Proc. 4th Int. Conf. DEXA 1993,,,
langendoen1992a,koen langendoen and pieter hartel. fcg:,a code generator for lazy functional languages.,Proceedings of the Conference on Compiler Construction,,,
langendoen1992a,k.g. langendoen and p.h. hartel,"a code generator for lazy functional languages, in compiler construction (cc),",Proceedings of the International Workshop on Compiler Construction,,1992,A232K2451992
mcdonald1987a,david b. mcdonald; scott e. fahlman; and skef wholey.,internal design of cmu common lisp on the ibm rt pc.,,,1988,I536D1311988
pfahler1997a,p. pfahler and u. kastens.,language design and implementation by selection.,In First ACM SIGPLAN Workshop on Domain-Specific Languages,,1997,L522P1461997
pfahler1997a,p. pfahler and u. kastens.,language design and implementation by selection.,In First ACM SIGPLAN Workshop on Domain-Specific Languages,,1997,L522P1461997
poggio1992a,poggio; fahle; and edelman,fast perceptual learning in visual hyperacuity.,Science,256,1992,F231P2141992
poggio1992a,poggio; fahle; and edelman,fast perceptual learning in visual hyperacuity.,Science,256,1992,F231P2141992
poggio1992a,poggio; fahle; and edelman,fast perceptual learning in visual hyperacuity.,Science,256,1992,F231P2141992
poggio1992a,poggio; fahle; and edelman,fast perceptual learning in visual hyperacuity.,Science,256,1992,F231P2141992
poggio1992a,poggio; fahle; and edelman,fast perceptual learning in visual hyperacuity.,Science,256,1992,F231P2141992
poggio1992a,poggio; fahle; and edelman,fast perceptual learning in visual hyperacuity.,Science,256,1992,F231P2141992
poggio1992a,poggio; fahle; and edelman,fast perceptual learning in visual hyperacuity.,Science,256,1992,F231P2141992
poggio1992a,t. poggio; m. fahle; and s. edelman.,fast per ceptual learning in visual hyperacuity.,Science,256,1992,F231T1251992
poggio1992a,poggio t; fahle m; and edelman s.,fast perceptual learning in visual hyperacuity.,Science,256,1992,F231P2311992
poggio1992b,poggio; edelman; and fahle,learning of visual modules from examples: a framework for understanding adaptive visual performance.,Computer Vision Graphics and Image Processing: Image Understanding,56,1992,L655P2341992
poggio1992b,t. poggio; s. edelman; and m. fahle.,"learning of visual modules from examples: a framework for understanding adaptive visual performance. cvgip: image understanding, special issue on purposive, qualitative, active vision,",,56,1992,L655T1221992
pope1992a,s. t. pope and l. e.,"fahl en, building sound into a virtual environment,",in Proceedings of the 5th MultiG Workshop,,1992,F451S3111992
shapiro1980a,s. c. shapiro.,"review of fahlman, scott netl: a system for representing and using real-world knowledge.",American Journal of Computational Linguistics,6(3),1980,R114S2211980
steele1984a,guy l. steele jr.; scott e. fahlman; richard p. gabriel; david a. moon; and daniel l. weinreb.,common lisp: the language.,,,1984,C554G4231984
steele1984a,guy l. steele jr.; scott e. fahlman; richard p. gabriel; david a. moon; and daniel l. weinreb.,common lisp: the language.,,,1984,C554G4231984
steele1984a,guy l. steele jr.; scott e. fahlman; richard p. gabriel; david a. moon; and daniel l. weinreb.,common lisp: the language.,,,1984,C554G4231984
steele1990a,steele; guy l.; fahlman; scott e.; gabriel; richard p.; moon; david a.; weinreb; daniel l.; bobrow; daniel g.; demichiel; linda g.; keene; sonya e.; kiczales; gregor; perdue; crispin; pitman; kent m.; waters; richard c.; and white,common lisp: the language (second edition).,,,1990,C554S3421990
steele1990a,common lisp: the language (second edition). by guy l. steele jr.; scott e. fahlman; richard p. gabriel; david a. moon; daniel l. weinreb; daniel g. bobrow; linda g. demichiel; sonya e. keene; gregor kiczales; crispin perdue; kent m. pitman; richard c. waters; and jon l white.,,,,1990,
steele1990a,common lisp: the language (second edition). by guy l. steele jr.; scott e. fahlman; richard p. gabriel; david a. moon; daniel l. weinreb; daniel g. bobrow; linda g. demichiel; sonya e. keene; gregor kiczales; crispin perdue; kent m. pitman; richard c. waters; and jon l white.,,,,1990,
steele1990a,common lisp: the language (second edition). by guy l. steele jr.; scott e. fahlman; richard p. gabriel; david a. moon; daniel l. weinreb; daniel g. bobrow; linda g. demichiel; sonya e. keene; gregor kiczales; crispin perdue; kent m. pitman; richard c. waters; and jon l white.,,,,1990,
steele1990a,common lisp: the language (second edition). by guy l. steele jr.; scott e. fahlman; richard p. gabriel; david a. moon; daniel l. weinreb; daniel g. bobrow; linda g. demichiel; sonya e. keene; gregor kiczales; crispin perdue; kent m. pitman; richard c. waters; and jon l white.,,,,1990,
sudholt1992a,s udholt; m. and steigner,on interprocedural data flow analysis for object oriented languages.,Proceedings of the Fourth International Conference on Compiler Construction,,1992,O553S3431992
thrun1991a,s.b. thrun; j. bala; e. bloedorn; i. bratko; b. cestnik; j. cheng; k. de jong; s dzroski; s.e. fahlman; d. fisher; r. hamann; k. kaufman; s. keller; i. kononenko; j. kreuziger; r.s. michal-ski; t. mitchell; p. pachowicz; y. reich h. vafaie; w. van de welde; w. wenzel; j. wnek; and j. zhang.,the monk's problems a performance comparison of different learning algorihms.,,,1991,T552S1361991
thrun1991a,s.b. thrun; j. bala; e. bloedorn; i. bratko; b. cestnik; j. cheng; k. de jong; s. dzeroski ands.e. fahlman; d. fisher; r. hamann; k. kaufman; s. keller; i. kononenko; j. kreuziger; r.s. michalski; t. mitchell; p. pachowicz; y. reich; h. vafaie; w. van de weldel; w. wenzel; j. wnek; and j. zhang.,the monk's problems: a performance comparison of different learning algorithms.,,,1991,T552S1361991
thrun1991a,thrun; bala; bloedorn; bratko; cestnik; cheng; de jong; dzerowski; fahlman; hamann; kaufman; keller; kononenko; kreuziger; michalski; mitchell; pachowicz; vafaie; van de velde; wenzel; wnek; and zhang,"the monks problems: a performance comparison of different learning algorithms,",,,1991,T552T6511991
thrun1991a,thrun; bala; bloedorn; bratko; cestnik; cheng; de jong; dzerowski; fahlman; hamann; kaufman; keller; kononenko; kreuziger; michalski; mitchell; pachowicz; vafaie; van de velde; wenzel; wnek; and zhang,"the monks problems: a performance comparison of different learning algorithms,",,,1991,T552T6511991
thrun1991a,fahlman; d. fisher; r. hamann; k. kaufman; s. keller; i. kononenko; j. kreuziger; r.s. michal-ski; t. mitchell; p. pachowicz; y. reich; h. vafaie; w. van de welde; w. wenzel; j. wnek; and j. zhang.,the monk's problems a performance comparison of different learning algorithms.,,,1991,T552F4551991
thrun1991a,fahlman; d. fisher; r. hamann; k. kaufman; s. keller; i. kononenko; j. kreuziger; r.s. michal-ski; t. mitchell; p. pachowicz; y. reich; h. vafaie; w. van de welde; w. wenzel; j. wnek; and j. zhang.,the monk's problems a performance comparison of different learning algorithms.,,,1991,T552F4551991
thrun1991a,thrun; bala; bloedorn; bratko; cestnik; cheng; de jong; dzeroski; fahlman; fisher; hamann; kaufman; keller; kononenko; kreuziger; michalski; mitchell; pachowicz; reich; vafaie; van de welde; wenzel; wnek; and zhang,the monk's problem: a performance comparison of different learning algorithms.,,,1991,T552T6511991
thrun1991a,thrun; s.; bala; j.; bloedorn; e.; bratko; i.; cestnik; b.; cheng; j.; de jong; k.; dzeroski; s.; fahlman; s.; fisher; d.; hamann; r.; kaufman; k.; keller; s.; kononenko; i.; kreuziger; j.; michalski; r.; mitchell; t.; pachowicz; p.; reich; y.; vafaie; h.; de weldel; w. v.; wenzel; w.; wnek; j.; and zhang,the monk's problems: a performance comparison of different learning algorithms.,,,1991,T552T6521991
thrun1991a,thrun; bala; bloedorn; bratko; cestnik; cheng; de jong; dzeroski; fahlman; hamann; kaufman; keller; kononenko; kreuziger; michalski; mitchell; pachowicz; vafaie; van de velde; wenzel; wnek; j. and zhang,"""the monk's problems: a performance comparison of different learning algorithms,""",Computer Science Reports,,,
thrun1991a,thrun; bala; bloedorn; bratko; cestnink; cheng; dejong; dzeroski; fahlman; hamann; kaufman; keller; kononenko; kreuziger; michalski; mitchell; pachowicz; vafaie; van de velde; wenzel; wnek; j. and zhang,"""the monk's problems: a performance comparison of different learning algorithms,""",,,1991,"""355T6511991"
thrun1991a,s. b. thrun; j. bala; e. bloendorn; i. bratko; b. cestnik; j. cheng; k. de jong; s. d^zeroski; s. e. fahlman; d. fisher; r. hamann; k. kauf-man; s. keller; i. kononenko; j. kreuziger; r. s. michalski; t. mitchell; p. pachovicz; y. re-ich; h. vafaie; w. van de welde; w. wentzel; j. wnek; and j. zhang.,the monk's problems a performance comparison of different learning algorithms.,,,1991,T552S1361991
thrun1991a,s. b. thrun; j. bala; e. bloendorn; i. bratko; b. cestnik; j. cheng; k. de jong; s. d^zeroski; s. e. fahlman; d. fisher; r. hamann; k. kauf-man; s. keller; i. kononenko; j. kreuziger; r. s. michalski; t. mitchell; p. pachovicz; y. re-ich; h. vafaie; w. van de welde; w. wentzel; j. wnek; and j. zhang.,the monk's problems a performance comparison of different learning algorithms.,,,1991,T552S1361991
thrun1991a,s.b. thrun; j. bala; e. bloedorn; i. bratko; b. cestnik; j. cheng; k. de jong; s dzroski; s.e. fahlman; d. fisher; r. hamann; k. kaufman; s. keller; i. kononenko; j. kreuziger; r.s. michalski; t. mitchell; p. pachowicz; y. re-ich h. vafaie; w. van de welde; w. wenzel; j. wnek; and j. zhang.,the monk's problems a performance comparison of different learning algorihms.,,,1991,T552S1361991
thrun1991a,s.b. thrun; j. bala; e. bloedorn; i. bratko; b. cestnik; j. cheng; k. de jong; s. dzeroski; s.e. fahlman; d. fisher; r. hamann; k. kaufman; s. keller; i. kononenko; j. kreuziger; r.s. michalski; t. mitchell; p. pachowicz; y. reich; h. vafaie; w. van de welde; w. wenzel; j. wnek; and j. zhang,the monk's problems a performance comparison of different learning algorithms.,,,1991,T552S1361991
thrun1991a,s.b. thrun; j. bala; e. bloedorn; i. bratko; b. cestnik; j. cheng; k. de jong; s. dzeroski; s.e. fahlman; d. fisher; r. hamann; k. kaufman; s. keller; i. kononenko; j. kreuziger; r.s. michalski; t. mitchell; p. pachowicz; y. reich; h. vafaie; w. van de weldel; w. wenzel; j. wnek; and j. zhang.,the monk's problems: a performance comparison of different learning algorithms.,,,1991,T552S1361991
thrun1991a,sebastian b. thrun; jerzy bala; eric bloedorn; bojan cestnik; john cheng; kenneth de jong; saso dzeroski; douglas fisher; scott e. fahlman; rainer hamann; kenneth kaufman; stefan keller; igor kononenko; juergen kreuziger; ryszard s. michalski; tom mitchell; peter pachowicz; yoram reich; haleh vafaie; walter van de welde; walter wenzel; janusz wnek; and jianping zhang.,the monk's problems a performance comparison of different learning algorithms.,,,1991,T552S1231991
thrun1991a,sebastian b. thrun; jerzy bala; eric bloedorn; bojan cestnik; john cheng; kenneth de jong; saso dzeroski; douglas fisher; scott e. fahlman; rainer hamann; kenneth kaufman; stefan keller; igor kononenko; juergen kreuziger; ryszard s. michalski; tom mitchell; peter pachowicz; yoram reich; haleh vafaie; walter van de welde; walter wenzel; janusz wnek; and jianping zhang.,the monk's problems a performance comparison of different learning algorithms.,,,1991,T552S1231991
thrun1991a,sebastian b. thrun; jerzy bala; eric bloedorn; bojan cestnik; john cheng; kenneth de jong; saso dzeroski; douglas fisher; scott e. fahlman; rainer hamann; kenneth kaufman; stefan keller; igor kononenko; juergen kreuziger; ryszard s. michalski; tom mitchell; peter pachowicz; yoram reich; haleh vafaie; walter van de welde; walter wenzel; janusz wnek; and jianping zhang.,the monk's problems a performance comparison of different learning algorithms.,,,1991,T552S1231991
thrun1991a,s.b. thrun; j. bala; e. bloedorn; i. bratko; b. cestnik; j. cheng; k. de jong; s. dzeroski; s.e. fahlman; d. fisher; r. hamann; k. kaufman; s. keller; i. kononenko; j. kreuziger; r.s. michalski; t. mitchell; p. pachowicz; y. reich; h. vafaie; w. van de welde; w. wenzel; j. wnek; and j. zhang,the monk's problems a performance comparison of different learning algorithms.,,,1991,T552S1361991
thrun1991a,thrun; bala; bloedorn; bratko; cestnik; cheng; de jong; dzeroski; fisher; fahlman; hamann; kaufman; keller; kononenko; kreuziger; michalski; mitchell; pachowicz; reich; vafaie; van de welde; wenzel; wnek; j. and zhang,the monk's problems a performance comparison of different learning algorithms.,,,1991,T552T6511991
thrun1991a,s. thrun; j. bala; e. bloedorn; i. bratko; b. cestnik; j. cheng; k. de jong; s. dzeroski; d. fisher; s. e. fahlman; r. hamann; k. kaufman; s. keller; i. kononenko; j. kreuziger; r. s. michalski; t.m. mitchell; p. pachowicz; y. reich; h. vafaie; w. van de welde; w. wenzel; j. wnek; and j. zhang.,the monk's problems a performance comparison of different learning algorithms.,,,1991,T552S3651991
thrun1991a,s. thrun; j. bala; e. bloedorn; i. bratko; b. cestnik; j. cheng; k. de jong; s. dzeroski; d. fisher; s. e. fahlman; r. hamann; k. kaufman; s. keller; i. kononenko; j. kreuziger; r. s. michalski; t.m. mitchell; p. pachowicz; y. reich; h. vafaie; w. van de welde; w. wenzel; j. wnek; and j. zhang.,the monk's problems a performance comparison of different learning algorithms.,,,1991,T552S3651991
thrun1991a,s. thrun; j. bala; e. bloedorn; i. bratko; b. cestnik; j. cheng; k. de jong; s. dzeroski; d. fisher; s. e. fahlman; r. hamann; k. kaufman; s. keller; i. kononenko; j. kreuziger; r. s. michalski; t.m. mitchell; p. pachowicz; y. reich; h. vafaie; w. van de welde; w. wenzel; j. wnek; and j. zhang.,the monk's problems a performance comparison of different learning algorithms.,,,1991,T552S3651991
thrun1991a,thrun. s.b.; bala; bloedorn; bratko; cestnik; cheng; de jong; dzeroski; fahlman; hamann; kaufman; keller; kononenko; kreuziger; michalski; mitchell; pachowicz; vafaie; van de velde; wenzel; wnek; and zhang,"the monks problems: a performance comparison of different learning algorithms,",,,1991,T552T6521991
thrun1991a,s. thrun; j. bala; e. bloedorn; i. bratko; b. cestnik; j. cheng; k. de jong; s. dzeroski; s.e. fahlman; d. fisher; r. hamann; k. kaufman; s. keller; i. kononenko; j. kreuziger; r.s. michalski; t. mitchell; p. pachowicz; y. reich; h. vafaie; w. van de welde; w. wenzel; j. wnek; and j. zhang.,the monk's problems a performance comparison of different learning algorithms.,,,1991,T552S3651991
thrun1991a,s.b. thrun; j. bala; e. bloedorn; b. cheng i. bratko; s. dzeroski k. de-jong; s. fahlman; d. fisher; r. hamann; k. kaufman; s. keller; i. kononenko; j. kreuziger; r. michalski; t. mitchell; p. pachowicz; y. reich; h. vafaie; k. van de welde; w. wenzel; j. wnek; and j. zhang.,the monk's problem: a performance comparison of different learning algorithms.,,,1990,T552S1361990
thrun1991a,thrun; bala; bloedorn; bratko; cestnik; cheng; de jong; dzeroski; fisher; fahlman; hamann; kaufman; 8 keller; kononenko; kreuziger; michalski; mitchell; pa--chowicz; reich; vafaie; van de welde; wenzel; wnek; j. and zhang,the monk's problems a performance comparison of different learning algorithms.,,,1991,T552T6511991
thrun1991a,s. b. thrun; j. bala; e. bloedorn; i. bratko; b. cestnik; j. cheng; k. de jong; s. dze-roski; s. e. fahlman; d. fisher; r. hamann; k. kaufaman; s. keller; i. kononenko; j. kreusiger; r. s. michalski; t. mitchell; p. pachowitz; y. reich; h. vafaic; w. van de weldel; w. wenzel; j. wnek; and j. zhang.,the monk's problems: a performance comparison of different learning algorithms.,,,1991,T552S1361991
thrun1991a,s. b. thrun; j. bala; e. bloedorn; i. bratko; b. cestnik; j. cheng; k. de jong; s. dze-roski; s. e. fahlman; d. fisher; r. hamann; k. kaufaman; s. keller; i. kononenko; j. kreusiger; r. s. michalski; t. mitchell; p. pachowitz; y. reich; h. vafaic; w. van de weldel; w. wenzel; j. wnek; and j. zhang.,the monk's problems: a performance comparison of different learning algorithms.,,,1991,T552S1361991
thrun1991a,thrun; bala; bloedorn; bratko; cestnik; cheng; de jong; dzeroski; fisher; fahlman; hamann; kaufman; keller; kononenko; kreuziger; michalski; mitchell; pa-chowicz; reich; vafaie; van de welde; wenzel; wnek; j. and zhang,the monk's problems a performance comparison of different learning algorithms.,,,1991,T552T6511991
thrun1991a,s. b. thrun; j. bala; e. bloedorn; i. bratko; b. cestnik; j. cheng; k. de jong; s. dzeroski; s. e. fahlman; d. fisher; r. hamann; k. kaufaman; s. keller; i. kononenko; j. kreusiger; r. s. michalski; t. mitchell; p. pachowitz; y. reich; h. vafaic; w. van de weldel; w. wenzel; j. wnek; and j. zhang.,the monk's problems: a performance comparison of different learning algorithms.,,,1991,T552S1361991
thrun1991a,s.b. thrun; j. bala; e. bloedorn; i. bratko; b. cestnik; j. cheng; k. de jong; s. dzeroski; s.e. fahlman; d. fisher; r. hamann; k. kaufman; s. keller; i. kononenko; j. kreuziger; r.s. michalski; t. mitchell; p. pachowicz; y. reich; h. vafaie; w. van de weldel; w. wenzel; j. wnek; and j. zhang.,the monk's problems: a performance comparison of different learning algorithms.,,,1991,T552S1361991
thrun1991a,s.b. thrun; j. bala; e. bloedorn; i. bratko; b. cestnik; j. cheng; k. de jong; s. dzeroski; s.e. fahlman; d. fisher; r. hamann; k. kaufman; s. keller; i. kononenko; j. kreuziger; r.s. michalski; t. mitchell; p. pachowicz; y. reich; h. vafaie; w. van de weldel; w. wenzel; j. wnek; and j. zhang.,the monk's problems: a performance comparison of different learning algorithms.,,,1991,T552S1361991
thrun1991a,thrun; bala; bloedorn; bratko; cestnik; cheng; de jong; d zeroski; fahlman; fisher; hamann; kauf-man; keller; kononenko; kreuziger; michalski; mitchell; pachowicz; reich; vafaie; van de velde; wenzel; wnek; and zhang,the monk's problems: a performance comparison of different learning algorithms.,,,1991,T552T6511991
thrun1991a,s.b. thrun; j. bala; e. bloedorn; i. bratko; b. cestnik; j. cheng; k. de jong; s. dzeroski; s.e. fahlman; d. fisher; r. hamann; k. kauf-man; s. keller; i. kononenko; j. kreuziger; r.s. michalski; t. mitchell; p. pachowicz; y. reich; h. vafaie; w. van de welde; w. wenzel; j. wnek; and j. zhang,"the monk's problems a performance comparison of different learning algorithms,",,,1991,T552S1361991
thrun1991a,s.b. thrun; j. bala; e. bloedorn; i. bratko; b. cestnik; j. cheng; k. de jong; s. dzeroski; s.e. fahlman; d. fisher; r. hamann; k. kaufman; s. keller; i. kononenko; j. kreuziger; r.s. michalski; t. mitchell; p. pachowicz; y. reich; h. vafaie; w. van de welde; w. wenzel; j. wnek; and j. zhang,the monk's problems a performance comparison of different learning algorithms.,,,1991,T552S1361991
thrun1991a,s.b. thrun; j. bala; e. bloedorn; i. bratko; b. cestnik; j. cheng; k. de jong; s. dzeroski; s.e. fahlman; d. fisher; r. hamann; k. kaufman; s. keller; i. kononenko; j. kreuziger; r.s. michalski; t. mitchell; p. pachowicz; y. reich; h. vafaie; w. van de welde; w. wenzel; j. wnek; and j. zhang,the monk's problems a performance comparison of different learning algorithms.,,,,
thrun1991a,s.b. thrun; j. bala; e. bloedorn; i. bratko; b. cestnik; j. cheng; k. de jong; s. dzeroski; s.e. fahlman; d. fisher; r. hamann; k. kaufman; s. keller; i. kononenko; j. kreuziger; r.s. michalski; t. mitchell; p. pachowitz; y. reich; h. vafaie; w. van de welde; w. wenzel; j. wnek; and j. zhang.,the monk's problems: a performance comparison of differ-ent learning algorithms.,,,1991,T552S1361991
thurn1991a,thurn; bala; bloedorn; bratko; cestnik; cheng; jong; dzeroski; fahlman; fisher; hamann; kaufman; keller; kononenko; kreuziger; michalski; mitchell; pachowicz; reich; vafaie; de welde; wenzel; wnek; and zhang,the monk's problems: a performance comparison of different learning algorithms.,,,1990,T552T6511990
thurn1991a,thurn; bala; bloedorn; bratko; cestnik; cheng; de jong; dzeroski; fahlman; fisher; hamann; kaufman; keller; kononenko; kreuziger; michalski; mitchell; pachowicz; reich; vafaie; van de welde; wenzel; wnek; and zhang,"`the monk's problems: a performance comparison of different learning algorithms',",,,1991,`355T6511991
vitek1992a,vitek; horspool; and uhl,compile-time analysis of object-oriented programs.,Proceedings of the Fourth International Conference on Compiler Construction,,1992,C514V3261992
walter1987a,walter; henke-fahle; s. and bonhoeffer,1987 avoidance of posterior tectal membranes by temporal retinal axons.,Development 101,,,
weiss1993a,weiss; edelman; and fahle,models of perceptual learning in vernier hyperacuity.,Neural Computation,5,1993,M342W2341993
weiss1993a,weiss; edelman; and fahle,models of perceptual learning in vernier hyperacuity.,Neural Computation,5,1993,M342W2341993
weiss1993a,weiss; edelman; and fahle,models of perceptual learning in vernier hyperacuity.,Neural Computation,5,1993,M342W2341993
weiss1993a,weiss; edelman; and fahle,models of perceptual learning in vernier hyperacuity.,Neural Computation,5,1993,M342W2341993
weiss1993a,weiss; edelman; and fahle,models of perceptual learning in vernier hyperacuity.,Neural Computation,5,1993,M342W2341993
weiss1993a,weiss; edelman; and fahle,models of perceptual learning in vernier hyperacuity.,Neural Computation,5,1993,M342W2341993
white1994a,white; m. and fahlman,"""neural-bench benchmark collection"",",,,1994,"""564W3551994"
wholey1984a,wholey; skef; and fahlman; scott e.,the design of an instruction set for common lisp.,In Proc. 1984 ACM Symposium on Lisp and Functional Programming. ACM SIGPLAN/SIGACT/SIGART,,1984,T322W4211984
aha1987,kibler; and aha; d. w.,learning representative exemplars of concepts: an initial case study.,In Proceedings of the Fourth International Workshop on Machine Learning,,,
aha1987,kibler; and aha; d. w.,learning representative exemplars of concepts: an initial case study.,In Proceedings of the Fourth International Workshop on Machine Learning,,,
aha1987,kibler; and aha; d. w.,learning representative exemplars of concepts: an initial case study.,In Proceedings of the Fourth International Workshop on Machine Learning,,,
aha1987,kibler; and aha; d. w.,learning representative exemplars of concepts: an initial case study.,In Proceedings of the Fourth International Workshop on Machine Learning,,,
aha1987,kibler; and aha,learning representative exemplars of concepts: an initial case study.,In Proceedings of the 4th International Workshop on Machine Learning,,,
aha1987,kibler; and aha,learning representative exemplars of concepts: an initial case study.,In Proceedings of the 4th International Workshop on Machine Learning,,,
aha1987,kibler; and aha; d. w.,learning representative exemplars of concepts: an initial case study.,In Proceedings of the Fourth International Workshop on Machine Learning.,,,
aha1987,kibler; and aha; d. w.,learning representative exemplars of concepts: an initial case study.,In Proceedings of the Fourth International Workshop on Machine Learning.,,,
aha1987,kibler; and aha david w.,learning representative exemplars of concepts: an initial case study.,Proceedings of the Fourth International Workshop on Machine Learning,,,
aha1987,kibler; and david w. aha,learning representative exemplars of concepts: an initial case study.,Proceedings of the Fourth International Workshop on Machine Learning.,,,
aha1987,kibler; and david w. aha,learning representative exemplars of concepts: an initial case study.,Proceedings of the Fourth International Workshop on Machine Learning.,,,
aha1987,kibler; and david w. aha,learning representative exemplars of concepts: an initial case study.,Proceedings of the Fourth International Workshop on Machine Learning.,,,
aha1987,d. kibler and d. w. aha.,learning representative exemplars of concepts: an initial case study.,Proc. 4th International Workshop on Machine Learning,,,
aha1987,d. kibler and d. aha.,learning representative exemplars of concepts: an initial case study.,Proceedings of the Fourth International Workshop on Machine Learning,,,
aha1987,d. kibler and d. aha.,learning representative exemplars of concepts: an initial case study.,In Proc. of the 4 th International Workshop on Machine Learning,,,
aha1987,d. kibler and d. aha.,learning representative exemplars of concepts: an initial case study.,In Proc. of the 4 th International Workshop on Machine Learning,,,
aha1987,d. kibler and d. w. aha.,learning representative exemplars of concepts: an initial case study.,Proc. 4th International Workshop on Machine Learning,,,
aha1987,kibler; and aha,learning representative exemplars of concepts: an initial case study.,In Proceedings of the Fourth International Workshop on Machine Learning,,,
aha1987,kibler; and aha,learning representative exemplars of concepts: an initial case study.,In Proceedings of the Fourth International Workshop on Machine Learning,,,
aha1987,kibler; and aha,learning representative exemplars of concepts: an initial case study.,In Proceedings of the Fourth International Workshop on Machine Learning,,,
aha1987,d. kibler and d. aha.,learning representative examplars of concepts; an initial study.,In Proceedings of the Fourth International Workshop on Machine Learning,,,
aha1987,dennis kibler and david w. aha.,learning representative exemplars of concepts: an initial case study.,Proceedings of the Fourth International Workshop on Machine Learning,,,
aha1987,d. kibler and d. w. aha,"""learning representative exemplars of concepts: an initial case study,""",Proceedings of the Fourth International Workshop on Machine Learning,,,
aha1989,aha; d. and kibler,noise-tolerant instance based leanring algorithms.,Proc. IJCAI-89,,,
aha1989,aha; d. and kibler,noise-tolerant instance-based leanring algorithms.,Proc. IJCAI-89,,,
aha1989,aha; d. and kibler,noise-tolerant instance-based learning algorithms.,Proc. IJCAI-89,,,
aha1989,aha; d. and kibler,noise-tolerant instance-based learning algorithms.,Proc. IJCAI-89,,,
aha1989,aha; d. and kibler,noise-tolerant instance-based learning algorithms.,Proc. IJCAI-89,,,
aha1989,aha; d. w. and kibler d.,noise-tolerant instance-based learning algorithms.,In Proceedings of the Eleventh International Joint Conference on Artificial Intelligence (IJCAI-89),,,
aha1989,aha; d. w. and kibler,noise-tolerant instance-based learning algorithms.,In Eleventh International Joint Conference on Artificial Intelligence,,,
aha1989,aha; d. w.; and kibler,noise-tolerant instance-based learning algorithms.,In Proceedings of the 1989 International Joint Conference on Artificial Intelligence.,,,
aha1989,aha; d. w.; and kibler,noise-tolerant instance-based learning algorithms.,In Proceedings of the Eleventh International Joint Conference on Artificial Intelligence,,,
aha1989,aha; d. w.; and kibler,noise-tolerant instance-based learning algorithms.,In Proceedings of the Eleventh International Joint Conference on Artificial Intelligence,,,
aha1989,aha; d. w.; and kibler,noise-tolerant instance-based learning algorithms.,In Proceedings of the Eleventh International Joint Conference on Artificial Intelligence,,,
aha1989,aha; d. w.; and kibler,noise-tolerant instance-based learning algorithms.,Proceedings of the Eleventh International Joint Conference on Artificial Intelligence,,,
aha1989,aha; d. w.; and kibler,noise-tolerant instance-based learning algorithms.,Proceedings of the Eleventh International Joint Conference on Artificial Intelligence,,,
aha1989,aha; d. and kibler,noise-tolerant instace-based learning algorithms.,Proceedings of the Eleventh International Joint Conference on 39 Artificial Intelligence,,,
aha1989,aha; d. and kibler,noise-tolerant instace-based learning algorithms.,Proceedings of the Eleventh International Joint Conference on 39 Artificial Intelligence,,,
aha1989,aha; and kibler,noise tolerant instance-based learning algorithms.,Proceedings of the Eleventh International Joint Conference on Artificial Intelligence,,,
aha1989,aha; and kibler,noise-tolerant instance-based learning algorithms.,Proceedings of the Eleventh International Joint Conference on Artificial Intelligence.,,,
aha1989,aha; kibler,"noise-tolerant instance-based learning algorithms,",Proceedings of the Eleventh International Joint Conference on Artificial Intelligence,,,
aha1989,d. aha and d. kibler.,noise-tolerant instance-based learning algorithms.,In Proceedings of IJCAI-89,,,
aha1989,aha; and kibler,noise-tolerant instance-based learning algorithms.,in Proceedings of the Eleventh International Joint Conference on Artificial Intelligence,,,
aha1989,aha; and kibler,noise-tolerant instance-based learning algorithms.,in Proceedings of the Eleventh International Joint Conference on Artificial Intelligence,,,
aha1989,david w. aha and dennis kibler.,noise-tolerant instance-based learning algorithms.,In IJCAI-89,,,
aha1989,d.w. aha and d. kibler.,noise-tolerant instance-based learning algorithm.,In International Joint Conference on Artificial Intelligence,,,
aha1989,aha; d. and kibler,noise-tolerant instance-based learning algorithms.,Proceedings of the Eleventh Joint Conference on Artificial Intelligence,,,
aha1989,d. aha and d. kibler.,noise-tolerant instance-based learning algorithms.,In Proceedings of IJCAI-89,,,
aha1989,d. aha and d. kibler.,noise-tolerant instance-based learning algorithms.,In Proceedings of IJCAI-89,,,
aha1991,aha; d. w.; kibler; d. and albert,instance-based learning algorithms.,,,,
aha1991,aha; kibler; d. and albert,"instance-based learning algorithms,",Machine Learning,Vol. 6,,
aha1991,aha; kibler; d. and albert,"instance-based learning algorithms,",Machine Learning,Vol. 6,,
aha1991,aha; d. w.; kibler; and albert,instance-based learning algorithms.,Machine Learning,7,,
aha1991,aha; kibler e.; albert m.k.:,instance-based learning algorithms.,Machine Learning,6,,
aha1991,aha; kibler; and albert,"instance-based learning algorithms,",Machine Learning,6,,
aha1991,d. aha; d. kibler; and m. albert.,instance-based learning algorithms.,Machine Learning,6,,
aha1991,d. aha; d. kibler; and m. albert.,instance-based learning algorithms.,Machine Learning,6,,
aha1991,d.w. aha; d. kibler; and m.k. albert:,"instance-based learning algorithms,",Machine Learning,6,,
aha1991,d.w. aha; d. kibler; and m.k. albert:,"instance-based learning algorithms,",Machine Learning,6,,
aha1991,aha; d. w.; d. kibler; and m. k. albert,"``instance based learning algorithms,''",Machine Learning,Vol 6,,
aha1991,aha; d. w.; kibler; d. and albert,"""instance-based learning algorithms"",",Machine Learning 6(1),,,
aha1991,aha; d. w.; kibler; d. and albert,"""instance-based learning algorithms"",",Machine Learning 6(1),,,
aha1991,aha; d. w.; kibler; d. and albert,"""instance-based learning algorithms"",",Machine Learning 6(1),,,
aha1991,aha; d. w.; kibler; d. and albert,"""instance-based learning algorithms"",",Machine Learning 6(1),,,
aha1991,aha; d. w.; kibler; d. and albert,"""instance-based learning algorithms"",",Machine Learning 6(1),,,
aha1991,aha; d. w.; kibler; d. and albert,"""instance-based learning algorithms"",",Machine Learning 6(1),,,
aha1991,aha; d. w.; kibler; and albert,instance-based learning algorithms.,Machine Learning,6 (1),,
aha1991,aha; d. w.; kibler; and albert,instance-based learning algorithms.,Machine Learning,6 (1),,
aha1991,aha; d. w.; kibler; and albert,instance-based learning algorithms.,Machine Learning,6 (1).,,
aha1991,aha; d. w.; kibler; and albert,instance-based learning algorithms.,Machine Learning,6 (1).,,
aha1991,aha; d. w.; kibler; and albert,instance-based learning algorithms.,Machine Learning,7,,
aha1991,aha; d. w.; kibler; and albert,`instance-based learning algorithms'.,Machine Learning,7,,
aha1991,aha; d. w.; kibler; and albert,instance-based learning algorithms.,Machine Learning,6,,
aha1991,aha; d. w.; kibler; and albert,instance-based learning algorithms.,Machine Learning,6,,
aha1991,aha; d. w.; kibler; and albert,instance-based learning algorithms.,Machine Learning,6,,
aha1991,aha; d. w.; kibler; and albert,instance-based learning algorithms.,Machine Learning,6,,
aha1991,aha; d. w.; kibler; and albert,instance-based learning algorithms.,Machine Learning,6,,
aha1991,aha; d. w.; kibler; and albert,instance-based learning algorithms.,Machine Learning,6,,
aha1991,aha; d. w.; kibler; and albert,instance-based learning algorithms.,Machine Learning,6,,
aha1991,aha; d. w.; kibler; and albert,instance-based learning algorithms.,Machine Learning,6,,
aha1991,aha; d. w.; kibler; and albert,instance-based learning algorithms.,Machine Learning,6,,
aha1991,aha; d. w.; kibler; and albert,instance-based learning algorithms.,Machine Learning,6,,
aha1991,aha; d. w.; kibler; and albert,instance-based learning algorithms.,Machine Learning,6,,
aha1991,aha; d. w.; kibler; and albert,instance-based learning algorithms.,Machine Learning,6,,
aha1991,aha; d. w.; kibler; and albert,instance-based learning algorithms.,Machine Learning,6,,
aha1991,aha; d. w.; kibler; and albert,instance-based learning algorithms.,Machine Learning,6,,
aha1991,aha; d. w.; kibler; and albert,instance-based learning algorithms.,Machine Learning,6,,
aha1991,aha; d. w.; kibler; and albert,instance-based learning algorithms.,Machine Learning,6,,
aha1991,aha; d. w.; kibler; and albert,instance-based learning algorithms.,Machine Learning,6,,
aha1991,aha; d. w.; kibler; and albert,instance-based learning algorithms.,Machine Learning,6,,
aha1991,aha; d. w.; kibler; and albert,instance-based learning algorithms.,Machine Learning,6,,
aha1991,aha; d. w.; kibler; and albert,instance-based learning algorithms.,Machine Learning,6,,
aha1991,aha; d. w.; kibler; and albert,instance-based learning algorithms.,Machine Learning,6,,
aha1991,aha; d. w.; kibler; and albert,instance-based learning algorithms.,Machine Learning,6,,
aha1991,aha; d. w.; kibler; and albert,instance-based learning algorithms.,Machine Learning,6,,
aha1991,aha; d. w.; kibler; and albert,instance-based learning algorithms.,Machine Learning,6,,
aha1991,aha; d. w.; kibler; and albert,instance-based learning algorithms.,Machine Learning,6,,
aha1991,aha; d. w.; kibler; and albert,instance-based learning algorithms.,Machine Learning,6,,
aha1991,aha; d. w.; kibler; and albert,instance-based learning algorithms.,Machine Learning,6,,
aha1991,aha; d. w.; kibler; and albert,instance-based learning algorithms.,Machine Learning,6,,
aha1991,aha; d. w.; kibler; and albert,instance-based learning algorithms.,Machine Learning,6,,
aha1991,aha; d. w.; kibler; and albert,instance-based learning algorithms.,Machine Learning,6,,
aha1991,aha; d. w.; kibler; and albert,instance-based learning algorithms.,Machine Learning,6(1),,
aha1991,aha; d. w.; kibler; and albert,"instance-based learning algorithms,",Machine Learning,6(1),,
aha1991,aha; kibler d.; and albert,instance-based learning.,Machine Learning,6(1),,
aha1991,aha; kibler; d. and albert m.,instance-based learning algorithms.,Machine learning,volume 6,,
aha1991,aha; kibler; d. and albert m.,instance-based learning algorithms.,Machine learning,volume 6,,
aha1991,aha; kibler; d. and albert,instance-based learning algorithms.,Machine Learning,6,,
aha1991,aha; kibler; d. and albert m.,instance based learning algorithms.,Machine learning,volume 6,,
aha1991,aha; kibler; and albert,instance-based learning algorithms.,Machine Learning,v. 6,,
aha1991,aha; kibler; and albert,instance-based learning algorithms.,Machine Learning,6 (1):,,
aha1991,aha; kibler; and albert,instance-based learning algorithms.,Machine Learning,6 (1):,,
aha1991,aha; kibler; and albert,instance-based learning algorithms.,Machine Learning,6 (1):,,
aha1991,aha; kibler; and albert,instance-based learning algorithms.,Machine Learning,6(1),,
aha1991,aha; kibler; and albert,instance-based learning algorithms.,Machine learning,6,,
aha1991,aha; kibler; and albert,instance-based learning algorithms.,Machine Learning,7,,
aha1991,aha; kibler; and albert,instance-based learning algorithms.,Machine Learning,6,,
aha1991,aha; kibler; and albert,instance-based learning algorithms.,Machine Learning,7,,
aha1991,aha; kibler; and albert,instance-based learning algorithms.,Machine Learning,7,,
aha1991,aha; d. kibler and albert m.k.,"instance-based learning algorithms,",Machine Learning,6,,
aha1991,aha; d. kibler and albert m.k.,"instance-based learning algorithms,",Machine Learning,6,,
aha1991,aha; kibler; and albert,"instance-based learning algorithms,",Machine Learning,6,,
aha1991,aha; kibler; and albert,"instance-based learning algorithms,",Machine Learning,6,,
aha1991,aha; kibler; and albert,"instance-based learning algorithms,",Machine Learning,6,,
aha1991,aha; kibler; and albert,instance-based learning algorithms.,Machine Learning,6,,
aha1991,aha; david w.; dennis kibler; albert marc k.,instance-based learning algorithms.,Machine Learning,6,,
aha1991,aha; david w.; dennis kibler; marc k. albert,"instance-based learning algorithms,",Machine Learning,vol. 6,,
aha1991,aha; david w.; dennis kibler; marc k. albert,"instance-based learning algorithms,",Machine Learning,vol.6,,
aha1991,aha; david w.; dennis kibler; marc k. albert,"instance-based learning algorithms,",Machine Learning,vol.6,,
aha1991,aha; david w.; dennis kibler; marc k. albert.,instance-based learning algorithms.,Machine Learning.,6,,
aha1991,aha; david w.; dennis kibler; and marc k. albert,instance-based learning algorithms.,Machine Learning,Vol6,,
aha1991,aha; david w.; dennis kibler; and marc k. albert,instance-based learning algorithms.,Machine Learning,Vol.6,,
aha1991,aha; david w.; dennis kibler; and marc k. albert,instance-based learning algorithms.,Machine Learning,Vol.6,,
aha1991,aha; david w.; kibler; dennis; and albert; marc k.,instance-based learning algorithms.,Machine Learning,6(1),,
aha1991,d. aha; d. kibler; and m. albert.,instance-based learning algorithms.,Machine Learning,Vol. 6,,
aha1991,aha; d. w.; kibler; albert,"""instance-based learning methods,""",Machine Learning,6,,
aha1991,aha; d. w.; kibler; albert,"""instance-based learning methods,""",Machine Learning,6,,
aha1991,aha; d. w.; kibler; albert,"""instance-based learning methods,""",Machine Learning,6,,
aha1991,aha; d. kibler; albert and m.,instance-based learning algorithms.,Machine Learning,6,,
aha1991,d. aha; d. kibler; and m. albert.,instance-based learning algorithms.,Machine Learning,6,,
aha1991,d. aha; d. kibler; and m. albert,"""instance-based learning algorithms,""",Machine Learning,vol. 6,,
aha1991,d. aha; d. kibler; and m. albert,"""instance-based learning algorithms,",""" Machine Learning",vol. 6,,
aha1991,aha; kibler; d. and albert,instance-based learning algorithms.,Machine Learning,6,,
aha1991,aha; kibler; and albert,m.k. instance-based learning algorithms.,Machine Learning,6,,
aha1991,aha; kibler; and albert,m.k. instance-based learning algorithms.,Machine Learning,6,,
aha1991,aha; kibler; and albert,m.k. instance-based learning algorithms.,Machine Learning,6,,
aha1991,aha; kibler; and albert,instance-based learning algorithms.,Machine Learning,6,,
aha1991,aha; kibler; and albert,instance-based learning algorithms.,Machine Learning,6,,
aha1991,d. aha; d. kibler; and m. albert,"""instance-based learning algorithms"",",Machine Learning,vol. 6,,
aha1991,d. aha; d. kibler; and m. albert,"""instance-based learning algorithms"",",Machine Learning,vol. 6,,
aha1991,d. aha; d. kibler; and m. albert,"""instance-based learning algorithms"",",Machine Learning,vol. 6,,
aha1991,d. aha; d. kibler; and m. albert,"""instance-based learning algorithms"",",Machine Learning,vol. 6,,
aha1991,d. w. aha; d. kibler; and m. k. albert.,instance-based learning algorithms.,Machine Learning,6,,
aha1991,d.w. aha; d. kibler; and m.k. albert,"`instance-based learning algorithms',",Machine Learning,6,,
aha1991,d.w. aha; d. kibler; and m.k. albert.,instance-based learning algorithms.,Machine Learning,6,,
aha1991,aha; david w.; dennis kibler; marc k. albert,"instance-based learning algorithms,",Machine Learning,vol. 6,,
aha1991,aha; david w.; dennis kibler; marc k. albert,"instance-based learning algorithms,",Machine Learning,vol. 6,,
aha1991,d. w. aha; d. kibler; and m. k. albert.,instance-based learning algorithms.,Machine Learning,6,,
aha1991,d. aha; d. kibler; and m. albert.,instance-based learning algorithms.,Machine Learning,6,,
aha1991,d. aha; d. kibler; and m. albert.,instance-based learning algorithms.,Machine Learning,6,,
aha1991,aha; david w.; dennis kibler; marc k. albert,"instance-based learning algorithms,",Machine Learning,vol. 6,,
aha1991,aha; david w.; dennis kibler; marc k. albert,"instance-based learning algorithms,",Machine Learning,vol. 6,,
aha1991,aha; kibler; and albert,instance-based learning algorithms.,Machine Learning,vol.6 (1).,,
aha1991,d. aha; d. kibler; and m. albert.,instance-based learning algorithms.,Machine Learning,6(1),,
aha1991,aha; kibler; and albert,instance-based learning algorithms.,Machine Learning,6,,
aha1991,d. aha; d. kibler; and m. albert.,instance-based learning algorithms.,Machine Learning,6(1),,
aha1991,d. aha; d. kibler; and m. albert.,instance-based learning algorithms.,Machine Learning,6(1),,
aha1991,david w. aha; dennis kibler; and marc k. albert.,instance-based learning algorithms.,Machine Learning,6(1),,
aha1991,aha; d. w.; kibler; and albert,instance-based learning algorithms.,Machine Learning,7,,
aha1991,aha; d. w.; d. kibler; and albert m. k.,instance-based learning algorithms.,Machine Learning,6 (1),,
aha1991,aha; d. w.; kibler; and albert,`instance-based learning algorithms'.,Machine Learning,7,,
aha1992,(aha and goldstone; 1992) aha; d. w. and gold stone,concept learning and flexible weighting.,In Proceedings of the Fourteenth Annual Conference of the Cognitive Science Society,,,
aha1992,(aha and goldstone; 1992) aha; d. w. and gold-stone,concept learning and flexible weighting.,In Proceedings of the Fourteenth Annual Conference of the Cognitive Science Society,,,
cheng1996,s. h. nienhuys-cheng and r. de wolf (1996).,"least generalizations and greatest specializations of sets of clauses,",Journal of Artificial Intelligence Research,4,,
conery1981,j.s. conery; d.f. kibler,"parallel interpretation of logic programs,",in Proceedings ACM Symposium on Functional Programming and Computer Architecture,,,
conery1981,j.s. conery; d.f. kibler,"parallel interpretation of logic programs,",in Proceedings ACM Symposium on Functional Programming and Computer Architecture,,,
conery1981,j.s. conery; d.f. kibler,"parallel interpretation of logic programs,",in Proceedings ACM Symposium on Functional Programming and Computer Architecture,,,
conery1981,j. s. conery; d. f. kibler,"parallel interpretation of logic programs,",Proc. ACM Symp. Functional Programming and Computer Architecture,,,
conery1981,j. s. conery; d. f. kibler,"parallel interpretation of logic programs,",Proc. ACM Symp. Functional Programming and Computer Architecture,,,
dasarathy1991,dasarathy,nearest neighbor(nn) norms,,,,
datta1992,datta; p. and kibler,utilizing prior concepts for learning.,In Proceedings of the ML92 Workshop on Biases in Inductive Learning.,14.,,
datta1992,datta; p. and kibler,utilizing prior concepts for learning.,In Proceedings of the ML92 Workshop on Biases in Inductive Learning.,14.,,
datta1992,datta; p. and kibler,utilizing prior concepts for learning. in proceedings of the ml92 workshop on biases in inductive learning.,,14.,,
datta1992,datta; p. and kibler,utilizing prior concepts for learning.,In Proceedings of the ML92 Workshop on Biases in Inductive Learning,. 14.,,
datta1995,datta; p. and kibler,"learning prototypical concept descriptions,",in Proceedings of the Twelfth International Conference on Machine Learning.,,,
datta1995,datta; p. and kibler,learning prototypical concept descriptions.,In Proceedings of the Twelfth International Conference on Machine 15 Learning.,,,
datta1995,datta; p. and kibler,learning prototypical concept descriptions.,In Proceedings of the Twelfth International Conference on Machine Learning.,,,
datta1995,datta; and kibler,learning prototypical concept descriptions.,Proc. Twelfth International Conference on Machine Learning,,,
datta1995,datta; and kibler,learning prototypical concept descriptions.,Proc. Twelfth International Conference on Machine Learning,,,
datta1995,datta; and kibler,learning prototypical concept descriptions.,In Proceedings of the Twelfth International Conference on Machine Learning,,,
datta1995,p. datta and d. kibler.,learning prototypical concept descriptions.,In Proceedings of the Twelfth International Conference on Machine Learning,16,,
hall1989,hall; kibler; wenger; and truxaw,exploring the episodic structure of algebra story problem solving.,Cognition and instruction,6,,
hampson1995,hampson; s. and kibler,plateaus and plateau search in boolean satisfiability problems: when to give up searching and start again.,DIMACS Challenge on Satisfiability Testing,,,
hampson1995,steven hampson and dennis kibler.,plateaus and plateau search in boolean satisfi-ability problems: when to give up searching and start again.,Workshop Notes: 2nd DIMACS Challenge,,,
hampson1995,steven hampson and dennis kibler.,plateaus and plateau search in boolean satisfi-ability problems: when to give up searching and start again.,Workshop Notes: 2nd DIMACS Challenge,,,
hampson1995,hampson; and kibler,large plateaus and plateau search in boolean satisfia-bility problems: when to give up searching and start again.,DIMACS Series in Discrete Mathematics and Theoretical Computer Science: Cliques Colors and Satisfiability,vol.26,,
hampson1995,hampson; and kibler,large plateaus and plateau search in boolean satisfia-bility problems: when to give up searching and start again.,DIMACS Series in Discrete Mathematics and Theoretical Computer Science: Cliques Colors and Satisfiability,vol.26,,
hampson1995,s. hampson and d. kibler.,plateaus and plateau search in boolean satisfiability problems: when to give up searching and start again.,DIMACS Challenge,,,
hu1996,hu; y. and kibler,"""generation of attributes for learning algorithms"",",in Proceeding of the 13th National Conference on Artificial Intelligence,14,,
hu1996,hu; and kibler,"""generation of attributes for learning algorithms"",",Proceedings of the Thirteenth National Conference on Artificial Intelligence (AAAI96),,,
kelly1991,kelly; j. d. and davis,a hybrid genetic algorithm for classification.,In Proceedings of The Twelfth International Joint Conference on Artificial Intelligence,,,
kelly1991,kelly; j. d. and davis,a hybrid genetic algorithm for classification.,In Proceedings of The Twelfth International Joint Conference on Artificial Intelligence,,,
kibler1978,kibler,"(1978) power, efficiency, and correctness of transformation systems . ph.d.",,,,
kibler1981,d. kibler and p. morris.,don't be stupid.,In Proceedings of IJCAI-81,,,
kibler1983,kibler; and porter,episodic learning.,In Proceedings of AAAI-83.,,,
kibler1985,d. kibler.,natural generation of heuristics by transforming the problem representation.,,,,
kibler1988,d. kibler and p. langley.,machine learning as an experimental science.,In Proceedings of 1988 European Working Session on Learning,,,
kibler1988,d. kibler and p. langley.,machine learning as an experimental science.,In Proc. of 1988 Euro. Working Session on Learning,,,
kibler1988,d. kibler and p. langley.,machine learning as an experimental science.,In Proc. of 1988 Euro. Working Session on Learning,,,
kibler1988,kibler d. and langley,machine learning as an experimental science.,In Proc. of the Third European Working Session on Learning,,,
kibler1988,kibler d. and langley,machine learning as an experimental science.,In Proc. of the Third European Working Session on Learning,,,
kibler1988,kibler d. and langley,machine learning as an experimental science.,In Proceedings of the Third European Working Session on Learning,,,
kibler1988,kibler; d. and langley,"machine learning as an experimental science,","in ""Proceedings of the Third European Working Session on Learning""",,,
kibler1988,kibler; d. and langley,"machine learning as an experimental science,","in ""Proceedings of the Third European Working Session on Learning""",,,
kibler1988,kibler; d. and langley,machine learning as an experimental science.,Proceedings of the Third European Working Session on Learning.,,,
kibler1988,kibler; d. and langley,machine learning as an experimental science.,Proceedings of the Third European Session on Machine Learning.,,,
kibler1988,kibler; d. and langley,machine learning as an experimental science.,In Proceedings of the Third European Working Session on Learning,,,
kibler1988,kibler; d. and langley,machine learning as an experimental science.,In Proceedings of the Third European Working Session on Learning,,,
kibler1988,kibler; d. and langley,machine learning as an experimental science.,In Proceedings of the Third European Working Session on Learning,,,
kibler1988,kibler; d. and langley,machine learning as an experimental science.,In Proceedings of the Third European Working Session on Learning,,,
kibler1988,kibler; d. and langley p.,machine learning as an experimental science.,Machine Learning 3 (1).,,,
kibler1988,kibler; and langley,machine learning as an experimental science.,Proceedings of The Third European Session on L e a r n i n g,,,
kibler1988,kibler; and langley,machine learning as an experimental science.,In Proceedings of the Third European Working Session on Learning,,,
kibler1988,kibler; and langley,machine learning as an experimental science.,In Proceedings of the Third European Working Session on Learning,,,
kibler1988,kibler; and langley,machine learning as an experimental science.,In Proceedings of the Third European Working Session on Learning,,,
kibler1988,kibler; and langley,machine learning as an experimental science.,In Proceedings of the Third European Working Session on Learning,,,
kibler1988,kibler; and langley,machine learning as an experimental science.,In Proceedings of the Third European Working Session on Learning,,,
kibler1988,kibler; and langley,machine learning as an experimental science.,Proceedings of the Third Eu-ropean Working Session on Learning,,,
kibler1988,kibler; and langley,machine learning as an experimental science.,Proceedings of the Third Euro-pean Working Session on Learning,,,
kibler1988,kibler; and langley,machine learning as an experimental science.,Proceedings of the Third Euro-pean Working Session on Learning,,,
kibler1988,kibler; and langley,machine learning as an experimental science.,Proceedings of the Third European Working Session on Learning,,,
kibler1988,kibler; and langley,machine learning as an experimental science.,Proceedings of the Third European Working Session on Learning,,,
kibler1988,kibler; and langley,machine learning as an experimental science.,Proceedings of the Third European Working Session on Learning,,,
kibler1988,kibler; and langley,machine learning as an experimental science.,Proceedings of the Third European Working Session on Learning,,,
kibler1988,kibler; and langley,machine learning as an experimental science.,Proceedings of the Third European Working Session on Learning,,,
kibler1988,kibler; and langley,machine learning as an experimental science.,Proceedings of the Third European Working Session on Learning,,,
kibler1988,d. kibler and p. langley,"machine learning as an experimental science, in:",Proceedings of the Third European Working Session on Learning,,,
kibler1988,dennis kibler and pat langley.,machine learning as an experimental science.,Pro ceedings Of the Third Working Session On Learning,,,
kibler1988,dennis kibler and pat langley.,machine learning as an experimental science.,Proceedings Of the Third Working Session On Learning,,,
kibler1988,d. kibler and p. langley.,machine learning as an experimental science.,Proc. 3rd Working Session On Learning (1989),,,
kibler1988,d. kibler and p. langley.,machine learning as an experimental science.,Proc. 3rd Working Session On Learning,,,
kibler1988,dennis kibler and pat langley.,machine learning as an experimental science.,In Proceedings of the Third European Working Session on Learning.,,,
kibler1988,dennis kibler and pat langley.,machine learning as an experimental science.,In Proceedings of the Third European Working Session on Learning.,,,
kibler1988,pat langley and dennis kibler.,the experimental study of machine learning.,,,,
kibler1988,pat langley and dennis kibler.,the experimental study of machine learning.,,,,
kibler1988a,kibler; d. and aha,comparing instance-averaging with instance-filtering learning algorithms.,In Proceedings of the 3rd European Working Session on Learning EWSL88,,,
kibler1988a,kibler; and aha; d. w.,comparing instance-averaging with instance-filtering learning algorithms.,In Proceedings of the Third European Working Session on Learning,,,
kibler1988a,kibler; and aha; d. w.,comparing instance-averaging with instance-filtering learning algorithms.,In Proceedings of the Third European Working Session on Learning,,,
kibler1988a,d. kibler and d. aha.,comparing instance-averaging with instance-filtering learn ing algorithms.,In Proceedings of the Third European Working Session on Learning,,,
kibler1988a,d. kibler and d. aha.,comparing instance-saving with instance-averaging learn ing algorithms.,Change of Representation and Inductive Bias.,,,
kibler1989,d. kibler; d.w. aha; and m.k. albert:,"instance-based prediction of real-valued attributes,",Computational Intelligence,5,,
kibler1989,d. kibler; d.w. aha; and m.k. albert:,"instance-based prediction of real-valued attributes,",Computational Intelligence,5,,
kibler1989,kibler; aha; and m.k.; albert,"instance-based prediction of real-valued attributes,",Computational Intelligence,5,,
kibler1989,kibler; d. aha; d. w. and albert,instance-based prediction of real-valued attributes.,Computational Intelligence,5,,
kibler1991,d. kibler; d. aha; and m. k. albert.,instance-based learning algorithms.,Machine Learning,6(1),,
langley1986,langley; kibler; d. and granger,components of learning in a reactive environment. in t.m.,Machine Learning: A Guide to Current Research,,,
nilsson1994,nilsson,"""teleo-reactive programs for agent control"",",Journal of Artificial Intelligence Research 1,,,
nilsson1994,nilsson,"""teleo-reactive programs for agent control"",",Journal of Artificial Intelligence Research 1,,,
nilsson1994,nilsson,"""teleo-reactive programs for agent control"",",Journal of Artificial Intelligence Research 1,,,
norvig1992,norvig,paradigms of artificial intelligence programming: case studies in common lisp.,,,,
norvig1992,norvig,paradigms of artificial intelligence programming: case studies in common lisp.,,,,
norvig1992,norvig,paradigms of artificial intelligence programming: case studies in common lisp.,,,,
norvig1992,norvig,paradigms of artificial intelligence programming: case studies in common lisp.,,,,
ortega1995,ortega; and fisher,flexibly exploiting prior knwledge in empirical learning.,IJCAI-95.,,,
pazzani1990,pazzani; kibler,the utility of knowledge in inductive learning.,,,,
pazzani1990,pazzani; and kibler,the utility of knowledge in inductive learning,,,,
pazzani1990,pazzani; and kibler,the utility of knowledge in inductive learning,,,,
pazzani1990,michael pazzani and dennis kibler.,the utility of knowledge in inductive learning.,Machine Learning,(9),,
pazzani1990,m. pazzani and d. kibler,"the utility of knowledge in inductive learning,",Machine Learning,9,,
pazzani1990,pazzani m. and kibler d.,the utility of knowledge in inductive learning.,Machine Learning,9,,
pazzani1990,pazzani m. and kibler d.,the utility of knowledge in inductive learning.,Machine Learning,9,,
pazzani1990,pazzani; m. and kibler,the utility of knowledge in inductive learning.,Machine Learning,v. 9,,
pazzani1990,pazzani; and kibler,the utility of knowledge in inductive learning.,Machine Learning,9,,
pazzani1990,pazzani; and kibler,the utility of knowledge in inductive learning.,Machine Learning,9,,
pazzani1990,pazzani; and kibler,the utility of knowledge in inductive learning.,Machine Learning,9,,
pazzani1990,pazzani; kibler,the utility of knowledge in inductive learning.,Machine Learning,volume 9,,
pazzani1990,pazzani; and kibler,the role of prior knowledge in inductive learning.,Machine Learning.,,,
pazzani1990,pazzani; and kibler,the utility of background knowledge in inductive learning.,Machine Learning,9,,
pazzani1990,pazzani; and kibler,the utility of background knowledge in inductive learning.,Machine Learning,9,,
pazzani1990,pazzani; and kibler,the utility of background knowledge in inductive learning.,Machine Learning,9,,
pazzani1990,pazzani; and kibler,the utility of background knowledge in inductive learning.,Machine Learning,9,,
pazzani1990,pazzani; and kibler,the utility of knowledge in inductive learning .,Machine Learning,9,,
pazzani1990,pazzani; and kibler,the utility of knowledge in inductive learning.,Machine Learning,9 (1),,
pazzani1990,pazzani; and kibler,the utility of knowledge in inductive learning.,Machine Learning,9 (1),,
pazzani1990,pazzani; and kibler,the utility of knowledge in inductive learning.,Machine Learning,9 (1).,,
pazzani1990,pazzani; and kibler,the utility of knowledge in inductive learning.,Machine Learning,9 (1).,,
pazzani1990,pazzani; and kibler,the utility of knowledge in inductive learning.,Machine Learning,9 (1).,,
pazzani1990,pazzani; and kibler,the utility of knowledge in inductive learning.,Machine Learning,9 (1).,,
pazzani1990,pazzani; and kibler,the utility of knowledge in inductive learning.,Machine Learning,9,,
pazzani1990,pazzani; and kibler,the utility of knowledge in inductive learning.,Machine Learning,9,,
pazzani1990,pazzani; and kibler,the utility of knowledge in inductive learning.,Machine Learning,9,,
pazzani1990,pazzani; and kibler,the utility of knowledge in inductive learning.,Machine Learning,9,,
pazzani1990,pazzani; and kibler,the utility of knowledge in inductive learning.,Machine Learning,9,,
pazzani1990,pazzani; and kibler,the utility of knowledge in inductive learning.,Machine Learning,9,,
pazzani1990,pazzani; and kibler,the utility of knowledge in inductive learning.,Machine Learning,9,,
pazzani1990,pazzani; and kibler,the utility of knowledge in inductive learning.,Machine Learning,9,,
pazzani1990,pazzani; and kibler,the utility of knowledge in inductive learning.,Machine Learning,9,,
pazzani1990,pazzani; and kibler,the utility of knowledge in inductive learning.,Machine Learning,9,,
pazzani1990,pazzani; and kibler,the utility of knowledge in inductive learning.,Machine Learning,9,,
pazzani1990,pazzani; and kibler,the utility of knowledge in inductive learning.,Machine Learning,9,,
pazzani1990,pazzani; and kibler,the utility of knowledge in inductive learning.,Machine Learning,9,,
pazzani1990,pazzani; and kibler,the utility of knowledge in inductive learning.,Machine Learning,9,,
pazzani1990,pazzani; and kibler,the utility of knowledge in inductive learning.,Machine Learning,9,,
pazzani1990,pazzani; and kibler,the utility of knowledge in inductive learning.,Machine Learning,9,,
pazzani1990,pazzani; and kibler,the utility of knowledge in inductive learning.,Machine Learning,9,,
pazzani1990,pazzani; and kibler,the utility of prior knowledge in inductive learning.,Machine Learning,9,,
pazzani1990,pazzani; and kibler,the utility of prior knowledge in inductive learning.,Machine Learning,9,,
pazzani1990,pazzani; michael and kibler; dennis 1992.,the utility of knowledge in inductive learning.,Machine Learning 9(1).,,,
pazzani1990,pazzani; m. j. and kibler,the role of prior knowledge in inductive learning.,Ma chine Learning,vol.9 (1992),,
pazzani1990,m. pazzani and d. kibler.,the utility of knowledge in inductive learning.,Machine Learning,9,,
pazzani1990,m. pazzani and d. kibler.,the utility of knowledge in inductive learning.,Machine Learning,9,,
pazzani1990,m. pazzani and d. kibler,"""the utility of knowledge in inductive learning,""",Machine Learning,vol.9,,
pazzani1990,m. pazzani and d. kibler.,the utility of knowledge in inductive learning.,Machine Learning,9,,
pazzani1990,michael pazzani and dennis kibler.,the utility of knowledge in inductive learning.,Machine Learning,(9),,
pazzani1990,m. pazzani and d. kibler,"""the utility of knowledge in inductive learning,""",Machine Learning,vol.9,,
pazzani1990,m. pazzani and d. kibler,"""the utility of knowledge in inductive learning,""",Machine Learning,vol.9,,
pazzani1990,michael pazzani and dennis kibler.,the utility of knowledge in inductive learning.,Machine Learning Journal,,,
pazzani1990,m. pazzani and d. kibler.,the utility of knowledge in inductive learning.,Machine Learning,9(1),,
pazzani1990,pazzani m. and kibler d.,the utility of knowledge in inductive learning.,Machine Learning,9,,
porter1986,porter; and kibler; d. f.,experimental goal regression: a method for learning problem-solving heuristics.,Machine Learning,1,,
porter1986,porter; and kibler; d. f.,experimental goal regression: a method for learning problem-solving heuristics.,Machine Learning,1,,
porter1986,porter; and kibler; d. f.,experimental goal regression: a method for learning problem-solving.,Machine Learning,1 (3),,
porter1986,porter; and kibler; d. f.,experimental goal regression: a method for learning problem-solving.,Machine Learning,1 (3),,
porter1986,porter; and kibler; d. f.,experimental goal regression: a method for learning problem-solving.,Machine Learning,1 (3),,
ruby1989,d. ruby and d. kibler.,learning subgoal sequences for planning.,In Proceedings of IJCAI-89,,,
ruby1989,ruby; and kibler,learning subgoal sequences for planning.,Proceedings of the Eleventh International Joint Conference on Artificial Intelligence .,,,
ruby1991,ruby; and kibler,learning subgoal sequences for planning.,In Proceedings of AAAI-91.,,,
ruby1991,ruby; and kibler,learning subgoal sequences for planning.,In Proceedings of AAAI-91.,,,
ruby1991,ruby; and kibler,learning subgoal sequences for planning.,In Proceedings of AAAI-91.,,,
ruby1991a,ruby; kibler,steppingstone: an empirical and analytical evaluation.,In Proceedings of the Ninth National Conference on Artificial Intelligence.,,,
ruby1991a,ruby; kibler,steppingstone: an empirical and analytical evaluation.,Proceedings of the Ninth National Conference on Artificial Intelligence.,,,
ruby1992,ruby; and kibler,learning episodes for optimization.,In Machine Learning : proceedings of the Ninth International Workshop (ML92),,,
ruby1992,david ruby and dennis kibler.,learning episodes for optimization.,In Machine Learning : proceedings of the Ninth International Workshop (ML92),,,
ruby1992,david ruby and dennis kibler.,learning episodes for optimization.,In Machine Learning : proceedings of the Ninth International Workshop (ML92),,,
ruby1992,david ruby and dennis kibler.,learning episodes for optimization.,In Machine Learning : proceedings of the Ninth International Workshop (ML92),,,
rudy1992,rudy; kibler,learning episodes for optimization.,Proceedings of the Ninth International Conference on Machine Learning,,,
skiblics1996,suzanne skiblics; edward j. klimas; and david a. thomas.,smalltalk with style.,,,,
standish1976,t. a. standish; d. c. harriman; d. f. kibler; and j. m. neighbors,"the irvine program transformation catalogue,",,,,
webber1994,townsend-webber; t. and kibler,instance-based prediction of continuous values.,AAAI Workshop on Case-based Reasoning.,,,
weber1994,townsend-weber; and kibler,instance-based prediction of continuous values.,Proceedings of the 1994 AAAI Workshop on Case-Based Reasoning,,,
weber1994,townsend-weber; and kibler,instance-based prediction of continuous values.,Proceedings of the 1994 AAAI Workshop on Case-Based Reasoning,,,
weber1994,townsend-weber; and kibler,instance-based prediction of continuous values.,Working Notes of the AAAI94 Workshop on Case-Based Reasoning,,,
weber1994,townsend-weber; and kibler,instance-based prediction of continuous values.,Working Notes of the AAAI94 Workshop on Case-Based Reasoning,,,
weber1994,townsend-weber; and kibler,instance-based prediction of continuous values.,Working Notes of the AAAI94 Workshop on Case-Based Reasoning,,,
weber1994,townsend-weber; and kibler,instance-based prediction of continuous values.,Working Notes of the AAAI94 Workshop on Case-Based Reasoning,,,
weber1994,townsend-weber; and kibler,instance-based prediction of continuous values.,Working Notes of the AAAI94 Workshop on Case-Based Reasoning,,,
weber1994,townsend-weber; and kibler,instance-based prediction of continuous values.,Working Notes of the AAAI94 Workshop on Case-Based Reasoning,,,
weber1994,townsend-weber; and kibler,instance-based prediction of continuous values.,Case-Based Reasoning: Papers from the 1994 Workshop,,,
weber1994,townsend-weber; and kibler,instance-based prediction of continuous values.,Case-Based Reasoning: Papers from the 1994 Workshop,,,
aha1987,aha; d. and kibler,learning representative exemplars of concepts: an initial case study.,In Proceedings of the Fourth International Conference on Machine Learning,,,
aha1987,aha; d. and kibler,learning representative exemplars of concepts: an initial case study.,In Proceedings of the Fourth International Conference on Machine Learning,,,
aha1987,aha; d. and kibler,learning representative exemplars of concepts: an initial case study.,In Proceedings of the Fourth International Conference on Machine Learning,,,
aha1987,d. kibler and d. w. aha.,learning representative exemplars of concepts: an initial case study.,In Proceedings of the Fourth International Workshop on Machine Learning,,,
aha1987,d. kibler and d.w. aha,learning representative examples of concepts: an initial case study.,Proceedings of the Fourth International Workshop on Machine Learning,,,
aha1987,dennis kibler and david w. aha.,"learning representative exemplars of concepts: an initial case study. in p. langley, editor,",Proc. 4th International Workshop on Machine Learning,,,
kibler1988a,d. kibler and d. w. aha,"comparing instance averaging and instance filtering learning algorithms,",Proceedings of 3rd European Working Session on Learning,,,
kibler1988a,d. kibler and d. w. aha,"comparing instance averaging and instance filtering learning algorithms,",Proceedings of 3rd European Working Session on Learning,,,
kibler1988a,d. kibler and d. w. aha,"comparing instance averaging and instance filtering learning algorithms,",Proceedings of 3rd European Working Session on Learning,,,
kibler1988a,d. kibler and d. w. aha,"comparing instance averaging and instance filtering learning algorithms,",Proceedings of 3rd European Working Session on Learning,,,
aha1991,d. aha; d. kibler; and m. albert.,instance-based learning algorithms.,Machine Learning,6(1),,
aha1991,d. aha; d. kibler; and m. albert.,instance-based learning algorithms.,Machine Learning,6(1),,
aha1991,d. aha; d. kibler; and m. albert.,instance-based learning algorithms.,Machine Learning,6(1),,
aha1991,d.w. aha; d. kibler; and m.k. albert.,instance-based learning algorithms.,Machine Learning,6,,
aha1991,d. w. aha; d. kibler; and m. k. albert.,instance-based learning algorithms.,Machine Learning,6,,
aha1991,david w. aha; dennis kibler; and mark k. albert.,instance-based learning algorithms.,Machine Learning,6,,
aha1991,david w. aha; dennis kibler; and mark k. albert.,instance-based learning algorithms.,Machine Learning,6,,
aha1991,aha; d. w.; d. kibler; and m. albert.,instance-based learning algorithms.,Machine Learning,7,,
aha1991,aha; d. w.; d. kibler; and m. k. albert.,instance-based learning algorithms.,Machine Learning,6:,,
aha1991,aha; d. w.; d. kibler; and m. k. albert.,instance-based learning algorithms.,Machine Learning,6:,,
aha1991,aha; d. w.; kibler; d. and albert,instance-based learning algorithms.,Machine Learning,6,,
aha1991,aha; d. w.; kibler; d. and albert,instance-based learning algorithms.,Machine Learning,6,,
aha1991,aha; d. w.; kibler; and albert,instance-based learning algorithms.,Machine Learning,6,,
aha1991,aha; d. w.; kibler; and albert,instance-based learning algorithms.,Machine Learning,6,,
aha1991,aha; d. w.; kibler; and albert,instance-based learning algorithms.,Machine Learning,6(1),,
aha1991,aha; d. w.; kibler; and albert,instance-based learning algorithms.,Machine Learning,6(1),,
aha1991,aha; d. w.; kibler; and albert,instance-based learning algorithms.,Machine Learning,6(1),,
aha1991,aha; d. w.; kibler; and albert,instance-based learning algorithms.,Machine Learning,6,,
aha1991,aha; d. w.; kibler; and albert,instance-based learning algorithms.,Machine Learning,6(1),,
aha1991,aha; d. w.; kibler; and albert,instance-based learning algorithms.,Machine Learning,6(1),,
aha1991,aha; d. w.; kibler; and albert,instance-based learning algorithms.,Machine Learning,6(1),,
aha1991,aha; d. w.; kibler; d.; and albert,instance-based learning algorithms.,Machine Learning,6,,
aha1991,aha; d. w.; kibler; d.; and albert,instance-based learning algorithms.,Machine Learning,6,,
aha1991,aha; d. w.; kibler; d.; and albert,instance-based learning algorithms.,Machine Learning,6,,
aha1991,aha; d. w.; kibler; d.; and albert,instance-based learning algorithms.,Machine Learning,6,,
aha1991,aha; d. w.; kibler; d.; and albert,instance-based learning algorithms.,Machine Learning,6,,
aha1991,aha; d. w.; kibler; d.; and albert,instance-based learning algorithms.,Machine Learning,6(1),,
aha1991,aha; d. w.; kibler; d.; and albert,instance-based learning algorithms.,Machine Learning,6(1),,
aha1991,aha; d. w.; kibler; d.; and albert,instance-based learning algorithms.,Machine Learning,6(1),,
aha1991,aha; d. w.; kibler; albert,instance-based learning algorithms.,Mac hine Learning,6:,,
aha1991,aha; d. kibler; and m. albert.,instance-based learning algorithms.,Machine Learning,6,,
aha1991,aha; kibler; d. and albert,instance-based learning algorithms.,Machine Learning,6,,
aha1991,aha; kibler; and albert,instance-based learning algorithms.,Machine Learning,6 (1),,
aha1991,aha; kibler; and albert,instance-based learning algorithms.,Machine Learning,6,,
aha1991,aha; kibler; and albert,instance-based learning algorithms.,Machine Learning,6,,
aha1991,aha; kibler; and albert,instance-based learning algorithms.,Machine Learning,6,,
aha1991,aha; kibler; and albert,instance-based learning algorithms.,Machine Learning,6,,
aha1991,aha; kibler; and albert,instance-based learning algorithms.,Machine Learning,6,,
aha1991,aha; kibler; and albert,instance-based learning algorithms.,Machine Learning,6,,
aha1991,aha; kibler; and albert,instance-based learning algorithms.,Machine Learning,6(1),,
aha1991,aha; kibler; and albert,instance-based learning algorithms.,Machine Learning,7,,
aha1991,aha; d.; kibler; d.; and albert,instance-based learning algorithms.,Machine Learning,6,,
aha1991,aha; d.; kibler; d.; and albert,instance-based learning algorithms.,Machine Learning,6,,
aha1991,aha; kibler; and albert,"instance-based learning algorithms,",Machine Learning,6,,
aha1991,aha; kibler; and albert,"instance-based learning algorithms,",Machine Learning,6,,
aha1991,aha; d.w.; kibler; d.; and albert,instance-based learning algorithms.,Machine Learning,6,,
aha1991,d. w. aha; d. kibler and m. k. albert.,(1991) instance-based learning algorithms.,Machine Learning,6(1),,
aha1991,d. w. aha; d. kibler and m. k. albert.,instance-based learning algorithms.,Machine Learning,6(1),,
aha1991,david w. aha; dennis kibler; and m. k. albert.,instance-based learning algorithms.,Machine Learning,6,,
aha1991,aha; kibler; and albert,instance-based learning algorithms.,Machine Learning,6:,,
aha1991,aha; d. w.; kibler; d.; and albert,instance-based learning algorithms.,Machine Learning,6,,
aha1991,aha; d. w.; kibler; d.; and albert,instance-based learning algorithms.,Machine Learning,6,,
aha1991,d aha; d kibler; and m albert.,instance-based learning algorithms.,Machine Learning,6,,
aha1991,d w aha; d kibler; and m k albert.,instance-based learning algorithms.,Machine Learning,6,,
aha1991,d. aha; d. kibler; and m. albert.,instance-based learning algorithms.,Machine Learning,6(1),,
aha1991,d. aha; d. kibler; and m. albert.,instance-based learning algorithms.,Machine Learning,6(1),,
aha1991,d. w. aha; d. kibler; and m. k. albert.,instance-based learning algorithms.,Machine Learning,6,,
aha1991,d. w. aha; d. kibler; and m. k. albert.,instance-based learning algorithms.,Machine Learning,6,,
aha1991,d. w. aha; d. kibler; and m. k. albert.,instance-based learning algorithms.,Machine Learning,6,,
aha1991,d. w. aha; d. kibler; and m. k. albert.,instance-based learning algorithms.,Machine Learning,6,,
aha1991,d. w. aha; d. kibler; and m. k. albert.,instance-based learning algorithms.,Machine Learning,6,,
aha1991,d. w. aha; d. kibler; and m. k. albert.,instance-based learning algorithms.,Machine Learning,6,,
aha1991,d. w. aha; d. kibler; and m. k. albert.,instance-based learning algorithms.,Machine Learning,6,,
aha1991,d. w. aha; d. kibler; and m. k. albert.,instance-based learning algorithms.,Machine Learning,6,,
aha1991,d. w. aha; d. kibler; and m. k. albert.,instance-based learning algorithms.,Machine Learning,6(1),,
aha1991,d. w. aha; d. kibler; and m. k. albert.,instance-based learning algorithms.,Machine Learning,6(1),,
aha1991,d. w. aha; d. kibler; and m. k. albert.,instancebased learning algorithms.,Machine Learning,6(1),,
aha1991,d.w. aha; d. kibler; and m.k. albert.,instance-based learning algorithms.,Machine Learning,6,,
aha1991,d.w. aha; d. kibler; and m.k. albert.,instance-based learning algorithms.,Machine Learning,6,,
aha1991,d.w. aha; d. kibler; and m.k. albert.,instance-based learning algorithms.,Machine Learning,6,,
aha1991,david w. aha; dennis kibler; and marc k. albert.,instance-based learning algorithms.,Machine Learning,6(1),,
aha1991,david w. aha; dennis kibler; and marc k. albert.,instance-based learning algorithms.,Machine Learning,6(1),,
aha1991,david w. aha; dennis kibler; and marc k. albert.,instance-based learning algorithms.,Machine Learning,6(1),,
aha1991,d. w. aha; d. kibler; and m. albert.,instance-based learning algorithms.,Machine Learning,6:,,
aha1991,d. w. aha; d. kibler; and m. k. albert.,instance-based learning algorithms.,Machine Learning,6(1),,
aha1991,d. w. aha; d. kibler; and m. k. albert.,instance-based learning algorithms.,Machine Learning,6(1),,
aha1991,d. w. aha; d. kibler; and m. k. albert.,instance-based learning algorithms.,Machine Learning,6,,
aha1991,d. w. aha; d. kibler; and m. k. albert.,instance-based learning algorithms.,Machine Learning,6,,
aha1991,d.w. aha; d. kibler and m.k. albert,. instance-based learning algorithms.,Machine Learning,6,,
aha1991,d. aha and d. kibler.,noise-tolerant instance-based learning algorithms.,Machine Learning,8:,,
aha1991,d. w. aha; d. kibler; and m. k. albert.,instance-based learning algorithms.,Machine Learning,6(1),,
aha1991,d. w. aha; d. kibler; and m. k. albert.,instance-based learning algorithms.,Machine Learning,6(1),,
aha1991,d. w. aha; d. kibler; and m. k. albert.,instance-based learning algorithms.,Machine Learning,6,,
aha1991,d. w. aha; d. kibler; and m. k. albert.,instance-based learning algorithms.,Machine Learning,6(1),,
aha1991,d. w. aha; d. kibler; and m. k. albert.,instance-based learning algorithms.,Machine Learning,6(1),,
aha1991,david w. aha; dennis kibler; and marc k. albert.,instance-based learning algorithms.,Machine Learning,6(1),,
aha1991,d w aha; d kibler; and m k albert.,instance-based learning algorithms.,Machine Learning,6,,
aha1991,d. aha; d. kibler; and m. albert.,instance-based learning algorithms.,Machine Learning,6:,,
aha1991,d. w. aha; d. kibler; and j. k. albert.,instance-based learning algorithms.,Machine Learning,6(1),,
aha1991,d. w. aha; d. kibler; and m. k. albert.,instance-based learning algorithms.,Machine Learning,6(1),,
aha1991,d. w. aha; d. kibler; and m. k. albert.,instance-based learning algorithms.,Machine Learning,6(1),,
aha1991,d. w. aha; d. kibler; and m. k. albert.,instance-based learning algorithms.,Machine Learning,6(1),,
aha1991,d. w. aha; d. kibler; and m. k. albert.,instance-based learning algorithms.,Machine Learning,6(1),,
aha1991,d. w. aha; d. kibler; and m. k. albert.,instance-based learning algorithms.,Machine Learning,6(1),,
aha1991,d. w. aha; d. kibler; and m. k. albert.,instance-based learning algorithms.,Machine Learning,6(1),,
aha1991,david w. aha; dennis kibler; and marc k. albert.,instance-based learning algorithms.,Machine Learning,6,,
aha1991,david w. aha; dennis kibler; and marc k. albert.,instance-based learning algorithms.,Machine Learning,6(1),,
aha1991,aha; kibler; and albert,"""instance-based learning algorithms,""",Machine Learning,6,,
aha1991,aha; kibler; and albert,instance-based learning algorithms.,Machine Learning,6(1),,
aha1991,aha; kibler; and albert,instance-based learning algorithms.,Machine Learning,6(1),,
aha1991,aha; kibler; and albert,instance-based learning algorithms.,Machine Learning,6(1),,
aha1991,d. aha; d. kibler and m. albert.,instance-based learning algorithms.,Machine Learning,6,,
aha1991,d. aha; d. kibler; and m. albert.,instance-based learning algorithms.,Machine Learning,6,,
aha1991,d. w. aha; d. kibler; and m. k. al-bert.,instance-based learning algorithms.,Machine Learning,6,,
aha1991,d. w. aha; d. kibler; and m. k. al-bert.,instance-based learning algorithms.,Machine Learning,6,,
aha1991,d. w. aha; d. kibler; and m. k. albert.,instance-based learning algorithms.,Machine Learning,6,,
aha1991,d. w. aha; d. kibler; and m. k. albert.,instance-based learning algorithms.,Machine Learning,6,,
aha1991,d. w. aha; d. kibler; and m. k. albert.,instance-based learning algorithms.,Machine Learning,6,,
aha1991,david w. aha; dennis kibler; and marc k. albert.,instance-based learning algorithms.,Machine Learning,6(1),,
aha1991,david w. aha; dennis kibler; and mark k. albert.,instance-based learning algorithms.,Machine Learning,6,,
aha1991,david w. aha; dennis kibler; and mark k. albert.,instance-based learning algorithms.,Machine Learning,6,,
aha1991,d. w. aha; d. kibler; and m. k. albert.,instance-based learning algorithms.,Machine Learning,6,,
aha1991,d.w. aha; d. kibler; and m.k. albert,"instance-based learning algorithms,",Machine Learning,6,,
aha1991,d.w. aha; d. kibler; and m.k. albert,instance-based learning algorithms.,Machine Learning,6,,
aha1991,aha; kibler; and albert,instance-based learning algorithms.,Machine Learning,6,,
aha1991,d. aha; d. kibler; and m. albert.,instance-based learning algorithms.,Machine Learning,6: 3766,,
conery19xx,kibler; d. and conery,parallelism in ai programs.,,,,
conery1983,john s. conery and dennis f. kibler.,and parallelism in logic programs.,In Proceedings of International Joint Conference on Artificial Intelligence,,,
conery1985,j.s. conery and d.f. kibler.,and parallelism and nondeterminism in logic programs.,New Generation Computing,3,,
conery1985a,j. s. conery and d. f. kibler.,parallelism in ai programs.,In Proceedings of International Joint Conference on Artificial Intelligence,,,
conery1985,j.s. conery and d.f. kibler.,and parallelism and nondeterminism in logic programs.,New Generation Computing,3,,
aha1991,aha dw; kibler d; albert mk.,"instance-based learning methods,",Machine Learning,6:,,
kibler1981,d. kibler and p. morris.,don't be stupid.,In Proceedings of the Seventh International Joint Conference on Artificial Intelligence,,,
kibler1985,dennis kibler.,natural generation of heuristics by transforming the problem representation.,,,,
kibler1985,kibler,natural generation of heuristics by transforming the the problem representation.,,,,
porter1986,b. porter and d. kibler.,experimental goal regression: a method for learning problem-solving heuristics.,Machine Learning,1,,
aha1987,kibler; d. and aha,learning representative exemplars of concepts: an initial case study.,In Proc. of the 4 th International Workshop on Machine Learning,,,
aha1987,dennis kibler and david w. aha.,learning representative exemplars of concepts: an initial case study.,In Proceedings of the 4 th International Workshop on Machine Learning,,,
aha1987,dennis kibler and david w. aha.,learning representative exemplars of concepts: an initial case study.,In Proceedings of the 4 th International Workshop on Machine Learning,,,
kibler1988,kibler; d. and langley,machine learning as an experimental science.,,,,
kibler1988,kibler; and langley,machine learning as an experimental science.,Machine Learning,3(1),,
kibler1988,kibler d.; langley p.:,"machine learning as an experimental science,",Machine Learning,3(1),,
kibler1988,kibler; d. and langley,machine learning as an experimental science.,In Proceedings of the Third European Working Session on Learning,,,
kibler1989,kibler; d. and aha; d. w.,instance-based prediction of real-valued attributes.,Computational Intelligence,5(2),,
kibler1989,kibler; d. and aha; d. w.,instance-based prediction of real-valued attributes.,Computational Intelligence,5(2),,
kibler1989,kibler; aha; d. w.; and albert,instance-based prediction of real-valued attributes.,Computational Intelligence,5,,
kibler1989,kibler; aha; and albert,"instance-based prediction of real-valued attributes,",Computational Intelligence,5,,
kibler1989,kibler; aha; and albert,"instance-based prediction of real-valued attributes,",Computational Intelligence,5,,
kibler1989,d. kibler; d. w. aha; and m. k. albert.,instance-based prediction of real-valued attributes.,Computational Intelligence,5,,
kibler1989,d. kibler; d. w. aha; and m. k. albert.,instance-based prediction of real-valued attributes.,Computational Intelligence,5,,
kibler1989,d. kibler and d. w. aha.,instance-based prediction of real-valued attributes.,Computational Intelligence,5(2),,
kibler1989,d. kibler and d. w. aha.,instance-based prediction of real-valued attributes.,Computational Intelligence,5(2),,
pazzani1990,pazzani; m. and kibler,the utility of knowledge in inductive learning.,Machine Learning,9(1),,
pazzani1990,pazzani; and kibler,"""the utility of knowledge in inductive learning,""",Machine Learning,9,,
pazzani1990,michael pazzani and dennis kibler.,the role of prior knowledge in inductive learning.,Machine Learning,9,,
kibler1992,michael pazzani and dennis kibler.,the role of prior knowledge in inductive learning.,Machine Learning,9,,
kibler1992,michael pazzani and dennis kibler.,the role of prior knowledge in inductive learning.,Machine Learning,9,,
kibler1992,micheal pazzani and dennis kibler.,the utility of knowledge in inductive learning.,Machine Learning,9,,
kibler1993,dennis kibler (1993).,some real-world domains for learning problem solvers.,In Proceedings of KCSL93 3rd International Workshop on Knowledge Compilation and Speedup Learning (in ICML93),,,
kibler1993,dennis kibler (1993).,some real-world domains for learning problem solvers.,In Proceedings of KCSL93 3rd International Workshop on Knowledge Compilation and Speedup Learning (in ICML93),,,
kibler1993,dennis kibler (1993).,some real-world domains for learning problem solvers.,In Proceedings of KCSL93 3rd International Workshop on Knowledge Compilation and Speedup Learning (in ICML93),,,
learning1991,pazzani m. and kibler d.,the utility of knowledge in inductive learning.,Machine Learning,9(1),,
learning1991,pazzani m. and kibler d.,the utility of knowledge in inductive learning.,Machine Learning,9(1),,
learning1991,pazzani m. and kibler d.,the utility of knowledge in inductive learning.,Machine Learning,9(1),,
learning1991,pazzani m. and kibler d.,the utility of knowledge in inductive learning.,Machine Learning,9(1),,
learning1992,pazzani m; kibler d.,the utility of knowledge in inductive learning.,Machine Learning,;9,,
learning1992,pazzani m.; kibler d.:,"the utility of knowledge in inductive learning,",in Machine Learning,9,,
ourston1994,ourston; d. and mooney,theory refinement combining analytical and empirical methods.,Artificial Intelligence,66(2),,
ourston1994,ourston; d. and mooney,theory refinement combining analytical and empirical methods.,Artificial Intelligence,66(2),,
ourston1994,ourston; d. and mooney,theory refinement combining analytical and empirical methods.,Artificial Intelligence,66(2),,
pazzani1990,m. pazzani and d. kibler.,the utility of background knowledge in inductive learning.,Machine Learning,9,,
pazzani1990,pazzani; and kibler,"the utility of knowledge in inductive learning,",Machine Learning,9,,
pazzani1990,m. pazzani and d.,"kibler the utility of knowledge in inductive learning machine learning,",,9(1):,,
pazzani1990,m. pazzani and d. kibler.,the utility of background knowledge in inductive learning.,Machine Learning,9,,
pazzani1990,pazzani; m. and kibler,the utility of knowledge in inductive learning.,Machine Learning,9,,
pazzani1990,pazzani; m. and kibler,the utility of knowledge in inductive learning.,Machine Learning,9,,
pazzani1990,pazzani; m. and kibler,the utility of knowledge in inductive learning.,Machine Learning,9,,
pazzani1990,pazzani; m. and kibler,the utility of knowledge in inductive learning.,Machine Learning,9,,
pazzani1990,pazzani; m. and kibler,the utility of knowledge in inductive learning.,Machine Learning,9,,
pazzani1990,pazzani; m. and kibler,the utility of knowledge in inductive learning.,Machine Learning,9,,
pazzani1990,pazzani; m. and kibler,the utility of knowledge in inductive learning.,Machine Learning,9,,
pazzani1990,pazzani; m. and kibler,the utility of knowledge in inductive learning.,Machine Learning,9,,
pazzani1990,pazzani; m. and kibler,the utility of knowledge in inductive learning.,Machine Learning,9(1),,
pazzani1990,pazzani; m. and kibler,the utility of knowledge in inductive learning.,Machine Learning,9(1),,
pazzani1990,pazzani; m. and kibler,the utility of knowledge in inductive learning.,Machine Learning,9(1),,
pazzani1990,pazzani; m. and kibler,the utility of knowledge in inductive learning.,Machine Learning,9(1),,
pazzani1990,pazzani; and kibler,the utility of knowledge in inductive learning.,Machine Learning,9,,
pazzani1990,pazzani; m. and kibler,the utility of knowledge in inductive learning.,Machine Learning Journal,9(1),,
pazzani1990,pazzani; m. and kibler,the utility of knowledge in inductive learning.,Machine Learning,9,,
pazzani1990,pazzani; m. and kibler,the utility of knowledge in inductive learning.,Machine Learning,9,,
pazzani1990,pazzani; m. and kibler,the utility of knowledge in inductive learning.,Machine Learning,9(1),,
pazzani1990,pazzani; m. and kibler,"the utility of knowledge in inductive learning,",Machine Learning,9(1),,
pazzani1990,pazzani; m. and kibler,"the utility of knowledge in inductive learning,",Machine Learning,9(1),,
pazzani1990,pazzani; and kibler,the utility of knowledge in inductive learning.,Machine Learning,9:1,,
pazzani1990,pazzani; and kibler,the utility of knowledge in inductive learning.,Machine Learning,9:1,,
pazzani1990,pazzani; and kibler,the utility of background knowledge in inductive learning.,Machine Learning,9,,
pazzani1990,pazzani; and kibler,the utility of background knowledge in inductive learning.,Machine Learning,9,,
pazzani1990,pazzani; and kibler,the utility of background knowledge in inductive learning.,Machine Learning,9,,
pazzani1990,pazzani; and kibler,the utility of background knowledge in inductive learning.,Machine Learning,9,,
pazzani1990,pazzani; and kibler,the utility of background knowledge in inductive learning.,Machine Learning,9,,
pazzani1990,pazzani; and kibler,the utility of background knowledge in inductive learning.,Machine Learning,9,,
pazzani1990,pazzani; and kibler,the utility of background knowledge in inductive learning.,Machine Learning,9,,
pazzani1990,pazzani; and kibler,the utility of background knowledge in inductive learning.,Machine Learning 9,,,
pazzani1990,pazzani; and kibler,the utility of background knowledge in inductive learning.,Machine Learning,9,,
pazzani1990,pazzani; and kibler,the utility of background knowledge in inductive learning.,Machine Learning,9,,
pazzani1990,pazzani; and kibler,the utility of knowledge in inductive learning.,Machine Learning,9,,
pazzani1990,pazzani; and kibler,the utility of knowledge in inductive learning.,Machine Learning,9,,
pazzani1990,pazzani; and kibler,the utility of prior knowledge in inductive learning.,Machine Learning,9,,
pazzani1990,m. pazzani and d. kibler.,the utility of background knowledge in inductive learning.,Machine Learning,9,,
pazzani1990,m. pazzani and d. kibler.,the utility of background knowledge in inductive learning.,Machine Learning,9,,
pazzani1990,m. pazzani and d. kibler.,the utility of knowledge in inductive learning.,Machine Learning,9,,
pazzani1990,m. pazzani and d. kibler.,the utility of knowledge in inductive learning.,Machine Learning,9(1),,
pazzani1990,m. pazzani and d. kibler.,the utility of knowledge in inductive learning.,Machine Learning,9(1),,
pazzani1990,micheal j. pazzani and dennis kibler.,the utility of knowledge in inductive learning.,Machine Learning,9,,
pazzani1990,micheal j. pazzani and dennis kibler.,the utility of knowledge in inductive learning.,Machine Learning,9,,
pazzani1990,m. pazzani and d. kibler.,the utility of prior knowledge in inductive learning.,Machine Learning,9,,
pazzani1990,m. pazzani and d. kibler.,the utility of prior knowledge in inductive learning.,Machine Learning,9,,
pazzani1990,micheal j. pazzani and dennis kibler.,the role of prior knowledge in inductive learning.,Machine Learning,9,,
pazzani1990,micheal j. pazzani and dennis kibler.,the role of prior knowledge in inductive learning.,Machine Learning,9,,
pazzani1990,micheal j. pazzani and dennis kibler.,the role of prior knowledge in inductive learning.,Machine Learning,9,,
pazzani1990,m. pazzani and d. kibler.,the utility of knowledge in inductive learning.,Machine Learning,9(1),,
pazzani1990,micheal j. pazzani and dennis kibler.,the role of prior knowledge in inductive learning.,Machine Learning,9,,
pazzani1990,m. pazzani and d. kibler.,the utility of background knowledge in inductive learning.,Machine Learning,9,,
pazzani1990,m. pazzani and d. kibler.,the utility of background knowledge in inductive learning.,Machine Learning,9,,
pazzani1990,pazzani; m. and d. kibler,"""the utility of knowledge in inductive learning"",",Machine Learning,9,,
pazzani1990,pazzani; m. and kibler,the utility of knowledge in inductive learning.,Machine Learning,9(1):,,
pazzani1990,pazzani; m. and kibler,the utility of knowledge in inductive learning.,Machine Learning,9(1):,,
pazzani1990,m. pazzani and d. kibler.,the utility of knowledge in inductive learning.,Machine Learning,9,,
pazzani1990,pazzani; and kibler,"""the utility of knowledge in inductive learning"",",Machine Learning,9(1),,
pazzani1990,pazzani; and kibler,"""the utility of knowledge in inductive learning"",",Machine Learning,9(1),,
pazzani1990,m. pazzani and d. kibler.,the utility of knowledge in inductive learning.,Machine Learning,9(1),,
pazzani1990,m. pazzani and d. kibler.,the utility of knowledge in inductive learning.,Machine Learning,9(1),,
porter1986,bruce porter and dennus kibler.,experimental goal regression: a method for learning problem-solving heuristics.,Machine Learning,1,,
porter1986,bruce porter and dennus kibler.,experimental goal regression: a method for learning problem-solving heuristics.,Machine Learning,1,,
porter1986,bruce porter and dennus kibler.,experimental goal regression: a method for learning problem-solving heuristics.,Machine Learning,1,,
porter1986,bruce porter and dennus kibler.,experimental goal regression: a method for learning problem-solving heuristics.,Machine Learning,1,,
porter1986,bruce porter and dennus kibler.,experimental goal regression: a method for learning problem-solving heuristics.,Machine Learning,1,,
ruby1989,david ruby and dennis kibler.,learning subgoal sequences for planning.,In Proceedings of the Eleventh International Joint Conference on Artificial Intelligence,,,
ruby1991a,ruby; and kibler,steppingstone: an empirical and analyt ical evaluation.,Proceedings Ninth National Conference on Artificial Intelligence.,,,
ruby1991a,ruby; and kibler,steppingstone: an empirical and analytical evaluation.,Proceedings Ninth National Conference on Artificial Intelligence.,,,
ruby1991a,ruby; and kibler,steppingstone: an empirical and analytical evaluation.,Proceedings Ninth National Conference on Artificial Intelligence.,,,
ruby1991,d. ruby and d. kibler.,learning subgoal sequences for planning.,In Proceedings of AAAI-91.,,,
ruby1991,d. ruby and d. kibler.,learning subgoal sequences for planning.,In Proceedings of AAAI-91.,,,
sklansky1976,j. sklansky and d. f. kibler.,a theory of nonuniformity in digitized binary pictures.,IEEE Trans. Syst. Man and Cybernetics,SMC-6(9):,,
brodley1992,brodley; c. e. and utgoff; p. e.,"multivariate versus univariate decision trees,",,,,
brodley1992,brodley; c. e. and utgoff; p. e.,"multivariate versus univariate decision trees,",,,,
brodley1992,brodley; c. e. and utgoff; p. e.,"multivariate versus univariate decision trees,",,,,
brodley1992,brodley; c. e. and utgoff; p. e.,"multivariate versus univariate decision trees,",,,,
brodley1992,brodley; c. e. and utgoff; p. e.,"multivariate versus univariate decision trees,",,,,
brodley1992,brodley; and utgoff; p. e.,"multivariate versus univariate decision trees,",,,,
brodley1992,brodley; and utgoff; p. e.,"multivariate versus univariate decision trees,",,,,
brodley1992,brodley; and utgoff; p. e.,"multivariate versus univariate decision trees,",,,,
brodley1992,brodley; and utgoff; p. e.,"multivariate versus univariate decision trees,",,,,
brodley1992,brodley; and utgoff; p. e.,multivariate versus univariate decision trees.,,,,
brodley1992,brodley; and utgoff; p. e.,multivariate versus univariate decision trees.,,,,
brodley1992,brodley; and utgoff; p. e.,multivariate versus univariate decision trees.,,,,
brodley1992,brodley; and utgoff; p. e.,multivariate versus univariate decision trees.,,,,
brodley1992,brodley; and utgoff; p. e.,multivariate versus univariate decision trees.,,,,
brodley1992,brodley; and utgoff; p. e.,multivariate versus univariate decision trees.,,,,
brodley1992,brodley; and utgoff; p. e.,multivariate versus univariate decision trees.,,,,
brodley1992,brodley; and utgoff; p. e.,multivariate versus univariate decision trees.,,,,
brodley1992,c.e. brodley and p.e. ut-goff,multivariate versus univariate decision trees.,,,,
brodley1992,c.e. brodley and p.e. utgoff,multivariate versus univariate decision trees.,,,,
brodley1992,brodley; and utgoff; p. e.,multivariate versus univariate decision trees.,,,,
brodley1992,carla e. brodley and paul e. utgoff.,multivariate versus univariate decision trees.,,,,
brodley1992,carla e. brodley and paul e. utgoff.,multivariate versus univariate decision trees.,,,,
brodley1992,carla e. brodley and paul e. utgoff.,multivariate versus univariate decision trees.,,,,
brodley1992,carla e. brodley and paul e. utgoff.,multivariate versus univariate decision trees.,,,,
brodley1992,carla e. brodley and paul e. utgoff.,multivariate versus univariate decision trees.,,,,
brodley1992,carla e. brodley and paul e. utgoff.,multivariate versus univariate decision trees.,,,,
brodley1992,carla e. brodley and paul e. utgoff.,multivariate versus univariate decision trees.,,,,
brodley1992,carla e. brodley and paul e. utgoff.,multivariate versus univariate decision trees.,,,,
brodley1992,carla e. brodley and paul e. utgoff.,multivariate versus univariate decision trees.,,,,
brodley1992,brodley; and utgoff,multivariate versus univariate decision trees.,,,,
brodley1992b,c. e. brodley and p. e. utgoff.,multivariate decision trees.,,,,
brodley1992b,c. e. brodley and p. e. utgoff.,multivariate decision trees.,,,,
brodley1992b,c. e. brodley and p. e. utgoff.,multivariate decision trees.,,,,
brodley1992b,c. e. brodley and p. e. utgoff.,multivariate decision trees.,,,,
brodley1992b,c.e. brodley and p.e. utgoff.,multivariate versus univariate decision trees.,,,,
brodley1992b,c.e. brodley and p.e. utgoff.,multivariate versus univariate decision trees.,,,,
brodley1992b,carla e. brodley and paul utgoff.,multivariate decision trees.,,,,
brodley1992b,carla e. brodley and paul utgoff.,multivariate decision trees.,,,,
brodley1992b,brodley; c. e. and utgoff; p. e.,multivariate versus univariate decision trees.,,,,
brodley1992b,brodley; c. e. and utgoff; p. e.,multivariate versus univariate decision trees.,,,,
brodley1992b,c.e. brodley and p.e. utgoff,multivariate versus univariate decision trees.,,,,
brodley1994,c. e. brodley and p. e. utgoff.,goal-directed classification using linear machine decision trees.,Machine Learning,,,
brodley1994,c. e. brodley and p. e. utgoff.,goal-directed classification using linear machine decision trees.,Machine Learning,,,
brodley1994,c. e. brodley and p. e. ut-goff.,goal-directed classification using linear machine decision trees.,Machine Learning,,,
brodley1994,b. draper; c. e. brodley; and p. utgoff.,goal-directed classification using linear machine decision trees.,IEEE Trans. on Pattern Analysis and Machine Intelligence,,,
brodley1994,c. e. brodley and p. e. utgoff.,goal-directed classification using linear machine decision trees.,Machine Learning,,,
brodley1995,carla e. brodley and paul e. utgoff.,multivariate decision trees.,Machine Learning,19,,
brodley1995,carla e. brodley and paul e. utgoff.,multivariate decision trees.,Machine Learning,19,,
brodley1995,brodley; c. e. and utgoff; p. e.,", ""multivariate decision trees"",",Machine Learning.,,,
brodley1995,brodley; c. e. and utgoff p. e.,multivariate decision trees.,Machine Learning,19,,
brodley1995,brodley; c. e. and utgoff p. e.,multivariate decision trees.,Machine Learning,19,,
brodley1995,brodley; c. e. and utgoff; p. e.,"multivariate decision trees,",Machine Learning,19:,,
brodley1995,brodley; c. e. and utgoff; p. e.,"multivariate decision trees,",Machine Learning,19:,,
brodley1995,brodley; c. e. and utgoff; p. e.,"multivariate decision trees,",Machine Learning,19:,,
brodley1995,brodley; and utgoff; p. e.,(in press). multivariate decision trees.,Machine Learning.,,,
brodley1995,brodley; and utgoff; p. e.,multivariate decision trees.,Machine Learning,,,
brodley1995,brodley; and utgoff; p. e.,multivariate decision trees.,Machine Learning,,,
brodley1995,brodley; and utgoff; p. e.,multivariate decision trees.,Machine Learning,,,
brodley1995,brodley; and utgoff; p. e.,multivariate decision trees.,Machine Learning,,,
brodley1995,brodley; and utgoff; p. e.,multivariate decision trees.,Machine Learning,,,
brodley1995,brodley; and utgoff; p. e.,multivariate decision trees.,Machine Learning,,,
brodley1995,brodley; and utgoff; p. e.,multivariate decision trees.,Machine Learning,,,
brodley1995,brodley; and utgoff; p. e.,multivariate decision trees.,Machine Learning,19 (1),,
brodley1995,brodley; utgoff; p. e.,"multivariate decision trees,",In Machine Learning,19,,
brodley1995,brodley; c.e. and utgoff p.e.,"multivariate decision trees,",Machine Learning,19,,
brodley1995,brodley; c.e. and utgoff p.e.,"multivariate decision trees,",Machine Learning,19,,
brodley1995,brodley; and utgoff,"""multivariate decision trees"",",Machine Learning,19,,
brodley1995,c. e. brodley and p. e. utgoff.,multivariate decision trees.,Machine Learning,19(1),,
brodley1995,brodley; c.e. and utgoff,"""multivariate decision trees"",",Machine Learning,,,
brodley1995,c.e. brodley and p.e. utgoff,"""multivariate decision trees"",",Machine Learning,,,
brodley1995,c. e. brodley and p. e. utgoff.,multivariate decision trees.,Machine Learning,19(1),,
brodley1995,brodley; and utgoff; p. e.,multivariate decision trees.,Machine Learning.,,,
brodley1995,carla brodley and paul utgoff.,"""linear machine decision trees,""",,,,
brodley1995,carla e. brodley and paul e. utgoff.,multivariate decision trees.,Machine Learning,19,,
brodley1995,carla e. brodley and paul e. utgoff.,multivariate decision trees.,Machine Learning,19,,
brodley1995,carla e. brodley and paul e. utgoff.,multivariate decision trees.,Machine Learning,19,,
brodley1995,carla e. brodley and paul e. utgoff.,multivariate decision trees.,Machine Learning,19,,
brodley1995,carla e. brodley and paul e. utgoff.,multivariate decision trees.,Machine Learning,19,,
brodley1995,carla e. brodley and paul e. utgoff.,multivariate decision trees.,Machine Learning,19,,
brodley1995,carla e. brodley and paul e. utgoff.,multivariate decision trees.,Machine Learning,19,,
brodley1995,carla e. brodley and paul e. utgoff.,multivariate decision trees.,Machine Learning,19,,
brodley1995,carla e. brodley and paul e. utgoff.,multivariate decision trees.,Machine Learning,19,,
brodley1995,c. e. brodley and p. e. utgoff.,multivariate decision trees.,Machine Learning,19(1),,
brodley1995,c.e. brodley and p.e. utgoff,"""multivariate decision trees"",",Machine Learning,,,
brodley1995,c. brodley and p. utgoff.,multivariate trees.,Machine Learning,19,,
brodley1995,c. e. brodley and p. e. utgoff.,multivariate decision trees.,Machine Learning,19(1),,
brodley1995,c. e. brodley and p. e. utgoff.,multivariate decision trees.,Machine Learning,19(1),,
brodley1995,brodley; and utgoff,multivariate decision trees.,Machine Learning.,,,
brodley1995,carla e. brodley and paul e. utgoff.,multivariate decision trees.,Machine Learning,19(1),,
brodley1995,c.e. brodley and p.e. utgoff,multivariate decision trees.,Machine Learning,19,,
brodley1995,c. brodley; p. utgoff,"""multivriate decision trees"",",Machine Learning,,,
callan1991,callan; j.p. and utgoff,"""a transformational approach to constructive induction,""",Proceedings of the Eight International Workshop on Machine Learning,,,
callan1991,callan; j. and utgoff,a transformational approach to constructive induction.,In Proceedings of the Eighth International Workshop on Machine Learning,,,
callan1991,callan; j. and utgoff,a transformational approach to constructive induction.,In Proceedings of the Eighth International Workshop on Machine Learning,,,
callan1991,callan; j. and utgoff,a transformational approach to constructive induction.,In Proceedings of the Eighth International Workshop on Machine Learning,,,
callan1991,j. callan and p. utgoff.,a transformational approach to constructive induction.,In Proceedings of the Eighth International Workshop on Machine Learning,,,
callan1991,j. callan and p. utgoff.,a transformational approach to constructive induction.,In Proceedings of the Eighth International Workshop on Machine Learning,,,
callan1991,j.p. callan and p.e. utgoff,a transformational approach to constructive induction.,Proceedings of the Eighth International Workshop on Machine Learning,,,
callan1991aaai,callan; and utgoff; p. e.,constructive induction on domain knowl edge.,Proceedings of the Ninth National Conference on Artificial Intelligence,,,
callan1991aaai,callan; and utgoff; p. e.,constructive induction on domain knowledge.,Proceedings of the Ninth National Conference on Artificial Intelligence,,,
callan1991aaai,j. p. callan and p.e. utgoff.,constructive induction on domain knowledge.,In Proceedings of the Ninth National Conference on Artificial Intelligence,,,
cardie1993,c. cardie.,using decision trees to improve case-based learning.,Proceedings of the Tenth International Conference on Machine Learning,,,
cardie1993,c. cardie.,using decision trees to improve case-based learning.,Proceedings of the Tenth International Conference on Machine Learning,,,
cardie1993,c. cardie.,using decision trees to improve case-based learning.,Proceedings of the Tenth International Conference on Machine Learning,,,
cardie1993,cardie,using decision trees to improve case-based learning.,Proceedings Tenth International Conference on Machine Learning.,,,
cardie1993,cardie,using decision trees to improve case-based learning.,Proceedings Tenth International Conference on Machine Learning.,,,
cardie1993,cardie,using decision trees to improve case-based learning.,Proceedings Tenth International Conference on Machine Learning.,,,
cardie1993,cardie,using decision trees to improve case-based learning.,Proceedings Tenth International Conference on Machine Learning.,,,
cardie1993,cardie,using decision trees to improve case-based learning.,Proceedings of the Tenth International Conference on Machine Learning,,,
cardie1993,cardie,using decision trees to improve case-based learning.,Proceedings of the Tenth International Conference on Machine Learning,,,
cardie1993,cardie,using decision trees to improve case-based learning.,Proceedings of the Tenth International Conference on Machine Learning,,,
caruana1993,r. caruana.,multitask learning: a knowledge-based of source of inductive bias.,Proceedings of the Tenth International Conference on Machine Learning,,,
caruana1993,r. caruana.,multitask learning: a knowledge-based of source of inductive bias.,Proceedings of the Tenth International Conference on Machine Learning,,,
caruana1993,r. caruana.,multitask learning: a knowledge-based of source of inductive bias.,Proceedings of the Tenth International Conference on Machine Learning,,,
caruana1993,richard caruana.,multitask learning: a knowledge-based of source of inductive bias.,Proceedings of the Tenth International Conference on Machine Learning,,,
caruana1993,richard caruana.,multitask learning: a knowledge-based of source of inductive bias.,Proceedings of the Tenth International Conference on Machine Learning,,,
caruana1993,richard caruana.,multitask learning: a knowledge-based of source of inductive bias.,Proceedings of the Tenth International Conference on Machine Learning,,,
caruana1993,richard caruana.,multitask learning: a knowledge-based of source of inductive bias.,Proceedings of the Tenth International Conference on Machine Learning,18,,
caruana1993,richard caruana.,multitask learning: a knowledge-based of source of inductive bias.,Proceedings of the Tenth International Conference on Machine Learning,18,,
caruana1993,r. caruana.,multitask learning: a knowledge-based of source of inductive bias.,Proceedings of the Tenth International Conference on Machine Learning,,,
caruana1993,r. caruana.,multitask learning: a knowledge-based of source of inductive bias.,Proceedings of the Tenth International Conference on Machine Learning,,,
caruana1993,r. caruana.,multitask learning: a knowledge-based of source of inductive bias.,Proceedings of the Tenth International Conference on Machine Learning,,,
caruana1993,r. caruana.,multitask learning: a knowledge-based of source of inductive bias.,Proceedings of the Tenth International Conference on Machine Learning,,,
caruana1993,r. caruana.,multitask learning: a knowledge-based of source of inductive bias.,Proceedings of the Tenth International Conference on Machine Learning,,,
caruana1993,r. caruana.,multitask learning: a knowledge-based of source of inductive bias.,Proceedings of the Tenth International Conference on Machine Learning,,,
caruana1993,caruana,multitask learning: a knowledge-based of source of inductive bias.,in: Proceedings of the Tenth International Conference on Machine Learning,,,
caruana1993,caruana,multitask learning: a knowledge-based of source of inductive bias.,in: Proceedings of the Tenth International Conference on Machine Learning,,,
caruana1993,caruana,multitask learning: a knowledge-based of source of inductive bias.,in: Proceedings of the Tenth International Conference on Machine Learning,,,
caruana1993,caruana,multitask learning: a knowledge-based of source of inductive bias.,in:Proceedings of the Tenth International Conference on Machine Learning,,,
caruana1993,caruana,multitask learning: a knowledge-based of source of inductive bias.,in: Proceedings of the Tenth International Conference on Machine Learning,,,
chapman1987,chapman,planning for conjunctive goals.,Artificial Intelligence,32,,
chapman1987,chapman,planning for conjunctive goals.,Artificial Intelligence,32,,
chapman1991,chapman,,Vision instruction and action.,,,
chapman1991,chapman,,Vision instruction and action.,,,
chapman1991,chapman,,Vision instruction and action.,,,
clark1993,p. clark and s. matwin.,using qualitative models to guide inductive learning.,Proceedings of the Tenth International Machine Learning Conference ML-93,,,
cleeremans1989,cleeremans; servan-schreiber; and mcclelland,finite state automata and simple recurrent networks.,Neural Computation,1,,
clouse1992,clouse; j. a. and utgoff; p. e.,a teaching method for reinforcement learning.,In Proceedings of the Ninth International Conference on Machine Learning.,,,
clouse1992,clouse; and utgoff; p. e.,a teaching method for reinforcement learning.,Machine Learning: Proceedings of the Ninth International Conference,,,
clouse1992,clouse; and utgoff; p. e.,a teaching method for reinforcement learning.,Machine Learning: Proceedings of the Ninth International Conference,,,
clouse1992,clouse; and utgoff,a teaching method for reinforcement learning.,In Proceedings of the Ninth International Conference on Machine Learning,,,
clouse1992,clouse; and utgoff,a teaching method for reinforcement learning.,Proc. 9th Intl. ML Conf.,,,
clouse1992,clouse; and utgoff,a teaching method for reinforcement learning.,Proc. 9th Intl. ML Conf.,,,
clouse1992,clouse; and utgoff,a teaching method for reinforcement learning.,In Proceedings of the Machine Learning Conference.,,,
clouse1992,clouse; and p.e. utgoff,a teaching method for reinforcement learning.,Proceedings of the Ninth Conference on Machine Learning,,,
clouse1992,j. clouse and p. utgoff.,a teaching method for reinforcement learning.,In Proceedings of the Machine Learning Conference,,,
clouse1992,j. a. clouse and p. e. utgoff.,a teaching method for reinforcement learning.,In Proceedings of the Ninth International Workshop on Machine Learning,,,
clouse1992,j. a. clouse and p. e. utgoff.,a teaching method for reinforcement learning.,In Proceedings of the Ninth Conference on Machine Learning.,,,
clouse1992,clouse; and utgoff,a teaching method for reinforcement learning.,In Proceedings of the Ninth International Conference of Machine Learning,,,
clouse1992,j. a. clouse and p. e. utgoff.,a teaching method for reinforcement learning.,In Proceedings of the Ninth International Conference on Machine Learning,,,
clouse1992,j.a. clouse and p.e. utgoff.,a teaching method for reinforcement learning.,In Machine Learning: Proceedings of teh Ninth International Conference,,,
clouse1992,j.a. clouse and p.e. utgoff.,a teaching method for reinforcement learning.,In Machine Learning: Proceedings of teh Ninth International Conference,,,
clouse1992,j. clouse and p. utgoff.,a teaching method for reinforcement learning.,In Proceedings of the Ninth International Conference on Machine Learning,,,
clouse1992,j. clouse and p. utgoff.,a teaching method for reinforcement learning.,In Proceedings of the Machine Learning Conference,,,
connel1987,m. e. connel and p. e. utgoff.,learning to control a dynamic physical system.,In Proceeedings AAAI 87,,,
connell1987,connell; m. e. and utgoff; p. e.,learning to control a dynamic physical system.,In Sixth National Conference on Artificial Intelligence,,,
connell1987,connell; m. e. and utgoff; p. e.,learning to control a dynamic physical system.,In Sixth National Conference on Artificial Intelligence,,,
connell1987,connell; and utgoff; p. e.,learning to control a dynamic physical system.,In Proceedings of the Sixth National Conference on Artificial Intelligence,,,
connell1987,connell; and utgoff; p. e.,learning to control a dynamic physical system.,In Proceedings of the Sixth National Conference on Artificial Intelligence,,,
connell1987,connell; and utgoff; p. e.,learning to control a dynamic physical system.,In Proceedings of the Sixth National Conference on Artificial Intelligence,,,
connell1987,connell; and utgoff; p. e.,learning to control a dynamic physical system.,In Proceedings of the Sixth National Conference on Artificial Intelligence,,,
connell1987,m. connell and p. utgoff.,"learning to control a dynamic physical system,",in Proceedings AAAI-87,Vol. 2,,
connell1987,m. connell and p. utgoff.,"learning to control a dynamic physical system,",in Proceedings AAAI-87,Vol. 2,,
connell1987,m. connell and p. utgoff.,"learning to control a dynamic physical system,",in Proceedings AAAI-87,Vol. 2,,
craven1993,craven; m. w. and shavlik,"learning symbolic rules using artificial neural networks,","""Proceedings of the Tenth International Conference on Machine Learning""",,,
craven1993,craven; m. w. and shavlik,"learning symbolic rules using artificial neural networks,","""Proceedings of the Tenth International Conference on Machine Learning""",,,
craven1993,mark w. craven and jude w. shavlik.,learning symbolic rules using artificial neural networks.,Proceedings of the Tenth International Conference on Machine Learning,,,
craven1993,mark w. craven and jude w. shavlik.,learning symbolic rules using artificial neural networks.,Proceedings of the Tenth International Conference on Machine Learning,,,
craven1993,mark w. craven and jude w. shavlik.,learning symbolic rules using artificial neural networks.,Proceedings of the Tenth International Conference on Machine Learning,,,
craven1993,m. w. craven and j. w. shavlik.,learning symbolic rules using artificial neural networks.,Proceedings of the Tenth International Conference on Machine Learning,,,
craven1993,m. w. craven and j. w. shavlik.,learning symbolic rules using artificial neural networks.,Proceedings of the Tenth International Conference on Machine Learning,,,
craven1993,m. w. craven and j. w. shavlik.,learning symbolic rules using artificial neural networks.,Proceedings of the Tenth International Conference on Machine Learning,,,
danyluk1993,danyluk; a.p. and f.j. provost,small disjuncts in action: learning to diagnose errors in the local loop of the telephone network.,Proceedings of the 10th International Conference on Machine Learning,,,
danyluk1993,danyluk; a. and provost,"small disjuncts in action: learning to diagnose errors in the telephone network local loop,",`Machine Learning: Proceedings of the Tenth International Conference',,,
draper1994,b. a. draper; carla e. brodley; and paul e. utgoff.,goal-directed classification using linear machine decision trees.,IEEE Trans. on Pattern Analysis and Machine Intelligence,16(9),,
draper1994,b. a. draper; carla e. brodley; and paul e. utgoff.,goal-directed classification using linear machine decision trees.,IEEE Trans. on Pattern Analysis and Machine Intelligence,16(9),,
draper1994,draper; brodley; c. e. and utgoff; p. e.,"`goal-directed classification using linear machine decision trees',",IEEE Transactions on Pattern Analysis and Machine Intelligence,16(9),,
draper1994,draper; brodley; c. e. and utgoff; p. e.,"`goal-directed classification using linear machine decision trees',",IEEE Transactions on Pattern Analysis and Machine Intelligence,16(9),,
draper1994,draper; brodley; and utgoff; p. e.,goal-directed classification using linear machine decision trees.,IEEE Transactions on Pattern Analysis and Machine Intelligence,16,,
draper1994,b. a. draper; carla e. brodley; and paul e. utgoff.,goal-directed classification using linear machine decision trees.,IEEE Transactions on Pattern Analysis and Machine Intelligence,16(9):,,
draper1994,b. a. draper; carla e. brodley; and paul e. utgoff.,goal-directed classification using linear machine decision trees.,IEEE Transactions on Pattern Analysis and Machine Intelligence,16(9),,
draper1994,b. a. draper; carla e. brodley; and paul e. utgoff.,goal-directed classification using linear machine decision trees.,IEEE Transactions on Pattern Analysis and Machine Intelligence,16(9),,
draper1994,b. a. draper; carla e. brodley; and paul e. utgoff.,goal-directed classification using linear machine decision trees.,IEEE Transactions on Pattern Analysis and Machine Intelligence,16(9),,
draper1994,b. a. draper; carla e. brodley; and paul e. utgoff.,goal-directed classification using linear machine decision trees.,IEEE Transactions on Pattern Analysis and Machine Intelligence,16(9),,
draper1994,b. a. draper; carla e. brodley; and paul e. utgoff.,goal-directed classification using linear machine decision trees.,IEEE Transactions on Pattern Analysis and Machine Intelligence,16(9),,
draper1994,b. a. draper; carla e. brodley; and paul e. utgoff.,goal-directed classification using linear machine decision trees.,IEEE Transactions on Pattern Analysis and Machine Intelligence,16(9),,
draper1994,b. a. draper; carla e. brodley; and paul e. utgoff.,goal-directed classification using linear machine decision trees.,IEEE Transactions on Pattern Analysis and Machine Intelligence,16(9),,
draper1994,b. a. draper; carla e. brodley; and paul e. utgoff.,goal-directed classification using linear machine decision trees.,IEEE Transactions on Pattern Analysis and Machine Intelligence,16(9),,
draper1994,bruce a. draper; carla e. brodley; and paul e. utgoff.,goal-directed classification using linear machine decision trees.,IEEE Transactions on Pattern Analysis and Machine Intelligence,16(9),,
draper1994,b. draper; c. e. brodley; and p. utgoff.,goal-directed classification using linear machine decision trees.,IEEE Trans. on Pattern Analysis and Machine Intelligence,16(9):,,
draper1994,b. draper; c. e. brodley; and p. utgoff.,goal-directed classification using linear machine decision trees.,IEEE Trans. on Pattern Analysis and Machine Intelligence,16(9):,1994,G436B3611994
fawcett1991,fawcett; t. e. and utgoff; p. e.,a hybrid method for feature generation.,In Proceedings of the Eighth International Workshop on Machine Learning,,,
fawcett1991,fawcett; and utgoff; p. e.,a hybrid method for feature generation.,Proceedings of the Eighth International Workshop on Machine Learning,,,
fawcett1991,fawcett; and utgoff; p. e.,a hybrid method for feature generation.,Machine Learning: Proceedings of the Eighth International Workshop,,,
fawcett1991,fawcett; and utgoff; p. e.,a hybrid method for feature generation. machine learning:,Proceedings of the Eighth International Workshop,,,
fawcett1991,fawcett; t.e. and utgoff,"""a hybrid method for feature generation,""",Proceedings of the Eight International Workshop on Machine Learning,,,
fawcett1991,fawcett; t. and utgoff,a hybrid method for feature generation.,Proceedings of the Eighth International Workshop on Machine Learning,,,
fawcett1991,fawcett; t. and utgoff,a hybrid method for feature generation.,Proceedings of the Eighth International Workshop on Machine Learning,,,
fawcett1992,fawcett; t. e. and utgoff; p. e.,"""automatic feature generation for problem solving systems"",",in Proceeding of the 9th International Workshop on Machine Learning,,,
fawcett1992,fawcett; t. and utgoff,automatic feature generation for problem solving systems.,In Proceedings of the Ninth International Conference on Machine Learning,,,
fawcett1992,fawcett; t. and utgoff,automatic feature generation for problem solving systems.,In Proceedings of the Ninth International Conference on Machine Learning,,,
fawcett1992,fawcett; t. and utgoff,automatic feature generation for problem solving systems.,In Proceedings of the Ninth International Conference on Machine Learning,,,
fawcett1992,tom e. fawcett; paul e. utgoff.,automatic feature generation for problem solving systems.,,,,
fawcett1992,t. e. fawcett and p. e. utgoff,"automatic feature generation for prob lem solving systems,",,,,
fawcett1992,tom fawcett and paul utgoff,"automatic feature generation for problem solving systems,",,,,
fawcett1992,t.e. fawcett and p.e. utgoff,automatic feature generation for problem solving systems.,Proceedings of the Ninth International Workshop on Machine Learning,,,
fawcett1992,tom e. fawcett and paul e. utgoff.,automatic feature generation for problem solving systems.,Proceedings of the Ninth Interntational Workshop on Machine Learning Aberdeen,,,
fayyad1993,usama m. fayyad; nicholas weir; and d. djorgovski. skicat:,a machine learning system for automated cataloging of large scale sky surveys.,In ML-93,,,
fayyad1993,usama m. fayyad; nicholas weir; and d. djorgovski. skicat:,a machine learning system for automated cataloging of large scale sky surveys.,In ML-93,,,
fayyad1993,usama m. fayyad; nicholas weir; and d. djorgovski. skicat:,a machine learning system for automated cataloging of large scale sky surveys.,In ML-93,,,
fayyad1993,usama m. fayyad; nicholas weir; and d. djorgovski. skicat:,a machine learning system for automated cataloging of large scale sky surveys.,In ML-93,,,
fayyad1993,usama m. fayyad; nicholas weir; and d. djorgovski. skicat:,a machine learning system for automated cataloging of large scale sky surveys.,In ML-93,,,
fayyad1993,usama m. fayyad; nicholas weir; and d. djorgovski. skicat:,a machine learning system for automated cataloging of large scale sky surveys.,In ML-93,,,
fayyad1993,usama m. fayyad; nicholas weir; and d. djorgovski. skicat:,a machine learning system for automated cataloging of large scale sky surveys.,In ML-93,,,
fayyad1993,usama m. fayyad; nicholas weir; and d. djorgovski. skicat:,a machine learning system for automated cataloging of large scale sky surveys.,In ML-93,,,
fayyad1993,usama m. fayyad; nicholas weir; and d. djorgovski. skicat:,a machine learning system for automated cataloging of large scale sky surveys.,In ML-93,,,
huffman1993,huffman; and laird,learning procedures from interactive natural language instructions.,Machine Learning: Proceedings of the Tenth International Conference.,,,
huffman1993,huffman; and laird,learning procedures from interactive natural language instructions.,Machine Learning: Proceedings of the Tenth International Conference.,,,
huffman1993,s. b. huffman and j. e. laird,"""learning procedures from interactive natural language instructions,"" in machine learning:",Proceedings of the Tenth International Conference,,,
huffman1993,scott b. huffman and john e. laird.,learning procedures from inter-active natural language instructions.,Machine Learning: Proceedings of the Tenth International Conference,,,
huffman1993,scott b. huffman and john e. laird.,learning procedures from inter-active natural language instructions.,Machine Learning: Proceedings of the Tenth International Conference,,,
huffman1993,scott b. huffman and john e. laird.,learning procedures from inter-active natural language instructions.,Machine Learning: Proceedings of the Tenth International Conference,,,
huffman1993,scott b. huffman and john e. laird.,learning procedures from interactive natural language instructions.,Machine Learning: Proceedings of the Tenth International Conference,,,
johnson1982,david s. johnson.,the np-completeness column : an outgoing guide.,Journal of Algorithms,(3),,
jordan1993,jordan; m. i. and jacobs,"supervised learning and divide-and-conquer: a statistical approach,","""Proceedings of the Tenth International Conference on Machine Learning""",,,
jordan1993,m. jordan and r. jacobs.,supervised learning and divide-and-conquer: a statistical approach.,Proceedings of the Tenth International Conference on Machine Learning,,,
kaelbling1993,l. p. kaelbling.,hierarchical learning in stochastic domains: preliminary results.,Proceedings of the Tenth International Conference on Machine Learning,,,
kaelbling1993,l. p. kaelbling.,hierarchical learning in stochastic domains: preliminary results.,Proceedings of the Tenth International Conference on Machine Learning,,,
kaelbling1993,l. p. kaelbling.,hierarchical learning in stochastic domains: preliminary results.,Proceedings of the Tenth International Conference on Machine Learning,,,
kaelbling1993,l. p. kaelbling.,hierarchical learning in stochastic domains: preliminary results.,Proceedings of the Tenth International Conference on Machine Learning,,,
mccallum1993,mccallum,overcoming incomplete perception with utile distinction memory.,Machine Learning: Proceedings of the Tenth International Conference,,,
mccallum1993,mccallum,overcoming incomplete perception with utile distinction memory.,Machine Learning: Proceedings of the Tenth International Conference,,,
mccallum1993,mccallum,overcoming incomplete perception with utile distinction memory.,Machine Learning: Proceedings of the Tenth International Conference,,,
mccallum1993,r. andrew mccallum.,overcoming incomplete perception with utile distinction memory.,Proceedings of the Tenth International Conference on Machine Learning,,,
mccallum1993,r.a. mccallum.,overcoming incomplete perception with utile distinction memory.,Machine Learning: Proceedings of the Tenth International Conference,,,
mccallum1993,r.a. mccallum.,overcoming incomplete perception with utile distinction memory.,Machine Learning: Proceedings of the Tenth International Conference,,,
mehra1998,a. mehra; z. wang; and k. shin.,self-parameterizing protocol stacks for guaranteed quality of service.,,,,
mehra1998,a. mehra; z. wang; and k. shin,"""self-parameterizing protocol stacks for guaranteed quality of service,""",,,,
mehra1998,a. mehra; z. wang; and k. shin,"""self-parameterizing protocol stacks for guaranteed quality of service,""",,,,
mehra1998,a. mehra; z. wang; and k. shin,"""self-parameterizing protocol stacks for guaranteed quality of service,""",,,,
minton1992,minton; drummond; bresina; and phillips,total order vs. partial order planning: factors influencing performance.,In Proceedings of the Third International Conference on Principles of Knowledge Representation and Reasoning,,,
minton1992,minton; drummond; bresina; and phillips,total order vs. partial order planning: factors influencing performance.,In Proceedings of the Third International Conference on Principles of Knowledge Representation and Reasoning,,,
mitchell1981,t.m. mitchell; p.e. utgoff; b. nudel,banerji learning problem-solving heuristics through practice.,In Proceedings of the Seventh International Joint Conference on AI 127-134 (1981),,,
mitchell1983,mitchell; p.e. utgoff; and r. banerji.,learning by experimentation: acquiring and refining problemsolving heuristics,In Machine Learning: An Artificial Intelligence Approach,,,
mitchell1983,mitchell; utgoff; p. e. and banerji,learning by experimentation: acquiring and refining problem-solving heuristics.,Machine Learning: An Artificial Intelligence Approach,(Vol. I),,
mitchell1983,mitchell; utgoff; p. e. and banerji,learning by experimentation: acquiring and refining problem-solving heuristics.,Machine Learning: An Artificial Intelligence Approach,(Vol. I),,
mitchell1983,mitchell; utgoff; and banerji,(1983) learning by experimentation: acquiring and refining problem-solving heuristics.,Machine leaning: An artificial intelligence approach,,,
mitchell1983,mitchell; utgoff; p. and banerji,"learning by experimentation: acquiring and refining problem-solving heuristics,","in ""Machine Learning An Artificial Intelligence Approach Volume I""",,,
mitchell1983,mitchell; utgoff; p. and banerji,"learning by experimentation: acquiring and refining problem-solving heuristics,","in ""Machine Learning An Artificial Intelligence Approach Volume I""",,,
mitchell1983,mitchell; utgoff; p. and banerji,"learning by experimentation: acquiring and refining problem-solving heuristics,","in ""Machine Learning An Artificial Intelligence Approach","Volume I""",,
mitchell1983,mitchell; utgoff; p. e.; and banerji,learning by experimentation: acquiring and refining problem-solving heuristics.,Machine Learning: An artificial intelligence approach.,,,
mitchell1983,mitchell; utgoff; p. e.; and banerji,learning by experimentation: acquiring and refining problem-solving heuristics.,Machine Learning: An artificial intelligence approach.,,,
mitchell1983,mitchell; utgoff; and banerji,learning by experimentation: acquiring and refining problem solving heuristics.,Machine Learning,,,
mitchell1983,mitchell; utgoff; and banerji,learning by experimentation: acquiring and refining problem solving heuristics.,Machine Learning,,,
mitchell1983,mitchell; utgoff; and banerji,learning by experimentation: acquiring and refining problem solving heuristics.,Machine Learning,,,
mitchell1983,mitchell; utgoff; and banerji,learning by experimentation: acquiring and refining problem solving heuristics.,Machine Learning,,,
mitchell1983,mitchell; utgoff; and banerji,learning by experimentation: acquiring and refining problem-solving heuristics.,Machine learning: An artificial intelligence approach,Vol.1.,,
mitchell1983,mitchell; utgoff; and banerji,learning by experimentation: acquiring and refining problem-solving heuristics.,Machine learning: An artificial intelligence approach,Vol. 1.,,
mitchell1983,mitchell; utgoff; and banerji,learning by experimentation: acquiring and refining problem-solving heuristics. in machine learning:,An Artificial Intelligence Approach chapter 6,,,
mitchell1983,mitchell; utgoff; and banerji,learning problem solving heuristics by experimentation.,Machine Learning: An Artificial Intelligence Approach.,,,
mitchell1983,mitchell; utgoff; and banerji,learning problem solving heuristics by experimentation.,Machine Learning: An Artificial Intelligence Approach.,,,
mitchell1983,mitchell; utgoff; and banerji,learning problem solving heuristics by experimentation.,Machine Learning: An Artificial Intelligence Approach.,,,
mitchell1983,mitchell; utgoff; and banerji,learning problem solving heuristics by experimentation.,Machine Learning: An Artificial Intelligence Approach.,,,
mitchell1983,mitchell; utgoff; and banerji,"""learning by experimentation: acquiring and refining problem-solving heuristics."" in machine learning:",An Artificial Intelligence Approach,,,
mitchell1983,mitchell; utgoff; and banerji,"learning by experimentation: acquiring and refining problem-solving heuristics, machine learning: an artificial intelligence approach,",,,,
mitchell1983,mitchell; utgoff; and banerji,"learning by experimentation: acquiring and refining problem-solving heuristics, machine learning: an artificial intelligence approach,",,,,
mitchell1983,mitchell; utgoff; and banerji,"learning by experimentation: acquiring and refining problem-solving heuristics, machine learning: an artificial intelligence approach,",,,,
mitchell1983,mitchell; t.m.; utgoff; p.e.; and banerji,learning by experimentation: acquiring and refining problem-solving heuristics.,In Machine Learning.,,,
mitchell1983,mitchell; t.m.; utgoff; p.e.; and banerji,learning by experimentation: acquiring and refining problem-solving heuristics.,Machine Learning.,,,
mitchell1983,mitchell; t.m.; utgoff; p.e. and banerji,learning by experimentation: acquiring and refining problem solving heuristics!+-in machine learning!+-,,,,
mitchell1983,t. mitchell; utgoff; p. and banerji,"""learning by experimentation: acquiring and refining problemsolving heuristics,""",in Machine Learning: An Artificial Intelligence Approach,,,
mitchell1983,t. mitchell; utgoff; p. and banerji,"""learning by experimentation: acquiring and refining problemsolving heuristics,""",in Machine Learning: An Artificial Intelligence Approach,,,
mitchell1983,t. m. mitchell; p. e. utgoff; and r. b. banerji.,learning by experimentation: acquiring and refining problem-solving heuristics.,Machine Learning: An Artificial Intelligence Approach,(Vol I).,,
mitchell1983,tom m. mitchell; paul e. utgoff; and ranan banerji.,learning problem solving heuristics by experimentation.,In Machine Learning: An Artificial Intelligence Approach,,,
mitchell1983,tom m. mitchell; paul e. utgoff; and ranan banerji.,learning problem solving heuristics by experimentation.,In Machine Learning: An Artificial Intelligence Approach,,,
mitchell1983,tom mitchell; paul utgoff; and ranan banerji.,learning by experimentation: acquiring and refining problem-solving heuristics.,In Machine Learning An Artificial Intelligence Approach,Volume I.,,
mitchell1983,mitchell; t.; utgoff; p.; and banerji,learning by experimentation: acquiring and refining problem-solving heuristics.,Machine learning: An artificial intelligence approach,volume 1.,,
mitchell1983,mitchell; utgoff; p. e. and banerji,"learning by experimentation: acquiring and refining problemsolving heuristics,",Machine Learning : An Artificial Intelligence Approach,,,
mitchell1983,t.m. mitchell; p.e. utgoff; and r.b. banerji.,learning by experimentation: acquiring and refining problem-solving heuristics.,Machine Learning.,,,
mitchell1983,t. mitchell; t. utgoff; and r. banerji.,learning problem solving heuristics by experimentation.,Machine Learning: An Artificial Intelligence Approach.,,,
mitchell1983,t. mitchell; t. utgoff; and r. banerji.,learning problem solving heuristics by experimentation.,Machine Learning: An Artificial Intelligence Approach.,,,
mitchell1983,t. m. mitchell; p. e. utgoff; and r. b. banerji.,learning by experimentation: acquiring and refining problem-solving heuristics.,Machine Learning An Artificial Intelligence Approach,(volume I).,,
mitchell1983,t. m. mitchell; p. e. utgoff; and r. b. banerji.,learning by experimentation: acquiring and refining problem-solving heuristics.,Machine Learning An Artificial Intelligence Approach,(volume I).,,
mitchell1983,t.m. mitchell; p.e. utgoff; and r. banerji.,learning by experimentation: acquiring and refining problem solving heuristics.,Machine Learning: An Artificial Intelligence Approach,volume 1,,
mitchell1983,t. m. mitchell; p. utgoff; and r. banerji.,learning by experimentation: acquiring and refining problem-solving heuristics.,Machine Learning vol.,1,,
mitchell1983,mitchell; utgoff; p. e. and banerji,learning by experimentation: acquiring and refining problem-solving heuristics.,Machine Learning: An Artificial Intelligence Approach,(Vol. I),,
mitchell1983,t. m. mitchell; p. e. utgoff; and r. b. banerji.,learning by experimentation: acquiring and refining problem-solving heuristics.,Machine learning: An artificial intelligence approach,volume 1.,,
mitchell1983,mitchell; utgoff; p. e. and banerji,"""learning by experimentation: acquiring and refining problem-solving heuristics,""",Machine Learning An Artificial Intelligence Approach,,,
mitchell1983,tom m. mitchell; paul e. utgoff; and ranan banerji.,"""learning by experimentation: acquiring and refining problem-solving heuristics","."" In Machine 58 Learning: An Artificial Intelligence Approach",Volume I,,
mitchell1983,t. m. mitchell; p. e. utgoff; and r. banerji.,learning by experimentation : acquiring and refining problem-solving heuristics.,Machine Learning : An Artificial Intelligence Approach,Vol. 1.,,
mitchell1983ijcai,mitchell,"learning and problem solving,",Proceedings of IJCAI-83.,,,
mitchell1993,tom m. mitchell; paul e. utgoff; and ranan banerji.,learning by experimentation: acquiring and refining problem-solving heuristics.,,[30],,
mitchell1993,tom m. mitchaell and paul e. utgoff.,learning by experimentation: acquiring and refining problem-solving heuristics.,In Shavlik and Dietterich,[17],,
mitchell1993,tom m. mitchaell and paul e. utgoff.,learning by experimentation: acquiring and refining problem-solving heuristics.,In Shavlik and Dietterich,[17],,
mitchell1993ebl,mitchell; t. and thrun,"""explanation-based learning: a comparison of symbolic and neural network approaches."",",In Proceedings of the Tenth International Conference on Machine Learning,,,
mitchell1993ebl,tom m. mitchell and sebastian thrun.,explanation based learning: a comparison of symbolic and neural network approaches.,Proceedings of the Tenth International Conference on Machine Learning,,,
mitchell1993ebl,tom m. mitchell and sebastian thrun.,explanation based learning: a comparison of symbolic and neural network approaches.,Proceedings of the Tenth International Conference on Machine Learning,,,
mitchell1993ebl,tom m. mitchell and sebastian thrun.,explanation based learning: a comparison of symbolic and neural network approaches.,Proceedings of the Tenth International Conference on Machine Learning,,,
mitchell1993ebl,tom m. mitchell and sebastian thrun.,explanation based learning: a comparison of symbolic and neural network approaches.,Proceedings of the Tenth International Conference on Machine Learning,,,
mitchell1993ebl,tom m. mitchell and sebastian thrun.,explanation based learning: a comparison of symbolic and neural network approaches.,Proceedings of the Tenth International Conference on Machine Learning,,,
mladenic,dunja mladenic.,combinatorial optimization in inductive concept learning.,In ML-93,,,
mladenic,dunja mladenic.,combinatorial optimization in inductive concept learning.,In ML-93,,,
mladenic,dunja mladenic.,combinatorial optimization in inductive concept learning.,In ML-93,,,
mladenic,dunja mladenic.,combinatorial optimization in inductive concept learning.,In ML-93,,,
mladenic,dunja mladenic.,combinatorial optimization in inductive concept learning.,In ML-93,,,
mladenic,dunja mladenic.,combinatorial optimization in inductive concept learning.,In ML-93,,,
mladenic,dunja mladenic.,combinatorial optimization in inductive concept learning.,In ML-93,,,
mladenic,dunja mladenic.,combinatorial optimization in inductive concept learning.,In ML-93,,,
mladenic,dunja mladenic.,combinatorial optimization in inductive concept learning.,In ML-93,,,
mladenic1993,mladenic,combinatorial optimization in inductive concept learning.,In Machine Learning Proceedings of the Tenth International Conference,,,
moss1997,moss; cavazos; stefanovic; utgoff; precup; scheeff; and brodley,learning policies for local instruction scheduling.,,,,
musick1992,musick; catlett; and russell,decision theoretic subsampling for induction on large databases.,Proceedings of the Tenth International Conference on Machine Learning,,,
musick1992,r. musick; jason catlett; and s. russell.,decision theoretic subsampling for induction on large databases.,In ML-93,,,
musick1992,r. musick; jason catlett; and s. russell.,decision theoretic subsampling for induction on large databases.,In ML-93,,,
musick1992,r. musick; jason catlett; and s. russell.,decision theoretic subsampling for induction on large databases.,In ML-93,,,
musick1992,r. musick; jason catlett; and s. russell.,decision theoretic subsampling for induction on large databases.,In ML-93,,,
musick1992,r. musick; jason catlett; and s. russell.,decision theoretic subsampling for induction on large databases.,In ML-93,,,
musick1992,r. musick; jason catlett; and s. russell.,decision theoretic subsampling for induction on large databases.,In ML-93,,,
musick1992,r. musick; jason catlett; and s. russell.,decision theoretic subsampling for induction on large databases.,In ML-93,,,
musick1992,r. musick; jason catlett; and s. russell.,decision theoretic subsampling for induction on large databases.,In ML-93,,,
musick1992,r. musick; jason catlett; and s. russell.,decision theoretic subsampling for induction on large databases.,In ML-93,,,
quinlan1993,,"quinlan (1993) ""combining instance-based and model-based learning"",",Proc. ML'93,,,
quinlan1993,quinlan,combining instance-based and model-based learning.,Proc. Int. Conf. on Mach. Learn.,,,
quinlan1993,quinlan j. r.,combining instance-based and model-based learning.,Proceedings of the Machine Learning Conference '93,,,
quinlan1993,john ross quinlan.,combining instance-based and model-based learning.,In ML-93,,,
quinlan1993,john ross quinlan.,combining instance-based and model-based learning.,In ML-93,,,
quinlan1993,john ross quinlan.,combining instance-based and model-based learning.,In ML-93,,,
quinlan1993,john ross quinlan.,combining instance-based and model-based learning.,In ML-93,,,
quinlan1993,john ross quinlan.,combining instance-based and model-based learning.,In ML-93,,,
quinlan1993,john ross quinlan.,combining instance-based and model-based learning.,In ML-93,,,
quinlan1993,john ross quinlan.,combining instance-based and model-based learning.,In ML-93,,,
quinlan1993,john ross quinlan.,combining instance-based and model-based learning.,In ML-93,,,
quinlan1993,john ross quinlan.,combining instance-based and model-based learning.,In ML-93,,,
quinlan1993,quinlan,combining instance-based and model-based learn-ing.,Proceedings of the 10th International Conference on Machine Learning,,,
quinlan1993,quinlan,combining instance-based and model-based learning.,Proceedings of the 10th International Conference on Machine Learning,,,
ragavan1993,ragavan; and rendell,lookahead feature construction for learning hard concepts.,Machine Learning. Proceedings of the Tenth International Conference,,,
ragavan1993,harish ragavan and larry rendell.,lookahead feature construction for learning hard concepts.,In ML-93,,,
ragavan1993,harish ragavan and larry rendell.,lookahead feature construction for learning hard concepts.,In ML-93,,,
ragavan1993,harish ragavan and larry rendell.,lookahead feature construction for learning hard concepts.,In ML-93,,,
ragavan1993,harish ragavan and larry rendell.,lookahead feature construction for learning hard concepts.,In ML-93,,,
ragavan1993,harish ragavan and larry rendell.,lookahead feature construction for learning hard concepts.,In ML-93,,,
ragavan1993,harish ragavan and larry rendell.,lookahead feature construction for learning hard concepts.,In ML-93,,,
ragavan1993,harish ragavan and larry rendell.,lookahead feature construction for learning hard concepts.,In ML-93,,,
ragavan1993,harish ragavan and larry rendell.,lookahead feature construction for learning hard concepts.,In ML-93,,,
ragavan1993,harish ragavan and larry rendell.,lookahead feature construction for learning hard concepts.,In ML-93,,,
rymon1993,ron rymon.,an se-tree based characterization of the induction problem.,In ML-93,,,
rymon1993,ron rymon.,an se-tree based characterization of the induction problem.,In ML-93,,,
rymon1993,ron rymon.,an se-tree based characterization of the induction problem.,In ML-93,,,
rymon1993,ron rymon.,an se-tree based characterization of the induction problem.,In ML-93,,,
rymon1993,ron rymon.,an se-tree based characterization of the induction problem.,In ML-93,,,
rymon1993,ron rymon.,an se-tree based characterization of the induction problem.,In ML-93,,,
rymon1993,ron rymon.,an se-tree based characterization of the induction problem.,In ML-93,,,
rymon1993,ron rymon.,an se-tree based characterization of the induction problem.,In ML-93,,,
rymon1993,ron rymon.,an se-tree based characterization of the induction problem.,In ML-93,,,
safford1993,david r. safford; douglas l. schales; and david k. hess.,the tamu security package: an outgoing response to internet intruders in an academic environment.,In Proceedings of the Fourth USENIX Security Symposium. USENIX Association,,,
schmill1998,schmill; m. d.; rosenstein; m. t.; cohen; p. r.; and utgoff,learning what is relevant to the effects of actions for a mobile robot.,,,,
schwartz1993,schwartz,"a reinforcement learning method for maximizing undiscounted rewards,","""Proceedings of the Tenth International Conference on Machine Learning""",,,
schwartz1993,schwartz,a reinforcement learning method for maximizing undiscounted rewards.,Proceedings of the Tenth International Conference on Machine Learning,,,
stone1977,stone,: consistent nonparametric regression.,The Annals of Statistics,5,,
torgo1990,torgo l.,"""incremental rule learning using entropy based search""",,,,
torgo1995,torgo,: data fitting with rule-based regression.,In Proceedings of the 2nd international workshop on Artificial Intelligence Techniques (AIT95),,,
utgoff1982aaai,utgoff; p. e.; and mitchell,acquisition of appropriate bias for inductive concept learning.,In Proceedings of AAAI-82.,,,
utgoff1982aaai,utgoff; p. e.; and mitchell,acquisition of appropriate bias for inductive concept learning.,Proceedings of the Second National Conference on Artificial Intelligence,,,
utgoff1982aaai,p. e. utgoff and t. m. mitchell.,acquisition of appropriate bias for inductive concept learning.,In Proc. of AAAI-82,,,
utgoff1982aaai,paul utgoff and tom m. mitchell.,acquisition of appropriate bias for inductive concept learning.,In AAAI-82,,,
utgoff1982ml,utgoff p. e. mitchell tom m. and banerji r. b.,learning by experimentation: acquiring and refining problem- solving heuristics.,In Machine Learning.,,,
utgoff1983,p.e. utgoff.,adjusting bias in concept learning.,In IJCAI-83,,,
utgoff1984phd,utgoff; p. e.,shift of bias for inductive concept learning.,,,,
utgoff1984phd,paul utgoff.,shift of bias for inductive concept learning.,,,,
utgoff1984phd,p. e. utgoff.,shift of bias for inductive concept learning.,,,,
utgoff1984phd,p. e. utgoff.,shift of bias for inductive concept learning.,,,,
utgoff1984phd,p. utgoff.,shift of bias for inductive concept learning.,,,,
utgoff1984phd,p. utgoff.,shift of bias for inductive concept learning.,,,,
utgoff1986book,utgoff; p. e.,machine learning of inductive bias.,,12,,
utgoff1986book,utgoff; p. e.,,Machine Learning of Inductive Bias. Hingham,,,
utgoff1986book,utgoff; p. e.,,Machine Learning of Inductive Bias. Hingham,,,
utgoff1986book,p. utgoff.,,Machine Learning of Inductive Bias.,,,
utgoff1986book,p. utgoff.,,Machine Learning of Inductive Bias.,,,
utgoff1986book,paul e. utgoff.,,Machine Learning of Inductive Bias.,,,
utgoff1986book,paul e. utgoff.,,Machine Learning of Inductive Bias.,,,
utgoff1986book,p. e. utgoff,,Machine Learning of Inductive Bias.,,,
utgoff1986book,p. e. utgoff,,Machine Learning of Inductive Bias.,,,
utgoff1986book,p. e. utgoff.,,Machine Learning of Inductive Bias.,,,
utgoff1986book,p. e. utgoff.,,Machine Learning of Inductive Bias.,,,
utgoff1986book,p. e. utgoff.,,Machine Learning of Inductive Bias.,,,
utgoff1986book,utgoff,,Machine Learning of Inductive Bias.,Vol.15,,
utgoff1986book,utgoff; p. e.,,Machine Learning of Inductive Bias.,32,,
utgoff1986book,utgoff; p. e.,,Machine Learning of Inductive Bias.,32,,
utgoff1986book,p. utgoff.,,Machine Learning of Inductive Bias.,,,
utgoff1986book,utgoff,,Machine Learning of Inductive Bias.,Vol.15,,
utgoff1986book,utgoff; p. e.,,Machine Learning of Inductive Bias.,35,,
utgoff1986book,utgoff; p. e.,,Machine Learning of Inductive Bias.,35,,
utgoff1986book,utgoff; p. e.,,Machine Learning of Inductive Bias.,35,,
utgoff1986book,utgoff,,Machine Learning of Inductive Bias.,Vol.15,,
utgoff1986book,p.e. utgoff.,,Machine Learning of Inductive Bias.,,,
utgoff1986book,paul e. utgoff,,"""Machine Learning of Inductive Bias""",,,
utgoff1986book,paul e. utgoff,,"""Machine Learning of Inductive Bias""",,,
utgoff1986book,utgoff; p. e.,,Machine Learning of Inductive Bias.,,,
utgoff1986mlii,p.e. utgoff.,shift of bias for inductive concept-learning.,Machine Learning: an artificial intelligence approach,,,
utgoff1986mlii,utgoff,"""shift of bias for inductive learning,"",",in Machine Learning: An Artificial Intelligence Approach,Vol. II,,
utgoff1986mlii,utgoff,"""shift of bias for inductive learning,"",",in Machine Learning: An Artificial Intelligence Approach,Vol. II,,
utgoff1986mlii,utgoff,shift of bias for inductive concept learning.,Machine Learning II,,,
utgoff1986mlii,utgoff,shift of bias for inductive concept learning.,Machine Learning II,,,
utgoff1986mlii,utgoff,shift of bias for inductive concept learning.,Machine Learning II,,,
utgoff1986mlii,utgoff,shift of bias for inductive concept learning.,Machine Learning II,,,
utgoff1986mlii,p. utgoff,"""shift of bias for inductive learning,"",",in Machine Learning: An Artificial Intelligence Approach,Vol. II,,
utgoff1986mlii,p. utgoff,"""shift of bias for inductive learning,"",",in Machine Learning: An Artificial Intelligence Approach,Vol. II,,
utgoff1986mlii,utgoff,"""shift of bias for inductive concept learning"",",Machine Learning: An AI Approach,Vol. II.,,
utgoff1986mlii,utgoff,shift of bias for inductive concept learning.,Machine Learning: An Artificial Intelligence Approach,Vol. II,,
utgoff1986mlii,utgoff,shift of bias for inductive concept learning.,Machine Learning: An Artificial Intelligence Approach,Vol. II,,
utgoff1986mlii,utgoff,shift of bias for inductive concept learning.,Machine Learning,volume 2,,
utgoff1986mlii,utgoff,shift of bias for inductive concept learning.,Machine Learning,volume 2,,
utgoff1986mlii,utgoff,shift of bias for inductive concept learning.,Machine Learning,volume 2,,
utgoff1986mlii,utgoff,shift of bias for inductive concept learning.,In Machine Learning,volume 2.,,
utgoff1986mlii,utgoff,shift of bias for inductive concept learning.,In Machine Learning,volume 2.,,
utgoff1986mlii,utgoff,shift of bias for inductive concept learning.,In Machine Learning,volume 2.,,
utgoff1986mlii,utgoff,shift of bias for inductive concept learning.,In Machine Learning,volume 2.,,
utgoff1986mlii,utgoff,shift of bias for inductive concept learning.,In Machine Learning,volume 2.,,
utgoff1986mlii,utgoff,shift of bias for inductive concept learning.,Machine Learning: An Artificial Intelligence Approach,volume 2.,,
utgoff1986mlii,utgoff,shift of bias for inductive concept learning.,Machine Learning: An Artificial Intelligence Approach II.,,,
utgoff1986mlii,utgoff; p. e.,shift of bias for inductive concept learning.,Machine learning.,,,
utgoff1986mlii,utgoff; p. e.,shift of bias for inductive concept learning.,Machine learning: An artificial intelligence approach.,,,
utgoff1986mlii,utgoff; p. e.,shift of bias for inductive concept learning.,Machine learning: An artificial intelligence approach.,,,
utgoff1986mlii,utgoff; p. e.,shift of bias for inductive concept learning.,Machine Learning,Vol. 2,,
utgoff1986mlii,utgoff; p. e.,shift of bias for inductive concept learning.,Machine Learning,Vol.2,,
utgoff1986mlii,utgoff; p. e.,shift of bias for inductive concept learning.,Machine Learning: An Artificial Intelligence Approach,Vol. II,,
utgoff1986mlii,utgoff; p. e.,shift of bias for inductive concept learning.,Machine Learning: An Artificial Intelligence Approach,Vol. II,,
utgoff1986mlii,utgoff; p. e.,shift of bias for inductive concept learning.,Machine Learning: An Artificial Intelligence Approach,Vol. II,,
utgoff1986mlii,utgoff; p. e.,shift of bias for inductive concept learning.,,,,
utgoff1986mlii,utgoff; p. e.,shift of bias for inductive concept learning.,In Machine Learning: An Artificial Intelligence Approach:,Volume II,,
utgoff1986mlii,utgoff; p. e.,shift of bias for inductive concept learning.,In Machine Learning: An Artificial Intelligence Approach:,Volume II,,
utgoff1986mlii,utgoff,"shift of bias for inductive concept learning,",in Machine Learning: An Artificial Intelligence Approach,Vol. II,,
utgoff1986mlii,utgoff,shift of bias for inductive concept learning.,,,,
utgoff1986mlii,utgoff,"shift of bias for inductive learning,",Machine Learning: An Artificial Intelligence Approach,Vol. II,,
utgoff1986mlii,utgoff; paul e.,shift of bias for inductive concept learning.,,,,
utgoff1986mlii,p.e. utgoff.,shift of bias for inductive concept learning.,Machine Learning: An Artificial Intelligence Approach,Volume II.,,
utgoff1986mlii,p.e. utgoff.,shift of bias for inductive concept learning.,Machine Learning: An Artificial Intelligence Approach,Volume II.,,
utgoff1986mlii,p.e. utgoff.,shift of bias for inductive concept learning.,Machine Learning: An Artificial Intelligence Approach,Volume II.,,
utgoff1986mlii,utgoff; p. e.,shift of bias of induc tive concept learning.,Machine Learning: An Artificial Intelligence Approach,Vol II.,,
utgoff1986mlii,utgoff; p. e.,shift of bias of inductive concept learning.,Machine Learning: An Artificial Intelligence Approach,Vol II.,,
utgoff1986mlii,utgoff; p. e.,shift of bias of inductive concept learning.,Machine Learning: An Artificial Intelligence Approach,Vol II.,,
utgoff1986mlii,utgoff; p. e.,shift of bias of inductive concept learning.,Machine Learning: An Artificial Intelligence Approach,Vol II.,,
utgoff1986mlii,utgoff; p. e.,shift of bias of inductive concept learning.,Machine Learning: An Artificial Intelligence Approach,Vol II.,,
utgoff1986mlii,p. e. utgoff.,shift of bias for inductive concept learning.,In Machine learning,II.,,
utgoff1986mlii,p. utgoff,"shift of bias for inductive concept learning,",Machine Learning: An Artificial Intelligence Approach 2 (Springer-Verlag,,,
utgoff1986mlii,p. utgoff,"shift of bias for inductive concept learning,.",Machine Learning: An Artificial Intelligence Approach 2 (Springer-Verlag,,,
utgoff1986mlii,p. utgoff.,shift of bias for inductive concept learning.,In Machine Learning: An Artificial Intelligence Approach,volume III.,,
utgoff1986mlii,utgoff,shift of bias for inductive concept learning.,Machine Learning: An Artificial Intelligence Approach:,Vol II,,
utgoff1986mlii,p. e. utgoff.,shift of bias for inductive concept learning.,Machine Learning: An Artificial Intelligence Approach,10,,
utgoff1986mlii,p. utgoff.,shift of bias for inductive concept learning.,In Machine Learning,volume 2.,,
utgoff1986mlii,p. utgoff.,shift of bias for inductive concept learning.,Machine Learning,volume 2,,
utgoff1986mlii,p. utgoff.,shift of bias for inductive concept learning.,Machine Learning,volume 2,,
utgoff1986mlii,p. utgoff.,shift of bias for inductive concept learning.,Machine Learning,volume 2,,
utgoff1986mlii,p. utgoff.,shift of bias for inductive concept learning.,Machine Learning,volume 2,,
utgoff1986mlii,utgoff,shift of bias for inductive concept learning.,Machine Learning: An Artificial Intelligence Approach:,Vol II,,
utgoff1986mlii,p e utgoff.,shift of bias for inductive concept learning.,Machine Learning: An Artificial Intelligence Approach,(Volume 2).,,
utgoff1986mlii,utgoff; paul e.,shift of bias for inductive concept learning.,Machine Learning. An Artificial Intelligence Approach.,Volume II,,
utgoff1986mlii,utgoff; paul e.,shift of bias for inductive concept learning.,Machine Learning. An Artificial Intelligence Approach.,Volume II,,
utgoff1986mlii,utgoff; paul e.,shift of bias for inductive concept learning.,Machine Learning. An Artificial Intelligence Approach.,Volume II,,
utgoff1986mlii,p. e.,"utgoff ""shift of bias for inductive concept learning""",in Machine Learning: An Artificial Intelligence Approach,,,
utgoff1986mlii,p. e.,"utgoff ""shift of bias for inductive concept learning""",in Machine Learning: An Artificial Intelligence Approach,,,
utgoff1986mlii,utgoff; p. e.,shift of bias for inductive concept learning.,Machine Learning: An Artificial Intelligence Approach,Volume II,,
utgoff1986mlii,p. utgoff.,shift of bias for inductive concept learning.,Machine Learning,,,
utgoff1986mlii,p. utgoff.,shift of bias for inductive concept learning.,Machine Learning,,,
utgoff1986mlii,p. utgoff.,shift of bias for inductive concept learning.,Machine Learning,,,
utgoff1987,utgoff; p. e.; and saxena,learning a preference predicate.,Proceedings of the Fourth International Workshop on Machine Learning,,,
utgoff1987,utgoff; and saxena,learning a preference predicate.,In Proceedings of the Fourth International Workshop on Machine Learning,,,
utgoff1987,p. utgoff and s. saxena,"""learning a preference predicate,""",Proceedings of the 4th International Conference on Machine Learning,,,
utgoff1987,utgoff; p. and saxena,learning a preference predicate.,In Proceedings of the Fourth International Workshop on Machine Learning,,,
utgoff1988aaai,utgoff; and p.s. heitman.,learning and generalizing move selection preferences.,In Proceedings of the AAAI 1988 Spring Symposium Series: Computer Game Playing,,,
utgoff1988iid,utgoff p.e.,"""id5: an incremental id3"",",in Proc. of 5th International Workshop on Machine Learning J.,,,
utgoff1988iid,utgoff p.e.,"""id5: an incremental id3"",",in Proc. of 5th International Workshop on Machine Learning J.,,,
utgoff1988iid,utgoff,id5r: an incremental id3.,Proceedings of the Fifth International Conference on Machine Learning,27,,
utgoff1988iid,utgoff,id5r: an incremental id3.,Proceedings of the Fifth International Conference on Machine Learning,28,,
utgoff1988iid,utgoff,id5: an incremental id3.,In Proceedings of the Fifth International Conference on Machine Learning.,,,
utgoff1988iid,utgoff,id5: an incremental id3.,In Proceedings of the Fifth International Conference on Machine Learning.,,,
utgoff1988iid,utgoff,id5: an incremental id3.,In Proceedings of the Fifth International Conference on Machine Learning.,,,
utgoff1988iid,utgoff,id5: an incremental id3.,In Proceedings of the Fifth International Conference on Machine Learning.,,,
utgoff1988iid,utgoff; p. e.,an incremental id3.,In Proceedings of the Fifth National Conference on Machine Learning.,,,
utgoff1988iid,utgoff; p. e.,id5: an incremental id3.,In Proceedings of the Fifth International Conference on Machine Learning,,,
utgoff1988iid,utgoff; p. e.,id5: an incremental id3.,In Proceedings of the Fifth International Conference on Machine Learning,,,
utgoff1988iid,p. utgoff. id5:,an incremental id3.,In Proceedings of the Fifth International Conference on Machine Learning,,,
utgoff1988iid,p. utgoff. id5:,an incremental id3.,In Proc. 5th Intl. Conf. Mach. Learning,,,
utgoff1988iid,p. utgoff. id5:,an incremental id3.,In Proc. 5th Intl. Conf. Mach. Learning,,,
utgoff1988iid,p. utgoff. id5:,an incremental id3.,In Proc. 5th Intl. Conf. Mach. Learning,,,
utgoff1988iid,utgoff; p. e.,id5: an incremental id3.,In Proc. 5th Int. Conf. on Machine Learning Ca,,,
utgoff1988iid,p. e. utgoff. id5:,an incremental id3.,Proc. 5th Int. Conf. on Machine Learning,,,
utgoff1988iid,paul e. utgoff. id5:,an incremental id3.,Proceedings of the Fifth International Conference on Machine Learning,,1988,A552P4321988
utgoff1988iid,p. e. utgoff.,an incremental id3.,In Proceedings of the Fifth National Conference on Machine Learning,,,
utgoff1988iid,utgoff,an incremental id3.,Proceedings of the Fifth National Conference on Machine Learning,,,
utgoff1988iid,p.e. utgoff,an incremental id3.,Proceedings of the Fifth International Conference on Machine Learning,,,
utgoff1988pt,utgoff,perceptron trees: a case study in hybrid concept representations.,Proceedings of the Seventh National Conference on Artificial Intelligence,,,
utgoff1988pt,utgoff,perceptron trees: a case study in hybrid concept representations.,Proceedings of the Seventh National Conference on Artificial Intelligence,,,
utgoff1988pt,utgoff; p. e.,perceptron trees: a case study in hybrid concept representations.,Proceedings of the Seventh National Conference on Artificial Intelligence,,,
utgoff1988pt,utgoff; p. e.,perceptron trees: a case study in hybrid concept representations.,Proceedings of the Seventh National Conference on Artificial Intelligence,,,
utgoff1988pt,utgoff; p. e.,perceptron trees: a case study in hybrid concept representations.,Proceedings of the Seventh National Conference on Artificial Intelligence,,,
utgoff1988pt,utgoff; p. e.,perceptron trees: a case study in hybrid concept representations.,In Proceedings of the Seventh National Conference on Artificial Intelligence,,,
utgoff1988pt,utgoff; p. e.,perceptron trees: a case study in hybrid concept representations.,In Proceedings of the Seventh National Conference on Artificial Intelligence,,,
utgoff1988pt,utgoff; p. e.,perceptron trees: a case study in hybrid concept representation.,In AAAI-88 Proceedings of the Seventh National Conference on Artificial Intelligence,,,
utgoff1988pt,utgoff; p. e.,perceptron trees: a case study in hybrid concept representation.,In Proceedings of the Seventh National Conference on Artificial Intelligence,,,
utgoff1988pt,paul. e. utgoff.,perceptron trees: a case study in hybrid concept representations.,Connection Science,1(4),,
utgoff1988pt,utgoff; p. e.,perceptron trees: a case study in hybrid concept representation.,In A A A I - 8 8 Proceedings of the Seventh National Conference on Artificial Intelligence,,,
utgoff1988pt,paul e. utgoff.,perceptron trees: a case study in hybrid concept representation.,In Proceedings of the Seventh National Conference on Artificial Intelligence,,,
utgoff1988pt,paul e. utgoff.,perceptron trees: a case study in hybrid concept representation.,In Proceedings of the Seventh National Conference on Artificial Intelligence,,,
utgoff1989,p.e. utgoff.,incremental induction of decision trees.,Machine Learning,(4),,
utgoff1989,paul e. utgoff.,incremental induction of decision trees.,Machine Learning,4,,
utgoff1989,p. utgoff,. incremental induction of decision trees.,Machine Learning.,Vol.4,,
utgoff1989,utgoff p. e.,"incremental induction of decision trees,",Machine Learning,4,,
utgoff1989,utgoff,incremental induction of decision trees.,Machine Learning,4(2),,
utgoff1989,utgoff,incremental induction of decision trees.,Machine Learning,4,,
utgoff1989,utgoff,incremental induction of decision trees.,Machine Learning,4,,
utgoff1989,utgoff,incremental induction of decision trees.,Machine Learning,4,,
utgoff1989,utgoff,incremental induction of decision trees.,Machine Learning,4,,
utgoff1989,utgoff,incremental induction of decision trees.,Machine Learning,4,,
utgoff1989,utgoff; p. e.,incremental induction of decision trees.,Machine Learning,4,,
utgoff1989,utgoff; p. e.,incremental induction of decision trees.,Machine Learning,4,,
utgoff1989,utgoff; p. e.,incremental induction of decision trees.,Machine Learning,4,,
utgoff1989,utgoff; p. e.,incremental induction of decision trees.,Machine Learning,4,,
utgoff1989,utgoff; p. e.,incremental induction of decision trees.,Machine Learning,4,,
utgoff1989,utgoff; p. e.,incremental induction of decision trees.,Machine Learning,4,,
utgoff1989,utgoff; p. e.,incremental induction of decision trees.,Machine Learning,4,,
utgoff1989,utgoff; p. e.,incremental induction of decision trees.,Machine Learning,4,,
utgoff1989,utgoff; p. e.,incremental induction of decision trees.,Machine Learning,4,,
utgoff1989,utgoff; p. e.,incremental induction of decision trees.,Machine Learning,4,,
utgoff1989,utgoff; p. e.,incremental induction of decision trees.,Machine Learning,4,,
utgoff1989,utgoff; p. e.,incremental induction of decision trees.,Machine Learning,4,,
utgoff1989,utgoff; p. e.,perceptron trees: a case study in hybrid concept representa tions.,Connection Science,1,,
utgoff1989,utgoff; p. e.,incremental induction of decision trees.,Machine Learning,4,,
utgoff1989,utgoff; p. e.,incremental induction of decision trees.,Machine Learning,4,,
utgoff1989,utgoff; p. e.,incremental induction of decision trees.,Machine Learning,4,,
utgoff1989,utgoff; p. e.,incremental induction of decision trees.,Machine Learning,4,,
utgoff1989,utgoff; p. e.,incremental induction of decision trees.,Machine Learning,4,,
utgoff1989,utgoff; p. e.,incremental induction of decision trees.,Machine Learning,4,,
utgoff1989,utgoff; p. e.,incremental induction of decision trees.,Machine Learning,4(2),,
utgoff1989,utgoff,incremental induction of decision trees.,Machine Learning 4,,,
utgoff1989,utgoff,(1989) incremental induction of decision trees.,Machine Learning,4(2),,
utgoff1989,utgoff,incremental induction of decision trees.,Machine Learning,4:,,
utgoff1989,utgoff,"incremental decision tress. machine learning,",,,,
utgoff1989,utgoff,incremental induction of decision trees.,Machine Learning,4(2),,
utgoff1989,p. e. utgoff.,perceptron trees: a case study in hybrid concept representations.,Connection Science,1,,
utgoff1989,p. e. utgoff.,perceptron trees: a case study in hybrid concept representations.,Connection Science,1,,
utgoff1989,p. utgoff.,incremental induction of decision trees.,Machine Learning,4(2),,
utgoff1989,p. utgoff.,incremental induction of decision trees.,Machine Learning,4(2),,
utgoff1989,p.e. utgoff.,incremental induction of decision trees.,Machine Learning,(4):,1989,I526P3211989
utgoff1989,p.e. utgoff.,incremental induction of decision trees.,Machine Learning,4(2),,
utgoff1989,utgoff,incremental induction of decision trees.,Machine Learning,4,,
utgoff1989,utgoff,incremental induction of decision trees.,Machine Learning,4,,
utgoff1989,utgoff,incremental induction of decision trees.,Machine Learning,4,,
utgoff1989,p. e. utgoff.,incremental induction of decision trees.,Machine Learning,4,,
utgoff1989,p.e. utgoff.,incremental induction of decision trees.,Machine Learning,(4):,1989,I526P3211989
utgoff1989,paul e. utgoff.,incremental induction of decision trees.,Machine Learning,4,,
utgoff1989,paul e. utgoff.,incremental induction of decision trees.,Machine Learning,4,,
utgoff1989,paul e. utgoff.,incremental induction of decision trees.,Machine Learning,4,,
utgoff1989,paul e. utgoff.,incremental induction of decision trees.,Machine Learning,4,,
utgoff1989,paul e. utgoff.,incremental induction of decision trees.,Machine Learning,4,,
utgoff1989,paul e. utgoff.,incremental induction of decision trees.,Machine Learning,4,,
utgoff1989,paul e. utgoff.,incremental induction of decision trees.,Machine Learning,4,,
utgoff1989,paul e. utgoff.,incremental induction of decision trees.,Machine Learning,4,,
utgoff1989,paul e. utgoff.,incremental induction of decision trees.,Machine Learning,4,,
utgoff1989,paul e. utgoff.,incremental induction of decision trees.,Machine Learning,4,,
utgoff1989,p. e. utgoff.,incremental induction of decision trees.,Machine Learning,4,,
utgoff1989,p. e. utgoff.,incremental induction of decision trees.,Machine Learning,4,,
utgoff1989,p.e. utgoff.,incremental induction of decision trees.,Machine Learning,4,,
utgoff1989,utgoff p.e.:,"incremental learning of decision trees.,",Machine Learning,4,,
utgoff1989,p.e. utgoff,incremental induction of decision trees.,Machine Learning,4,,
utgoff1989mlw,p. e. utgoff.,improved training via incremental learning.,In Sixth International Workshop on Machine Learning,,,
utgoff1989mlw,p. e. utgoff.,improved training via incremental learning.,In Sixth International Workshop on Machine Learning,,,
utgoff1989mlw,p. e. utgoff,"improved training via incremental learning,",Proceedings of the Sixth International Workshop on Machine Learning,,,
utgoff1989mlw,utgoff; p. e.,improved training via incremental learning.,In Proceedings of the Sixth International Workshop on Machine Learning,,,
utgoff1989mlw,utgoff; p. e.,improved training via incremental learning.,In Proceedings of the Sixth International Workshop on Machine Learning,,,
utgoff1989mlw,utgoff; p. e.,improved training via incremental learning.,Proceedings of the Sixth International Workshop on Machine Learning.,,,
utgoff1989mlw,utgoff; p. e.,improved training via incremental learning.,Proceedings of the Sixth International Workshop on Machine Learning.,,,
utgoff1989mlw,utgoff; paul e.,"improved training via incremental learning,",Proc. of the 6th Int'l Workshop on Machine Learning,,,
utgoff1989mlw,utgoff; paul e.,"improved training via incremental learning,",Proc. of the 6th Int'l Workshop on Machine Learning,,,
utgoff1989mlw,paul e. utgoff.,improved training via incremental learning.,In Sixth International Workshop on Machine Learning,,,
utgoff1989pt,utgoff; p. e.,perceptron trees: a case study in hybrid concept representa-tions.,Connection Science,1,,
utgoff1989pt,utgoff; p. e.,perceptron trees: a case study in hybrid concept representations.,Connection Science,1 (4),,
utgoff1989pt,utgoff; p. e.,perceptron trees: a case study in hybrid concept representations.,Connection Science,1 (4),,
utgoff1989pt,utgoff; p. e.,perceptron trees: a case study in hybrid concept representations.,Connection Science,1 (4),,
utgoff1989pt,utgoff; p. e.,perceptron trees: a case study in hybrid concept representations.,Connection Science,1 (4),,
utgoff1989pt,utgoff; p. e.,perceptron trees: a case study in hybrid concept representations.,Connection Science,1 (4),,
utgoff1989pt,utgoff; p. e.,perceptron trees: a case study in hybrid concept representations.,Connection Science,1 (4),,
utgoff1989pt,utgoff; p. e.,perceptron trees: a case study in hybrid concept representations.,Connection Science,1 (4),,
utgoff1989pt,utgoff; p. e.,perceptron trees: a case study in hybrid concept representations.,Connection Science,1,,
utgoff1989pt,utgoff; p. e.,perceptron trees: a case study in hybrid concept representations.,Connection Science,1,,
utgoff1989pt,utgoff; p. e.,perceptron trees: a case study in hybrid concept representations.,Connection Science,1,,
utgoff1989pt,utgoff; p. e.,perceptron trees: a case study in hybrid concept representations.,Connection Science,1,,
utgoff1989pt,utgoff; p. e.,perceptron trees: a case study in hybrid concept representations.,Connection Science,1,,
utgoff1989pt,utgoff,"perceptron trees: a case study in hybrid concept representations,",Connection Science,1,,
utgoff1989pt,utgoff,"perceptron trees: a case study in hybrid concept representations,",Connection Science,1,,
utgoff1989pt,utgoff,perceptron trees: a case study in hybrid concept representations.,Connection Science,Volume 1.,,
utgoff1989pt,utgoff,perceptron trees: a case study in hybrid concept representations.,Connection Science,Volume 1.,,
utgoff1989pt,paul e. utgoff.,perceptron trees: a case study in hybrid concept representations.,Connection Science,1(4),,
utgoff1989pt,paul e. utgoff.,perceptron trees: a case study in hybrid concept representations.,Connection Science,1(4),,
utgoff1989pt,paul e. utgoff.,perceptron trees: a case study in hybrid concept representations.,Connection Science,1(4),,
utgoff1989pt,paul e. utgoff.,perceptron trees: a case study in hybrid concept representations.,Connection Science,1(4),,
utgoff1989pt,paul e. utgoff.,perceptron trees: a case study in hybrid concept representations.,Connection Science,1(4),,
utgoff1989pt,paul e. utgoff.,perceptron trees: a case study in hybrid concept representations.,Connection Science,1(4),,
utgoff1989pt,paul e. utgoff.,perceptron trees: a case study in hybrid concept representations.,Connection Science,1(4),,
utgoff1989pt,paul e. utgoff.,perceptron trees: a case study in hybrid concept representations.,Connection Science,1(4),,
utgoff1989pt,paul e. utgoff.,perceptron trees: a case study in hybrid concept representations.,Connection Science,1(4),,
utgoff1989pt,p. e. utgoff.,perceptron trees: a case study in hybrid concept representations.,Connection Science,1(4),,
utgoff1989pt,utgoff,perceptron trees: a case study in hybrid concept representation.,Connection Science. 16 Set Curves Set Curves 17 Set Curves Set Curves 18 Set Curves Set Curves 19,,,
utgoff1989pt,utgoff,perceptron trees: a case study in hybrid concept representation.,Connection Science. Set Curves Set Curves Set Curves Set Curves Curves Curves,,,
utgoff1989rp,utgoff; p. e.; saxena; callan; and fawcett,"representation problems in machine learning: a proposal,",,,,
utgoff1990,utgoff; p. e. and brodley,an incre-mental method for finding multivariate splits for decision trees.,Proceedings of the Ninth National Conference on Artificial Intelligence,6,,
utgoff1990,utgoff; p. e. and brodley c. e.,an incremental method for finding multivariate splits for decision trees.,In Proceedings of the Seventh International Conference on Machine Learning,,,
utgoff1990,utgoff; p. e. and brodley c. e.,an incremental method for finding multivariate splits for decision trees.,In Proceedings of the Seventh International Conference on Machine Learning,,,
utgoff1990,utgoff; p. e.; and brodley,an incremental method for finding mul-tivariate splits for decision trees.,In Proceedings of the Seventh International Conference on Machine Learning,,,
utgoff1990,utgoff; p. e.; and brodley,an incremental method for finding multivariate splits for decision trees.,In Proceedings of the Seventh International Conference on Machine Learning,,,
utgoff1990,utgoff; p. e.; and brodley,an incremental method for finding multivariate splits for decision trees.,In Proceedings of the Seventh International Conference on Machine Learning,,,
utgoff1990,utgoff; p. e.; and brodley,an incremental method for finding multivariate splits for decision trees.,In Proceedings of the Seventh International Conference on Machine Learning,,,
utgoff1990,utgoff; p. e.; and brodley,an incremental method for finding multivariate splits for decision trees.,In Proceedings of the Seventh International Conference on Machine Learning,,,
utgoff1990,utgoff; p. e.; and brodley,an incremental method for finding multivariate splits for decision trees.,In Proceedings of the Seventh International Conference on Machine Learning,,,
utgoff1990,utgoff; p. e.; and brodley,an incremental method for finding multivariate splits for decision trees.,In Proceedings of the Seventh International Conference on Machine Learning,,,
utgoff1990,utgoff; p. e.; and brodley,an incremental method for finding multivariate splits for decision trees.,In Proceedings of the Seventh International Conference on Machine Learning,,,
utgoff1990,utgoff; p. e.; and brodley,an incremental method for finding multivariate splits for decision trees.,In Proceedings of the Seventh International Conference on Machine Learning,,,
utgoff1990,utgoff; p. e.; and brodley,an incremental method for finding multivariate splits for decision trees.,In Proceedings of the Seventh International Conference on Machine Learning,,,
utgoff1990,utgoff; p. e.; and brodley,an incremental method for finding multivariate splits for decision trees.,Proceedings of the Seventh International Conference on Machine Learning,,,
utgoff1990,utgoff; p. e.; and brodley,an incremental method for finding multivariate splits for decision trees.,Proceedings of the Seventh International Conference on Machine Learning,,,
utgoff1990,utgoff; p. e.; and brodley,an incremental method for finding multivariate splits for decision trees.,Proceedings of the Seventh International Conference on Machine Learning,,,
utgoff1990,utgoff; p. e.; and brodley,an incremental method for finding multivariate splits for decision trees.,Proceedings of the Seventh International Conference on Machine Learning,14,,
utgoff1990,utgoff; p. e.; and brodley,an incremental method for finding multivariate splits for decision trees.,Proceedings of the Seventh International Conference on Machine Learning,14,,
utgoff1990,utgoff; p. e.; and brodley,an incremental method for finding multivariate splits for decision trees.,Proceedings of the Seventh International Conference on Machine Learning,,,
utgoff1990,utgoff; p. e.; and brodley,an incremental method for finding multivariate splits for decision trees.,In Proceedings 7th International Conference on Machine Learning,,,
utgoff1990,p. utgoff and c. brodley.,an incremental method for find multivariate splits for decision trees.,In Proceedings of the Seventh International Conference on Machine Learning,,,
utgoff1990,p. utgoff and c. brodley.,an incremental method for find multivariate splits for decision trees.,In Proceedings of the Seventh International Conference on Machine Learning,,,
utgoff1990,p.e. utgoff and c.e. brodley.,an incremental method for finding mul--tivariate splits for decision trees.,In Machine Learning:Proceedings of the Seventh International Conference,,,
utgoff1990,p. e. utgoff and c. e. brodley.,an incremental method for finding multivariate splits for decision trees.,In Proceedings of the Seventh International Conference on Machine Learning,16,1990,A552P3211990
utgoff1990,p. e. utgoff and c. e. brodley.,an incremental method for finding multivariate splits for decision trees.,In Proceedings of the Seventh International Conference on Machine Learning,16,,
utgoff1990,paul e. utgoff and carla e. brodley.,an incremental method for finding multivariate splits for decision trees.,In Proceedings of the Seventh International Conference on Machine Learning,,,
utgoff1990,paul e. utgoff and carla e. brodley.,an incremental method for finding multivariate splits for decision trees.,In Proceedings of the Seventh International Conference on Machine Learning,,,
utgoff1990,paul e. utgoff and carla e. brodley.,an incremental method for finding multivariate splits for decision trees.,In Proceedings of the Seventh International Conference on Machine Learning,,,
utgoff1990,paul e. utgoff and carla e. brodley.,an incremental method for finding multivariate splits for decision trees.,In Proceedings of the Seventh International Conference on Machine Learning,,,
utgoff1990,paul e. utgoff and carla e. brodley.,an incremental method for finding multivariate splits for decision trees.,In Proceedings of the Seventh International Conference on Machine Learning,,,
utgoff1990,paul e. utgoff and carla e. brodley.,an incremental method for finding multivariate splits for decision trees.,In Proceedings of the Seventh International Conference on Machine Learning,,1990,A552P4321990
utgoff1990,paul e. utgoff and carla e. brodley.,an incremental method for finding multivariate splits for decision trees.,In Proceedings of the Seventh International Conference on Machine Learning,,,
utgoff1990,paul e. utgoff and carla e. brodley.,an incremental method for finding multivariate splits for decision trees.,In Proceedings of the Seventh International Conference on Machine Learning,,,
utgoff1990,paul e. utgoff and carla e. brodley.,an incremental method for finding multivariate splits for decision trees.,In Proceedings of the Seventh International Conference on Machine Learning,,1990,A552P4321990
utgoff1991aaai,utgoff; p. and clouse,two kinds of training information for evaluation function learning.,In Proceedings of the Ninth National Conference on Artificial Intelligence,,,
utgoff1991aaai,utgoff; p. and clouse,two kinds of training information for evaluation function learning.,In Proceedings of the Ninth National Conference on Artificial Intelligence,,,
utgoff1991aaai,utgoff; p. and clouse,two kinds of training information for evaluation function learning.,In Proceedings of the Ninth National Conference on Artificial Intelligence,,,
utgoff1991aaai,utgoff; p. and clouse,two kinds of training information for evaluation function learning.,In Proceedings of the Ninth National Conference on Artificial Intelligence,,,
utgoff1991aaai,utgoff; p. e. and clouse,two kinds of training information for evaluation function learning.,In Proceedings of the Ninth Annual Conference on Artificial Intelligence,,,
utgoff1991aaai,utgoff; p. e. and clouse,two kinds of training information for evaluation function learning.,In Proceedings of the Ninth Annual Conference on Artificial Intelligence,,,
utgoff1991aaai,utgoff; p. e.; and clouse,two kinds of training information for evaluation function learning.,Proceedings of the Ninth National Conference on Artificial Intelligence,,,
utgoff1991aaai,utgoff; p. e.; and clouse,two kinds of training information for evaluation function learning.,Proceedings of the Ninth National Conference on Artificial Intelligence,,,
utgoff1991aaai,utgoff; p. e.; and clouse,two kinds of training information for evaluation function learning.,Proceedings of the Ninth National Conference on Artificial Intelligence,15,,
utgoff1991aaai,utgoff; and clouse,two kinds of training information for evaluation function learning.,In Proceedings of the Ninth National Conference on Artificial Intelligence,,,
utgoff1991aaai,utgoff; and clouse.,two kinds of training information for evaluation function learning.,In Proceedings of Ninth National Conference on Artificial Intelligence,,,
utgoff1991aaai,utgoff; p.e. and brodley,linear machine decision trees.,,,,
utgoff1991aaai,utgoff; p.e. and brodley,linear machine decision trees.,,,,
utgoff1991aaai,p. e. utgoff and j. a. clouse.,two kinds of training information for evaluation function learning.,In Proceedings of the Ninth National Conference on Artificial Intelligence,,,
utgoff1991aaai,p. utgoff and j. clouse.,two kinds of training information for evaluation function learning.,In Proceedings of AAAI,,,
utgoff1991aaai,p. utgoff and j. clouse.,two kinds of training information for evaluation function learning.,In Proceedings of AAAI,,,
utgoff1991aaai,p.e. utgoff and j.a. clouse.,two kinds of training information for evaluation function learning.,In Proceedings of the Ninth Annual Conference on Artificial Intelligence,,1991,T253P3211991
utgoff1991aaai,p.e. utgoff and j.a. clouse.,two kinds of training information for evaluation function learning.,In Proceedings of the Ninth Annual Conference on Artificial Intelligence,,1991,T253P3211991
utgoff1991aaai,p. utgoff and j. clouse.,two kinds of training information for evaluation function learning.,In Proceeding of the Ninth National Conference on Artificial Intelligence (AAAI-91).,,,
utgoff1991aaai,p. e. utgoff and j. a. clouse.,two kinds of training information for evaluation function learning.,In Proceedings of the Ninth Annual Conference on Artificial Intelligence,,1991,T253P3211991
utgoff1991aaai,p. e. utgoff and j. a. clouse.,two kinds of training information for evaluation function learning.,In Proceedings of the Ninth Annual Conference on Artificial Intelligence,,1991,T253P3211991
utgoff1991aaai,p. e. utgoff and j. a. clouse.,two kinds of training information for evaluation function learning.,In Proceedings of the Ninth Annual Conference on Artificial Intelligence,,1991,T253P3211991
utgoff1991aaai,p. e. utgoff and j. a. clouse.,two kinds of training information for evaluation function learning.,In Proceedings of the Ninth Annual Conference on Artificial Intelligence,,1991,T253P3211991
utgoff1991aaai,utgoff,and clouse (1991). two kinds of training information for evaluation function learning.,In Proceedings of Ninth National Conference on Artificial Intelligence,,,
utgoff1991lmdt,utgoff; p. e. and brodley c. e.,linear machine decision trees,,,,
utgoff1991lmdt,utgoff; p. e. and brodley c. e.,linear machine decision trees,,,,
utgoff1991lmdt,utgoff; p. e.; and brodley,linear ma-chine decision trees.,,,,
utgoff1991lmdt,utgoff; p. e.; and brodley,"linear machine decision trees,",,,,
utgoff1991lmdt,utgoff; p. e.; and brodley,"linear machine decision trees,",,,,
utgoff1991lmdt,utgoff; p. e.; and brodley,linear machine decision trees.,,,,
utgoff1991lmdt,utgoff; p. e.; and brodley,linear machine decision trees.,,,,
utgoff1991lmdt,utgoff; p. e.; and brodley,linear machine decision trees.,,,,
utgoff1991lmdt,utgoff; p. e.; and brodley,linear machine decision trees.,,,,
utgoff1991lmdt,utgoff; p. e.; and brodley,linear machine decision trees.,,,,
utgoff1991lmdt,utgoff; p. e.; and brodley,linear machine decision trees.,,,,
utgoff1991lmdt,utgoff; p. e.; and brodley,linear machine decision trees.,,,,
utgoff1991lmdt,utgoff; p. e.; brodley,"linear machine decision trees,",,,,
utgoff1991lmdt,paul e. utgoff and carla e. brodley.,linear machine decision trees.,,,,
utgoff1991lmdt,paul e. utgoff and carla e. brodley.,linear machine decision trees.,,,,
utgoff1991lmdt,paul e. utgoff and carla e. brodley.,linear machine decision trees.,,,,
utgoff1991lmdt,paul e. utgoff and carla e. brodley.,linear machine decision trees.,,,,
utgoff1991lmdt,paul e. utgoff and carla e. brodley.,linear machine decision trees.,,,,
utgoff1991lmdt,paul e. utgoff and carla e. brodley.,linear machine decision trees.,,,,
utgoff1991lmdt,paul e. utgoff and carla e. brodley.,linear machine decision trees.,,,,
utgoff1991lmdt,paul e. utgoff and carla e. brodley.,linear machine decision trees.,,,,
utgoff1991lmdt,paul e. utgoff and carla e. brodley.,linear machine decision trees.,,,,
utgoff1994,p. utgoff.,an improved algorithm for incremental induction of decision trees.,Proceedings of the Eleventh International Conference on Machine Learning,,,
utgoff1994,p. utgoff.,an improved algorithm for incremental induction of decision trees.,Proceedings of the Eleventh International Conference on Machine Learning,,,
utgoff1994,p. utgoff.,an improved algorithm for incremental induction of decision trees.,Proceedings of the Eleventh International Conference on Machine Learning,,,
utgoff1994,utgoff,"an improved algorithm for incremental induction of decision trees,",,,,
utgoff1994,utgoff; p. e.,"an improved algorithm for incremental induction of decision trees,","in ""Machine Learning: Proceedings of the Eleventh International Conference""",,,
utgoff1994,utgoff; p. e.,"an improved algorithm for incremental induction of decision trees,","in ""Machine Learning: Proceedings of the Eleventh International Conference""",,,
utgoff1994,utgoff; p. e.,"an improved algorithm for incremental induction of decision trees,","in ""Machine Learning: Proceedings of the Eleventh International Conference""",,,
utgoff1994,utgoff; p. e.,"an improved algorithm for incremental induction of decision trees,",in Machine Learning:Proceedings of the Eleventh International Conference,,,
utgoff1994,utgoff; p. e.,"an improved algorithm for incremental induction of decision trees,",in Machine Learning: Proceedings of the Eleventh International Conference,,,
utgoff1994,utgoff; p. e.,"an improved algorithm for incremental induction of decision trees,",in Machine Learning: Proceedings of the Eleventh International Conference,,,
utgoff1994,utgoff; p. e.,an improved algorithm for incremental induction of decision trees,in Machine Learning: Proceedings of the Eleventh International Conference,,,
utgoff1994,utgoff; p. e.,an improved algorithm for incremental induction of decision trees.,In Proceedings of the Eleventh International Conference on Machine Learning,,,
utgoff1994,utgoff; p. e.,an improved algorithm for incremental induction of decision trees.,In Proceedings of the Eleventh International Conference on Machine Learning,,,
utgoff1994,utgoff; p. e.,an improved algorithm for incremental induction of decision trees.,Machine Learning: Proceedings of the Eleventh International Conference,,,
utgoff1994,utgoff; p. e.,an improved algorithm for incremental induction of decision trees.,In Machine Learning: Proc. 11th Int. Conf.,,,
utgoff1994,utgoff,an improved algorithm for incremental induction of decision trees.,In Proceedings of the 10th International Machine Learning Workshop,,,
utgoff1994,utgoff,an improved algorithm for incremental induction of decision trees.,Proceedings of the Eleventh International Conference on Machine Learning,,,
utgoff1994,utgoff,an improved algorithm for incremental induction of decision trees.,Proceedings of the Eleventh International Conference on Machine Learning,,,
utgoff1994,utgoff,an improved algorithm for incremental induction of decision trees.,Proceedings of the Eleventh International Conference on Machine Learning,,,
utgoff1994,paul e. utgoff.,an improved algorithm for incremental induction of decision trees.,In ML-94,,,
utgoff1994,paul e. utgoff.,an improved algorithm for incremental induction of decision trees.,In ML-94,,,
utgoff1994,paul e. utgoff.,an improved algorithm for incremental induction of decision trees.,In ML-94,,,
utgoff1994,paul e. utgoff.,an improved algorithm for incremental induction of decision trees.,In ML-94,,,
utgoff1994,paul e. utgoff.,an improved algorithm for incremental induction of decision trees.,In ML-94,,,
utgoff1994,paul e. utgoff.,an improved algorithm for incremental induction of decision trees.,In ML-94,,,
utgoff1994,paul e. utgoff.,an improved algorithm for incremental induction of decision trees.,In ML-94,,,
utgoff1994,paul e. utgoff.,an improved algorithm for incremental induction of decision trees.,In ML-94,,,
utgoff1994,paul e. utgoff.,an improved algorithm for incremental induction of decision trees.,In ML-94,,,
utgoff1994,p.e. utgoff,an improved algorithm for incremental induction of decision trees.,Proceedings of the Eleventh International Conference on Machine Learning,,,
utgoff1995,utgoff,decision tree induction based on efficient tree restructuring.,,,,
utgoff1995,utgoff,decision tree induction based on efficient tree restructuring.,,,,
utgoff1995,utgoff; p. e.,"decision tree induction based on efficient tree restructuring,",,,,
utgoff1995,utgoff; p. e.,"decision tree induction based on efficient tree restructuring,",,,,
utgoff1995,utgoff; p. e.,"decision tree induction based on efficient tree restructuring,",,,,
utgoff1995,utgoff; p. e.,"decision tree induction based on efficient tree restructuring,",,,,
utgoff1995,utgoff; p. e.,decision tree induction based on efficient tree restructuring,,,,
utgoff1995,utgoff; p. e.,decision tree induction based on efficient tree restructuring,,,,
utgoff1995,paul e. utgoff.,decision tree induction based on efficient tree restructuring.,,,,
utgoff1995,paul e. utgoff.,decision tree induction based on efficient tree restructuring.,,,,
utgoff1996,utgoff,"decision tree induction based on efficient tree restructuring,",,,,
utgoff1996,utgoff,"decision tree induction based on efficient tree restructuring,",,,,
utgoff1996ks,utgoff; p. e.; and clouse,"a kolmogorov-smirnoff metric for decision tree induction,",,,,
utgoff1996ks,utgoff; p.e. and clouse j.a.,"a kolmogorov-smirnoff metric for decision tree induction,",,,,
utgoff1996ks,utgoff; p.e. and clouse j.a.,"a kolmogorov-smirnoff metric for decision tree induction,",,,,
utgoff1996mlii,p.e. utgoff,shift of bias of inductive concept learning. in r.s.,Machine Learning: An Artificial Intelligence Approach,(Vol. II),,
utgoff1996va,paul e. utgoff.,feature function learning for value approximation.,,,1996,F361P4321996
utgoff1997,utgoff; p. e.; berkman; and clouse,decision tree induction based on efficient tree restructuring.,Machine Learning.,,,
utgoff1997,utgoff; p. e.; berkman; n. c.; and clouse,decision tree induction based on efficient tree restructuring.,Machine Learning,29(1),,
utgoff1997,paul e. utgoff; neil c. berkman; and jeffery a. clouse.,"decision tree induction based on efficient tree restructuring. machine learning,",,29:5,,
utgoff1997,paul e. utgoff; neil c. berkman; and jeffery a. clouse.,"decision tree induction based on efficient tree restructuring. machine learning,",,29:5,,
utgoff1997,p. e. utgoff; n. c. berkman; and j. a. clouse.,decision tree induction based on efficient tree restructuring.,Machine Learning,,,
utgoff1997,utgoff; p. e.; berkman; and clouse,decision tree induction based on efficient tree restructuring.,Machine Learning.,,,
utgoff1997,utgoff; p. e.; berkman; and clouse,(in press). decision tree induction based on efficient tree restructuring.,Machine Learning.,,,
utgoff1997fa,utgoff; p. e.; and precup,"constructive function approximation,",,,,
utgoff1997fa,utgoff; p. e.; and precup,"constructive function approximation,",,,,
utgoff1997fa,utgoff; p. e.; and precup,"constructive function approximation,",,,,
utgoff1997fa,utgoff; p. e.; and precup,"constructive function approximation,",,,,
utgoff1997fa,p.e. utgoff.,"constructive function approximation,",,,,
utgoff1998,utgoff; p. e. and precup,"constructive function approximation. feature extraction, construction, and selection: a data-mining perspective.",,,,
utgoff1998,utgoff; p. e. and precup,"constructive function approximation. feature extraction, construction, and selection: a data-mining perspective.",,,,
yee1990,yee; saxena; utgoff; p. e. and barto,explaining temporal differences to create useful concepts for evaluating states.,In Proceedings of the Eighth National Conference on Artificial Intelligence,,,
yee1990,yee; saxena; utgoff; p. e.; and barto,explaining temporal differences to create useful concepts for evaluating states.,Proceedings of the Eighth National Conference on Artificial Intelligence,,,
yee1990,yee; saxena; utgoff; p. e.; and barto,explaining temporal differences to create useful concepts for evaluating states.,In Proceedings of the Eight National Conference on Artificial Intelligence (AAAI-90),,,
yee1990,r.c. yee; s. saxena; p.e. utgoff; and a.g. barto.,explaining temporal differences to create useful concepts for evaluating states.,In Proceedings of the Eighth National Conference on Artificial Intelligence,,,
yee1990,r.c. yee; s. saxena; p.e. utgoff; and a.g. barto.,explaining temporal differences to create useful concepts for evaluating states.,In Proceedings of the Eighth National Conference on Artificial Intelligence,,,
yee1990,richard c. yee; sharad saxena; paul e. utgoff; and andrew c. barto.,explaining temporal-differences to create useful concepts for evaluating states.,In Proceedings of AAAI-90,18,,
yee1990,richard c. yee; sharad saxena; paul e. utgoff; and andrew c. barto.,explaining temporal-differences to create useful concepts for evaluating states.,In Proceedings of AAAI-90,,,
zheng1993,q. zheng,"real-time fault-tolerant communication in computer networks,",,,,
zheng1993,q. zheng,"real-time fault-tolerant communication in computer networks,",,,,
zheng1993,q. zheng,"real-time fault-tolerant communication in computer networks,",,,,
zheng1993,q. zheng,"real-time fault-tolerant communication in computer networks,",,,,
