id,authors,title,venue_name,venue_vol,venue_date
ahlskog1994a,M. Ahlskog; J. Paloheimo; H. Stubb; P. Dyreklev; M. Fahlman,Inganas and M.R.,Andersson J Appl. Phys.,76,(1994).
ahlskog1994a,M. Ahlskog; J. Paloheimo; H. Stubb; P. Dyreklev; M. Fahlman; O. Inganas and M.R. Andersson,,J Appl. Phys.,76,(1994).
ahlskog1994a,M. Ahlskog; J. Paloheimo; H. Stubb; P. Dyreklev; M. Fahlman; O. Inganas and M.R. Andersson,,J Appl. Phys.,76,(1994).
ahlskog1994a,M. Ahlskog; J. Paloheimo; H. Stubb; P. Dyreklev; M. Fahlman; O. Inganas and M.R. Andersson,,J Appl. Phys.,76,(1994).
ahlskog1994a,M. Ahlskog; J. Paloheimo; H. Stubb; P. Dyreklev; M. Fahlman; O. Inganas and M.R. Andersson,,J Appl. Phys.,76,(1994).
ahlskog1994a,M. Ahlskog; J. Paloheimo; H. Stubb; P. Dyreklev; M. Fahlman; O. Inganas and M.R. Andersson,,J Appl. Phys.,76,(1994).
ahlskog1994a,M. Ahlskog; J. Paloheimo; H. Stubb; P. Dyreklev; M. Fahlman; O. Inganas and M.R. Andersson,,J Appl. Phys.,76,(1994).
ahlskog1994a,M. Ahlskog; J. Paloheimo; H. Stubb; P. Dyreklev; M. Fahlman; O. Inganas and M.R. Andersson,,Journal of Applied Physics,76,(1994).
asfahl1992a,C. Ray Asfahl.,Robots and Manufacturing Automation.,,,1992.
benford1993a,Steve Benford and Lennart E. Fahlen.,A spatial model of interaction in large virtual environments.,In Proceedings of ECSCW'93,,September 1993.
benford1994a,Benford; and Fahln,"Viewpoints, Actionpoints and Spatial Frames for Collaborative User Interfaces,",6th ERCIM workshop,,"(1994), June 1994,"
benford1995a,Benford; Bowers; Fahln; Greenhalgh; and Snowdon,"User Embodiment in Collaborative Virtual Environments,",in Proc. ACM Conference on Human Factors in Computing Systems (CHI95),,"May 7-11, 1995,"
benford1995a,Benford; Bowers; Fahlen; Greenhalgh; Snowdon,User Embodiment in Collaborative Virtual Environments.,In Proceedings of CHI95,,(1995).
benford1995a,Benford; Bowers; Fahlen; Greenhalgh; Snowdon,User Embodiment in Collaborative Virtual Environments.,In Proceedings of CHI95,242 249.,
benford1995b,Steve Benford; John Bowers; Lennart Fahlen; Chris Greenhalg; John Mariani; and Tom Rodden.,Networked Virtual realitty and Cooperative Work.,Presence,4(4),1995.
brown1992a,Brown; D. F.; Moura; H. and Watt,"Actress: an action semantics directed compiler generator,",`Proceedings of the International Workshop on Compiler Construction (CC-92)',,"(1992b),"
brown1992a,Brown; D. F.; Moura; H. and Watt,"Actress: an action semantics directed compiler generator,",`Proceedings of the International Workshop on Compiler Construction (CC-92)',,"(1992b),"
brown1992a,D. F. Brown; H. Moura; and D. A. Watt. Actress:,an action semantics directed compiler generator.,Proceedings of the 4th International Conference on Compiler Construction (CC'92),,October 1992.
buth1992a,B. Buth; K.-H. Buth; M. Franzle; B. v. Karger; Y. Lakhneche; H. Langmaack; and M. Muller-Olm.,Provably correct compiler development and implementation.,Compiler Construction,,1992.
buth1992a,B. Buth et. al.,"Provably Correct Compiler Implementation,",Compiler Construction,,"1992,"
buth1992a,B. Buth et. al.,"Provably Correct Compiler Implementation,",Compiler Construction,,"1992,"
buth1992a,B. Buth et. al.,"Provably Correct Compiler Implementation,",Compiler Construction,,"1992,"
buth1992a,Bettina Buth; Karl-Heinz Buth; Martin Franzle; Burghard von Karger; Yassine Lakhneche; Hans Langmaack; and Markus Muller-Olm.,Provably correct compiler development and implementation.,Compiler Construction number 641 in Lecture Notes in Computer Science,,1992.
carlson1993a,Carlson; C.; L.E.Fahln.; Conklin,Integrated CSCW Tools Within a Shared 3D Virtual Environment. Hypertext: An Introduction and Survey.,In Computer Supported Cooperative Work: A Book of Readings.,,1993. 1985.
cramer1985a,Cramer,A representation for the adaptive generation of simple sequential programs.,Proceedings of an International Conference on Genetic Algorithms and Their Applications,,(1985).
daelemans1995a,Daelemans; Van den Bosch; and Weijters,"IG-tree: A variant of IBL. submitted. Available from request to antal@cs.rulimburg.nl Fahlman, (1990). The Cascade-correlation Learning Architecture.",,,(1995).
deb1989a,,An investigation of niche and species formation in genetic function op-timization.,Proceedings of the Third International Conference on Genetic Algorithms,,
deb1989a,,An investigation of niche and species formation in genetic function optimization.,Proceedings of the Third International Conference on Genetic Algorithms,,(1989).
deb1989a,,An investigation of niche and species formation in genetic function optimization.,Proceedings of the Third International Conference on Genetic Algorithms,,(1989).
dempster1977a,Dempster; Laird; and Rubin,Maximum likelihood from incomplete data via the EM algorithm.,Journal of the Royal Statistical Society B,39,(1977).
dempster1977a,Dempster; Laird; and Rubin,Maximum likelihood from incomplete data via the EM algorithm.,Journal of the Royal Statistical Society B,39,(1977).
dill1997a,M. Dill and M.,Fahle Limited Translation Invari-ance of Human Visual Pattern Recognition.,Perception and Psychophysics (in press).,,(1997a)
dill1997a,M. Dill and M.,Fahle Limited Translation Invari-ance of Human Visual Pattern Recognition.,Perception and Psychophysics (in press).,,(1997a)
dill1997b,M. Dill and M.,Fahle The Role of Visual Field Position in Pattern-Discrimination Learning.,Proceedings of the Royal Society London B (in press).,,(1997b)
dill1997b,M. Dill and M.,Fahle The Role of Visual Field Position in Pattern-Discrimination Learning.,Proceedings of the Royal Society London B (in press).,,(1997b)
dutta1988a,Dutta; S. and Shekhar,Bond rating: A non-conservative application of neural networks.,In International Joint Conference on Neural Networks,volume 2,1988.
fahle1981a,M. Fahle and T. Poggio.,Visual hyperacuity: spatiotemporal interpolation in human vision.,Proceedings of the Royal Society of London B,213,1981.
fahle1991a,Fahle,"(1991) Parallel perception of vernier offsets, curvature, and chevrons in humans.",Vis. Res.,31:,
fahle1992a,Fahle; M. W. and Edelman,Learning in hyperacuity: influence of stimulus range and of feedback.,Vision Research.,,(1992).
fahle1993a,M Fahle and S Edelman.,"Long-term learning in Vernier acuity: effects of stimulus orientation, range and of feedback.",Vision Research,33(3),1993.
fahle1993a,Fahle; M. and Edelman,"Long-term learning in vernier acuity: Effects of stimulus orientation, range and of feedback.",Vision Research,33,(1993).
fahle1993a,Fahle; M. and Edelman,"Long-term learning in vernier acuity: Effects of stimulus orientation, range and of feedback.",Vision Research,33,(1993)
fahle1995a,Fahle; Edelman; and Poggio,Fast perceptual learning in hyperacuity.,Vision Research,35,(1995).
fahle1995a,Fahle; Edelman; and Poggio,Fast perceptual learning in hyperacuity.,Vision Research,35,(1995).
fahle1995a,Fahle; Edelman; and Poggio,Fast perceptual learning in hyperacuity.,Vision Research,35,(1995).
fahle1995a,Fahle; Edelman; and Poggio,Fast perceptual learning in hyperacuity.,Vision Research,35,(1995)
fahle1997a,Fahle,"Specificity of learning curvature, orientation, and vernier discriminations.",Vision Research,37(14),(1997).
fahle1997a,Fahle,"Specificity of learning curvature, orientation, and vernier discriminations.",Vision Research,37(14),(1997)
fahlen1993a,Lennart E. Fahlen; Charles Grant Brown; Olov Stahl; and Christer Carlsson.,A space based model for user interaction in shared synthetic environments.,In Proceedings of Interchi '93,,April 1993.
fahlen1993a,Lennart E. Fahlen; Charles Grant Brown; Olov Stahl; and Christer Carlsson.,A space based model for user interaction in shared synthetic environments.,In Proceedings of Interchi '93,,April 1993.
fahlen1993a,Lennart E. Fahlen; Charles Grant Brown; Olov Stahl; and Christer Carlsson.,A space based model for user interaction in shared synthetic environments.,In Proceedings of Interchi '93,,April 1993.
fahlen1993a,Lennart E. Fahlen; Charles Grant Brown; Olov Stahl; and Christer Carlsson.,A space based model for user interaction in shared synthetic environments.,In Proceedings of Interchi '93,,April 1993.
fahlen1993a,Lennart E. Fahlen; Charles Grant Brown; Olov Stahl; and Christer Carlsson.,A space based model for user interaction in shared synthetic environments.,In Proceedings of Interchi '93,,April 1993.
fahlman1974a,S. Fahlman,"""A planning system for robot construction tasks,""",Artificial Intelligence,vol. 5,1974.
fahlman1974a,S. Fahlman,"""A planning system for robot construction tasks,""",Artificial Intelligence,vol. 5,1974.
fahlman1974a,Scott Elliott Fahlman.,A planning system for robot construction tasks.,Artificial Intelligence,5(1),1974.
fahlman1974a,Scott Elliott Fahlman.,A planning system for robot construction tasks.,Artificial Intelligence,5(1),1974.
fahlman1974a,Fahlman,A Planning System for Robot Construction Tasks.,Artificial Intelligence,5 (1),(1974).
fahlman1974a,Fahlman,A Planning System for Robot Construction Tasks.,Artificial Intelligence,5(1),1974.
fahlman1974a,S. E. Fahlman.,A planning system for robot construction tasks.,Artificial Intelligence,5,1974.
fahlman1974a,S. E. Fahlman.,A planning system for robot construction tasks.,Artificial Intelligence,5,1974.
fahlman1974a,S.E. Fahlman.,A planning system for robot construction tasks.,Artificial Intelligence,5,1974.
fahlman1974a,S Fahlman.,A planning system for robot construction tasks.,Artificial Intelligence,5,1974.
fahlman1974a,S. F. Fahlman.,A planning system for robot construction tasks.,Artifical Intel-lignece 5:pp.,,1974.
fahlman1974a,S. E. Fahlman.,A planning system for robot construction tasks.,Artificial Intelligence,5,1974.
fahlman1974a,Scott Elliott Fahlman.,A planning system for robot construction tasks.,Artificial Intelligence,5(1),1974.
fahlman1979a,Fahlman,"NETL: A system for representing and using real world knowledge,",,,1979.
fahlman1979a,S. E. Fahlman.,NETL: A System for Representing and Using Real World Knowledge.,,,1979.
fahlman1979a,Fahlman,NETL: A system for representing and using real world knowledge.,,,(1979).
fahlman1979a,Fahlman,NETL: A System for Representing and Using Real World Knowledge.,,,(1979).
fahlman1979a,Fahlman,NETL: A System for Representing and Using Real World Knowledge.,,,(1979).
fahlman1979a,Fahlman,NETL: A System for Representing and Using Real-World Knowledge.,,,(1979).
fahlman1979a,Fahlman,NETL: A System for Representing and Using Real-World Knowledge.,,,(1979).
fahlman1979a,Fahlman,NETL: A System for Representing and Using Real-World Knowledge.,,,(1979).
fahlman1979a,Fahlman,"NETL: A System for Representing and Using Real World Knowledge,",,,1979.
fahlman1979a,Fahlman,"NETL: A System for Representing and Using Real World Knowledge,",,,1979.
fahlman1979a,Fahlman,"NETL: A System for Representing and Using Real World Knowledge,",,,1979.
fahlman1979a,Fahlman,"NETL: A System for Representing and Using Real World Knowledge, Cam-bridge:",,,1979.
fahlman1979a,Fahlman,"NETL: A system for representing and using real world knowledge,",,,1979.
fahlman1979a,Fahlman,NETL: A System for Representing and Using Real-World Knowledge.,,,(1979).
fahlman1979a,Scott E. Fahlman.,NETL: A System for Representing and Using Real-World Knowledge.,,,1979.
fahlman1979a,S. E. Fahlman.,NETL : a System for Representing and Using Real-World Knowledge.,,,1979.
fahlman1979a,S.E. Fahlman.,"NETL: A system for representing real-world knowledge,",,,
fahlman1979a,Scott E. Fahlman.,A System for Representing and Using Real-World Knowledge.,,,1979.
fahlman1979a,Scott E. Fahlman.,A System for Representing and Using Real-World Knowledge.,,,1979.
fahlman1979a,Scott E. Fahlman.,NETL: A System for Representing and Using Real-World Knowledge.,,,1979.
fahlman1979a,S. Fahlman,NETL: A System for Representing and Using Real-World Knowledge.,,,1979.
fahlman1979a,Scott E. Fahlman.,NETL: A System for Representing Real World Knowledge.,,,1979.
fahlman1979a,Scott E. Fahlman.,NETL: A System for Representing and Using Real-World Knowledge.,,,1979.
fahlman1979a,S. Fahlman.,NETL: A System for Representing and Using Real-World Knowledge.,,,1979.
fahlman1979a,Scott E Fahlman.,"NETL, A System For Representing And Using Real-World Knowledge.",,,1979.
fahlman1979a,Fahlman,"""NETL: A System for Representing and Using Real World Knowledge"",",,,1979.
fahlman1979a,S. Fahlman.,NETL: A System for Representing and Using Real-World Knowledge.,,,1979.
fahlman1979a,S. E. Fahlman.,NETL: A System for Representing and Using Real-World Knowledge.,,,1977.
fahlman1979a,S.E. Fahlman.,"NETL: A System for Representing and Using Real World Knowledge,",,,1979.
fahlman1979a,S.E. Fahlman.,NETL: A system for representing and using real-world knowledge.,,,1979.
fahlman1979a,S. Fahlman,"NETL: A System for Representing and Using Real World Knowledge,",,,1979.
fahlman1979a,S. Fahlman.,NETL: A System for Representing and Using Real-World Knowledge.,,,1979.
fahlman1979a,Scott E. Fahlman.,Netl: A System For Representing And Using Real-World Knowledge.,,,1979.
fahlman1980a,Scott E. Fahlman.,Design sketch for a million-element netl machine.,In The First Annual Conference on Artificial Intelligence. AAAI,,August 1980.
fahlman1981a,Fahlman,"""Representing Implicit Knowledge.""",Parallel Models of Associative Memory.,,(1981).
fahlman1981b,Fahlman S; Touretzky D and van Roggen W,"Cancellation in a Parallel Semantic Network,",In Proc IJCAI-81,,
fahlman1985a,Scott E. Fahlman.,Extended abstract:,Parallel processing in artificial intelligence. Parallel Computing,2,1985.
fahlman1987a,Fahlman; S. and Hinton,Connectionist architectures for artificial intelligence.,Computer,20,(1987).
fahlman1987a,Scott E Fahlman and Geoffrey E Hinton.,Connectionist Architectures for Artificial Intelligence.,Computer,20(1),January 1987.
fahlman1987a,Fahlman; S. and Hinton,Connectionist Architectures for Artificial Intelligence.,Computer,20,(1987).
fahlman1988a,S. E. Fahlman,"""Faster-Learning Variations on Back-Propagation: An Empirical Study,""",Proc. of the 1988 Connectionist Models Summer School,,1989.
fahlman1988a,Fahlman,Faster-learning variations on backpropagation: An empirical study.,Proc. of the Connectionist Model Summer School.,,(1988).
fahlman1988a,Fahlman,Faster-learning variations on back-propagation.,T.,,(1988).
fahlman1988a,Fahlman,Faster-learning variations on back-propagation: an empirical study.,Proceedings of the 1988 Connectionist Models Summer School,,(1989).
fahlman1988a,Fahlman,Faster learning variations on backpropagation: An empirical study.,In Proc. 1988 Connectionist Models Summer School.,,(1988)
fahlman1988a,Fahlman,"`Fast-learning variations on back-propagation: An empirical study',",Proc. 1988 Connectionist Models Summer School,,(1989)
fahlman1988a,Fahlman,Fast-Learning Variations on BackPropagation: An Empirical Study.,Proceedings of the 1988 Connectionist Models Summer School.,,(1988).
fahlman1988a,Fahlman,Fast-learning variations on back-propagation: an empirical study.,Proceedings of the 1988 Connectionist Models Summer School,,1989.
fahlman1988a,Fahlman,Fast-learning variations on back-propagation: an empirical study.,Proceedings of the 1988 Connectionist Models Summer School,,1989.
fahlman1988a,Fahlman,Fast-learning variations on back-propagation: an empirical study.,Proceedings of the 1988 Connectionist Models Summer School,,1989.
fahlman1988a,Fahlman,Fast-learning variations on back-propagation: an empirical study.,Proceedings of the 1988 Connectionist Models Summer School,,1989.
fahlman1988a,S. Fahlman.,Faster learning variations on back-propagation: An empirical study.,In Procs. of the 1988 Connectionist Models Summer School,,1988.
fahlman1988a,S.E. Fahlman.,Fast-learning variations on back-propagation: An empirical study.,Proceedings of the 1988 Connectionist Models Summer School,,
fahlman1988a,S. E. Fahlman.,Faster-learning variations on back-propagation: An empirical study.,In Proceedings of the 1988 Connectionists Models Summer School.,,1988.
fahlman1988a,Scott E. Fahlman.,Faster learning variations on back-propagation: An empirical study.,,,September 1988.
fahlman1988a,Fahlman,E . Faster-learning variations of backpropagation : An empirical study.,Proceedings of the 1988 Connectionist Models Summer School,,1988.
fahlman1988a,Fahlman,E . Faster-learning variations of backpropagation : An empirical study.,Proceedings of the 1988 Connectionist Models Summer School,,1988.
fahlman1988a,Fahlman,E . Faster-learning variations of backpropagation : An empirical study.,Proceedings of the 1988 Connectionist Models Summer School,,1988.
fahlman1988a,Fahlman,Fast-learning variations on back-propagation: An empirical study.,Proceedings of the 1988 Connectionist Models Summer School,,1989.
fahlman1988a,Fahlman,(1988) Faster-Learning Variations on Back-Propagation: An Empiri cal Study.,Proceedings of 1988 Connectionist Models Summer School,,
fahlman1988a,S E Fahlman.,Faster-learning variations on back-propagation: An empirical study.,Proceedings of the 1988 Connectionist Models Summer School,,1988.
fahlman1988a,S.E. Fahlman.,Faster-learning Variations on Backpropagation : An Empirical Study. In T.J.,in 1988 Connectionist Models Summer School.,,1988.
fahlman1988a,Fahlman,Faster-learning variations of backpropagation : An empirical study.,Proceedings of the 1988 Connectionist Models Summer School,,1988.
fahlman1988a,S. Fahlmann,"Faster-Learning Variations on BackPropagation: An Empirical Study,",Proceedings of the 1988 Connectionist Models Summer School,,1988.
fahlman1988a,S. Fahlmann,"Faster-Learning Variations on BackPropagation: An Empirical Study,",Proceedings of the 1988 Connectionist Models Summer School,,1988.
fahlman1988a,S.E. Fahlman,"""Faster-learning Variations on Backpropagation : An Empirical Study,""",in 1988 Connectionist Models Summer School,,1988.
fahlman1988a,Fahlman,"""Faster-Learning Variations on Back-Propagation: An Empirical Study"". In:",Proc. of the 1988 Connectionist Models Summer School,,1988
fahlman1988a,S.E. Fahlman.,Faster-learning variations on back-propagation: An empirical study.,In Proceedings of the 1988 Connectionist Models Summer School,,1988.
fahlman1988a,Scott E. Fahlman,"""Faster-Learning Variations on Back-Propagation: An Empirical Study"",",in Proceedings of the 1988 Connectionist Models Summer School Pitts-burg (1988),,
fahlman1988a,S. Fahlman.,Faster-learning variations on backpropagation: an empirical study.,Proceedings of the 1988 Connectionist Models Summer School,,1988.
fahlman1988a,S. Fahlman.,Faster-learning variations on backpropagation: an empirical study.,Proceedings of the 1988 Connectionist Models Summer School,,1988.
fahlman1988a,S. Fahlman.,Faster-learning variations on back-propagation: An empirical study.,In Connectionist Models Summer School,,1988.
fahlman1988a,S. E. Fahlman,"Faster-learning variations on back-propagation: An empirical study,",in Proceedings of the 1988 Connectionist Models Summer School,,1988.
fahlman1988a,S. E. Fahlman,"Faster-learning variations on backpropagation: An empirical study,",in Proceedings of the 1988 Connectionist Models Summer School,,"1988,"
fahlman1988a,S. E. Fahlman.,Fast-learning variations on back-propagation: An empirical study.,Connectionist Models Summer School: 1988 Proceedings,,1988.
fahlman1988a,S. E.,"Fahlman (1988): Faster-Learning Variations on Back-Propagation: An Empirical Study,",in Proceedings of the 1988 Connectionist Summer School,,
fahlman1988a,S. E.,"Fahlman (1988): Faster-Learning Variations on BackPropagation: An Empirical Study,",in Proceedings of the 1988 Connectionist Models Summer School,,
fahlman1988a,Fahlman,"Fast Learning Variations on Backpropagation: An Empirical Study,",In proceedings of the 1988 Connectionist Models Summer School,,"(1989),"
fahlman1988a,Scott Fahlman,"""Faster-Learning Variations on Back Propagation: An Empirical Study,""",In Proceedings of the 1988 Connectionist Models Summer School.,,1988.
fahlman1988b,S.E. Fahlman,"An empirical study of learning speed in backpropagation networks,",,,(1988).
fahlman1988b,Scott E. Fahlman.,An empirical study of learning speed in back-propagation networks.,,,September 1988.
fahlman1988b,Fahlman S. E.,"An empirical study of learning speed in backpropagation networks,",,,(1988):
fahlman1988b,Fahlman,An empirical study of learning speed in backpropagation networks.,,,(1988)
fahlman1988b,Fahlman,"An empirical study of learning speed in back-propagation networks,",,,"(1988),"
fahlman1988b,Fahlman,An empirical study of learning speed in back-propagation networks.,,,(1988).
fahlman1988b,Fahlman,An empirical study of learning speed in backpropagation networks.,,,(1988).
fahlman1988b,Fahlman,An empirical study of learning speed in backpropagation networks.,,,(1988).
fahlman1988b,Fahlman,An empirical study of learning speed in backpropagation networks.,,,(1988).
fahlman1988b,Fahlman,An empirical study of learning speed in backpropagation networks.,,,(1988).
fahlman1988b,Fahlman,An Empirical Study of Learning Speed in Backpropagation Networks.,,,1988.
fahlman1988b,Fahlman,"(1988) An Empirical Study of Learning Speed in BackPropagation Networks (CMU-CS-88-162),",,,
fahlman1988b,Fahlman,"An empirical study of learning speed in back-propagation networks,",,,(1988)
fahlman1988b,Fahlman; Scott.,An empirical study of learning speed in back-propagation networks.,,,1988.
fahlman1988b,Fahlman; Scott.,An empirical study of learning speed in back-propagation networks.,,,1988.
fahlman1988b,Fahlman; Scott.,An empirical study of learning speed in back-propagation networks.,,,1988.
fahlman1988b,Fahlman; Scott.,An empirical study of learning speed in back-propagation networks.,,,1988.
fahlman1988b,S. E. Fahlman.,An empirical study of learning speed in back-propagation networks.,,,1988.
fahlman1988b,Fahlman,An Empirical Study of Learning Speed in Back-Propagation Networks.,In Proceedings of the 1988 Connectionist Models Summer School.,,1988.
fahlman1988b,Fahlman,An Empirical Study of Learning Speed in Back-Propagation Networks.,In Proceedings of the 1988 Connectionist Models Summer School.,,1988.
fahlman1988b,Scott E. Fahlman.,An empirical strudy of learning speed in back-propagation networks.,,,September 1988.
fahlman1988b,S. Fahlman.,An empirical study of learning speed in back-propagation networks.,,,1988.
fahlman1988b,S. E. Fahlman,"""An Empirical Study of Learning Speed in Backpropagation Networks,""",,,(1988).
fahlman1988b,S. E. Fahlman,"""An empirical study of learning speed in back-propagation networks,""",,,June 1988.
fahlman1988b,S.E. Fahlman.,An empirical study of learning speed in back-propagation networks.,,,1988.
fahlman1988b,S. E. Fahlman,"""An Empirical Study of Learning Speed in Backpropagation Networks,""",,,(1998)
fahlman1988b,Scott E. Fahlman.,An empirical study of learning speed in back-propagation networks.,,,September 1988.
fahlman1988b,S. E. Fahlman,"An Empirical Study of Learning Speed in Back-Propagation Networks,",,,1988.
fahlman1988b,S. E. Fahlman,"An Empirical Study of Learning Speed in Back-Propagation Networks,",,,1988.
fahlman1988b,Scott E. Fahlman.,An empirical study of learning speed in back-propagation networks.,,,September 1988.
fahlman1988b,Scott E. Fahlman.,An empirical study of learning speed in back-propagation networks.,,,September 1988.
fahlman1988b,Fahlman,"An Empirical Study of Learning Speed in Back-Propagation Networks,",,,September 1988.
fahlman1988b,S. E. Fahlman.,An empirical study of learning speed in back propagation networks.,,,1988.
fahlman1988b,S.E. Fahlman.,An empirical study of learning speed in back-propagation networks.,,,June 1988.
fahlman1988b,Fahlman,"An empirical study of learning speed in backpropagation networks,",,,1988.
fahlman1988b,S. Fahlman,"""An Empirical Study of Learning Speed in Back-Propagation Networks,""",,,June 1988.
fahlman1988b,S. E. Fahlman,"""An Empirical Study of Learning Speed in Back-propagation Networks"",",,,(1988).
fahlman1988b,Fahlman,"""An empirical study of learning speed in back-propagation networks"",",,,1988.
fahlman1988b,S. E. Fahlman.,An empirical study of learning speed in backpropagation networks.,,,1988.
fahlman1988b,Scott E. Fahlman.,An empirical study of learning speed in back-propagation networks.,,,September 1988.
fahlman1988b,S. E. Fahlman,"of Learning Speed in Back-Propagation Networks,",,,"1988,"
fahlman1988b,Fahlman; Scott E.,"""An Empirical Study of Learning Speed in Back-Propagation Networks.""",,,1988.
fahlman1988b,Fahlman; Scott E.,"""An Empirical Study of Learnin g Speed in BackPropagation Networks"",Technical Report CMU-CS-88-162,",,,1988.
fahlman1988b,Scott Fahlman,"""An Empirical Study of Learning Speed in BackPropagation Networks,""",,,June 1988.
fahlman1988b,Scott Fahlman,"""An Empirical Study of Learning Speed in BackPropagation Networks,""",,,June 1988.
fahlman1988b,Scott Fahlman,"""An Empirical Study of Learning Speed in BackPropagation Networks,""",,,June 1988.
fahlman1990a,Fahlman; S.E. and Lebiere,"The Cascade-Correlation Learning Architecture,",,,1991.
fahlman1990a,S.E. Fahlman and C. Lebiere:,"The Cascade-Correlation Learning Architecture,",,,1991.
fahlman1990a,S.E. Fahlman and C. Lebiere:,"The Cascade-Correlation Learning Architecture,",,,1991.
fahlman1990a,Fahlman; S. E. and Lebiere,"The Cascade-Correlation learning architec ture,",,,"(1990),"
fahlman1990a,Fahlman; S. E. and Lebiere,"The Cascade-Correlation learning architecture,",,,"(1990),"
fahlman1990a,Fahlman; S. E. and Lebiere,The cascade-correlation learning architecture.,,,(1990).
fahlman1990a,Fahlman; S. E. and Lebiere,The Cascade-Correlation learning architecture.,,,(1990).
fahlman1990a,Fahlman; S. E. and Lebiere,The Cascade-Correlation learning architecture.,,,(1990).
fahlman1990a,Fahlman; S. E. and Lebiere,The Cascade-correlation Learning Architecture.,,,(1990).
fahlman1990a,Fahlman; S. E. and Lebiere,The Cascade-correlation Learning Architecture.,,,(1990).
fahlman1990a,Fahlman; and Lebiere,Cascade-correlation learning architecture,,,(1989).
fahlman1990a,Fahlman; and Lebiere,Cascade-correlation learning architecture,,,(1989).
fahlman1990a,Fahlman; and Lebiere,Cascade-correlation learning architecture,,,(1989).
fahlman1990a,Fahlman; and Lebiere,The cascade-correlation learning architecture.,,,(1990).
fahlman1990a,Fahlman; and Lebiere,The cascade-correlation learning architecture.,,,(1990).
fahlman1990a,S. E. Fahlman and C. Lebiere.,The cascade-correlation learning architecture.,,,1990.
fahlman1990a,Fahlman S. E.; Lebiere C.,"The cascade-correlation learning architecture,",,,1990.
fahlman1990a,Fahlman; S. and Lebiere,The Cascade-Correlation Learning Architecture.,,,(1990).
fahlman1990a,S. E. Fahlman and C. Lebiere,"The Cascade-Correlation learning architecture,",,,1990.
fahlman1990a,S. E. Fahlman and C. Lebiere.,The cascade-correlation learning architecture.,,,1990.
fahlman1990a,S. E. Fahlman and C. Lebiere,"""The Cascade-Correlation Learning Architecture"",",,,1990
fahlman1990a,Fahlman; S. and Lebiere,The Cascade-Correlation Learning Architecture.,,,(1990).
fahlman1990a,Scott E. Fahlman and Christian Lebiere.,The Cascade-Correlation learning architecture.,,,February 1990.
fahlman1990a,Fahlman; and Lebiere,The Cascade-Correlation learning architecture.,,,Feb. 1990.
fahlman1990a,Fahlman; and Lebiere,The Cascade-Correlation learning architecture.,,,Feb. 1990.
fahlman1990a,Fahlman; and Lebiere,The Cascade-Correlation learning architecture.,,,Feb. 1990.
fahlman1990a,Fahlman; and Lebiere,The Cascade-Correlation learning architecture.,,,Feb. 1990.
fahlman1990a,Fahlman; and Lebiere,The Cascade-Correlation learning architecture.,,,Feb. 1990.
fahlman1990a,S.E. Fahlman and C. Lebiere.,The cascade-correlation learning architecture.,,,1990.
fahlman1990a,S. E. Fahlman and C. Lebiere,"The Cascade-Correlation Learning Architecture,",,,1991.
fahlman1990a,S. E. Fahlman and C. Lebiere,"The Cascade-Correlation Learning Architecture,",,,1991.
fahlman1990a,Fahlman; Lebiere,"The Cascade-Correlation Learning Architecture,",,,August 1991.
fahlman1990a,S. Fahlman and C. Lebiere,"The casade-correlation learning architecture,",,,Feb 1990.
fahlman1990a,S. E. Fahlman and C. Lebiere,"""The Cascade Correlation Learning Architecture"",",,,(1990).
fahlman1990a,Fahlman; S. E. and Lebiere,The Cascade-Correlation Learning Architecture.,,,(1990)
fahlman1990a,Fahlman; S. and Lebiere,"""The Cascade-Correlation Learning Architecture"".",,,1990
fahlman1990a,Fahlman; S. and Lebiere,The Cascade-Correlation Learning Architecture.,,,(1990).
fahlman1990a,Scott E. Fahlman and Christian Lebiere.,The cascade-correlation learning architecture.,,,February 1990.
fahlman1990a,S. E. Fahlman and Christian Lebiere.,The cascade-correlation learning architecture.,,,"February, 1990."
fahlman1990a,S. Fahlman and C. Lebiere,"""The Cascade-Correlation Learning Architecture,""",,,February 1990.
fahlman1990a,Fahlman; S. and Lebiere,The Cascade-Correlation Learning Architecture.,,,(1990).
fahlman1990a,Fahlman; S. and Lebiere,The Cascade-Correlation Learning Architecture.,,,(1990).
fahlman1990a,Fahlman; S. and Lebiere,The Cascade-Correlation Learning Architecture.,,,(1990).
fahlman1990a,S. Fahlman and C. Lebiere,"""The cascade-correlation learning architecture,""",,,February 1990.
fahlman1990a,S.E. Fahlman and C. Lebiere.,The cascade-correlation learning architecture.,,,August 1991.
fahlman1990a,Fahlman; S. and Lebiere,The Cascade-Correlation Learning Architecture.,,,(1990).
fahlman1990a,S. E. Fahlman and C. Lebiere.,The cascade-correlation learning architecture.,,,1990.
fahlman1990a,S. E. Fahlman and C. Lebiere.,The cascade-correlation learning architecture.,,,1990.
fahlman1990a,S. E. Fahlman and C. Lebiere.,The cascade-correlation learning architecture.,,,1990.
fahlman1990a,Scott E. Fahlman and Christian Lebiere.,The Cascade-Correlation learning architecture.,,,February 1990.
fahlman1990a,Fahlman; S. E. and Lebiere,The Cascade-correlation Learning Architecture.,,,(1990).
fahlman1990a,Fahlman; Scott E.; and Lebiere,"Christi an, ""The Cascade--Correlation Learning Architecture"",",,,1991.
fahlman1990a,Fahlman; S. E. and Lebiere,"The Cascade-Correlation Learning Architecture,",,,
fahlman1990a,Fahlman; S. E. and Lebiere,"The Cascade-Correlation Learning Architecture,",,,
fahlman1990a,S.E. Fahlman; C. Lebiere,"""The cascade-correlation learning algorithm"",",,,1990.
fahlman1990a,S.E. Fahlman and C. Lebiere,"The cascade-correlation learning architecture,",Advances in Neural Information Processing 2,,(1990).
fahlman1990a,Scott E. Fahlman and Christian Lebiere.,The Cascade-Correlation learning architecture.,In,,1990.
fahlman1990a,Fahlman; S. and Lebiere,The cascade-correlation learning architecture.,Advances in Neural Information Processing Systems (volume 2),,(1989).
fahlman1990a,Fahlman; S. and Lebiere,The cascade-correlation learning architecture.,Advances in Neural Information Processing Systems (volume 2),,(1989).
fahlman1990a,Fahlman; S. and Lebiere,The cascade-correlation learning architecture.,Advances in Neural Information Processing Systems (volume 2),,(1989).
fahlman1990a,Fahlman; S. and Lebiere,The cascade-correlation learning architecture.,Advances in Neural Information Processing Systems (volume 2),,(1989).
fahlman1990a,Fahlman; S. and Lebiere,The cascade-correlation learning architecture.,Advances in Neural Information Processing Systems (volume 2),,(1989).
fahlman1990a,Fahlman; S. and Lebiere,The cascade-correlation learning architecture.,Advances in Neural Information Processing Systems (volume 2),,(1989).
fahlman1990a,Fahlman; S. and Lebiere,The cascade-correlation learning architecture.,Advances in Neural Information Processing Systems (volume 2),,(1989).
fahlman1990a,Fahlman; S. and Lebiere,The cascade-correlation learning architecture.,Advances in Neural Information Processing Systems (volume 2),,(1989).
fahlman1990a,Fahlman; S. and Lebiere,The cascade-correlation learning architecture.,Advances in Neural Information Processing Systems (volume 2),,(1989).
fahlman1990a,Fahlman; S. and Lebiere,The cascade-correlation learning architecture.,Advances in Neural Information Processing Systems (volume 2).,,(1989).
fahlman1990a,Fahlman; S. and Lebiere,The cascade-correlation learning architecture.,Advances in Neural Information Processing Systems (volume 2).,,(1989).
fahlman1990a,Fahlman; S. and Lebiere,The cascade-correlation learning architecture.,Advances in Neural Information Processing Systems (volume 2).,,(1990).
fahlman1990a,Fahlman,"Lebiere (1990), The Cascade-Correlation Learning Architecture,",in Advances in Neural Information Processing Systems 2,,
fahlman1990a,Fahlman; S. E. and Lebiere,The cascade-correlation learning architecture.,Advances in Neural Information Processing Systems (Vol.,,(1989).
fahlman1990a,Fahlman; S. E. and Lebiere,The cascade-correlation learning architecture.,Advances in Neural Information Processing Systems (volume 2),,(1989).
fahlman1990a,Fahlman; S. E. and Lebiere,"The cascade-correlation learning architecture,","""Advances in Neural Information Processing Systems""",Vol. 2,"(1990),"
fahlman1990a,Fahlman; S. E. and Lebiere,"The cascade-correlation learning architecture,",`Advances in Neural Information Processing Systems',Vol. 2,"(1990),"
fahlman1990a,Fahlman; S. E. and Lebiere,"The cascade-correlation learning architecture,","""Advances in Neural Information Processing Systems""",Vol. 2,"(1990),"
fahlman1990a,Fahlman; S. E. and Lebiere,The cascade correlation architecture.,In Advances in Neural Information Processing Systems,Volume 2,(1990).
fahlman1990a,Fahlman; S. E. and Lebiere,The cascade correlation architecture.,In Advances in Neural Information Processing Systems,Volume 2,(1990).
fahlman1990a,Fahlman; S. E. and Lebiere,The cascade-correlation learning architecture.,In Advances in Neural Information Processing Systems,volume 2,1989.
fahlman1990a,Fahlman; S. E. and Lebiere,The cascade-correlation learning architecture.,In Advances in Neural Information Processing Systems,vol. 2,(1990)
fahlman1990a,Fahlman; S. E. and Lebiere,The Cascade Correlation Learning Architecture.,In Neural Information Processing Systems,2.,(1990). 1990.
fahlman1990a,Fahlman; S. E. and Lebiere,The Cascade Correlation Learning Architecture.,In Neural Information Processing Systems,2.,(1990). 1990.
fahlman1990a,Fahlman; S. E. and Lebiere,The cascade-correlation architecture.,Advances in Neural Information Processing Structures,2,(1990).
fahlman1990a,Fahlman; S. E. and Lebiere,The cascade-correlation architecture.,Advances in Neural Information Processing Structures,2,(1990).
fahlman1990a,Fahlman; S. E. and Lebiere,The cascade-correlation learning algorithm.,Advances in Neural Information Processing Systems,2,(1990).
fahlman1990a,Fahlman; S. E. and Lebiere,The cascade-correlation learning architecture.,Advances in Neural Information Processing Systems,2.,(1990).
fahlman1990a,Fahlman; and Lebiere,The Cascade Correlaion Learning Architecture.,NIPS.,,(1990).
fahlman1990a,Fahlman; and Lebiere,The Cascade-Correlation Architecture.,In Advances in Neural Information Processing Systems,Vol. 2.,(1990).
fahlman1990a,Fahlman; and Lebiere,The Cascade-Correlation Architecture.,In Advances in Neural Information Processing Systems,Vol. 2.,(1990).
fahlman1990a,Fahlman; and Lebiere,The cascade correlation architecture.,Advances in 43 Neural Information Processing Systems,2,(1990).
fahlman1990a,Fahlman; and Lebiere,The cascade correlation architecture.,Advances in Neural Information Processing Systems,2,(1990).
fahlman1990a,Fahlman; and Lebiere,The cascade-correlation learning architecture.,In Advances in Neural Information Processing Systems,Vol. 2).,(1990).
fahlman1990a,Fahlman; and Lebiere,The cascade-correlation learning architecture.,In Advances in Neural Information Processing Systems,Vol. 2).,(1990).
fahlman1990a,Fahlman; and Lebiere,The cascade-correlation learning architecture.,In Advances in Neural Information Processing Systems,2.,(1990).
fahlman1990a,Fahlman; and Lebiere,The cascade-correlation learning architecture.,Advances in Neural Information Processing Systems,2,(1990).
fahlman1990a,Fahlman; and Lebiere,The cascade-correlation learning architecture.,Advances in Neural Information Processing Systems,2,(1990).
fahlman1990a,Fahlman; and Lebiere,The cascade-correlation learning architecture.,Advances in Neural Information Processing Systems,2,(1990).
fahlman1990a,Fahlman; and Lebiere,The cascade-correlation learning architecture.,Advances in Neural Information Processing Systems,2,(1990).
fahlman1990a,Fahlman; and Lebiere,The cascade-correlation learning architecture.,Advances in Neural Information Processing Systems,2,(1990).
fahlman1990a,Fahlman; and Lebiere,The cascade-correlation learning architecture.,Advances in Neural Information Processing Systems,2,(1990).
fahlman1990a,Fahlman; and Lebiere,The cascade-correlation learning architecture.,Advances in Neural Information Processing Systems,2,(1990).
fahlman1990a,Fahlman; and Lebiere,The cascade-correlation learning architecture.,Advances in Neural Information Processing Systems,2,(1990).
fahlman1990a,Fahlman; and Lebiere,The cascade-correlation learning architecture.,Advances in Neural Information Processing Systems,2,(1990).
fahlman1990a,Fahlman; S. and Lebiere C.,The Cascade Correlation Learning Architecture.,,,(1991).
fahlman1990a,Fahlman; S. and Lebiere C.,The Cascade Correlation Learning Architecture.,,,(1991).
fahlman1990a,Fahlman; S. and Lebiere C.,The Cascade Correlation Learning Architecture.,,,(1991).
fahlman1990a,Fahlman; S. and C. Lebiere.,The Cascade-Correlation learning architecture.,Advances in Neural Information Processing Systems: Proceedings of the 1989 Conference,,1990.
fahlman1990a,Fahlman; S. and Lebiere,The cascade-correlation architecture.,Advances in Neural Information Processing Structures,2,(1990).
fahlman1990a,Fahlman; S. and Lebiere,The cascade-correlation architecture.,Advances in Neural Information Processing Structures,2,(1990).
fahlman1990a,Fahlman; and Lebiere,The cascade-correlation learning architecture.,In Advances in Neural Information Processing Systems,Vol. 2,(1989).
fahlman1990a,Fahlman; and Lebiere,"The cascade-correlation learning architecture. In Touret-zky,",Advances in Neural Information Processing Systems,Vol. 2,(1989).
fahlman1990a,Fahlman; and Lebiere,The cascade-correlation learning architecture.,Advances in Neural Information Processing Systems,Vol. 2,(1989).
fahlman1990a,Fahlman; and Lebiere,The cascade-correlation learning architecture.,Advances in Neural Information Processing Systems,Vol. 2,(1989).
fahlman1990a,Fahlman; and Lebiere,The cascade-correlation learning architecture.,Advances in Neural Information Processing Systems,Vol. 2,(1989).
fahlman1990a,Fahlman; and Lebiere,The cascade-correlation learning architecture.,In Advances in Neural Information Processing Systems,2,(1989).
fahlman1990a,Fahlman; and Lebiere,The cascade-correlation learning architecture.,In Advances in Neural Information Processing Systems,2,(1989).
fahlman1990a,Fahlman; and Lebiere,The cascade-correlation learning architecture.,In Advances in Neural Information Processing Systems,2,(1989).
fahlman1990a,Fahlman; S.E. and Lebiere,The cascade-correlation architecture.,In:Advances in Neural Information Processing Systems,,(1990)
fahlman1990a,Fahlman; S.E. and Lebiere,The Cascade-Correlation Learning Architecture.,Advances in Neural Information Processing Systems,II,(1990).
fahlman1990a,Fahlman; S.E. and Lebiere,"""The Cascade Correlation Learning Architecture,""",NIPS,Vol. 2,1990.
fahlman1990a,Fahlmann; S. E. and Lebiere,The cascade-correlation learning architecture.,In Advances in Neural Information Processing Systems 2 (NIPS-2),,(1989).
fahlman1990a,S. E. Fahlman and C. Lebiere.,The cascade-correlation learning architecture.,Advances in Neural Information Processing Systems,volume2,(1990)
fahlman1990a,S. E. Fahlman and C. Lebiere.,The cascade-correlation learning architecture.,Advances in Neural Information Processing Systems,volume2,(1990)
fahlman1990a,Fahlman S. and Lebiere C.,The Cascade Correlation Learning Architecture.,Advances in Neural Information Processing Systems,volume2,(1990).
fahlman1990a,S. Fahlman and C. Lebiere.,The cascade-correlation learning architecture.,In Adv. in Neural Info. Processing Systems,volume2,1989.
fahlman1990a,S.E. Fahlman and C. Lebiere.,The cascade-correlation learning architecture.,In Advances in Neural Information Processing Systems,volume2,November 1989.
fahlman1990a,S. Fahlman and C. Lebiere.,The Cascade-Correlation learning architecture.,Advances in Neural Information Processing Systems,volume2.,1990.
fahlman1990a,S. Fahlman and C. Lebiere.,The Cascade-Correlation learning architecture.,Advances in Neural Information Processing Systems,volume2.,1990.
fahlman1990a,S. Fahlman and C. Lebiere.,The cascade-correlation learning architecture.,Advances in Neural Information Processing Systems,volume 2,1990.
fahlman1990a,S.E. Fahlman and C. Lebiere.,The cascade-correlation learn-ing architecture. In D.S.,Advances in Neural Information Processing Systems,volume 2,
fahlman1990a,S.E. Fahlman and C. Lebiere.,The cascade-correlation learning architecture. In D.S.,Advances in Neural Information Processing Systems,volume 2,
fahlman1990a,S. E. Fahlman and C. Lebiere,"The Cascade-Correlation Learning Architecture,",In Advances in Neural Information Processing Systems,volume 2,"(1989),"
fahlman1990a,S. E. Fahlman AND C. Lebiere,"The cascade-correlation learning architec ture,","in ""Advances in Neural Information Processing Systems","2""",1990.
fahlman1990a,S. E. Fahlmann; C. Lebiere:,"""The Cascade-Correlation Learning Architecture"",",Advances in Neural Information Processing Systems,2,1990
fahlman1990a,S. E. Fahlman and C. Lebiere.,The cascade-correlation architecture.,Advances in Neural Information Processing Systems,2.,1990.
fahlman1990a,S. Fahlman and C. Lebiere,"""The cascade-correlation learning architecture,""",in Advances in Neural Information Processing Systems,vol. 2,1990.
fahlman1990a,S. Fahlman and C. Lebiere,"""The cascade-correlation learning architecture,""",in Advances in Neural Information Processing Systems,vol.2,1990.
fahlman1990a,S. Fahlman and C. Lebiere,"""The cascade-correlation learning architecture,""",in Advances in Neural Information Processing Systems,vol. 2,1990.
fahlman1990a,S. Fahlman and C. Lebiere.,The cascade correlation learning algorithm.,Neural Information Systems,volume2,1990.
fahlman1990a,Fahlman; Lebiere,"""The cascade-correlation architecture,""",in Advances in neural information processing systems,2,(1990)
fahlman1990a,S. E. Fahlman and C. Lebiere,"The cascade-correlation learning algorithm,",Advances in Neural Information Processing Systems,2,1990.
fahlman1990a,S.E. Fahlman and C. Lebiere.,The cascade-correlation learning architecture.,Advances in Neural Information Processing Systems,2,1990.
fahlman1990a,S. E. Fahlman and C. Lebiere.,The Cascade-Correlation learning architecture.,Advances in Neural Information Processing Systems,2,1990.
fahlman1990a,S. E. Fahlman and C. Lebiere.,The cascade-correlation learning architecture.,Advances in Neural Information Processing Systems,,1990.
fahlman1990a,S. E. Fahlman and C. Lebiere.,The cascade-correlation learning architecture.,Neural Information Processing Systems,volume 2.,1990.
fahlman1990a,Fahlmann; Scott; C. Lebiere.,The Cascade-Correlation Learning Architechture.,in Advances in Neural Information Processing,2 .,
fahlman1990a,S. Fahlman and C. Libiere,"""The Cascade Correlation Architecture"",",Advances in Neural Information Processing Systems,2,
fahlman1990a,S.E. Fahlman and C. Lebiere.,The cascade-correlation learning architecture.,Advances in Neural Information Processing Systems,volume 2,1990.
fahlman1990a,S.E. Fahlman and C. Lebiere.,The cascade-correlation learning architecture.,Advances in Neural Information Processing Systems,volume 2,1990.
fahlman1990a,S. E. Fahlman and C. Lebiere.,The cascade-correlation learning architecture.,Advances in Neural Information Processing Systems,volume 2,1990.
fahlman1990a,S. E. Fahlman and C. Lebiere.,The cascade-correlation learning architecture.,Advances in Neural Information Processing Systems,volume 2,1990.
fahlman1990a,Fahlman; S.E. and Lebiere C.,The Cascade-Correlation Learning Architecture.,In Advances in Neural Information Processing Systems II (Denver 1989),,"(1990),"
fahlman1990a,Fahlman; S.E. and Lebiere,"The cascade-correlation learning architecture,",Advances in Neural Information Processing,vol. 2,1990.
fahlman1990a,S.E. Fahlman and C. Lebiere,"""The cascade-correlation learning architecture,""",in Ad vances in Neural Information Processing Systems II,,1989.
fahlman1990a,Fahlman; S. E. and Lebiere,The cascade-correlation learning architecture.,Advances in Neural Information Processing Systems,volume 2,1990.
fahlman1990a,Fahlmann; Scott; C. Lebiere.,The Cascade-Correlation Learning Architechture.,in Advances in Neural Information Processing,2.,
fahlman1990a,Fahlmann; Scott; C. Lebiere.,The Cascade-Correlation Learning Architecture.,in Advances in Neural Information Processing,2.,
fahlman1990a,S. E. Fahlman and C. Lebiere,"The Cascade-Correlation Learning Architecture,",in NIPS 2,,"(1990),"
fahlman1990a,Scott E. Fahlman and Christian Lebiere.,The Cascade-Correlation learning architec-ture.,In [13],,1990.
fahlman1990a,Scott E. Fahlman and Christian Lebiere.,The Cascade-Correlation learning architec-ture.,In [13],,1990.
fahlman1990a,Scott E. Fahlman and Christian Lebiere.,The Cascade-Correlation learning architecture.,In [9],,1990.
fahlman1990a,S.E. Fahlman and C. Lebiere.,The cascade-correlation learning architecture.,Advances in Neural Information Processing Systems,2,1990.
fahlman1990a,S.E. Fahlman and C. Lebiere.,The cascade-correlation learning architecture.,Advances in Neural Information Processing Systems,2,1990.
fahlman1990a,S. Fahlman and C. Lebiere,"""The cascade correlation learning algorithm,""",in Neural Information Systems,2,1990.
fahlman1990a,S. Fahlman and C. Lebiere,"""The cascade correlation learning algorithm,""",in Neural Information Systems,2,1990.
fahlman1990a,Fahlman; S.E. and Lebiere,"The cascade-correlation learning architecture,",Advances in Neural Information Processing,vol. 2,"1990,"
fahlman1990a,S. E. Fahlman and C. Lebiere.,The cascade-correlation learning architecture.,Advances in Neural Information Processing Systems,volume 2,1990.
fahlman1990a,S.E. Fahlman and C. Lebiere.,The cascade-correlation learning architecture.,Advances in Neural Information Processing Systems,2.,1990.
fahlman1990a,Scott E. Fahlman and Christian Lebiere.,The Cascade-Correlation learning architecture.,In [16],,1990.
fahlman1990a,Fahlman; and Lebiere,The Cascade-Correlation Learning Architecture.,Advance in Neural Information Processing Systems,Vol 2,1990.
fahlman1990a,Fahlman; S. and Lebiere,The cascade-correlation learning architecture.,Advances in Neural Information Processing Systems,2,(1990).
fahlman1990a,S. E. Fahlman and C. Lebiere.,The cascade-correlation architecture.,Advances in Neural Information Processing Structures,2,1990.
fahlman1990a,S. E. Fahlman and C. Lebiere.,The cascade-correlation architecture.,Advances in Neural Information Processing Structures,2,1990.
fahlman1990a,S. Fahlman and C. Lebiere.,The cascade-correlation learning architecture.,Advances in Neural Information Processing Systems,volume 2,"1989, 1990."
fahlman1990a,S. Fahlmann; C. Lebiere,"The Cascade-Correlation Learning Architecture,",Advances in Neural Information Processing,2,
fahlman1990a,S. Fahlmann; C. Lebiere,"The Cascade-Correlation Learning Architecture,",Advances in Neural Information Processing,2,
fahlman1990a,Scott E. Fahlman and Christian Lebiere.,The Cascade-Correlation learning architecture.,In [22],,1990.
fahlman1990a,S. Fahlman and C. Lebiere.,The cascade correlation learning algorithm.,Neural Information Systems,2,1990.
fahlman1990a,S. Fahlman and C. Lebiere.,The cascade correlation learning algorithm.,Neural Information Systems,2,1990.
fahlman1990a,Fahlman; Scott E.,"""The Cascade-Correlation Learning Architecture"",",in Advances in Neural Information Processing Systems,2,(1990).
fahlman1990a,S. Fahlman,"""The cascade-correlation learning architecture,""",in Advances in Neural Information Processing Systems,2,1990.
fahlman1990a,S.E. Fahlman and C. Lebiere.,The cascade-correlation learning architecture.,Advances in Neural Information Processing Systems,2.,1990.
fahlman1990a,S.E. Fahlman and Lebiere C.,; The Cascaded-Correlation Learning Architecture.,In: Advances in Neural Information Processing Systems,2,1990.
fahlman1990a,Scott E. Fahlman and Christian Lebiere.,The Cascade-Correlation Learning Architecture.,In Advances in Neural Information Processing Systems,2,1990.
fahlman1990a,Scott E. Fahlman and Christian Lebiere.,The Cascade-Correlation Learning Architecture.,In Advances in Neural Information Processing Systems,2,1990.
fahlman1990a,S.E. Fahlman and C. Lebiere.,The cascade-correlation learning architecture.,Advances in Neural Information Processing Systems,volume 2,1990.
fahlman1990a,S.E. Fahlman and C. Lebiere.,The cascade-correlation learning architecture.,Advances in Neural Information Processing Systems,volume 2,1990.
fahlman1990a,Scott E. Fahlman and Christian Lebiere.,The cascade-correlation learning architecture.,In Advances in Neural Information Processing Systems II,,1990.
fahlman1990a,S. E. Fahlman and C. Lebiere.,The cascade correlation learning algorithm.,Neural Information Processing Systems,2,1990.
fahlman1990a,S. Fahlman and C. Lebiere.,The cascade-correlation learning architecture.,Advances in Neural Information Processing Systems,,1990.
fahlman1990a,S. Fahlman and C. Lebiere.,The cascade-correlation learning architecture.,Advances in Neural Information Processing Systems,,1990.
fahlman1990a,S.E. Fahlman and C. Lebiere,"""The cascade-correlation learning architecture"",",Advances in Neural Information Processing Systems,Vol.2,1990.
fahlman1990a,S.E. Fahlman and C. Lebiere,"""The cascade-correlation learning architecture"",",Advances in Neural Information Processing Systems,Vol.2,1990.
fahlman1990a,S.E. Fahlman and C. Lebiere,"The cascade-correlation learning architecture,",Advances in Neural Information Processing Systems,Vol.2,1990.
fahlman1990a,S.E. Fahlman and C. Lebiere,"The cascade-correlation learning architecture,",Advances in Neural Information Processing Systems,Vol.2,1990.
fahlman1990a,Fahlman; S. E. and Lebiere,The cascade-correlation learning architecture.,Advances in Neural Information Processing Systems,2.,(1990).
fahlman1990a,Fahlman; S. E. and Lebiere,The cascade-correlation learning architecture.,Advances in Neural Information Processing Systems,2.,(1990).
fahlman1990a,Fahlman; and Lebiere,"""The Cascade-Correlation Learning Architecture,""",Advances in Neural Information Processing Systems,2,1990.
fahlman1990a,Fahlman; S. E. and Lebiere,The Cascade Correlation Learning Architecture.,In Neural Information Systems,2.,(1990). 1990.
fahlman1990a,Fahlman; S. E. and Lebiere,The Cascade Correlation Learning Architecture.,In Neural Information Systems,2.,(1990). 1990.
fahlman1990a,Fahlman; S.E. and Lebiere C.,The Cascade-Correlation Learning Architecture.,In Advances in Neural Information Processing Systems II (Denver 1989),,"(1990),"
fahlman1990a,S. E. Fahlman and Lebiere C.,"The Cascade-Correlation Learning Architecture,",in Neural Information Processing Systems,2,"(1990),"
fahlman1990a,S. E. Fahlman and C. Lebiere,"The Cascade-Correlation Learning Architecture,",in Neural Information Processing Systems,2,"1990,"
fahlman1990a,S. E. Fahlman and C. Lebiere,"The Cascade-Correlation Learning Architecture,",in Advances in Neural Information Systems II,,"(1991): 1990,"
fahlman1990a,S. E. Fahlman and C. Lebiere.,The Cascade-Correlation Learning Architecture.,Advances in Neural Information Processing Systems (NIPS89),vol.2,1990.
fahlman1991a,Fahlman,The recurrent cascade-correlation architecture.,Advances in Neural Information Processing Systems,3,(1991).
fahlman1991a,Fahlman,The recurrent cascade-correlation architecture.,Advances in Neural Information Processing Systems,3,(1991).
fahlman1991a,Fahlman,The recurrent cascade-correlation architecture.,Advances in Neural Information Processing Systems,3,(1991).
fahlman1991a,Fahlman,The recurrent cascade-correlation architecture.,Advances in Neural Information Processing Systems,3,(1991).
fahlman1991a,Fahlman,The recurrent cascade-correlation architecture.,Advances in Neural Information Processing Systems,3,(1991).
fahlman1991a,Fahlman,The recurrent cascade-correlation learning algorithm.,Advances in Neural Information Processing Systems,3,(1991).
fahlman1991a,Fahlman,The recurrent cascade-correlation learning algorithm.,Advances in Neural Information Processing Systems,3,(1991).
fahlman1991a,Fahlman,The recurrent cascade-correlation learning algorithm.,NIPS 3,,(1991).
fahlman1991a,Fahlmann; S.E.(1990).,The recurrent cascade-correlation architecture.,InAdvances in Neural Information Processing Systgems,,
fahlman1991a,Scott E. Fahlman.,The recurrent cascade-correlation architecture.,Advances in Neural Information Processing Systems,3,1991.
fahlman1991a,S. Fahlman.,The recurrent cascade-correlation architecture.,Advances in Neural Information Processing Systems,3,1991.
fahlman1991a,Scott E. Fahlman.,The recurrent cascade-correlation architecture.,Advances in Neural Information Processing Systems,3,1991.
fahlman1991a,S. Fahlman,"""The recurrent cascade-correlation architecture,""",in Advances in Neural Information Processing Systems,3,1991.
fahlman1991a,Scott E. Fahlman.,The recurrent cascade-correlation architecture.,Advances in Neural Information Processing Systems,3,1991.
fahlman1991a,Scott E. Fahlman.,The recurrent cascade-correlation architecture.,Advances in Neural Information Processing Systems,3,1991.
fahlman1991a,S. Fahlman.,The recurrent cascade-correlation architecture.,Advances in Neural Information Processing Systems,3,1991.
fahlman1991a,S. Fahlman.,The recurrent cascade-correlation architecture.,Advances in Neural Information Processing Systems,3,1991.
fahlman1991a,Fahlman; Scott E.,"""The Recurrent Cascade-Correlation Architecture"",",in Advances in Neural Information Processing Systems,3,(1991).
fahlman1991a,S. Fahlman,"""The recurrent cascade-correlation architecture,""",in Advances in Neural Information Pro--cessing Systems,3,1991.
fahlman1991b,Scott E. Fahlman and David B. McDonald.,Design considerations for CMU common lisp.,Advanced Language Implementation,chapter 6,1991.
fahlman1991b,Scott E. Fahlman and David B. McDonald.,Design considerations for CMU common lisp.,Advanced Language Implementation,chapter 6,1991.
fahlman1991c,Fahlman,The Recurrent Cascade-Correlation Architecture.,,,(1991).
fahlman1991c,Scott E. Fahlman,"""The Recurrent Cascade-Correlation Architecture,""",,,May 1991.
fahlman1991c,Scott E. Fahlman,"""The Recurrent Cascade-Correlation Architecture,""",,,May 1991.
fahlman1991c,Scott E. Fahlman,"""The Recurrent Cascade-Correlation Architecture,""",,,May 1991.
fahlman1993a,Scott E. Fahlman.,Some thoughts on NETL 15 years later.,Innovative Applications of Massive Parallelism,,1993.
fahlman1993b,Fahlman,"CMU Benchmark Collection for Neural Net Learning Algorithms,",,,"(1993),"
fahlman1996a,S. E. Fahlman; L. D. Baker and J. A. Boyan,"The Cascade 2 Learning Architecture,",,,1996.
fahlman1996a,S. E. Fahlman; L. D. Baker and J. A. Boyan,"The Cascade 2 Learning Architecture,",,,1996.
fahlman1996a,S. E. Fahlman; L. D. Baker and J. A. Boyan,"The Cascade 2 Learning Architecture,",,,1996.
fahln1993a,Fahln; L.E.; C.G.Brown; O.Stahl; C.Carlsson.,A Space Based Model for User Interaction in Shared Synthetic Environments.,In Proceedings of InterCHI93 (Amsterdam).,,1993.
fahln1993a,Fahln; L.E.; C.G.Brown; O.Stahl; C.Carlsson.,A Space Based Model for User Interaction in Shared Synthetic Environments.,In proceedings of the InterCHI93 conference (Amsterdam).,,1993.
forchheimer1983a,R. Forchheimer and O. Fahlander,"Low bit-rate coding through animation,",in Proceedings Picture Coding Symposium (PCS-83) Davis,,March 1983
frankel1994a,J.Frankel; L.Alvarez; R.Horowitz; and P.Li.,"""Robust Platoon Manuevers for AVHS,""",,,
hendren1992a,L. J. Hendren; G. R. Gao; E. R. Altman; and C. Muk-erji.,A register allocation framework based on hierarchical cyclic interval graphs.,Proc. of the Intl. Conf. on Compiler Construction number 641 in Lec. Notes in Comp. Sci.,,Oct. 1992.
herzog1995a,Herzog; M.H. and Fahle,A recurrent model for learning a hyperacuity task.,Perception,24,(1995)
hoehfeld1992a,Hoehfeld; M. and Fahlman,Learning with limited numerical precision using the cascade-correlation algorithm.,,,1991.
hoehfeld1992a,M. H. Hoehfeld and S. Fahlman.,Learning with Limited Numerical Precision Using the Cascade-Correlation Algorithm.,IEEE Transactions on Neural Networks,vol. 3,July 1992.
knoop1992a,Knoop; J. and Steffen,"The interprocedural coincidence theorem,",in Proceedings of the Fourth International Conference on Compiler Construction,Vol. 641,"October 5-7, 1992 (1992)."
knoop1992a,Knoop; J. and Steffen,"The interprocedural coincidence theorem,",in Proceedings of the Fourth International Conference on Compiler Construction,Vol. 641,"October 5-7, 1992, (1992)."
knoop1992a,Knoop; J. and Steffen,"The interprocedural coincidence theorem,",in Proceedings of the Fourth International Conference on Compiler Construction,Vol. 641,"October 5-7, 1992, (1992)."
knoop1992a,Knoop; J. and Steffen,"The interprocedural coincidence theorem,",in Proceedings of the Fourth International Conference on Compiler Construction,Vol. 641,"October 5-7, 1992, (1992)."
knoop1992a,Knoop; J. and Steffen,"The interprocedural coincidence theorem,",in Proc. of the Fourth Int. Conf. on Comp. Construct.,Vol. 641,"Oct. 1992, (1992)."
knoop1992a,Knoop; J. and Steffen,"The interprocedural coincidence theorem,",in Proc. of the Fourth Int. Conf. on Comp. Construct.,Vol. 641,"Oct. 1992, (1992)."
knoop1992a,Knoop; J. and Steffen,"The interprocedural coincidence theorem,",in Proceedings of the Fourth International Conference on Compiler Construction,Vol. 641,"October 5-7, 1992, (1992)."
knoop1992a,Knoop; J. and Steffen,"The interprocedural coincidence theorem,",in Proceedings of the Fourth International Conference on Compiler Construction,Vol. 641,"October 5-7, 1992, (1992)."
knoop1992a,Knoop; J. and Steffen,"The interprocedural coincidence theorem,",in Proceedings of the Fourth International Conference on Compiler Construction,Vol. 641,"October 5-7, 1992, (1992)."
knoop1992a,Knoop; J. and Steffen,"The interprocedural coincidence theorem,",in Proceedings of the Fourth International Conference on Compiler Construction,Vol. 641,"October 5-7, 1992, (1992)."
knoop1992a,Knoop; J. and Steffen,"The interprocedural coincidence theorem,",in Proc. of the Fourth Int. Conf. on Comp. Construct.,Vol. 641,"Oct. 1992, (1992)."
knoop1992a,Knoop; J. and Steffen,"The interprocedural coincidence theorem,",in Proceedings of the Fourth International Conference on Compiler Construction,Vol. 641,"October 5-7, 1992, (1992)."
knoop1992a,Knoop; J. and Steffen,"The interprocedural coincidence theorem,",in Proceedings of the Fourth International Conference on Compiler Construction,Vol. 641,"October 5-7, 1992, (1992)."
knoop1992a,J. Knoop and B. Steffen.,The interprocedural coincidence theorem.,Proceedings of the Fourth International Conference on Compiler Construction Lecture Notes in Computer Science,Vol. 641,1992.
knoop1992a,J. Knoop and B. Steffen.,The interprocedural coincidence theorem.,Proceedings of the Fourth International Conference on Compiler Construction Lecture Notes in Computer Science,Vol. 641,1992.
knoop1992a,J. Knoop and B. Steffen.,The interprocedural coincidence theorem.,In Proceedings of the Fourth International Conference on Compiler Construction,Vol. 641,October 1992. 1992.
knopp1992a,Jurgen Knopp.,Improving the performance of parallel lisp by compile time analysis.,Compiler Construction volume 641 of Lecture Notes in Computer Science,,1992.
kriegel1993a,Kriegel; Heep S.; Fahldiek A.; Mysliwitz N.,"""Query Processing of Geometric Objects with Free Form Boundaries in Spatial Databases"".",Proc. 4th Int. Conf. DEXA 1993,,
kriegel1993a,Kriegel; Heep S.; Fahldiek A.; Mysliwitz N.,"""Query Processing of Geometric Objects with Free Form Boundaries in Spatial Databases"".",Proc. 4th Int. Conf. DEXA 1993,,
langendoen1992a,Koen Langendoen and Pieter Hartel. FCG:,a code generator for lazy functional languages.,Proceedings of the Conference on Compiler Construction,,Oct 92.
langendoen1992a,K.G. Langendoen and P.H. Hartel,"a code generator for lazy functional languages, in Compiler construction (CC),",Proceedings of the International Workshop on Compiler Construction,,October 1992.
mcdonald1987a,David B. McDonald; Scott E. Fahlman; and Skef Wholey.,Internal design of cmu common lisp on the IBM RT PC.,,,April 1988.
pfahler1997a,P. Pfahler and U. Kastens.,Language design and implementation by selection.,In First ACM SIGPLAN Workshop on Domain-Specific Languages,,January 1997.
pfahler1997a,P. Pfahler and U. Kastens.,Language design and implementation by selection.,In First ACM SIGPLAN Workshop on Domain-Specific Languages,,January 1997.
poggio1992a,Poggio; Fahle; and Edelman,Fast perceptual learning in visual hyperacuity.,Science,256,(1992).
poggio1992a,Poggio; Fahle; and Edelman,Fast perceptual learning in visual hyperacuity.,Science,256,(1992).
poggio1992a,Poggio; Fahle; and Edelman,Fast perceptual learning in visual hyperacuity.,Science,256,(1992).
poggio1992a,Poggio; Fahle; and Edelman,Fast perceptual learning in visual hyperacuity.,Science,256,(1992).
poggio1992a,Poggio; Fahle; and Edelman,Fast perceptual learning in visual hyperacuity.,Science,256,(1992).
poggio1992a,Poggio; Fahle; and Edelman,Fast perceptual learning in visual hyperacuity.,Science,256,(1992b).
poggio1992a,Poggio; Fahle; and Edelman,Fast perceptual learning in visual hyperacuity.,Science,256,(1992)
poggio1992a,T. Poggio; M. Fahle; and S. Edelman.,Fast Per ceptual Learning in Visual Hyperacuity.,Science,256,May 1992.
poggio1992a,Poggio T; Fahle M; and Edelman S.,Fast perceptual learning in visual hyperacuity.,Science,256,1992.
poggio1992b,Poggio; Edelman; and Fahle,Learning of visual modules from examples: a framework for understanding adaptive visual performance.,Computer Vision Graphics and Image Processing: Image Understanding,56,(1992a).
poggio1992b,T. Poggio; S. Edelman; and M. Fahle.,"Learning of visual modules from examples: A framework for understanding adaptive visual performance. CVGIP: Image Understanding, Special Issue on Purposive, Qualitative, Active Vision,",,56,1992.
pope1992a,S. T. Pope and L. E.,"Fahl en, Building sound into a virtual environment,",in Proceedings of the 5th MultiG Workshop,,Dec. 1992.
shapiro1980a,S. C. Shapiro.,"Review of Fahlman, Scott NETL: A system for representing and using real-world knowledge.",American Journal of Computational Linguistics,6(3),1980.
steele1984a,Guy L. Steele Jr.; Scott E. Fahlman; Richard P. Gabriel; David A. Moon; and Daniel L. Weinreb.,Common Lisp: The Language.,,,1984.
steele1984a,Guy L. Steele Jr.; Scott E. Fahlman; Richard P. Gabriel; David A. Moon; and Daniel L. Weinreb.,Common Lisp: The Language.,,,1984.
steele1984a,Guy L. Steele Jr.; Scott E. Fahlman; Richard P. Gabriel; David A. Moon; and Daniel L. Weinreb.,Common Lisp: The Language.,,,1984.
steele1990a,Steele; Guy L.; Fahlman; Scott E.; Gabriel; Richard P.; Moon; David A.; Weinreb; Daniel L.; Bobrow; Daniel G.; DeMichiel; Linda G.; Keene; Sonya E.; Kiczales; Gregor; Perdue; Crispin; Pitman; Kent M.; Waters; Richard C.; and White,Common Lisp: The Language (Second Edition).,,,1990).
steele1990a,Common Lisp: The Language (Second Edition). By Guy L. Steele Jr.; Scott E. Fahlman; Richard P. Gabriel; David A. Moon; Daniel L. Weinreb; Daniel G. Bobrow; Linda G. DeMichiel; Sonya E. Keene; Gregor Kiczales; Crispin Perdue; Kent M. Pitman; Richard C. Waters; and Jon L White.,,,,1990.
steele1990a,Common Lisp: The Language (Second Edition). By Guy L. Steele Jr.; Scott E. Fahlman; Richard P. Gabriel; David A. Moon; Daniel L. Weinreb; Daniel G. Bobrow; Linda G. DeMichiel; Sonya E. Keene; Gregor Kiczales; Crispin Perdue; Kent M. Pitman; Richard C. Waters; and Jon L White.,,,,1990.
steele1990a,Common Lisp: The Language (Second Edition). By Guy L. Steele Jr.; Scott E. Fahlman; Richard P. Gabriel; David A. Moon; Daniel L. Weinreb; Daniel G. Bobrow; Linda G. DeMichiel; Sonya E. Keene; Gregor Kiczales; Crispin Perdue; Kent M. Pitman; Richard C. Waters; and Jon L White.,,,,1990.
steele1990a,Common Lisp: The Language (Second Edition). By Guy L. Steele Jr.; Scott E. Fahlman; Richard P. Gabriel; David A. Moon; Daniel L. Weinreb; Daniel G. Bobrow; Linda G. DeMichiel; Sonya E. Keene; Gregor Kiczales; Crispin Perdue; Kent M. Pitman; Richard C. Waters; and Jon L White.,,,,1990.
sudholt1992a,S udholt; M. and Steigner,On interprocedural data flow analysis for object oriented languages.,Proceedings of the Fourth International Conference on Compiler Construction,,1992.
thrun1991a,S.B. Thrun; J. Bala; E. Bloedorn; I. Bratko; B. Cestnik; J. Cheng; K. De Jong; S Dzroski; S.E. Fahlman; D. Fisher; R. Hamann; K. Kaufman; S. Keller; I. Kononenko; J. Kreuziger; R.S. Michal-ski; T. Mitchell; P. Pachowicz; Y. Reich H. Vafaie; W. Van de Welde; W. Wenzel; J. Wnek; and J. Zhang.,The monk's problems a performance comparison of different learning algorihms.,,,December 1991.
thrun1991a,S.B. Thrun; J. Bala; E. Bloedorn; I. Bratko; B. Cestnik; J. Cheng; K. De Jong; S. Dzeroski andS.E. Fahlman; D. Fisher; R. Hamann; K. Kaufman; S. Keller; I. Kononenko; J. Kreuziger; R.S. Michalski; T. Mitchell; P. Pachowicz; Y. Reich; H. Vafaie; W. Van de Weldel; W. Wenzel; J. Wnek; and J. Zhang.,The monk's problems: A performance comparison of different learning algorithms.,,,1991.
thrun1991a,Thrun; Bala; Bloedorn; Bratko; Cestnik; Cheng; De Jong; Dzerowski; Fahlman; Hamann; Kaufman; Keller; Kononenko; Kreuziger; Michalski; Mitchell; Pachowicz; Vafaie; Van de Velde; Wenzel; Wnek; and Zhang,"The MONKS Problems: A Performance Comparison of Different Learning Algorithms,",,,1991.
thrun1991a,Thrun; Bala; Bloedorn; Bratko; Cestnik; Cheng; De Jong; Dzerowski; Fahlman; Hamann; Kaufman; Keller; Kononenko; Kreuziger; Michalski; Mitchell; Pachowicz; Vafaie; Van de Velde; Wenzel; Wnek; and Zhang,"The MONKS Problems: A Performance Comparison of Different Learning Algorithms,",,,1991.
thrun1991a,Fahlman; D. Fisher; R. Hamann; K. Kaufman; S. Keller; I. Kononenko; J. Kreuziger; R.S. Michal-ski; T. Mitchell; P. Pachowicz; Y. Reich; H. Vafaie; W. Van de Welde; W. Wenzel; J. Wnek; and J. Zhang.,The MONK's problems A performance comparison of different learning algorithms.,,,1991.
thrun1991a,Fahlman; D. Fisher; R. Hamann; K. Kaufman; S. Keller; I. Kononenko; J. Kreuziger; R.S. Michal-ski; T. Mitchell; P. Pachowicz; Y. Reich; H. Vafaie; W. Van de Welde; W. Wenzel; J. Wnek; and J. Zhang.,The MONK's problems A performance comparison of different learning algorithms.,,,1991.
thrun1991a,Thrun; Bala; Bloedorn; Bratko; Cestnik; Cheng; De Jong; Dzeroski; Fahlman; Fisher; Hamann; Kaufman; Keller; Kononenko; Kreuziger; Michalski; Mitchell; Pachowicz; Reich; Vafaie; Van de Welde; Wenzel; Wnek; and Zhang,The MONK's Problem: A Performance Comparison of Different Learning Algorithms.,,,(1991).
thrun1991a,Thrun; S.; Bala; J.; Bloedorn; E.; Bratko; I.; Cestnik; B.; Cheng; J.; De Jong; K.; Dzeroski; S.; Fahlman; S.; Fisher; D.; Hamann; R.; Kaufman; K.; Keller; S.; Kononenko; I.; Kreuziger; J.; Michalski; R.; Mitchell; T.; Pachowicz; P.; Reich; Y.; Vafaie; H.; de Weldel; W. V.; Wenzel; W.; Wnek; J.; and Zhang,The monk's problems: A performance comparison of different learning algorithms.,,,1991.
thrun1991a,Thrun; Bala; Bloedorn; Bratko; Cestnik; Cheng; De Jong; Dzeroski; Fahlman; Hamann; Kaufman; Keller; Kononenko; Kreuziger; Michalski; Mitchell; Pachowicz; Vafaie; Van de Velde; Wenzel; Wnek; J. and Zhang,"""The MONK's problems: A Performance Comparison of Different Learning Algorithms,""",Computer Science Reports,,December l991.
thrun1991a,Thrun; Bala; Bloedorn; Bratko; Cestnink; Cheng; DeJong; Dzeroski; Fahlman; Hamann; Kaufman; Keller; Kononenko; Kreuziger; Michalski; Mitchell; Pachowicz; Vafaie; Van de Velde; Wenzel; Wnek; J. and Zhang,"""The MONK's Problems: A Performance Comparison of Different Learning Algorithms,""",,,December 1991.
thrun1991a,S. B. Thrun; J. Bala; E. Bloendorn; I. Bratko; B. Cestnik; J. Cheng; K. De Jong; S. D^zeroski; S. E. Fahlman; D. Fisher; R. Hamann; K. Kauf-man; S. Keller; I. Kononenko; J. Kreuziger; R. S. Michalski; T. Mitchell; P. Pachovicz; Y. Re-ich; H. Vafaie; W. Van de Welde; W. Wentzel; J. Wnek; and J. Zhang.,The monk's problems a performance comparison of different learning algorithms.,,,1991.
thrun1991a,S. B. Thrun; J. Bala; E. Bloendorn; I. Bratko; B. Cestnik; J. Cheng; K. De Jong; S. D^zeroski; S. E. Fahlman; D. Fisher; R. Hamann; K. Kauf-man; S. Keller; I. Kononenko; J. Kreuziger; R. S. Michalski; T. Mitchell; P. Pachovicz; Y. Re-ich; H. Vafaie; W. Van de Welde; W. Wentzel; J. Wnek; and J. Zhang.,The monk's problems a performance comparison of different learning algorithms.,,,1991.
thrun1991a,S.B. Thrun; J. Bala; E. Bloedorn; I. Bratko; B. Cestnik; J. Cheng; K. De Jong; S Dzroski; S.E. Fahlman; D. Fisher; R. Hamann; K. Kaufman; S. Keller; I. Kononenko; J. Kreuziger; R.S. Michalski; T. Mitchell; P. Pachowicz; Y. Re-ich H. Vafaie; W. Van de Welde; W. Wenzel; J. Wnek; and J. Zhang.,The monk's problems a performance comparison of different learning algorihms.,,,December 1991.
thrun1991a,S.B. Thrun; J. Bala; E. Bloedorn; I. Bratko; B. Cestnik; J. Cheng; K. De Jong; S. Dzeroski; S.E. Fahlman; D. Fisher; R. Hamann; K. Kaufman; S. Keller; I. Kononenko; J. Kreuziger; R.S. Michalski; T. Mitchell; P. Pachowicz; Y. Reich; H. Vafaie; W. Van de Welde; W. Wenzel; J. Wnek; and J. Zhang,The MONK's problems a performance comparison of different learning algorithms.,,,1991.
thrun1991a,S.B. Thrun; J. Bala; E. Bloedorn; I. Bratko; B. Cestnik; J. Cheng; K. De Jong; S. Dzeroski; S.E. Fahlman; D. Fisher; R. Hamann; K. Kaufman; S. Keller; I. Kononenko; J. Kreuziger; R.S. Michalski; T. Mitchell; P. Pachowicz; Y. Reich; H. Vafaie; W. Van de Weldel; W. Wenzel; J. Wnek; and J. Zhang.,The monk's problems: A performance comparison of different learning algorithms.,,,1991.
thrun1991a,Sebastian B. Thrun; Jerzy Bala; Eric Bloedorn; Bojan Cestnik; John Cheng; Kenneth De Jong; Saso Dzeroski; Douglas Fisher; Scott E. Fahlman; Rainer Hamann; Kenneth Kaufman; Stefan Keller; Igor Kononenko; Juergen Kreuziger; Ryszard S. Michalski; Tom Mitchell; Peter Pachowicz; Yoram Reich; Haleh Vafaie; Walter Van de Welde; Walter Wenzel; Janusz Wnek; and Jianping Zhang.,The MONK's problems a performance comparison of different learning algorithms.,,,December 1991.
thrun1991a,Sebastian B. Thrun; Jerzy Bala; Eric Bloedorn; Bojan Cestnik; John Cheng; Kenneth De Jong; Saso Dzeroski; Douglas Fisher; Scott E. Fahlman; Rainer Hamann; Kenneth Kaufman; Stefan Keller; Igor Kononenko; Juergen Kreuziger; Ryszard S. Michalski; Tom Mitchell; Peter Pachowicz; Yoram Reich; Haleh Vafaie; Walter Van de Welde; Walter Wenzel; Janusz Wnek; and Jianping Zhang.,The MONK's problems a performance comparison of different learning algorithms.,,,December 1991.
thrun1991a,Sebastian B. Thrun; Jerzy Bala; Eric Bloedorn; Bojan Cestnik; John Cheng; Kenneth De Jong; Saso Dzeroski; Douglas Fisher; Scott E. Fahlman; Rainer Hamann; Kenneth Kaufman; Stefan Keller; Igor Kononenko; Juergen Kreuziger; Ryszard S. Michalski; Tom Mitchell; Peter Pachowicz; Yoram Reich; Haleh Vafaie; Walter Van de Welde; Walter Wenzel; Janusz Wnek; and Jianping Zhang.,The MONK's problems a performance comparison of different learning algorithms.,,,December 1991.
thrun1991a,S.B. Thrun; J. Bala; E. Bloedorn; I. Bratko; B. Cestnik; J. Cheng; K. De Jong; S. Dzeroski; S.E. Fahlman; D. Fisher; R. Hamann; K. Kaufman; S. Keller; I. Kononenko; J. Kreuziger; R.S. Michalski; T. Mitchell; P. Pachowicz; Y. Reich; H. Vafaie; W. Van de Welde; W. Wenzel; J. Wnek; and J. Zhang,The MONK's problems a performance comparison of different learning algorithms.,,,1991.
thrun1991a,Thrun; Bala; Bloedorn; Bratko; Cestnik; Cheng; De Jong; Dzeroski; Fisher; Fahlman; Hamann; Kaufman; Keller; Kononenko; Kreuziger; Michalski; Mitchell; Pachowicz; Reich; Vafaie; Van de Welde; Wenzel; Wnek; J. and Zhang,The MONK's problems a performance comparison of different learning algorithms.,,,(1991).
thrun1991a,S. Thrun; J. Bala; E. Bloedorn; I. Bratko; B. Cestnik; J. Cheng; K. De Jong; S. Dzeroski; D. Fisher; S. E. Fahlman; R. Hamann; K. Kaufman; S. Keller; I. Kononenko; J. Kreuziger; R. S. Michalski; T.M. Mitchell; P. Pachowicz; Y. Reich; H. Vafaie; W. Van de Welde; W. Wenzel; J. Wnek; and J. Zhang.,The MONK's problems a performance comparison of different learning algorithms.,,,December 1991.
thrun1991a,S. Thrun; J. Bala; E. Bloedorn; I. Bratko; B. Cestnik; J. Cheng; K. De Jong; S. Dzeroski; D. Fisher; S. E. Fahlman; R. Hamann; K. Kaufman; S. Keller; I. Kononenko; J. Kreuziger; R. S. Michalski; T.M. Mitchell; P. Pachowicz; Y. Reich; H. Vafaie; W. Van de Welde; W. Wenzel; J. Wnek; and J. Zhang.,The MONK's problems a performance comparison of different learning algorithms.,,,December 1991.
thrun1991a,S. Thrun; J. Bala; E. Bloedorn; I. Bratko; B. Cestnik; J. Cheng; K. De Jong; S. Dzeroski; D. Fisher; S. E. Fahlman; R. Hamann; K. Kaufman; S. Keller; I. Kononenko; J. Kreuziger; R. S. Michalski; T.M. Mitchell; P. Pachowicz; Y. Reich; H. Vafaie; W. Van de Welde; W. Wenzel; J. Wnek; and J. Zhang.,The MONK's problems a performance comparison of different learning algorithms.,,,December 1991.
thrun1991a,Thrun. S.B.; Bala; Bloedorn; Bratko; Cestnik; Cheng; De Jong; Dzeroski; Fahlman; Hamann; Kaufman; Keller; Kononenko; Kreuziger; Michalski; Mitchell; Pachowicz; Vafaie; Van de Velde; Wenzel; Wnek; and Zhang,"The MONKs Problems: A Performance Comparison of Different Learning Algorithms,",,,1991.
thrun1991a,S. Thrun; J. Bala; E. Bloedorn; I. Bratko; B. Cestnik; J. Cheng; K. De Jong; S. Dzeroski; S.E. Fahlman; D. Fisher; R. Hamann; K. Kaufman; S. Keller; I. Kononenko; J. Kreuziger; R.S. Michalski; T. Mitchell; P. Pachowicz; Y. Reich; H. Vafaie; W. Van de Welde; W. Wenzel; J. Wnek; and J. Zhang.,The monk's problems a performance comparison of different learning algorithms.,,,1991.
thrun1991a,S.B. Thrun; J. Bala; E. Bloedorn; B. Cheng I. Bratko; S. Dzeroski k. De-Jong; S. Fahlman; D. Fisher; R. Hamann; K. Kaufman; S. Keller; I. Kononenko; J. Kreuziger; R. Michalski; T. Mitchell; P. Pachowicz; Y. Reich; H. Vafaie; K. Van de Welde; W. Wenzel; J. Wnek; and J. Zhang.,The monk's problem: a performance comparison of different learning algorithms.,,,December 1990.
thrun1991a,Thrun; Bala; Bloedorn; Bratko; Cestnik; Cheng; De Jong; Dzeroski; Fisher; Fahlman; Hamann; Kaufman; 8 Keller; Kononenko; Kreuziger; Michalski; Mitchell; Pa--chowicz; Reich; Vafaie; Van de Welde; Wenzel; Wnek; J. and Zhang,The MONK's problems a performance comparison of different learning algorithms.,,,(1991). 9
thrun1991a,S. B. Thrun; J. Bala; E. Bloedorn; I. Bratko; B. Cestnik; J. Cheng; K. de Jong; S. Dze-roski; S. E. Fahlman; D. Fisher; R. Hamann; K. Kaufaman; S. Keller; I. Kononenko; J. Kreusiger; R. S. Michalski; T. Mitchell; P. Pachowitz; Y. Reich; H. Vafaic; W. Van de Weldel; W. WEnzel; J. Wnek; and J. Zhang.,The monk's problems: a performance comparison of different learning algorithms.,,,1991.
thrun1991a,S. B. Thrun; J. Bala; E. Bloedorn; I. Bratko; B. Cestnik; J. Cheng; K. de Jong; S. Dze-roski; S. E. Fahlman; D. Fisher; R. Hamann; K. Kaufaman; S. Keller; I. Kononenko; J. Kreusiger; R. S. Michalski; T. Mitchell; P. Pachowitz; Y. Reich; H. Vafaic; W. Van de Weldel; W. WEnzel; J. Wnek; and J. Zhang.,The monk's problems: a performance comparison of different learning algorithms.,,,1991.
thrun1991a,Thrun; Bala; Bloedorn; Bratko; Cestnik; Cheng; De Jong; Dzeroski; Fisher; Fahlman; Hamann; Kaufman; Keller; Kononenko; Kreuziger; Michalski; Mitchell; Pa-chowicz; Reich; Vafaie; Van de Welde; Wenzel; Wnek; J. and Zhang,The MONK's problems a performance comparison of different learning algorithms.,,,(1991).
thrun1991a,S. B. Thrun; J. Bala; E. Bloedorn; I. Bratko; B. Cestnik; J. Cheng; K. de Jong; S. Dzeroski; S. E. Fahlman; D. Fisher; R. Hamann; K. Kaufaman; S. Keller; I. Kononenko; J. Kreusiger; R. S. Michalski; T. Mitchell; P. Pachowitz; Y. Reich; H. Vafaic; W. Van de Weldel; W. WEnzel; J. Wnek; and J. Zhang.,The monk's problems: a performance comparison of different learning algorithms.,,,1991.
thrun1991a,S.B. Thrun; J. Bala; E. Bloedorn; I. Bratko; B. Cestnik; J. Cheng; K. De Jong; S. Dzeroski; S.E. Fahlman; D. Fisher; R. Hamann; K. Kaufman; S. Keller; I. Kononenko; J. Kreuziger; R.S. Michalski; T. Mitchell; P. Pachowicz; Y. Reich; H. Vafaie; W. Van de Weldel; W. Wenzel; J. Wnek; and J. Zhang.,The monk's problems: A performance comparison of different learning algorithms.,,,1991.
thrun1991a,S.B. Thrun; J. Bala; E. Bloedorn; I. Bratko; B. Cestnik; J. Cheng; K. De Jong; S. Dzeroski; S.E. Fahlman; D. Fisher; R. Hamann; K. Kaufman; S. Keller; I. Kononenko; J. Kreuziger; R.S. Michalski; T. Mitchell; P. Pachowicz; Y. Reich; H. Vafaie; W. Van de Weldel; W. Wenzel; J. Wnek; and J. Zhang.,The monk's problems: A performance comparison of different learning algorithms.,,,1991.
thrun1991a,Thrun; Bala; Bloedorn; Bratko; Cestnik; Cheng; De Jong; D zeroski; Fahlman; Fisher; Hamann; Kauf-man; Keller; Kononenko; Kreuziger; Michalski; Mitchell; Pachowicz; Reich; Vafaie; Van de Velde; Wenzel; Wnek; and Zhang,The MONK's Problems: a performance comparison of different learning algorithms.,,,(1991).
thrun1991a,S.B. Thrun; J. Bala; E. Bloedorn; I. Bratko; B. Cestnik; J. Cheng; K. De Jong; S. Dzeroski; S.E. Fahlman; D. Fisher; R. Hamann; K. Kauf-man; S. Keller; I. Kononenko; J. Kreuziger; R.S. Michalski; T. Mitchell; P. Pachowicz; Y. Reich; H. Vafaie; W. Van de Welde; W. Wenzel; J. Wnek; and J. Zhang,"The MONK's problems a performance comparison of different learning algorithms,",,,1991.
thrun1991a,S.B. Thrun; J. Bala; E. Bloedorn; I. Bratko; B. Cestnik; J. Cheng; K. De Jong; S. Dzeroski; S.E. Fahlman; D. Fisher; R. Hamann; K. Kaufman; S. Keller; I. Kononenko; J. Kreuziger; R.S. Michalski; T. Mitchell; P. Pachowicz; Y. Reich; H. Vafaie; W. Van de Welde; W. Wenzel; J. Wnek; and J. Zhang,The MONK's problems a performance comparison of different learning algorithms.,,,1991.
thrun1991a,S.B. Thrun; J. Bala; E. Bloedorn; I. Bratko; B. Cestnik; J. Cheng; K. De Jong; S. Dzeroski; S.E. Fahlman; D. Fisher; R. Hamann; K. Kaufman; S. Keller; I. Kononenko; J. Kreuziger; R.S. Michalski; T. Mitchell; P. Pachowicz; Y. Reich; H. Vafaie; W. Van de Welde; W. Wenzel; J. Wnek; and J. Zhang,The MONK's problems a performance comparison of different learning algorithms.,,,
thrun1991a,S.B. Thrun; J. Bala; E. Bloedorn; I. Bratko; B. Cestnik; J. Cheng; K. De Jong; S. Dzeroski; S.E. Fahlman; D. Fisher; R. Hamann; K. Kaufman; S. Keller; I. Kononenko; J. Kreuziger; R.S. Michalski; T. Mitchell; P. Pachowitz; Y. Reich; H. Vafaie; W. Van de Welde; W. Wenzel; J. Wnek; and J. Zhang.,The MONK's problems: A performance comparison of differ-ent learning algorithms.,,,December 1991.
thurn1991a,Thurn; Bala; Bloedorn; Bratko; Cestnik; Cheng; Jong; Dzeroski; Fahlman; Fisher; Hamann; Kaufman; Keller; Kononenko; Kreuziger; Michalski; Mitchell; Pachowicz; Reich; Vafaie; de Welde; Wenzel; Wnek; and Zhang,The MONK's problems: A performance comparison of different learning algorithms.,,,December 1990.
thurn1991a,Thurn; Bala; Bloedorn; Bratko; Cestnik; Cheng; De Jong; Dzeroski; Fahlman; Fisher; Hamann; Kaufman; Keller; Kononenko; Kreuziger; Michalski; Mitchell; Pachowicz; Reich; Vafaie; Van de Welde; Wenzel; Wnek; and Zhang,"`The MONK's problems: A performance comparison of different learning algorithms',",,,December 1991.
vitek1992a,Vitek; Horspool; and Uhl,Compile-time analysis of object-oriented programs.,Proceedings of the Fourth International Conference on Compiler Construction,,1992.
walter1987a,Walter; Henke-Fahle; S. and Bonhoeffer,1987 Avoidance of posterior tectal membranes by temporal retinal axons.,Development 101,,
weiss1993a,Weiss; Edelman; and Fahle,Models of perceptual learning in vernier hyperacuity.,Neural Computation,5,(1993).
weiss1993a,Weiss; Edelman; and Fahle,Models of perceptual learning in vernier hyperacuity.,Neural Computation,5,(1993).
weiss1993a,Weiss; Edelman; and Fahle,Models of perceptual learning in vernier hyperacuity.,Neural Computation,5,(1993).
weiss1993a,Weiss; Edelman; and Fahle,Models of perceptual learning in vernier hyperacuity.,Neural Computation,5,(1993).
weiss1993a,Weiss; Edelman; and Fahle,Models of perceptual learning in vernier hyperacuity.,Neural Computation,5,(1993).
weiss1993a,Weiss; Edelman; and Fahle,Models of perceptual learning in vernier hyperacuity.,Neural Computation,5,(1993).
white1994a,White; M. and Fahlman,"""Neural-bench benchmark collection"",",,,"(1994),"
wholey1984a,Wholey; Skef; and Fahlman; Scott E.,The design of an instruction set for Common Lisp.,In Proc. 1984 ACM Symposium on Lisp and Functional Programming. ACM SIGPLAN/SIGACT/SIGART,,"August 1984),"
aha1987,Kibler; and Aha; D. W.,Learning representative exemplars of concepts: An initial case study.,In Proceedings of the Fourth International Workshop on Machine Learning,,
aha1987,Kibler; and Aha; D. W.,Learning representative exemplars of concepts: An initial case study.,In Proceedings of the Fourth International Workshop on Machine Learning,,
aha1987,Kibler; and Aha; D. W.,Learning representative exemplars of concepts: An initial case study.,In Proceedings of the Fourth International Workshop on Machine Learning,,
aha1987,Kibler; and Aha; D. W.,Learning representative exemplars of concepts: An initial case study.,In Proceedings of the Fourth International Workshop on Machine Learning,,
aha1987,Kibler; and Aha,Learning Representative Exemplars of Concepts: An Initial Case Study.,In Proceedings of the 4th International Workshop on Machine Learning,,
aha1987,Kibler; and Aha,Learning Representative Exemplars of Concepts: An Initial Case Study.,In Proceedings of the 4th International Workshop on Machine Learning,,
aha1987,Kibler; and Aha; D. W.,Learning Representative Exemplars of Concepts: An Initial Case Study.,In Proceedings of the Fourth International Workshop on Machine Learning.,,
aha1987,Kibler; and Aha; D. W.,Learning Representative Exemplars of Concepts: An Initial Case Study.,In Proceedings of the Fourth International Workshop on Machine Learning.,,
aha1987,Kibler; and Aha David W.,Learning representative exemplars of concepts: An initial case study.,Proceedings of the Fourth International Workshop on Machine Learning,,
aha1987,Kibler; and David W. Aha,Learning representative exemplars of concepts: An initial case study.,Proceedings of the Fourth International Workshop on Machine Learning.,,
aha1987,Kibler; and David W. Aha,Learning representative exemplars of concepts: An initial case study.,Proceedings of the Fourth International Workshop on Machine Learning.,,
aha1987,Kibler; and David W. Aha,Learning representative exemplars of concepts: An initial case study.,Proceedings of the Fourth International Workshop on Machine Learning.,,
aha1987,D. Kibler and D. W. Aha.,Learning representative exemplars of concepts: an initial case study.,Proc. 4th International Workshop on Machine Learning,,
aha1987,D. Kibler and D. Aha.,Learning representative exemplars of concepts: An initial case study.,Proceedings of the Fourth International Workshop on Machine Learning,,
aha1987,D. Kibler and D. Aha.,Learning representative exemplars of concepts: An initial case study.,In Proc. of the 4 th International Workshop on Machine Learning,,
aha1987,D. Kibler and D. Aha.,Learning representative exemplars of concepts: An initial case study.,In Proc. of the 4 th International Workshop on Machine Learning,,
aha1987,D. Kibler and D. W. Aha.,Learning representative exemplars of concepts: an initial case study.,Proc. 4th International Workshop on Machine Learning,,
aha1987,Kibler; and Aha,Learning Representative Exemplars of Concepts: An Initial Case Study.,In Proceedings of the Fourth International Workshop on Machine Learning,,
aha1987,Kibler; and Aha,Learning Representative Exemplars of Concepts: An Initial Case Study.,In Proceedings of the Fourth International Workshop on Machine Learning,,
aha1987,Kibler; and Aha,Learning Representative Exemplars of Concepts: An Initial Case Study.,In Proceedings of the Fourth International Workshop on Machine Learning,,
aha1987,D. Kibler and D. Aha.,Learning representative examplars of concepts; an initial study.,In Proceedings of the Fourth International Workshop on Machine Learning,,
aha1987,Dennis Kibler and David W. Aha.,Learning representative exemplars of concepts: An initial case study.,Proceedings of the Fourth International Workshop on Machine Learning,,
aha1987,D. Kibler and D. W. Aha,"""Learning Representative Exemplars of Concepts: An Initial Case Study,""",Proceedings of the Fourth International Workshop on Machine Learning,,
aha1989,Aha; D. and Kibler,Noise-tolerant instance based leanring algorithms.,Proc. IJCAI-89,,
aha1989,Aha; D. and Kibler,Noise-tolerant instance-based leanring algorithms.,Proc. IJCAI-89,,
aha1989,Aha; D. and Kibler,Noise-tolerant instance-based learning algorithms.,Proc. IJCAI-89,,
aha1989,Aha; D. and Kibler,Noise-tolerant instance-based learning algorithms.,Proc. IJCAI-89,,
aha1989,Aha; D. and Kibler,Noise-tolerant instance-based learning algorithms.,Proc. IJCAI-89,,
aha1989,Aha; D. W. and Kibler D.,Noise-Tolerant Instance-Based Learning Algorithms.,In Proceedings of the Eleventh International Joint Conference on Artificial Intelligence (IJCAI-89),,
aha1989,Aha; D. W. and Kibler,Noise-tolerant instance-based learning algorithms.,In Eleventh International Joint Conference on Artificial Intelligence,,
aha1989,Aha; D. W.; and Kibler,Noise-tolerant instance-based learning algorithms.,In Proceedings of the 1989 International Joint Conference on Artificial Intelligence.,,
aha1989,Aha; D. W.; and Kibler,Noise-tolerant instance-based learning algorithms.,In Proceedings of the Eleventh International Joint Conference on Artificial Intelligence,,
aha1989,Aha; D. W.; and Kibler,Noise-tolerant instance-based learning algorithms.,In Proceedings of the Eleventh International Joint Conference on Artificial Intelligence,,
aha1989,Aha; D. W.; and Kibler,Noise-tolerant instance-based learning algorithms.,In Proceedings of the Eleventh International Joint Conference on Artificial Intelligence,,
aha1989,Aha; D. W.; and Kibler,Noise-tolerant instance-based learning algorithms.,Proceedings of the Eleventh International Joint Conference on Artificial Intelligence,,
aha1989,Aha; D. W.; and Kibler,Noise-tolerant instance-based learning algorithms.,Proceedings of the Eleventh International Joint Conference on Artificial Intelligence,,
aha1989,Aha; D. and Kibler,Noise-tolerant instace-based learning algorithms.,Proceedings of the Eleventh International Joint Conference on 39 Artificial Intelligence,,
aha1989,Aha; D. and Kibler,Noise-tolerant instace-based learning algorithms.,Proceedings of the Eleventh International Joint Conference on 39 Artificial Intelligence,,
aha1989,Aha; and Kibler,Noise tolerant instance-based learning algorithms.,Proceedings of the Eleventh International Joint Conference on Artificial Intelligence,,
aha1989,Aha; and Kibler,Noise-tolerant Instance-based Learning Algorithms.,Proceedings of the Eleventh International Joint Conference on Artificial Intelligence.,,
aha1989,Aha; Kibler,"Noise-tolerant instance-based learning algorithms,",Proceedings of the Eleventh International Joint Conference on Artificial Intelligence,,
aha1989,D. Aha and D. Kibler.,Noise-tolerant instance-based learning algorithms.,In Proceedings of IJCAI-89,,
aha1989,Aha; and Kibler,Noise-tolerant Instance-based Learning Algorithms.,in Proceedings of the Eleventh International Joint Conference on Artificial Intelligence,,
aha1989,Aha; and Kibler,Noise-tolerant Instance-based Learning Algorithms.,in Proceedings of the Eleventh International Joint Conference on Artificial Intelligence,,
aha1989,David W. Aha and Dennis Kibler.,Noise-tolerant instance-based learning algorithms.,In IJCAI-89,,
aha1989,D.W. Aha and D. Kibler.,Noise-tolerant instance-based learning algorithm.,In International Joint Conference on Artificial Intelligence,,
aha1989,Aha; D. and Kibler,Noise-tolerant instance-based learning algorithms.,Proceedings of the Eleventh Joint Conference on Artificial Intelligence,,
aha1989,D. Aha and D. Kibler.,Noise-tolerant instance-based learning algorithms.,In Proceedings of IJCAI-89,,
aha1989,D. Aha and D. Kibler.,Noise-tolerant instance-based learning algorithms.,In Proceedings of IJCAI-89,,
aha1991,Aha; D. W.; Kibler; D. and Albert,Instance-based learning algorithms.,,,
aha1991,AHA; KIBLER; D. and ALBERT,"Instance-based learning algorithms,",Machine Learning,Vol. 6,
aha1991,AHA; KIBLER; D. and ALBERT,"Instance-based learning algorithms,",Machine Learning,Vol. 6,
aha1991,Aha; D. W.; Kibler; and Albert,Instance-based learning algorithms.,Machine Learning,7,
aha1991,Aha; Kibler E.; Albert M.K.:,Instance-based learning algorithms.,Machine Learning,6,
aha1991,Aha; Kibler; and Albert,"Instance-based learning algorithms,",Machine Learning,6,
aha1991,D. Aha; D. Kibler; and M. Albert.,Instance-based learning algorithms.,Machine Learning,6,
aha1991,D. Aha; D. Kibler; and M. Albert.,Instance-based learning algorithms.,Machine Learning,6,
aha1991,D.W. Aha; D. Kibler; and M.K. Albert:,"Instance-based learning algorithms,",Machine Learning,6,
aha1991,D.W. Aha; D. Kibler; and M.K. Albert:,"Instance-based learning algorithms,",Machine Learning,6,
aha1991,Aha; D. W.; D. Kibler; and M. K. Albert,"``Instance Based Learning Algorithms,''",Machine Learning,Vol 6,
aha1991,Aha; D. W.; Kibler; D. and Albert,"""Instance-based learning algorithms"",",Machine Learning 6(1),,
aha1991,Aha; D. W.; Kibler; D. and Albert,"""Instance-based learning algorithms"",",Machine Learning 6(1),,
aha1991,Aha; D. W.; Kibler; D. and Albert,"""Instance-based learning algorithms"",",Machine Learning 6(1),,
aha1991,Aha; D. W.; Kibler; D. and Albert,"""Instance-based learning algorithms"",",Machine Learning 6(1),,
aha1991,Aha; D. W.; Kibler; D. and Albert,"""Instance-based learning algorithms"",",Machine Learning 6(1),,
aha1991,Aha; D. W.; Kibler; D. and Albert,"""Instance-based learning algorithms"",",Machine Learning 6(1),,
aha1991,Aha; D. W.; Kibler; and Albert,Instance-based learning algorithms.,Machine Learning,6 (1),
aha1991,Aha; D. W.; Kibler; and Albert,Instance-based learning algorithms.,Machine Learning,6 (1),
aha1991,Aha; D. W.; Kibler; and Albert,Instance-based learning algorithms.,Machine Learning,6 (1).,
aha1991,Aha; D. W.; Kibler; and Albert,Instance-based learning algorithms.,Machine Learning,6 (1).,
aha1991,Aha; D. W.; Kibler; and Albert,Instance-based learning algorithms.,Machine Learning,7,
aha1991,Aha; D. W.; Kibler; and Albert,`Instance-based learning algorithms'.,Machine Learning,7,
aha1991,Aha; D. W.; Kibler; and Albert,Instance-based learning algorithms.,Machine Learning,6,
aha1991,Aha; D. W.; Kibler; and Albert,Instance-Based Learning Algorithms.,Machine Learning,6,
aha1991,Aha; D. W.; Kibler; and Albert,Instance-Based Learning Algorithms.,Machine Learning,6,
aha1991,Aha; D. W.; Kibler; and Albert,Instance-based learning algorithms.,Machine Learning,6,
aha1991,Aha; D. W.; Kibler; and Albert,Instance-based learning algorithms.,Machine Learning,6,
aha1991,Aha; D. W.; Kibler; and Albert,Instance-based learning algorithms.,Machine Learning,6,
aha1991,Aha; D. W.; Kibler; and Albert,Instance-based learning algorithms.,Machine Learning,6,
aha1991,Aha; D. W.; Kibler; and Albert,Instance-based learning algorithms.,Machine Learning,6,
aha1991,Aha; D. W.; Kibler; and Albert,Instance-based learning algorithms.,Machine Learning,6,
aha1991,Aha; D. W.; Kibler; and Albert,Instance-based learning algorithms.,Machine Learning,6,
aha1991,Aha; D. W.; Kibler; and Albert,Instance-based learning algorithms.,Machine Learning,6,
aha1991,Aha; D. W.; Kibler; and Albert,Instance-based learning algorithms.,Machine Learning,6,
aha1991,Aha; D. W.; Kibler; and Albert,Instance-based learning algorithms.,Machine Learning,6,
aha1991,Aha; D. W.; Kibler; and Albert,Instance-based learning algorithms.,Machine Learning,6,
aha1991,Aha; D. W.; Kibler; and Albert,Instance-based learning algorithms.,Machine Learning,6,
aha1991,Aha; D. W.; Kibler; and Albert,Instance-based learning algorithms.,Machine Learning,6,
aha1991,Aha; D. W.; Kibler; and Albert,Instance-based learning algorithms.,Machine Learning,6,
aha1991,Aha; D. W.; Kibler; and Albert,Instance-based learning algorithms.,Machine Learning,6,
aha1991,Aha; D. W.; Kibler; and Albert,Instance-based learning algorithms.,Machine Learning,6,
aha1991,Aha; D. W.; Kibler; and Albert,Instance-based learning algorithms.,Machine Learning,6,
aha1991,Aha; D. W.; Kibler; and Albert,Instance-based learning algorithms.,Machine Learning,6,
aha1991,Aha; D. W.; Kibler; and Albert,Instance-based learning algorithms.,Machine Learning,6,
aha1991,Aha; D. W.; Kibler; and Albert,Instance-based learning algorithms.,Machine Learning,6,
aha1991,Aha; D. W.; Kibler; and Albert,Instance-based learning algorithms.,Machine Learning,6,
aha1991,Aha; D. W.; Kibler; and Albert,Instance-based learning algorithms.,Machine Learning,6,
aha1991,Aha; D. W.; Kibler; and Albert,Instance-based learning algorithms.,Machine Learning,6,
aha1991,Aha; D. W.; Kibler; and Albert,Instance-based learning algorithms.,Machine Learning,6,
aha1991,Aha; D. W.; Kibler; and Albert,Instance-based learning algorithms.,Machine Learning,6,
aha1991,Aha; D. W.; Kibler; and Albert,Instance-based learning algorithms.,Machine Learning,6,
aha1991,Aha; D. W.; Kibler; and Albert,Instance-Based Learning Algorithms.,Machine Learning,6,
aha1991,Aha; D. W.; Kibler; and Albert,Instance-Based Learning Algorithms.,Machine Learning,6(1),
aha1991,Aha; D. W.; Kibler; and Albert,"Instance-based learning algorithms,",Machine Learning,6(1),
aha1991,Aha; Kibler D.; and Albert,Instance-Based Learning.,Machine Learning,6(1),
aha1991,Aha; Kibler; D. and Albert M.,Instance-based learning algorithms.,Machine learning,volume 6,
aha1991,Aha; Kibler; D. and Albert M.,Instance-based learning algorithms.,Machine learning,volume 6,
aha1991,Aha; Kibler; D. and Albert,Instance-Based Learning Algorithms.,Machine Learning,6,
aha1991,Aha; Kibler; D. and Albert M.,Instance based learning algorithms.,Machine learning,volume 6,
aha1991,Aha; Kibler; and Albert,Instance-based Learning Algorithms.,Machine Learning,v. 6,
aha1991,Aha; Kibler; and Albert,Instance-Based Learning Algorithms.,Machine Learning,6 (1):,
aha1991,Aha; Kibler; and Albert,Instance-Based Learning Algorithms.,Machine Learning,6 (1):,
aha1991,Aha; Kibler; and Albert,Instance-Based Learning Algorithms.,Machine Learning,6 (1):,
aha1991,Aha; Kibler; and Albert,Instance-Based Learning Algorithms.,Machine Learning,6(1),
aha1991,Aha; Kibler; and Albert,Instance-based learning algorithms.,Machine learning,6,
aha1991,Aha; Kibler; and Albert,Instance-based Learning Algorithms.,Machine Learning,7,
aha1991,Aha; Kibler; and Albert,Instance-Based Learning Algorithms.,Machine Learning,6,
aha1991,Aha; Kibler; and Albert,Instance-based learning algorithms.,Machine Learning,7,
aha1991,Aha; Kibler; and Albert,Instance-based learning algorithms.,Machine Learning,7,
aha1991,Aha; D. Kibler and Albert M.K.,"Instance-Based Learning Algorithms,",Machine Learning,6,
aha1991,Aha; D. Kibler and Albert M.K.,"Instance-Based Learning Algorithms,",Machine Learning,6,
aha1991,Aha; Kibler; and Albert,"Instance-based learning algorithms,",Machine Learning,6,
aha1991,Aha; Kibler; and Albert,"Instance-based learning algorithms,",Machine Learning,6,
aha1991,Aha; Kibler; and Albert,"Instance-based learning algorithms,",Machine Learning,6,
aha1991,Aha; Kibler; and Albert,Instance-based learning algorithms.,Machine Learning,6,
aha1991,Aha; David W.; Dennis Kibler; Albert Marc K.,Instance-Based Learning Algorithms.,Machine Learning,6,
aha1991,Aha; David W.; Dennis Kibler; Marc K. Albert,"Instance-Based Learning Algorithms,",Machine Learning,vol. 6,
aha1991,Aha; David W.; Dennis Kibler; Marc K. Albert,"Instance-Based Learning Algorithms,",Machine Learning,vol.6,
aha1991,Aha; David W.; Dennis Kibler; Marc K. Albert,"Instance-Based Learning Algorithms,",Machine Learning,vol.6,
aha1991,Aha; David W.; Dennis Kibler; Marc K. Albert.,Instance-Based Learning Algorithms.,Machine Learning.,6,
aha1991,Aha; David W.; Dennis Kibler; and Marc K. Albert,Instance-Based Learning Algorithms.,Machine Learning,Vol6,
aha1991,Aha; David W.; Dennis Kibler; and Marc K. Albert,Instance-Based Learning Algorithms.,Machine Learning,Vol.6,
aha1991,Aha; David W.; Dennis Kibler; and Marc K. Albert,Instance-Based Learning Algorithms.,Machine Learning,Vol.6,
aha1991,Aha; David W.; Kibler; Dennis; and Albert; Marc K.,Instance-Based Learning Algorithms.,Machine Learning,6(1),
aha1991,D. Aha; D. Kibler; and M. Albert.,Instance-based Learning Algorithms.,Machine Learning,Vol. 6,
aha1991,Aha; D. W.; Kibler; Albert,"""Instance-Based Learning Methods,""",Machine Learning,6,
aha1991,Aha; D. W.; Kibler; Albert,"""Instance-Based Learning Methods,""",Machine Learning,6,
aha1991,Aha; D. W.; Kibler; Albert,"""Instance-Based Learning Methods,""",Machine Learning,6,
aha1991,Aha; D. Kibler; Albert and M.,Instance-Based Learning Algorithms.,Machine Learning,6,
aha1991,D. Aha; D. Kibler; and M. Albert.,Instance-based learning algorithms.,Machine Learning,6,
aha1991,D. Aha; D. Kibler; and M. Albert,"""Instance-based learning algorithms,""",Machine Learning,vol. 6,
aha1991,D. Aha; D. Kibler; and M. Albert,"""Instance-based learning algorithms,",""" Machine Learning",vol. 6,
aha1991,Aha; Kibler; D. and Albert,Instance-Based Learning Algorithms.,Machine Learning,6,
aha1991,Aha; Kibler; and Albert,M.K. Instance-Based Learning Algorithms.,Machine Learning,6,
aha1991,Aha; Kibler; and Albert,M.K. Instance-Based Learning Algorithms.,Machine Learning,6,
aha1991,Aha; Kibler; and Albert,M.K. Instance-Based Learning Algorithms.,Machine Learning,6,
aha1991,Aha; Kibler; and Albert,Instance-Based Learning Algorithms.,Machine Learning,6,
aha1991,Aha; Kibler; and Albert,Instance-Based Learning Algorithms.,Machine Learning,6,
aha1991,D. Aha; D. Kibler; and M. Albert,"""Instance-based learning algorithms"",",Machine Learning,vol. 6,
aha1991,D. Aha; D. Kibler; and M. Albert,"""Instance-based learning algorithms"",",Machine Learning,vol. 6,
aha1991,D. Aha; D. Kibler; and M. Albert,"""Instance-based learning algorithms"",",Machine Learning,vol. 6,
aha1991,D. Aha; D. Kibler; and M. Albert,"""Instance-based learning algorithms"",",Machine Learning,vol. 6,
aha1991,D. W. Aha; D. Kibler; and M. K. Albert.,Instance-based learning algorithms.,Machine Learning,6,
aha1991,D.W. Aha; D. Kibler; and M.K. Albert,"`Instance-Based Learning Algorithms',",Machine Learning,6,
aha1991,D.W. Aha; D. Kibler; and M.K. Albert.,Instance-based learning algorithms.,Machine Learning,6,
aha1991,Aha; David W.; Dennis Kibler; Marc K. Albert,"Instance-Based Learning Algorithms,",Machine Learning,vol. 6,
aha1991,Aha; David W.; Dennis Kibler; Marc K. Albert,"Instance-Based Learning Algorithms,",Machine Learning,vol. 6,
aha1991,D. W. Aha; D. Kibler; and M. K. Albert.,Instance-based learning algorithms.,Machine Learning,6,
aha1991,D. Aha; D. Kibler; and M. Albert.,Instance-based learning algorithms.,Machine Learning,6,
aha1991,D. Aha; D. Kibler; and M. Albert.,Instance-based learning algorithms.,Machine Learning,6,
aha1991,Aha; David W.; Dennis Kibler; Marc K. Albert,"Instance-Based Learning Algorithms,",Machine Learning,vol. 6,
aha1991,Aha; David W.; Dennis Kibler; Marc K. Albert,"Instance-Based Learning Algorithms,",Machine Learning,vol. 6,
aha1991,Aha; Kibler; and Albert,Instance-Based Learning Algorithms.,Machine Learning,vol.6 (1).,
aha1991,D. Aha; D. Kibler; and M. Albert.,Instance-based learning algorithms.,Machine Learning,6(1),
aha1991,Aha; Kibler; and Albert,Instance-Based Learning Algorithms.,Machine Learning,6,
aha1991,D. Aha; D. Kibler; and M. Albert.,Instance-based learning algorithms.,Machine Learning,6(1),
aha1991,D. Aha; D. Kibler; and M. Albert.,Instance-based learning algorithms.,Machine Learning,6(1),
aha1991,David W. Aha; Dennis Kibler; and Marc K. Albert.,Instance-based learning algorithms.,Machine Learning,6(1),
aha1991,Aha; D. W.; Kibler; and Albert,Instance-based learning algorithms.,Machine Learning,7,
aha1991,Aha; D. W.; D. Kibler; and Albert M. K.,Instance-Based Learning Algorithms.,Machine Learning,6 (1),
aha1991,Aha; D. W.; Kibler; and Albert,`Instance-based learning algorithms'.,Machine Learning,7,
aha1992,(Aha and Goldstone; 1992) Aha; D. W. and Gold stone,Concept learning and flexible weighting.,In Proceedings of the Fourteenth Annual Conference of the Cognitive Science Society,,
aha1992,(Aha and Goldstone; 1992) Aha; D. W. and Gold-stone,Concept learning and flexible weighting.,In Proceedings of the Fourteenth Annual Conference of the Cognitive Science Society,,
cheng1996,S. H. Nienhuys-Cheng and R. De Wolf (1996).,"Least Generalizations and Greatest Specializations of Sets of Clauses,",Journal of Artificial Intelligence Research,4,
conery1981,J.S. Conery; D.F. Kibler,"Parallel interpretation of logic programs,",in Proceedings ACM Symposium on Functional Programming and Computer Architecture,,
conery1981,J.S. Conery; D.F. Kibler,"Parallel interpretation of logic programs,",in Proceedings ACM Symposium on Functional Programming and Computer Architecture,,
conery1981,J.S. Conery; D.F. Kibler,"Parallel interpretation of logic programs,",in Proceedings ACM Symposium on Functional Programming and Computer Architecture,,
conery1981,J. S. Conery; D. F. Kibler,"Parallel Interpretation of Logic Programs,",Proc. ACM Symp. Functional Programming and Computer Architecture,,
conery1981,J. S. Conery; D. F. Kibler,"Parallel Interpretation of Logic Programs,",Proc. ACM Symp. Functional Programming and Computer Architecture,,
dasarathy1991,Dasarathy,Nearest Neighbor(NN) Norms,,,
datta1992,Datta; P. and Kibler,Utilizing prior concepts for learning.,In Proceedings of the ML92 Workshop on Biases in Inductive Learning.,14.,
datta1992,Datta; P. and Kibler,Utilizing prior concepts for learning.,In Proceedings of the ML92 Workshop on Biases in Inductive Learning.,14.,
datta1992,Datta; P. and Kibler,Utilizing prior concepts for learning. In Proceedings of the ML92 Workshop on Biases in Inductive Learning.,,14.,
datta1992,Datta; P. and Kibler,Utilizing prior concepts for learning.,In Proceedings of the ML92 Workshop on Biases in Inductive Learning,. 14.,
datta1995,Datta; P. and Kibler,"Learning prototypical concept descriptions,",in Proceedings of the Twelfth International Conference on Machine Learning.,,
datta1995,Datta; P. and Kibler,Learning Prototypical Concept Descriptions.,In Proceedings of the Twelfth International Conference on Machine 15 Learning.,,
datta1995,Datta; P. and Kibler,Learning Prototypical Concept Descriptions.,In Proceedings of the Twelfth International Conference on Machine Learning.,,
datta1995,Datta; and Kibler,Learning prototypical concept descriptions.,Proc. Twelfth International Conference on Machine Learning,,
datta1995,Datta; and Kibler,Learning prototypical concept descriptions.,Proc. Twelfth International Conference on Machine Learning,,
datta1995,Datta; and Kibler,Learning prototypical concept descriptions.,In Proceedings of the Twelfth International Conference on Machine Learning,,
datta1995,P. Datta and D. Kibler.,Learning prototypical concept descriptions.,In Proceedings of the Twelfth International Conference on Machine Learning,16,
hall1989,Hall; Kibler; Wenger; and Truxaw,Exploring the episodic structure of algebra story problem solving.,Cognition and instruction,6,
hampson1995,Hampson; S. and Kibler,Plateaus and plateau search in Boolean satisfiability problems: When to give up searching and start again.,DIMACS Challenge on Satisfiability Testing,,
hampson1995,Steven Hampson and Dennis Kibler.,Plateaus and plateau search in boolean satisfi-ability problems: When to give up searching and start again.,Workshop Notes: 2nd DIMACS Challenge,,
hampson1995,Steven Hampson and Dennis Kibler.,Plateaus and plateau search in boolean satisfi-ability problems: When to give up searching and start again.,Workshop Notes: 2nd DIMACS Challenge,,
hampson1995,Hampson; and Kibler,Large plateaus and plateau search in boolean satisfia-bility problems: When to give up searching and start again.,DIMACS Series in Discrete Mathematics and Theoretical Computer Science: Cliques Colors and Satisfiability,vol.26,
hampson1995,Hampson; and Kibler,Large plateaus and plateau search in boolean satisfia-bility problems: When to give up searching and start again.,DIMACS Series in Discrete Mathematics and Theoretical Computer Science: Cliques Colors and Satisfiability,vol.26,
hampson1995,S. Hampson and D. Kibler.,Plateaus and plateau search in boolean satisfiability problems: When to give up searching and start again.,DIMACS Challenge,,
hu1996,Hu; Y. and Kibler,"""Generation of Attributes for Learning Algorithms"",",in Proceeding of the 13th National Conference on Artificial Intelligence,14,
hu1996,Hu; and Kibler,"""Generation of Attributes for Learning Algorithms"",",Proceedings of the Thirteenth National Conference on Artificial Intelligence (AAAI96),,
kelly1991,Kelly; J. D. and Davis,A Hybrid Genetic Algorithm for Classification.,In Proceedings of The Twelfth International Joint Conference on Artificial Intelligence,,
kelly1991,Kelly; J. D. and Davis,A Hybrid Genetic Algorithm for Classification.,In Proceedings of The Twelfth International Joint Conference on Artificial Intelligence,,
kibler1978,Kibler,"(1978) Power, Efficiency, and Correctness of Transformation Systems . Ph.D.",,,
kibler1981,D. Kibler and P. Morris.,Don't Be Stupid.,In Proceedings of IJCAI-81,,
kibler1983,Kibler; and Porter,Episodic learning.,In Proceedings of AAAI-83.,,
kibler1985,D. Kibler.,Natural generation of heuristics by transforming the problem representation.,,,
kibler1988,D. Kibler and P. Langley.,Machine learning as an experimental science.,In Proceedings of 1988 European Working Session on Learning,,
kibler1988,D. Kibler and P. Langley.,Machine learning as an experimental science.,In Proc. of 1988 Euro. Working Session on Learning,,
kibler1988,D. Kibler and P. Langley.,Machine learning as an experimental science.,In Proc. of 1988 Euro. Working Session on Learning,,
kibler1988,Kibler D. and Langley,Machine Learning as an Experimental Science.,In Proc. of the Third European Working Session on Learning,,
kibler1988,Kibler D. and Langley,Machine Learning as an Experimental Science.,In Proc. of the Third European Working Session on Learning,,
kibler1988,Kibler D. and Langley,Machine Learning as an Experimental Science.,In Proceedings of the Third European Working Session on Learning,,
kibler1988,Kibler; D. and Langley,"Machine learning as an experimental science,","in ""Proceedings of the Third European Working Session on Learning""",,
kibler1988,Kibler; D. and Langley,"Machine learning as an experimental science,","in ""Proceedings of the Third European Working Session on Learning""",,
kibler1988,Kibler; D. and Langley,Machine Learning as an Experimental Science.,Proceedings of the Third European Working Session on Learning.,,
kibler1988,Kibler; D. and Langley,Machine Learning as an Experimental Science.,Proceedings of the Third European Session on Machine Learning.,,
kibler1988,Kibler; D. and Langley,Machine learning as an experimental science.,In Proceedings of the Third European Working Session on Learning,,
kibler1988,Kibler; D. and Langley,Machine learning as an experimental science.,In Proceedings of the Third European Working Session on Learning,,
kibler1988,Kibler; D. and Langley,Machine learning as an experimental science.,In Proceedings of the Third European Working Session on Learning,,
kibler1988,Kibler; D. and Langley,Machine learning as an experimental science.,In Proceedings of the Third European Working Session on Learning,,
kibler1988,Kibler; D. and Langley P.,Machine Learning as an Experimental Science.,Machine Learning 3 (1).,,
kibler1988,Kibler; and Langley,Machine Learning as an Experimental Science.,Proceedings of The Third European Session on L e a r n i n g,,
kibler1988,Kibler; and Langley,Machine learning as an experimental science.,In Proceedings of the Third European Working Session on Learning,,
kibler1988,Kibler; and Langley,Machine learning as an experimental science.,In Proceedings of the Third European Working Session on Learning,,
kibler1988,Kibler; and Langley,Machine learning as an experimental science.,In Proceedings of the Third European Working Session on Learning,,
kibler1988,Kibler; and Langley,Machine learning as an experimental science.,In Proceedings of the Third European Working Session on Learning,,
kibler1988,Kibler; and Langley,Machine learning as an experimental science.,In Proceedings of the Third European Working Session on Learning,,
kibler1988,Kibler; and Langley,Machine learning as an experimental science.,Proceedings of the Third Eu-ropean Working Session on Learning,,
kibler1988,Kibler; and Langley,Machine learning as an experimental science.,Proceedings of the Third Euro-pean Working Session on Learning,,
kibler1988,Kibler; and Langley,Machine learning as an experimental science.,Proceedings of the Third Euro-pean Working Session on Learning,,
kibler1988,Kibler; and Langley,Machine learning as an experimental science.,Proceedings of the Third European Working Session on Learning,,
kibler1988,Kibler; and Langley,Machine learning as an experimental science.,Proceedings of the Third European Working Session on Learning,,
kibler1988,Kibler; and Langley,Machine learning as an experimental science.,Proceedings of the Third European Working Session on Learning,,
kibler1988,Kibler; and Langley,Machine learning as an experimental science.,Proceedings of the Third European Working Session on Learning,,
kibler1988,Kibler; and Langley,Machine learning as an experimental science.,Proceedings of the Third European Working Session on Learning,,
kibler1988,Kibler; and Langley,Machine learning as an experimental science.,Proceedings of the Third European Working Session on Learning,,
kibler1988,D. Kibler and P. Langley,"Machine Learning as an Experimental Science, in:",Proceedings of the Third European Working Session on Learning,,
kibler1988,Dennis Kibler and Pat Langley.,Machine Learning As An Experimental Science.,Pro ceedings Of the Third Working Session On Learning,,
kibler1988,Dennis Kibler and Pat Langley.,Machine Learning As An Experimental Science.,Proceedings Of the Third Working Session On Learning,,
kibler1988,D. Kibler and P. Langley.,Machine Learning As An Experimental Science.,Proc. 3rd Working Session On Learning (1989),,
kibler1988,D. Kibler and P. Langley.,Machine Learning As An Experimental Science.,Proc. 3rd Working Session On Learning,,
kibler1988,Dennis Kibler and Pat Langley.,Machine learning as an experimental science.,In Proceedings of the Third European Working Session on Learning.,,
kibler1988,Dennis Kibler and Pat Langley.,Machine learning as an experimental science.,In Proceedings of the Third European Working Session on Learning.,,
kibler1988,Pat Langley and Dennis Kibler.,The experimental study of machine learning.,,,
kibler1988,Pat Langley and Dennis Kibler.,The experimental study of machine learning.,,,
kibler1988a,Kibler; D. and Aha,Comparing Instance-Averaging with Instance-Filtering Learning Algorithms.,In Proceedings of the 3rd European Working Session on Learning EWSL88,,
kibler1988a,Kibler; and Aha; D. W.,Comparing instance-averaging with instance-filtering learning algorithms.,In Proceedings of the Third European Working Session on Learning,,
kibler1988a,Kibler; and Aha; D. W.,Comparing instance-averaging with instance-filtering learning algorithms.,In Proceedings of the Third European Working Session on Learning,,
kibler1988a,D. Kibler and D. Aha.,Comparing instance-averaging with instance-filtering learn ing algorithms.,In Proceedings of the Third European Working Session on Learning,,
kibler1988a,D. Kibler and D. Aha.,Comparing instance-saving with instance-averaging learn ing algorithms.,Change of Representation and Inductive Bias.,,
kibler1989,D. Kibler; D.W. Aha; and M.K. Albert:,"Instance-based prediction of real-valued attributes,",Computational Intelligence,5,
kibler1989,D. Kibler; D.W. Aha; and M.K. Albert:,"Instance-based prediction of real-valued attributes,",Computational Intelligence,5,
kibler1989,Kibler; Aha; and M.K.; Albert,"Instance-based prediction of real-valued attributes,",Computational Intelligence,5,
kibler1989,Kibler; D. Aha; D. W. and Albert,Instance-based prediction of real-valued attributes.,Computational Intelligence,5,
kibler1991,D. Kibler; D. Aha; and M. K. Albert.,Instance-based learning algorithms.,Machine Learning,6(1),
langley1986,Langley; Kibler; D. and Granger,Components of Learning in a reactive environment. In T.M.,Machine Learning: A Guide to Current Research,,
nilsson1994,Nilsson,"""Teleo-reactive programs for agent control"",",Journal of Artificial Intelligence Research 1,,
nilsson1994,Nilsson,"""Teleo-reactive programs for agent control"",",Journal of Artificial Intelligence Research 1,,
nilsson1994,Nilsson,"""Teleo-reactive programs for agent control"",",Journal of Artificial Intelligence Research 1,,
norvig1992,Norvig,Paradigms of Artificial Intelligence Programming: Case Studies in Common Lisp.,,,
norvig1992,Norvig,Paradigms of Artificial Intelligence Programming: Case Studies in Common Lisp.,,,
norvig1992,Norvig,Paradigms of Artificial Intelligence Programming: Case Studies in Common Lisp.,,,
norvig1992,Norvig,Paradigms of Artificial Intelligence Programming: Case Studies in Common Lisp.,,,
ortega1995,Ortega; and Fisher,Flexibly exploiting prior knwledge in empirical learning.,IJCAI-95.,,
pazzani1990,Pazzani; Kibler,The utility of knowledge in inductive learning.,,,
pazzani1990,Pazzani; and Kibler,The utility of knowledge in inductive learning,,,
pazzani1990,Pazzani; and Kibler,The utility of knowledge in inductive learning,,,
pazzani1990,Michael Pazzani and Dennis Kibler.,The utility of knowledge in inductive learning.,Machine Learning,(9),
pazzani1990,M. Pazzani and D. Kibler,"The Utility of Knowledge in Inductive Learning,",Machine Learning,9,
pazzani1990,Pazzani M. and Kibler D.,The utility of knowledge in inductive learning.,Machine Learning,9,
pazzani1990,Pazzani M. and Kibler D.,The utility of knowledge in inductive learning.,Machine Learning,9,
pazzani1990,Pazzani; M. and Kibler,The utility of knowledge in inductive learning.,Machine Learning,v. 9,
pazzani1990,Pazzani; and Kibler,The utility of knowledge in inductive learning.,Machine Learning,9,
pazzani1990,Pazzani; and Kibler,The utility of knowledge in inductive learning.,Machine Learning,9,
pazzani1990,Pazzani; and Kibler,The utility of knowledge in inductive learning.,Machine Learning,9,
pazzani1990,Pazzani; Kibler,The utility of knowledge in inductive learning.,Machine Learning,volume 9,
pazzani1990,Pazzani; and Kibler,The role of prior knowledge in inductive learning.,Machine Learning.,,
pazzani1990,Pazzani; and Kibler,The utility of background knowledge in inductive learning.,Machine Learning,9,
pazzani1990,Pazzani; and Kibler,The utility of background knowledge in inductive learning.,Machine Learning,9,
pazzani1990,Pazzani; and Kibler,The utility of background knowledge in inductive learning.,Machine Learning,9,
pazzani1990,Pazzani; and Kibler,The utility of background knowledge in inductive learning.,Machine Learning,9,
pazzani1990,Pazzani; and Kibler,The utility of knowledge in inductive learning .,Machine Learning,9,
pazzani1990,Pazzani; and Kibler,The utility of knowledge in inductive learning.,Machine Learning,9 (1),
pazzani1990,Pazzani; and Kibler,The utility of knowledge in inductive learning.,Machine Learning,9 (1),
pazzani1990,Pazzani; and Kibler,The utility of knowledge in inductive learning.,Machine Learning,9 (1).,
pazzani1990,Pazzani; and Kibler,The utility of knowledge in inductive learning.,Machine Learning,9 (1).,
pazzani1990,Pazzani; and Kibler,The utility of knowledge in inductive learning.,Machine Learning,9 (1).,
pazzani1990,Pazzani; and Kibler,The utility of knowledge in inductive learning.,Machine Learning,9 (1).,
pazzani1990,Pazzani; and Kibler,The utility of knowledge in inductive learning.,Machine Learning,9,
pazzani1990,Pazzani; and Kibler,The utility of knowledge in inductive learning.,Machine Learning,9,
pazzani1990,Pazzani; and Kibler,The utility of knowledge in inductive learning.,Machine Learning,9,
pazzani1990,Pazzani; and Kibler,The utility of knowledge in inductive learning.,Machine Learning,9,
pazzani1990,Pazzani; and Kibler,The utility of knowledge in inductive learning.,Machine Learning,9,
pazzani1990,Pazzani; and Kibler,The utility of knowledge in inductive learning.,Machine Learning,9,
pazzani1990,Pazzani; and Kibler,The utility of knowledge in inductive learning.,Machine Learning,9,
pazzani1990,Pazzani; and Kibler,The utility of knowledge in inductive learning.,Machine Learning,9,
pazzani1990,Pazzani; and Kibler,The utility of knowledge in inductive learning.,Machine Learning,9,
pazzani1990,Pazzani; and Kibler,The utility of knowledge in inductive learning.,Machine Learning,9,
pazzani1990,Pazzani; and Kibler,The utility of knowledge in inductive learning.,Machine Learning,9,
pazzani1990,Pazzani; and Kibler,The utility of knowledge in inductive learning.,Machine Learning,9,
pazzani1990,Pazzani; and Kibler,The utility of knowledge in inductive learning.,Machine Learning,9,
pazzani1990,Pazzani; and Kibler,The utility of knowledge in inductive learning.,Machine Learning,9,
pazzani1990,Pazzani; and Kibler,The utility of knowledge in inductive learning.,Machine Learning,9,
pazzani1990,Pazzani; and Kibler,The utility of knowledge in inductive learning.,Machine Learning,9,
pazzani1990,Pazzani; and Kibler,The utility of knowledge in inductive learning.,Machine Learning,9,
pazzani1990,Pazzani; and Kibler,The utility of prior knowledge in inductive learning.,Machine Learning,9,
pazzani1990,Pazzani; and Kibler,The utility of prior knowledge in inductive learning.,Machine Learning,9,
pazzani1990,Pazzani; Michael and Kibler; Dennis 1992.,The utility of knowledge in inductive learning.,Machine Learning 9(1).,,
pazzani1990,Pazzani; M. J. and Kibler,The role of prior knowledge in inductive learning.,Ma chine Learning,vol.9 (1992),
pazzani1990,M. Pazzani and D. Kibler.,The utility of knowledge in inductive learning.,Machine Learning,9,
pazzani1990,M. Pazzani and D. Kibler.,The utility of knowledge in inductive learning.,Machine Learning,9,
pazzani1990,M. Pazzani and D. Kibler,"""The utility of knowledge in inductive learning,""",Machine Learning,vol.9,
pazzani1990,M. Pazzani and D. Kibler.,The utility of knowledge in inductive learning.,Machine Learning,9,
pazzani1990,Michael Pazzani and Dennis Kibler.,The utility of knowledge in inductive learning.,Machine Learning,(9),
pazzani1990,M. Pazzani and D. Kibler,"""The utility of knowledge in inductive learning,""",Machine Learning,vol.9,
pazzani1990,M. Pazzani and D. Kibler,"""The utility of knowledge in inductive learning,""",Machine Learning,vol.9,
pazzani1990,Michael Pazzani and Dennis Kibler.,The utility of knowledge in inductive learning.,Machine Learning Journal,,
pazzani1990,M. Pazzani and D. Kibler.,The utility of knowledge in inductive learning.,Machine Learning,9(1),
pazzani1990,Pazzani M. and Kibler D.,The utility of knowledge in inductive learning.,Machine Learning,9,
porter1986,Porter; and Kibler; D. F.,Experimental goal regression: A method for learning problem-solving heuristics.,Machine Learning,1,
porter1986,Porter; and Kibler; D. F.,Experimental goal regression: A method for learning problem-solving heuristics.,Machine Learning,1,
porter1986,Porter; and Kibler; D. F.,Experimental goal regression: A method for learning problem-solving.,Machine Learning,1 (3),
porter1986,Porter; and Kibler; D. F.,Experimental goal regression: A method for learning problem-solving.,Machine Learning,1 (3),
porter1986,Porter; and Kibler; D. F.,Experimental goal regression: A method for learning problem-solving.,Machine Learning,1 (3),
ruby1989,D. Ruby and D. Kibler.,Learning subgoal sequences for planning.,In Proceedings of IJCAI-89,,
ruby1989,Ruby; and Kibler,Learning subgoal sequences for planning.,Proceedings of the Eleventh International Joint Conference on Artificial Intelligence .,,
ruby1991,Ruby; and Kibler,Learning subgoal sequences for planning.,In Proceedings of AAAI-91.,,
ruby1991,Ruby; and Kibler,Learning subgoal sequences for planning.,In Proceedings of AAAI-91.,,
ruby1991,Ruby; and Kibler,Learning subgoal sequences for planning.,In Proceedings of AAAI-91.,,
ruby1991a,Ruby; Kibler,SteppingStone: An empirical and analytical evaluation.,In Proceedings of the Ninth National Conference on Artificial Intelligence.,,
ruby1991a,Ruby; Kibler,SteppingStone: An empirical and analytical evaluation.,Proceedings of the Ninth National Conference on Artificial Intelligence.,,
ruby1992,Ruby; and Kibler,Learning episodes for optimization.,In Machine Learning : proceedings of the Ninth International Workshop (ML92),,
ruby1992,David Ruby and Dennis Kibler.,Learning Episodes for Optimization.,In Machine Learning : proceedings of the Ninth International Workshop (ML92),,
ruby1992,David Ruby and Dennis Kibler.,Learning Episodes for Optimization.,In Machine Learning : proceedings of the Ninth International Workshop (ML92),,
ruby1992,David Ruby and Dennis Kibler.,Learning episodes for optimization.,In Machine Learning : proceedings of the Ninth International Workshop (ML92),,
rudy1992,Rudy; Kibler,Learning episodes for optimization.,Proceedings of the Ninth International Conference on Machine Learning,,
skiblics1996,Suzanne Skiblics; Edward J. Klimas; and David A. Thomas.,Smalltalk with Style.,,,
standish1976,T. A. Standish; D. C. Harriman; D. F. Kibler; and J. M. Neighbors,"The Irvine Program Transformation Catalogue,",,,
webber1994,Townsend-Webber; T. and Kibler,Instance-based prediction of continuous values.,AAAI Workshop on Case-based Reasoning.,,
weber1994,Townsend-Weber; and Kibler,Instance-based prediction of continuous values.,Proceedings of the 1994 AAAI Workshop on Case-Based Reasoning,,
weber1994,Townsend-Weber; and Kibler,Instance-based prediction of continuous values.,Proceedings of the 1994 AAAI Workshop on Case-Based Reasoning,,
weber1994,Townsend-Weber; and Kibler,Instance-based prediction of continuous values.,Working Notes of the AAAI94 Workshop on Case-Based Reasoning,,
weber1994,Townsend-Weber; and Kibler,Instance-based prediction of continuous values.,Working Notes of the AAAI94 Workshop on Case-Based Reasoning,,
weber1994,Townsend-Weber; and Kibler,Instance-based prediction of continuous values.,Working Notes of the AAAI94 Workshop on Case-Based Reasoning,,
weber1994,Townsend-Weber; and Kibler,Instance-based prediction of continuous values.,Working Notes of the AAAI94 Workshop on Case-Based Reasoning,,
weber1994,Townsend-Weber; and Kibler,Instance-based prediction of continuous values.,Working Notes of the AAAI94 Workshop on Case-Based Reasoning,,
weber1994,Townsend-Weber; and Kibler,Instance-based prediction of continuous values.,Working Notes of the AAAI94 Workshop on Case-Based Reasoning,,
weber1994,Townsend-Weber; and Kibler,Instance-based prediction of continuous values.,Case-Based Reasoning: Papers from the 1994 Workshop,,
weber1994,Townsend-Weber; and Kibler,Instance-based prediction of continuous values.,Case-Based Reasoning: Papers from the 1994 Workshop,,
aha1987,Aha; D. and Kibler,Learning Representative Exemplars of Concepts: An Initial Case Study.,In Proceedings of the Fourth International Conference on Machine Learning,,
aha1987,Aha; D. and Kibler,Learning Representative Exemplars of Concepts: An Initial Case Study.,In Proceedings of the Fourth International Conference on Machine Learning,,
aha1987,Aha; D. and Kibler,Learning Representative Exemplars of Concepts: An Initial Case Study.,In Proceedings of the Fourth International Conference on Machine Learning,,
aha1987,D. Kibler and D. W. Aha.,Learning representative exemplars of concepts: An initial case study.,In Proceedings of the Fourth International Workshop on Machine Learning,,
aha1987,D. Kibler and D.W. Aha,Learning representative examples of concepts: an initial case study.,Proceedings of the Fourth International Workshop on Machine Learning,,
aha1987,Dennis Kibler and David W. Aha.,"Learning representative exemplars of concepts: an initial case study. In P. Langley, editor,",Proc. 4th International Workshop on Machine Learning,,
kibler1988a,D. Kibler and D. W. Aha,"Comparing Instance Averaging and Instance Filtering Learning Algorithms,",Proceedings of 3rd European Working Session on Learning,,
kibler1988a,D. Kibler and D. W. Aha,"Comparing Instance Averaging and Instance Filtering Learning Algorithms,",Proceedings of 3rd European Working Session on Learning,,
kibler1988a,D. Kibler and D. W. Aha,"Comparing Instance Averaging and Instance Filtering Learning Algorithms,",Proceedings of 3rd European Working Session on Learning,,
kibler1988a,D. Kibler and D. W. Aha,"Comparing Instance Averaging and Instance Filtering Learning Algorithms,",Proceedings of 3rd European Working Session on Learning,,
aha1991,D. Aha; D. Kibler; and M. Albert.,Instance-Based Learning Algorithms.,Machine Learning,6(1),
aha1991,D. Aha; D. Kibler; and M. Albert.,Instance-Based Learning Algorithms.,Machine Learning,6(1),
aha1991,D. Aha; D. Kibler; and M. Albert.,Instance-Based Learning Algorithms.,Machine Learning,6(1),
aha1991,D.W. Aha; D. Kibler; and M.K. Albert.,Instance-based learning algorithms.,Machine Learning,6,
aha1991,D. W. Aha; D. Kibler; and M. K. Albert.,Instance-based learning algorithms.,Machine Learning,6,
aha1991,David W. Aha; Dennis Kibler; and Mark K. Albert.,Instance-based learning algorithms.,Machine Learning,6,
aha1991,David W. Aha; Dennis Kibler; and Mark K. Albert.,Instance-based learning algorithms.,Machine Learning,6,
aha1991,Aha; D. W.; D. Kibler; and M. Albert.,Instance-based learning algorithms.,Machine Learning,7,
aha1991,Aha; D. W.; D. Kibler; and M. K. Albert.,Instance-based learning algorithms.,Machine Learning,6:,
aha1991,Aha; D. W.; D. Kibler; and M. K. Albert.,Instance-based learning algorithms.,Machine Learning,6:,
aha1991,Aha; D. W.; Kibler; D. and Albert,Instance-Based Learning Algorithms.,Machine Learning,6,
aha1991,Aha; D. W.; Kibler; D. and Albert,Instance-Based Learning Algorithms.,Machine Learning,6,
aha1991,Aha; D. W.; Kibler; and Albert,Instance-based learning algorithms.,Machine Learning,6,
aha1991,Aha; D. W.; Kibler; and Albert,Instance-based learning algorithms.,Machine Learning,6,
aha1991,Aha; D. W.; Kibler; and Albert,Instance-based learning algorithms.,Machine Learning,6(1),
aha1991,Aha; D. W.; Kibler; and Albert,Instance-based learning algorithms.,Machine Learning,6(1),
aha1991,Aha; D. W.; Kibler; and Albert,Instance-based learning algorithms.,Machine Learning,6(1),
aha1991,Aha; D. W.; Kibler; and Albert,Instance-based learning algorithms.,Machine Learning,6,
aha1991,Aha; D. W.; Kibler; and Albert,Instance-based learning algorithms.,Machine Learning,6(1),
aha1991,Aha; D. W.; Kibler; and Albert,Instance-based learning algorithms.,Machine Learning,6(1),
aha1991,Aha; D. W.; Kibler; and Albert,Instance-based learning algorithms.,Machine Learning,6(1),
aha1991,Aha; D. W.; Kibler; D.; and Albert,Instance-based Learning Algorithms.,Machine Learning,6,
aha1991,Aha; D. W.; Kibler; D.; and Albert,Instance-based learning algorithms.,Machine Learning,6,
aha1991,Aha; D. W.; Kibler; D.; and Albert,Instance-based learning algorithms.,Machine Learning,6,
aha1991,Aha; D. W.; Kibler; D.; and Albert,Instance-based learning algorithms.,Machine Learning,6,
aha1991,Aha; D. W.; Kibler; D.; and Albert,Instance-based learning algorithms.,Machine Learning,6,
aha1991,Aha; D. W.; Kibler; D.; and Albert,Instance-based learning algorithms.,Machine Learning,6(1),
aha1991,Aha; D. W.; Kibler; D.; and Albert,Instance-based learning algorithms.,Machine Learning,6(1),
aha1991,Aha; D. W.; Kibler; D.; and Albert,Instance-based learning algorithms.,Machine Learning,6(1),
aha1991,Aha; D. W.; Kibler; Albert,Instance-based learning algorithms.,Mac hine Learning,6:,
aha1991,Aha; D. Kibler; and M. Albert.,Instance-based learning algorithms.,Machine Learning,6,
aha1991,Aha; Kibler; D. and Albert,Instance-Based Learning Algorithms.,Machine Learning,6,
aha1991,Aha; Kibler; and Albert,Instance-based learning algorithms.,Machine Learning,6 (1),
aha1991,Aha; Kibler; and Albert,Instance-based learning algorithms.,Machine Learning,6,
aha1991,Aha; Kibler; and Albert,Instance-based learning algorithms.,Machine Learning,6,
aha1991,Aha; Kibler; and Albert,Instance-based learning algorithms.,Machine Learning,6,
aha1991,Aha; Kibler; and Albert,Instance-Based Learning Algorithms.,Machine Learning,6,
aha1991,Aha; Kibler; and Albert,Instance-Based Learning Algorithms.,Machine Learning,6,
aha1991,Aha; Kibler; and Albert,Instance-based learning algorithms.,Machine Learning,6,
aha1991,Aha; Kibler; and Albert,Instance-based learning algorithms.,Machine Learning,6(1),
aha1991,Aha; Kibler; and Albert,Instance-based learning algorithms.,Machine Learning,7,
aha1991,Aha; D.; Kibler; D.; and Albert,Instance-based learning algorithms.,Machine Learning,6,
aha1991,Aha; D.; Kibler; D.; and Albert,Instance-based learning algorithms.,Machine Learning,6,
aha1991,Aha; Kibler; and Albert,"Instance-based learning algorithms,",Machine Learning,6,
aha1991,Aha; Kibler; and Albert,"Instance-based learning algorithms,",Machine Learning,6,
aha1991,Aha; D.W.; Kibler; D.; and Albert,Instance-based learning algorithms.,Machine Learning,6,
aha1991,D. W. Aha; D. Kibler and M. K. Albert.,(1991) Instance-based learning algorithms.,Machine Learning,6(1),
aha1991,D. W. Aha; D. Kibler and M. K. Albert.,Instance-based learning algorithms.,Machine Learning,6(1),
aha1991,David W. Aha; Dennis Kibler; and M. K. Albert.,Instance-based learning algorithms.,Machine Learning,6,
aha1991,Aha; Kibler; and Albert,Instance-based learning algorithms.,Machine Learning,6:,
aha1991,Aha; D. W.; Kibler; D.; and Albert,Instance-based Learning Algorithms.,Machine Learning,6,
aha1991,Aha; D. W.; Kibler; D.; and Albert,Instance-based learning algorithms.,Machine Learning,6,
aha1991,D Aha; D Kibler; and M Albert.,Instance-based learning algorithms.,Machine Learning,6,
aha1991,D W Aha; D Kibler; and M K Albert.,Instance-based learning algorithms.,Machine Learning,6,
aha1991,D. Aha; D. Kibler; and M. Albert.,Instance-based learning algorithms.,Machine Learning,6(1),
aha1991,D. Aha; D. Kibler; and M. Albert.,Instance-based learning algorithms.,Machine Learning,6(1),
aha1991,D. W. Aha; D. Kibler; and M. K. Albert.,Instance-based learning algorithms.,Machine Learning,6,
aha1991,D. W. Aha; D. Kibler; and M. K. Albert.,Instance-based learning algorithms.,Machine Learning,6,
aha1991,D. W. Aha; D. Kibler; and M. K. Albert.,Instance-based learning algorithms.,Machine Learning,6,
aha1991,D. W. Aha; D. Kibler; and M. K. Albert.,Instance-based learning algorithms.,Machine Learning,6,
aha1991,D. W. Aha; D. Kibler; and M. K. Albert.,Instance-based learning algorithms.,Machine Learning,6,
aha1991,D. W. Aha; D. Kibler; and M. K. Albert.,Instance-based learning algorithms.,Machine Learning,6,
aha1991,D. W. Aha; D. Kibler; and M. K. Albert.,Instance-based learning algorithms.,Machine Learning,6,
aha1991,D. W. Aha; D. Kibler; and M. K. Albert.,Instance-based learning algorithms.,Machine Learning,6,
aha1991,D. W. Aha; D. Kibler; and M. K. Albert.,Instance-based learning algorithms.,Machine Learning,6(1),
aha1991,D. W. Aha; D. Kibler; and M. K. Albert.,Instance-based learning algorithms.,Machine Learning,6(1),
aha1991,D. W. Aha; D. Kibler; and M. K. Albert.,Instancebased learning algorithms.,Machine Learning,6(1),
aha1991,D.W. Aha; D. Kibler; and M.K. Albert.,Instance-based learning algorithms.,Machine Learning,6,
aha1991,D.W. Aha; D. Kibler; and M.K. Albert.,Instance-based learning algorithms.,Machine Learning,6,
aha1991,D.W. Aha; D. Kibler; and M.K. Albert.,Instance-based learning algorithms.,Machine Learning,6,
aha1991,David W. Aha; Dennis Kibler; and Marc K. Albert.,Instance-based learning algorithms.,Machine Learning,6(1),
aha1991,David W. Aha; Dennis Kibler; and Marc K. Albert.,Instance-based learning algorithms.,Machine Learning,6(1),
aha1991,David W. Aha; Dennis Kibler; and Marc K. Albert.,Instance-based learning algorithms.,Machine Learning,6(1),
aha1991,D. W. Aha; D. Kibler; and M. Albert.,Instance-based learning algorithms.,Machine Learning,6:,
aha1991,D. W. Aha; D. Kibler; and M. K. Albert.,Instance-Based Learning Algorithms.,Machine Learning,6(1),
aha1991,D. W. Aha; D. Kibler; and M. K. Albert.,Instance-Based Learning Algorithms.,Machine Learning,6(1),
aha1991,D. W. Aha; D. Kibler; and M. K. Albert.,Instance-based learning algorithms.,Machine Learning,6,
aha1991,D. W. Aha; D. Kibler; and M. K. Albert.,Instance-based learning algorithms.,Machine Learning,6,
aha1991,D.W. Aha; D. Kibler and M.K. Albert,. Instance-Based Learning Algorithms.,Machine Learning,6,
aha1991,D. Aha and D. Kibler.,Noise-tolerant instance-based learning algorithms.,Machine Learning,8:,
aha1991,D. W. Aha; D. Kibler; and M. K. Albert.,Instance-based learning algorithms.,Machine Learning,6(1),
aha1991,D. W. Aha; D. Kibler; and M. K. Albert.,Instance-based learning algorithms.,Machine Learning,6(1),
aha1991,D. W. Aha; D. Kibler; and M. K. Albert.,Instance-based learning algorithms.,Machine Learning,6,
aha1991,D. W. Aha; D. Kibler; and M. K. Albert.,Instance-based learning algorithms.,Machine Learning,6(1),
aha1991,D. W. Aha; D. Kibler; and M. K. Albert.,Instance-based learning algorithms.,Machine Learning,6(1),
aha1991,David W. Aha; Dennis Kibler; and Marc K. Albert.,Instance-based learning algorithms.,Machine Learning,6(1),
aha1991,D W Aha; D Kibler; and M K Albert.,Instance-based learning algorithms.,Machine Learning,6,
aha1991,D. Aha; D. Kibler; and M. Albert.,Instance-based learning algorithms.,Machine Learning,6:,
aha1991,D. W. Aha; D. Kibler; and J. K. Albert.,Instance-based learning algorithms.,Machine Learning,6(1),
aha1991,D. W. Aha; D. Kibler; and M. K. Albert.,Instance-based learning algorithms.,Machine Learning,6(1),
aha1991,D. W. Aha; D. Kibler; and M. K. Albert.,Instance-based learning algorithms.,Machine Learning,6(1),
aha1991,D. W. Aha; D. Kibler; and M. K. Albert.,Instance-based learning algorithms.,Machine Learning,6(1),
aha1991,D. W. Aha; D. Kibler; and M. K. Albert.,Instance-based learning algorithms.,Machine Learning,6(1),
aha1991,D. W. Aha; D. Kibler; and M. K. Albert.,Instance-based learning algorithms.,Machine Learning,6(1),
aha1991,D. W. Aha; D. Kibler; and M. K. Albert.,Instance-based learning algorithms.,Machine Learning,6(1),
aha1991,David W. Aha; Dennis Kibler; and Marc K. Albert.,Instance-based learning algorithms.,Machine Learning,6,
aha1991,David W. Aha; Dennis Kibler; and Marc K. Albert.,Instance-based learning algorithms.,Machine Learning,6(1),
aha1991,Aha; Kibler; and Albert,"""Instance-Based Learning Algorithms,""",Machine Learning,6,
aha1991,Aha; Kibler; and Albert,Instance-Based Learning Algorithms.,Machine Learning,6(1),
aha1991,Aha; Kibler; and Albert,Instance-Based Learning Algorithms.,Machine Learning,6(1),
aha1991,Aha; Kibler; and Albert,Instance-Based Learning Algorithms.,Machine Learning,6(1),
aha1991,D. Aha; D. Kibler and M. Albert.,Instance-Based Learning Algorithms.,Machine Learning,6,
aha1991,D. Aha; D. Kibler; and M. Albert.,Instance-based learning algorithms.,Machine Learning,6,
aha1991,D. W. Aha; D. Kibler; and M. K. Al-bert.,Instance-based learning algorithms.,Machine Learning,6,
aha1991,D. W. Aha; D. Kibler; and M. K. Al-bert.,Instance-based learning algorithms.,Machine Learning,6,
aha1991,D. W. Aha; D. Kibler; and M. K. Albert.,Instance-based learning algorithms.,Machine Learning,6,
aha1991,D. W. Aha; D. Kibler; and M. K. Albert.,Instance-based learning algorithms.,Machine Learning,6,
aha1991,D. W. Aha; D. Kibler; and M. K. Albert.,Instance-based learning algorithms.,Machine Learning,6,
aha1991,David W. Aha; Dennis Kibler; and Marc K. Albert.,Instance-based learning algorithms.,Machine Learning,6(1),
aha1991,David W. Aha; Dennis Kibler; and Mark K. Albert.,Instance-based learning algorithms.,Machine Learning,6,
aha1991,David W. Aha; Dennis Kibler; and Mark K. Albert.,Instance-based learning algorithms.,Machine Learning,6,
aha1991,D. W. Aha; D. Kibler; and M. K. Albert.,Instance-based learning algorithms.,Machine Learning,6,
aha1991,D.W. Aha; D. Kibler; and M.K. Albert,"Instance-based learning algorithms,",Machine Learning,6,
aha1991,D.W. Aha; D. Kibler; and M.K. Albert,Instance-based learning algorithms.,Machine Learning,6,
aha1991,Aha; Kibler; and Albert,Instance-based learning algorithms.,Machine Learning,6,
aha1991,D. Aha; D. Kibler; and M. Albert.,Instance-based learning algorithms.,Machine Learning,6: 3766,
conery19xx,Kibler; D. and Conery,Parallelism in AI Programs.,,,
conery1983,John S. Conery and Dennis F. Kibler.,AND parallelism in logic programs.,In Proceedings of International Joint Conference on Artificial Intelligence,,
conery1985,J.S. Conery and D.F. Kibler.,And parallelism and nondeterminism in logic programs.,New Generation Computing,3,
conery1985a,J. S. Conery and D. F. Kibler.,Parallelism in ai programs.,In Proceedings of International Joint Conference on Artificial Intelligence,,
conery1985,J.S. Conery and D.F. Kibler.,And parallelism and nondeterminism in logic programs.,New Generation Computing,3,
aha1991,Aha DW; Kibler D; Albert MK.,"Instance-based Learning Methods,",Machine Learning,6:,
kibler1981,D. Kibler and P. Morris.,Don't be stupid.,In Proceedings of the Seventh International Joint Conference on Artificial Intelligence,,
kibler1985,Dennis Kibler.,Natural generation of heuristics by transforming the problem representation.,,,
kibler1985,Kibler,Natural Generation of Heuristics by Transforming the the Problem Representation.,,,
porter1986,B. Porter and D. Kibler.,Experimental goal regression: A method for learning problem-solving heuristics.,Machine Learning,1,
aha1987,Kibler; D. and Aha,Learning representative exemplars of concepts: An initial case study.,In Proc. of the 4 th International Workshop on Machine Learning,,
aha1987,Dennis Kibler and David W. Aha.,Learning representative exemplars of concepts: An initial case study.,In Proceedings of the 4 th International Workshop on Machine Learning,,
aha1987,Dennis Kibler and David W. Aha.,Learning representative exemplars of concepts: An initial case study.,In Proceedings of the 4 th International Workshop on Machine Learning,,
kibler1988,Kibler; D. and Langley,Machine Learning as an Experimental Science.,,,
kibler1988,Kibler; and Langley,Machine learning as an experimental science.,Machine Learning,3(1),
kibler1988,Kibler D.; Langley P.:,"Machine Learning as an Experimental Science,",Machine Learning,3(1),
kibler1988,Kibler; D. and Langley,Machine Learning as an Experimental Science.,In Proceedings of the Third European Working Session on Learning,,
kibler1989,Kibler; D. and Aha; D. W.,Instance-based prediction of real-valued attributes.,Computational Intelligence,5(2),
kibler1989,Kibler; D. and Aha; D. W.,Instance-based prediction of real-valued attributes.,Computational Intelligence,5(2),
kibler1989,Kibler; Aha; D. W.; and Albert,Instance-based prediction of real-valued attributes.,Computational Intelligence,5,
kibler1989,Kibler; Aha; and Albert,"Instance-based prediction of real-valued attributes,",Computational Intelligence,5,
kibler1989,Kibler; Aha; and Albert,"Instance-based prediction of real-valued attributes,",Computational Intelligence,5,
kibler1989,D. Kibler; D. W. Aha; and M. K. Albert.,Instance-Based Prediction of Real-Valued Attributes.,Computational Intelligence,5,
kibler1989,D. Kibler; D. W. Aha; and M. K. Albert.,Instance-Based Prediction of Real-Valued Attributes.,Computational Intelligence,5,
kibler1989,D. Kibler and D. W. Aha.,Instance-based prediction of real-valued attributes.,Computational Intelligence,5(2),
kibler1989,D. Kibler and D. W. Aha.,Instance-based prediction of real-valued attributes.,Computational Intelligence,5(2),
pazzani1990,Pazzani; M. and Kibler,The Utility of Knowledge in Inductive Learning.,Machine Learning,9(1),
pazzani1990,Pazzani; and Kibler,"""The Utility of Knowledge in Inductive Learning,""",Machine Learning,9,
pazzani1990,Michael Pazzani and Dennis Kibler.,The role of prior knowledge in inductive learning.,Machine Learning,9,
kibler1992,Michael Pazzani and Dennis Kibler.,The role of prior knowledge in inductive learning.,Machine Learning,9,
kibler1992,Michael Pazzani and Dennis Kibler.,The role of prior knowledge in inductive learning.,Machine Learning,9,
kibler1992,Micheal Pazzani and Dennis Kibler.,The utility of knowledge in inductive learning.,Machine Learning,9,
kibler1993,Dennis Kibler (1993).,Some real-world domains for learning problem solvers.,In Proceedings of KCSL93 3rd International Workshop on Knowledge Compilation and Speedup Learning (in ICML93),,
kibler1993,Dennis Kibler (1993).,Some real-world domains for learning problem solvers.,In Proceedings of KCSL93 3rd International Workshop on Knowledge Compilation and Speedup Learning (in ICML93),,
kibler1993,Dennis Kibler (1993).,Some real-world domains for learning problem solvers.,In Proceedings of KCSL93 3rd International Workshop on Knowledge Compilation and Speedup Learning (in ICML93),,
learning1991,Pazzani M. and Kibler D.,The utility of knowledge in inductive learning.,Machine Learning,9(1),
learning1991,Pazzani M. and Kibler D.,The utility of knowledge in inductive learning.,Machine Learning,9(1),
learning1991,Pazzani M. and Kibler D.,The utility of knowledge in inductive learning.,Machine Learning,9(1),
learning1991,Pazzani M. and Kibler D.,The utility of knowledge in inductive learning.,Machine Learning,9(1),
learning1992,Pazzani M; Kibler D.,The utility of knowledge in Inductive learning.,Machine Learning,;9,
learning1992,Pazzani M.; Kibler D.:,"The Utility of Knowledge in Inductive Learning,",in Machine Learning,9,
ourston1994,Ourston; D. and Mooney,Theory refinement combining analytical and empirical methods.,Artificial Intelligence,66(2),
ourston1994,Ourston; D. and Mooney,Theory refinement combining analytical and empirical methods.,Artificial Intelligence,66(2),
ourston1994,Ourston; D. and Mooney,Theory refinement combining analytical and empirical methods.,Artificial Intelligence,66(2),
pazzani1990,M. Pazzani and D. Kibler.,The utility of background knowledge in inductive learning.,Machine Learning,9,
pazzani1990,Pazzani; and Kibler,"The utility of knowledge in inductive learning,",Machine Learning,9,
pazzani1990,M. Pazzani and D.,"Kibler The utility of knowledge in inductive learning Machine Learning,",,9(1):,
pazzani1990,M. Pazzani and D. Kibler.,The utility of background knowledge in inductive learning.,Machine Learning,9,
pazzani1990,Pazzani; M. and Kibler,The utility of knowledge in inductive learning.,Machine Learning,9,
pazzani1990,Pazzani; M. and Kibler,The utility of knowledge in inductive learning.,Machine Learning,9,
pazzani1990,Pazzani; M. and Kibler,The utility of knowledge in inductive learning.,Machine Learning,9,
pazzani1990,Pazzani; M. and Kibler,The utility of knowledge in inductive learning.,Machine Learning,9,
pazzani1990,Pazzani; M. and Kibler,The utility of knowledge in inductive learning.,Machine Learning,9,
pazzani1990,Pazzani; M. and Kibler,The utility of knowledge in inductive learning.,Machine Learning,9,
pazzani1990,Pazzani; M. and Kibler,The utility of knowledge in inductive learning.,Machine Learning,9,
pazzani1990,Pazzani; M. and Kibler,The utility of knowledge in inductive learning.,Machine Learning,9,
pazzani1990,Pazzani; M. and Kibler,The utility of knowledge in inductive learning.,Machine Learning,9(1),
pazzani1990,Pazzani; M. and Kibler,The utility of knowledge in inductive learning.,Machine Learning,9(1),
pazzani1990,Pazzani; M. and Kibler,The utility of knowledge in inductive learning.,Machine Learning,9(1),
pazzani1990,Pazzani; M. and Kibler,The utility of knowledge in inductive learning.,Machine Learning,9(1),
pazzani1990,Pazzani; and Kibler,The utility of knowledge in inductive learning.,Machine Learning,9,
pazzani1990,Pazzani; M. and Kibler,The utility of knowledge in inductive learning.,Machine Learning Journal,9(1),
pazzani1990,Pazzani; M. and Kibler,The utility of knowledge in inductive learning.,Machine Learning,9,
pazzani1990,Pazzani; M. and Kibler,The utility of knowledge in inductive learning.,Machine Learning,9,
pazzani1990,Pazzani; M. and Kibler,The utility of knowledge in inductive learning.,Machine Learning,9(1),
pazzani1990,Pazzani; M. and Kibler,"The Utility of Knowledge in Inductive Learning,",Machine Learning,9(1),
pazzani1990,Pazzani; M. and Kibler,"The Utility of Knowledge in Inductive Learning,",Machine Learning,9(1),
pazzani1990,Pazzani; and Kibler,The Utility of Knowledge in Inductive Learning.,Machine Learning,9:1,
pazzani1990,Pazzani; and Kibler,The Utility of Knowledge in Inductive Learning.,Machine Learning,9:1,
pazzani1990,Pazzani; and Kibler,The utility of background knowledge in inductive learning.,Machine Learning,9,
pazzani1990,Pazzani; and Kibler,The utility of background knowledge in inductive learning.,Machine Learning,9,
pazzani1990,Pazzani; and Kibler,The utility of background knowledge in inductive learning.,Machine Learning,9,
pazzani1990,Pazzani; and Kibler,The utility of background knowledge in inductive learning.,Machine Learning,9,
pazzani1990,Pazzani; and Kibler,The utility of background knowledge in inductive learning.,Machine Learning,9,
pazzani1990,Pazzani; and Kibler,The utility of background knowledge in inductive learning.,Machine Learning,9,
pazzani1990,Pazzani; and Kibler,The utility of background knowledge in inductive learning.,Machine Learning,9,
pazzani1990,Pazzani; and Kibler,The utility of background knowledge in inductive learning.,Machine Learning 9,,
pazzani1990,Pazzani; and Kibler,The utility of background knowledge in inductive learning.,Machine Learning,9,
pazzani1990,Pazzani; and Kibler,The utility of background knowledge in inductive learning.,Machine Learning,9,
pazzani1990,Pazzani; and Kibler,The utility of knowledge in inductive learning.,Machine Learning,9,
pazzani1990,Pazzani; and Kibler,The utility of knowledge in inductive learning.,Machine Learning,9,
pazzani1990,Pazzani; and Kibler,The utility of prior knowledge in inductive learning.,Machine Learning,9,
pazzani1990,M. Pazzani and D. Kibler.,The utility of background knowledge in inductive learning.,Machine Learning,9,
pazzani1990,M. Pazzani and D. Kibler.,The utility of background knowledge in inductive learning.,Machine Learning,9,
pazzani1990,M. Pazzani and D. Kibler.,The utility of knowledge in inductive learning.,Machine Learning,9,
pazzani1990,M. Pazzani and D. Kibler.,The utility of knowledge in inductive learning.,Machine Learning,9(1),
pazzani1990,M. Pazzani and D. Kibler.,The utility of knowledge in inductive learning.,Machine Learning,9(1),
pazzani1990,Micheal J. Pazzani and Dennis Kibler.,The utility of knowledge in inductive learning.,Machine Learning,9,
pazzani1990,Micheal J. Pazzani and Dennis Kibler.,The utility of knowledge in inductive learning.,Machine Learning,9,
pazzani1990,M. Pazzani and D. Kibler.,The utility of prior knowledge in inductive learning.,Machine Learning,9,
pazzani1990,M. Pazzani and D. Kibler.,The utility of prior knowledge in inductive learning.,Machine Learning,9,
pazzani1990,Micheal J. Pazzani and Dennis Kibler.,The role of prior knowledge in inductive learning.,Machine Learning,9,
pazzani1990,Micheal J. Pazzani and Dennis Kibler.,The role of prior knowledge in inductive learning.,Machine Learning,9,
pazzani1990,Micheal J. Pazzani and Dennis Kibler.,The role of prior knowledge in inductive learning.,Machine Learning,9,
pazzani1990,M. Pazzani and D. Kibler.,The utility of knowledge in inductive learning.,Machine Learning,9(1),
pazzani1990,Micheal J. Pazzani and Dennis Kibler.,The role of prior knowledge in inductive learning.,Machine Learning,9,
pazzani1990,M. Pazzani and D. Kibler.,The utility of background knowledge in inductive learning.,Machine Learning,9,
pazzani1990,M. Pazzani and D. Kibler.,The utility of background knowledge in inductive learning.,Machine Learning,9,
pazzani1990,Pazzani; M. and D. Kibler,"""The Utility of Knowledge in Inductive Learning"",",Machine Learning,9,
pazzani1990,Pazzani; M. and Kibler,The utility of knowledge in inductive learning.,Machine Learning,9(1):,
pazzani1990,Pazzani; M. and Kibler,The utility of knowledge in inductive learning.,Machine Learning,9(1):,
pazzani1990,M. Pazzani and D. Kibler.,The utility of knowledge in inductive learning.,Machine Learning,9,
pazzani1990,Pazzani; and Kibler,"""The utility of knowledge in inductive learning"",",Machine Learning,9(1),
pazzani1990,Pazzani; and Kibler,"""The utility of knowledge in inductive learning"",",Machine Learning,9(1),
pazzani1990,M. Pazzani and D. Kibler.,The utility of knowledge in inductive learning.,Machine Learning,9(1),
pazzani1990,M. Pazzani and D. Kibler.,The utility of knowledge in inductive learning.,Machine Learning,9(1),
porter1986,Bruce Porter and Dennus Kibler.,Experimental goal regression: A method for learning problem-solving heuristics.,Machine Learning,1,
porter1986,Bruce Porter and Dennus Kibler.,Experimental goal regression: A method for learning problem-solving heuristics.,Machine Learning,1,
porter1986,Bruce Porter and Dennus Kibler.,Experimental goal regression: A method for learning problem-solving heuristics.,Machine Learning,1,
porter1986,Bruce Porter and Dennus Kibler.,Experimental goal regression: A method for learning problem-solving heuristics.,Machine Learning,1,
porter1986,Bruce Porter and Dennus Kibler.,Experimental goal regression: A method for learning problem-solving heuristics.,Machine Learning,1,
ruby1989,David Ruby and Dennis Kibler.,Learning subgoal sequences for planning.,In Proceedings of the Eleventh International Joint Conference on Artificial Intelligence,,
ruby1991a,Ruby; and Kibler,SteppingStone: An empirical and analyt ical evaluation.,Proceedings Ninth National Conference on Artificial Intelligence.,,
ruby1991a,Ruby; and Kibler,SteppingStone: An empirical and analytical evaluation.,Proceedings Ninth National Conference on Artificial Intelligence.,,
ruby1991a,Ruby; and Kibler,SteppingStone: An empirical and analytical evaluation.,Proceedings Ninth National Conference on Artificial Intelligence.,,
ruby1991,D. Ruby and D. Kibler.,Learning subgoal sequences for planning.,In Proceedings of AAAI-91.,,
ruby1991,D. Ruby and D. Kibler.,Learning subgoal sequences for planning.,In Proceedings of AAAI-91.,,
sklansky1976,J. Sklansky and D. F. Kibler.,A theory of nonuniformity in digitized binary pictures.,IEEE Trans. Syst. Man and Cybernetics,SMC-6(9):,
brodley1992,Brodley; C. E. and Utgoff; P. E.,"Multivariate versus univariate decision trees,",,,
brodley1992,Brodley; C. E. and Utgoff; P. E.,"Multivariate versus univariate decision trees,",,,
brodley1992,Brodley; C. E. and Utgoff; P. E.,"Multivariate versus univariate decision trees,",,,
brodley1992,Brodley; C. E. and Utgoff; P. E.,"Multivariate versus univariate decision trees,",,,
brodley1992,Brodley; C. E. and Utgoff; P. E.,"Multivariate versus univariate decision trees,",,,
brodley1992,Brodley; and Utgoff; P. E.,"Multivariate versus univariate decision trees,",,,
brodley1992,Brodley; and Utgoff; P. E.,"Multivariate versus univariate decision trees,",,,
brodley1992,Brodley; and Utgoff; P. E.,"Multivariate versus univariate decision trees,",,,
brodley1992,Brodley; and Utgoff; P. E.,"Multivariate versus univariate decision trees,",,,
brodley1992,Brodley; and Utgoff; P. E.,Multivariate versus univariate decision trees.,,,
brodley1992,Brodley; and Utgoff; P. E.,Multivariate versus univariate decision trees.,,,
brodley1992,Brodley; and Utgoff; P. E.,Multivariate versus univariate decision trees.,,,
brodley1992,Brodley; and Utgoff; P. E.,Multivariate versus univariate decision trees.,,,
brodley1992,Brodley; and Utgoff; P. E.,Multivariate versus univariate decision trees.,,,
brodley1992,Brodley; and Utgoff; P. E.,Multivariate versus univariate decision trees.,,,
brodley1992,Brodley; and Utgoff; P. E.,Multivariate versus univariate decision trees.,,,
brodley1992,Brodley; and Utgoff; P. E.,Multivariate Versus Univariate Decision Trees.,,,
brodley1992,C.E. Brodley and P.E. Ut-goff,Multivariate versus univariate decision trees.,,,
brodley1992,C.E. Brodley and P.E. Utgoff,Multivariate versus univariate decision trees.,,,
brodley1992,Brodley; and Utgoff; P. E.,Multivariate Versus Univariate Decision Trees.,,,
brodley1992,Carla E. Brodley and Paul E. Utgoff.,Multivariate versus univariate decision trees.,,,
brodley1992,Carla E. Brodley and Paul E. Utgoff.,Multivariate versus univariate decision trees.,,,
brodley1992,Carla E. Brodley and Paul E. Utgoff.,Multivariate versus univariate decision trees.,,,
brodley1992,Carla E. Brodley and Paul E. Utgoff.,Multivariate versus univariate decision trees.,,,
brodley1992,Carla E. Brodley and Paul E. Utgoff.,Multivariate versus univariate decision trees.,,,
brodley1992,Carla E. Brodley and Paul E. Utgoff.,Multivariate versus univariate decision trees.,,,
brodley1992,Carla E. Brodley and Paul E. Utgoff.,Multivariate versus univariate decision trees.,,,
brodley1992,Carla E. Brodley and Paul E. Utgoff.,Multivariate versus univariate decision trees.,,,
brodley1992,Carla E. Brodley and Paul E. Utgoff.,Multivariate versus univariate decision trees.,,,
brodley1992,Brodley; and Utgoff,Multivariate Versus Univariate Decision Trees.,,,
brodley1992b,C. E. Brodley and P. E. Utgoff.,Multivariate decision trees.,,,
brodley1992b,C. E. Brodley and P. E. Utgoff.,Multivariate decision trees.,,,
brodley1992b,C. E. Brodley and P. E. Utgoff.,Multivariate decision trees.,,,
brodley1992b,C. E. Brodley and P. E. Utgoff.,Multivariate decision trees.,,,
brodley1992b,C.E. Brodley and P.E. Utgoff.,Multivariate versus univariate decision trees.,,,
brodley1992b,C.E. Brodley and P.E. Utgoff.,Multivariate versus univariate decision trees.,,,
brodley1992b,Carla E. Brodley and Paul Utgoff.,Multivariate decision trees.,,,
brodley1992b,Carla E. Brodley and Paul Utgoff.,Multivariate decision trees.,,,
brodley1992b,Brodley; C. E. and Utgoff; P. E.,Multivariate versus univariate decision trees.,,,
brodley1992b,Brodley; C. E. and Utgoff; P. E.,Multivariate versus univariate decision trees.,,,
brodley1992b,C.E. Brodley and P.E. Utgoff,Multivariate versus univariate decision trees.,,,
brodley1994,C. E. Brodley and P. E. Utgoff.,Goal-directed Classification Using Linear Machine Decision Trees.,Machine Learning,,
brodley1994,C. E. Brodley and P. E. Utgoff.,Goal-directed Classification Using Linear Machine Decision Trees.,Machine Learning,,
brodley1994,C. E. Brodley and P. E. Ut-goff.,Goal-directed Classification Using Linear Machine Decision Trees.,Machine Learning,,
brodley1994,B. Draper; C. E. Brodley; and P. Utgoff.,Goal-directed Classification Using Linear Machine Decision Trees.,IEEE Trans. on Pattern Analysis and Machine Intelligence,,
brodley1994,C. E. Brodley and P. E. Utgoff.,Goal-directed Classification Using Linear Machine Decision Trees.,Machine Learning,,
brodley1995,Carla E. Brodley and Paul E. Utgoff.,Multivariate decision trees.,Machine Learning,19,
brodley1995,Carla E. Brodley and Paul E. Utgoff.,Multivariate decision trees.,Machine Learning,19,
brodley1995,Brodley; C. E. and Utgoff; P. E.,", ""Multivariate decision trees"",",Machine Learning.,,
brodley1995,Brodley; C. E. and Utgoff P. E.,Multivariate decision trees.,Machine Learning,19,
brodley1995,Brodley; C. E. and Utgoff P. E.,Multivariate decision trees.,Machine Learning,19,
brodley1995,Brodley; C. E. and Utgoff; P. E.,"Multivariate decision trees,",Machine Learning,19:,
brodley1995,Brodley; C. E. and Utgoff; P. E.,"Multivariate decision trees,",Machine Learning,19:,
brodley1995,Brodley; C. E. and Utgoff; P. E.,"Multivariate decision trees,",Machine Learning,19:,
brodley1995,Brodley; and Utgoff; P. E.,(in press). Multivariate decision trees.,Machine Learning.,,
brodley1995,Brodley; and Utgoff; P. E.,Multivariate decision trees.,Machine Learning,,
brodley1995,Brodley; and Utgoff; P. E.,Multivariate decision trees.,Machine Learning,,
brodley1995,Brodley; and Utgoff; P. E.,Multivariate decision trees.,Machine Learning,,
brodley1995,Brodley; and Utgoff; P. E.,Multivariate decision trees.,Machine Learning,,
brodley1995,Brodley; and Utgoff; P. E.,Multivariate decision trees.,Machine Learning,,
brodley1995,Brodley; and Utgoff; P. E.,Multivariate decision trees.,Machine Learning,,
brodley1995,Brodley; and Utgoff; P. E.,Multivariate decision trees.,Machine Learning,,
brodley1995,Brodley; and Utgoff; P. E.,Multivariate decision trees.,Machine Learning,19 (1),
brodley1995,Brodley; Utgoff; P. E.,"Multivariate Decision Trees,",In Machine Learning,19,
brodley1995,Brodley; C.E. and Utgoff P.E.,"Multivariate Decision Trees,",Machine Learning,19,
brodley1995,Brodley; C.E. and Utgoff P.E.,"Multivariate Decision Trees,",Machine Learning,19,
brodley1995,Brodley; and Utgoff,"""Multivariate Decision Trees"",",Machine Learning,19,
brodley1995,C. E. Brodley and P. E. Utgoff.,Multivariate decision trees.,Machine Learning,19(1),
brodley1995,Brodley; C.E. and Utgoff,"""Multivariate Decision Trees"",",Machine Learning,,
brodley1995,C.E. Brodley and P.E. Utgoff,"""Multivariate decision trees"",",Machine Learning,,
brodley1995,C. E. Brodley and P. E. Utgoff.,Multivariate decision trees.,Machine Learning,19(1),
brodley1995,Brodley; and Utgoff; P. E.,Multivariate Decision Trees.,Machine Learning.,,
brodley1995,Carla Brodley and Paul Utgoff.,"""Linear Machine Decision Trees,""",,,
brodley1995,Carla E. Brodley and Paul E. Utgoff.,Multivariate decision trees.,Machine Learning,19,
brodley1995,Carla E. Brodley and Paul E. Utgoff.,Multivariate decision trees.,Machine Learning,19,
brodley1995,Carla E. Brodley and Paul E. Utgoff.,Multivariate decision trees.,Machine Learning,19,
brodley1995,Carla E. Brodley and Paul E. Utgoff.,Multivariate decision trees.,Machine Learning,19,
brodley1995,Carla E. Brodley and Paul E. Utgoff.,Multivariate decision trees.,Machine Learning,19,
brodley1995,Carla E. Brodley and Paul E. Utgoff.,Multivariate decision trees.,Machine Learning,19,
brodley1995,Carla E. Brodley and Paul E. Utgoff.,Multivariate decision trees.,Machine Learning,19,
brodley1995,Carla E. Brodley and Paul E. Utgoff.,Multivariate decision trees.,Machine Learning,19,
brodley1995,Carla E. Brodley and Paul E. Utgoff.,Multivariate decision trees.,Machine Learning,19,
brodley1995,C. E. Brodley and P. E. Utgoff.,Multivariate decision trees.,Machine Learning,19(1),
brodley1995,C.E. Brodley and P.E. Utgoff,"""Multivariate decision trees"",",Machine Learning,,
brodley1995,C. Brodley and P. Utgoff.,Multivariate trees.,Machine Learning,19,
brodley1995,C. E. Brodley and P. E. Utgoff.,Multivariate decision trees.,Machine Learning,19(1),
brodley1995,C. E. Brodley and P. E. Utgoff.,Multivariate decision trees.,Machine Learning,19(1),
brodley1995,Brodley; and Utgoff,Multivariate Decision Trees.,Machine Learning.,,
brodley1995,Carla E. Brodley and Paul E. Utgoff.,Multivariate decision trees.,Machine Learning,19(1),
brodley1995,C.E. Brodley and P.E. Utgoff,Multivariate decision trees.,Machine Learning,19,
brodley1995,C. Brodley; P. Utgoff,"""Multivriate Decision Trees"",",Machine Learning,,
callan1991,Callan; J.P. and Utgoff,"""A Transformational Approach to Constructive Induction,""",Proceedings of the Eight International Workshop on Machine Learning,,
callan1991,Callan; J. and Utgoff,A Transformational Approach to Constructive Induction.,In Proceedings of the Eighth International Workshop on Machine Learning,,
callan1991,Callan; J. and Utgoff,A Transformational Approach to Constructive Induction.,In Proceedings of the Eighth International Workshop on Machine Learning,,
callan1991,Callan; J. and Utgoff,A Transformational Approach to Constructive Induction.,In Proceedings of the Eighth International Workshop on Machine Learning,,
callan1991,J. Callan and P. Utgoff.,A transformational approach to constructive induction.,In Proceedings of the Eighth International Workshop on Machine Learning,,
callan1991,J. Callan and P. Utgoff.,A transformational approach to constructive induction.,In Proceedings of the Eighth International Workshop on Machine Learning,,
callan1991,J.P. Callan and P.E. Utgoff,A transformational approach to constructive induction.,Proceedings of the Eighth International Workshop on Machine Learning,,
callan1991aaai,Callan; and Utgoff; P. E.,Constructive induction on domain knowl edge.,Proceedings of the Ninth National Conference on Artificial Intelligence,,
callan1991aaai,Callan; and Utgoff; P. E.,Constructive induction on domain knowledge.,Proceedings of the Ninth National Conference on Artificial Intelligence,,
callan1991aaai,J. P. Callan and P.E. Utgoff.,Constructive induction on domain knowledge.,In Proceedings of the Ninth National Conference on Artificial Intelligence,,
cardie1993,C. Cardie.,Using Decision Trees to Improve Case-Based Learning.,Proceedings of the Tenth International Conference on Machine Learning,,
cardie1993,C. Cardie.,Using Decision Trees to Improve Case-Based Learning.,Proceedings of the Tenth International Conference on Machine Learning,,
cardie1993,C. Cardie.,Using Decision Trees to Improve Case-Based Learning.,Proceedings of the Tenth International Conference on Machine Learning,,
cardie1993,Cardie,Using Decision Trees to Improve Case-Based Learning.,Proceedings Tenth International Conference on Machine Learning.,,
cardie1993,Cardie,Using Decision Trees to Improve Case-Based Learning.,Proceedings Tenth International Conference on Machine Learning.,,
cardie1993,Cardie,Using Decision Trees to Improve Case-Based Learning.,Proceedings Tenth International Conference on Machine Learning.,,
cardie1993,Cardie,Using Decision Trees to Improve Case-Based Learning.,Proceedings Tenth International Conference on Machine Learning.,,
cardie1993,Cardie,Using Decision Trees to Improve Case-Based Learning.,Proceedings of the Tenth International Conference on Machine Learning,,
cardie1993,Cardie,Using Decision Trees to Improve Case-Based Learning.,Proceedings of the Tenth International Conference on Machine Learning,,
cardie1993,Cardie,Using Decision Trees to Improve Case-Based Learning.,Proceedings of the Tenth International Conference on Machine Learning,,
caruana1993,R. Caruana.,Multitask learning: A knowledge-based of source of inductive bias.,Proceedings of the Tenth International Conference on Machine Learning,,
caruana1993,R. Caruana.,Multitask learning: A knowledge-based of source of inductive bias.,Proceedings of the Tenth International Conference on Machine Learning,,
caruana1993,R. Caruana.,Multitask learning: A knowledge-based of source of inductive bias.,Proceedings of the Tenth International Conference on Machine Learning,,
caruana1993,Richard Caruana.,Multitask learning: A knowledge-based of source of inductive bias.,Proceedings of the Tenth International Conference on Machine Learning,,
caruana1993,Richard Caruana.,Multitask learning: A knowledge-based of source of inductive bias.,Proceedings of the Tenth International Conference on Machine Learning,,
caruana1993,Richard Caruana.,Multitask learning: A knowledge-based of source of inductive bias.,Proceedings of the Tenth International Conference on Machine Learning,,
caruana1993,Richard Caruana.,Multitask learning: A knowledge-based of source of inductive bias.,Proceedings of the Tenth International Conference on Machine Learning,18,
caruana1993,Richard Caruana.,Multitask learning: A knowledge-based of source of inductive bias.,Proceedings of the Tenth International Conference on Machine Learning,18,
caruana1993,R. Caruana.,Multitask learning: A knowledge-based of source of inductive bias.,Proceedings of the Tenth International Conference on Machine Learning,,
caruana1993,R. Caruana.,Multitask learning: A knowledge-based of source of inductive bias.,Proceedings of the Tenth International Conference on Machine Learning,,
caruana1993,R. Caruana.,Multitask learning: A knowledge-based of source of inductive bias.,Proceedings of the Tenth International Conference on Machine Learning,,
caruana1993,R. Caruana.,Multitask learning: A knowledge-based of source of inductive bias.,Proceedings of the Tenth International Conference on Machine Learning,,
caruana1993,R. Caruana.,Multitask learning: A knowledge-based of source of inductive bias.,Proceedings of the Tenth International Conference on Machine Learning,,
caruana1993,R. Caruana.,Multitask learning: A knowledge-based of source of inductive bias.,Proceedings of the Tenth International Conference on Machine Learning,,
caruana1993,Caruana,Multitask Learning: A Knowledge-Based of Source of Inductive Bias.,in: Proceedings of the Tenth International Conference on Machine Learning,,
caruana1993,Caruana,Multitask Learning: A Knowledge-Based of Source of Inductive Bias.,in: Proceedings of the Tenth International Conference on Machine Learning,,
caruana1993,Caruana,Multitask Learning: A Knowledge-Based of Source of Inductive Bias.,in: Proceedings of the Tenth International Conference on Machine Learning,,
caruana1993,Caruana,Multitask Learning: A Knowledge-Based of Source of Inductive Bias.,in:Proceedings of the Tenth International Conference on Machine Learning,,
caruana1993,Caruana,Multitask Learning: A Knowledge-Based of Source of Inductive Bias.,in: Proceedings of the Tenth International Conference on Machine Learning,,
chapman1987,Chapman,Planning for conjunctive goals.,Artificial Intelligence,32,
chapman1987,Chapman,Planning for conjunctive goals.,Artificial Intelligence,32,
chapman1991,Chapman,,Vision instruction and action.,,
chapman1991,Chapman,,Vision instruction and action.,,
chapman1991,Chapman,,Vision instruction and action.,,
clark1993,P. Clark and S. Matwin.,Using Qualitative Models to Guide Inductive Learning.,Proceedings of the Tenth International Machine Learning Conference ML-93,,
cleeremans1989,Cleeremans; Servan-Schreiber; and McClelland,Finite state automata and simple recurrent networks.,Neural Computation,1,
clouse1992,Clouse; J. A. and Utgoff; P. E.,A Teaching Method for Reinforcement Learning.,In Proceedings of the Ninth International Conference on Machine Learning.,,
clouse1992,Clouse; and Utgoff; P. E.,A teaching method for reinforcement learning.,Machine Learning: Proceedings of the Ninth International Conference,,
clouse1992,Clouse; and Utgoff; P. E.,A teaching method for reinforcement learning.,Machine Learning: Proceedings of the Ninth International Conference,,
clouse1992,Clouse; and Utgoff,A teaching method for reinforcement learning.,In Proceedings of the Ninth International Conference on Machine Learning,,
clouse1992,Clouse; and Utgoff,A teaching method for reinforcement learning.,Proc. 9th Intl. ML Conf.,,
clouse1992,Clouse; and Utgoff,A teaching method for reinforcement learning.,Proc. 9th Intl. ML Conf.,,
clouse1992,Clouse; and Utgoff,A teaching method for reinforcement learning.,In Proceedings of the Machine Learning Conference.,,
clouse1992,Clouse; and P.E. Utgoff,A teaching method for reinforcement learning.,Proceedings of the Ninth Conference on Machine Learning,,
clouse1992,J. Clouse and P. Utgoff.,A teaching method for reinforcement learning.,In Proceedings of the Machine Learning Conference,,
clouse1992,J. A. Clouse and P. E. Utgoff.,A teaching method for reinforcement learning.,In Proceedings of the Ninth International Workshop on Machine Learning,,
clouse1992,J. A. Clouse and P. E. Utgoff.,A teaching method for reinforcement learning.,In Proceedings of the Ninth Conference on Machine Learning.,,
clouse1992,Clouse; and Utgoff,A teaching method for reinforcement learning.,In Proceedings of the Ninth International Conference of Machine Learning,,
clouse1992,J. A. Clouse and P. E. Utgoff.,A teaching method for reinforcement learning.,In Proceedings of the Ninth International Conference on Machine Learning,,
clouse1992,J.A. Clouse and P.E. Utgoff.,A teaching method for reinforcement learning.,In Machine Learning: Proceedings of teh Ninth International Conference,,
clouse1992,J.A. Clouse and P.E. Utgoff.,A teaching method for reinforcement learning.,In Machine Learning: Proceedings of teh Ninth International Conference,,
clouse1992,J. Clouse and P. Utgoff.,A teaching method for reinforcement learning.,In Proceedings of the Ninth International Conference on Machine Learning,,
clouse1992,J. Clouse and P. Utgoff.,A teaching method for reinforcement learning.,In Proceedings of the Machine Learning Conference,,
connel1987,M. E. Connel and P. E. Utgoff.,Learning to control a dynamic physical system.,In Proceeedings AAAI 87,,
connell1987,Connell; M. E. and Utgoff; P. E.,Learning to control a dynamic physical system.,In Sixth National Conference on Artificial Intelligence,,
connell1987,Connell; M. E. and Utgoff; P. E.,Learning to control a dynamic physical system.,In Sixth National Conference on Artificial Intelligence,,
connell1987,Connell; and Utgoff; P. E.,Learning to control a dynamic physical system.,In Proceedings of the Sixth National Conference on Artificial Intelligence,,
connell1987,Connell; and Utgoff; P. E.,Learning to control a dynamic physical system.,In Proceedings of the Sixth National Conference on Artificial Intelligence,,
connell1987,Connell; and Utgoff; P. E.,Learning to control a dynamic physical system.,In Proceedings of the Sixth National Conference on Artificial Intelligence,,
connell1987,Connell; and Utgoff; P. E.,Learning to control a dynamic physical system.,In Proceedings of the Sixth National Conference on Artificial Intelligence,,
connell1987,M. Connell and P. Utgoff.,"Learning to control a dynamic physical system,",in Proceedings AAAI-87,Vol. 2,
connell1987,M. Connell and P. Utgoff.,"Learning to control a dynamic physical system,",in Proceedings AAAI-87,Vol. 2,
connell1987,M. Connell and P. Utgoff.,"Learning to control a dynamic physical system,",in Proceedings AAAI-87,Vol. 2,
craven1993,Craven; M. W. and Shavlik,"Learning symbolic rules using artificial neural networks,","""Proceedings of the Tenth International Conference on Machine Learning""",,
craven1993,Craven; M. W. and Shavlik,"Learning symbolic rules using artificial neural networks,","""Proceedings of the Tenth International Conference on Machine Learning""",,
craven1993,Mark W. Craven and Jude W. Shavlik.,Learning symbolic rules using artificial neural networks.,Proceedings of the Tenth International Conference on Machine Learning,,
craven1993,Mark W. Craven and Jude W. Shavlik.,Learning symbolic rules using artificial neural networks.,Proceedings of the Tenth International Conference on Machine Learning,,
craven1993,Mark W. Craven and Jude W. Shavlik.,Learning symbolic rules using artificial neural networks.,Proceedings of the Tenth International Conference on Machine Learning,,
craven1993,M. W. Craven and J. W. Shavlik.,Learning symbolic rules using artificial neural networks.,Proceedings of the Tenth International Conference on Machine Learning,,
craven1993,M. W. Craven and J. W. Shavlik.,Learning symbolic rules using artificial neural networks.,Proceedings of the Tenth International Conference on Machine Learning,,
craven1993,M. W. Craven and J. W. Shavlik.,Learning symbolic rules using artificial neural networks.,Proceedings of the Tenth International Conference on Machine Learning,,
danyluk1993,Danyluk; A.P. and F.J. Provost,Small Disjuncts in Action: Learning to Diagnose Errors in the Local Loop of the Telephone Network.,Proceedings of the 10th International Conference on Machine Learning,,
danyluk1993,Danyluk; A. and Provost,"Small disjuncts in action: Learning to diagnose errors in the telephone network local loop,",`Machine Learning: Proceedings of the Tenth International Conference',,
draper1994,B. A. Draper; Carla E. Brodley; and Paul E. Utgoff.,Goal-directed classification using linear machine decision trees.,IEEE Trans. on Pattern Analysis and Machine Intelligence,16(9),
draper1994,B. A. Draper; Carla E. Brodley; and Paul E. Utgoff.,Goal-directed classification using linear machine decision trees.,IEEE Trans. on Pattern Analysis and Machine Intelligence,16(9),
draper1994,Draper; Brodley; C. E. and Utgoff; P. E.,"`Goal-directed classification using linear machine decision trees',",IEEE Transactions on Pattern Analysis and Machine Intelligence,16(9),
draper1994,Draper; Brodley; C. E. and Utgoff; P. E.,"`Goal-directed classification using linear machine decision trees',",IEEE Transactions on Pattern Analysis and Machine Intelligence,16(9),
draper1994,Draper; Brodley; and Utgoff; P. E.,Goal-directed classification using linear machine decision trees.,IEEE Transactions on Pattern Analysis and Machine Intelligence,16,
draper1994,B. A. Draper; Carla E. Brodley; and Paul E. Utgoff.,Goal-directed classification using linear machine decision trees.,IEEE Transactions on Pattern Analysis and Machine Intelligence,16(9):,
draper1994,B. A. Draper; Carla E. Brodley; and Paul E. Utgoff.,Goal-directed classification using linear machine decision trees.,IEEE Transactions on Pattern Analysis and Machine Intelligence,16(9),
draper1994,B. A. Draper; Carla E. Brodley; and Paul E. Utgoff.,Goal-directed classification using linear machine decision trees.,IEEE Transactions on Pattern Analysis and Machine Intelligence,16(9),
draper1994,B. A. Draper; Carla E. Brodley; and Paul E. Utgoff.,Goal-directed classification using linear machine decision trees.,IEEE Transactions on Pattern Analysis and Machine Intelligence,16(9),
draper1994,B. A. Draper; Carla E. Brodley; and Paul E. Utgoff.,Goal-directed classification using linear machine decision trees.,IEEE Transactions on Pattern Analysis and Machine Intelligence,16(9),
draper1994,B. A. Draper; Carla E. Brodley; and Paul E. Utgoff.,Goal-directed classification using linear machine decision trees.,IEEE Transactions on Pattern Analysis and Machine Intelligence,16(9),
draper1994,B. A. Draper; Carla E. Brodley; and Paul E. Utgoff.,Goal-directed classification using linear machine decision trees.,IEEE Transactions on Pattern Analysis and Machine Intelligence,16(9),
draper1994,B. A. Draper; Carla E. Brodley; and Paul E. Utgoff.,Goal-directed classification using linear machine decision trees.,IEEE Transactions on Pattern Analysis and Machine Intelligence,16(9),
draper1994,B. A. Draper; Carla E. Brodley; and Paul E. Utgoff.,Goal-directed classification using linear machine decision trees.,IEEE Transactions on Pattern Analysis and Machine Intelligence,16(9),
draper1994,Bruce A. Draper; Carla E. Brodley; and Paul E. Utgoff.,Goal-Directed Classification using Linear Machine Decision Trees.,IEEE Transactions on Pattern Analysis and Machine Intelligence,16(9),
draper1994,B. Draper; C. E. Brodley; and P. Utgoff.,Goal-directed Classification Using Linear Machine Decision Trees.,IEEE Trans. on Pattern Analysis and Machine Intelligence,16(9):,
draper1994,B. Draper; C. E. Brodley; and P. Utgoff.,Goal-directed Classification Using Linear Machine Decision Trees.,IEEE Trans. on Pattern Analysis and Machine Intelligence,16(9):,September 1994. 9
fawcett1991,Fawcett; T. E. and Utgoff; P. E.,A Hybrid Method for Feature Generation.,In Proceedings of the Eighth International Workshop on Machine Learning,,
fawcett1991,Fawcett; and Utgoff; P. E.,A Hybrid Method for Feature Generation.,Proceedings of the Eighth International Workshop on Machine Learning,,
fawcett1991,Fawcett; and Utgoff; P. E.,A hybrid method for feature generation.,Machine Learning: Proceedings of the Eighth International Workshop,,
fawcett1991,Fawcett; and Utgoff; P. E.,A hybrid method for feature generation. Machine Learning:,Proceedings of the Eighth International Workshop,,
fawcett1991,Fawcett; T.E. and Utgoff,"""A Hybrid Method for Feature Generation,""",Proceedings of the Eight International Workshop on Machine Learning,,
fawcett1991,Fawcett; T. and Utgoff,A hybrid method for feature generation.,Proceedings of the Eighth International Workshop on Machine Learning,,
fawcett1991,Fawcett; T. and Utgoff,A hybrid method for feature generation.,Proceedings of the Eighth International Workshop on Machine Learning,,
fawcett1992,Fawcett; T. E. and Utgoff; P. E.,"""Automatic Feature Generation for Problem Solving Systems"",",in Proceeding of the 9th International Workshop on Machine Learning,,
fawcett1992,Fawcett; T. and Utgoff,Automatic feature Generation for Problem Solving Systems.,In Proceedings of the Ninth International Conference on Machine Learning,,
fawcett1992,Fawcett; T. and Utgoff,Automatic feature Generation for Problem Solving Systems.,In Proceedings of the Ninth International Conference on Machine Learning,,
fawcett1992,Fawcett; T. and Utgoff,Automatic feature Generation for Problem Solving Systems.,In Proceedings of the Ninth International Conference on Machine Learning,,
fawcett1992,Tom E. Fawcett; Paul E. Utgoff.,Automatic feature generation for problem solving systems.,,,
fawcett1992,T. E. Fawcett and P. E. Utgoff,"Automatic feature generation for prob lem solving systems,",,,
fawcett1992,Tom Fawcett and Paul Utgoff,"Automatic feature generation for Problem Solving Systems,",,,
fawcett1992,T.E. Fawcett and P.E. Utgoff,Automatic feature generation for problem solving systems.,Proceedings of the Ninth International Workshop on Machine Learning,,
fawcett1992,Tom E. Fawcett and Paul E. Utgoff.,Automatic feature generation for problem solving systems.,Proceedings of the Ninth Interntational Workshop on Machine Learning Aberdeen,,
fayyad1993,Usama M. Fayyad; Nicholas Weir; and D. Djorgovski. SKICAT:,A machine learning system for automated cataloging of large scale sky surveys.,In ML-93,,
fayyad1993,Usama M. Fayyad; Nicholas Weir; and D. Djorgovski. SKICAT:,A machine learning system for automated cataloging of large scale sky surveys.,In ML-93,,
fayyad1993,Usama M. Fayyad; Nicholas Weir; and D. Djorgovski. SKICAT:,A machine learning system for automated cataloging of large scale sky surveys.,In ML-93,,
fayyad1993,Usama M. Fayyad; Nicholas Weir; and D. Djorgovski. SKICAT:,A machine learning system for automated cataloging of large scale sky surveys.,In ML-93,,
fayyad1993,Usama M. Fayyad; Nicholas Weir; and D. Djorgovski. SKICAT:,A machine learning system for automated cataloging of large scale sky surveys.,In ML-93,,
fayyad1993,Usama M. Fayyad; Nicholas Weir; and D. Djorgovski. SKICAT:,A machine learning system for automated cataloging of large scale sky surveys.,In ML-93,,
fayyad1993,Usama M. Fayyad; Nicholas Weir; and D. Djorgovski. SKICAT:,A machine learning system for automated cataloging of large scale sky surveys.,In ML-93,,
fayyad1993,Usama M. Fayyad; Nicholas Weir; and D. Djorgovski. SKICAT:,A machine learning system for automated cataloging of large scale sky surveys.,In ML-93,,
fayyad1993,Usama M. Fayyad; Nicholas Weir; and D. Djorgovski. SKICAT:,A machine learning system for automated cataloging of large scale sky surveys.,In ML-93,,
huffman1993,Huffman; and Laird,Learning procedures from interactive natural language instructions.,Machine Learning: Proceedings of the Tenth International Conference.,,
huffman1993,Huffman; and Laird,Learning procedures from interactive natural language instructions.,Machine Learning: Proceedings of the Tenth International Conference.,,
huffman1993,S. B. Huffman and J. E. Laird,"""Learning procedures from interactive natural language instructions,"" in Machine Learning:",Proceedings of the Tenth International Conference,,
huffman1993,Scott B. Huffman and John E. Laird.,Learning procedures from inter-active natural language instructions.,Machine Learning: Proceedings of the Tenth International Conference,,
huffman1993,Scott B. Huffman and John E. Laird.,Learning procedures from inter-active natural language instructions.,Machine Learning: Proceedings of the Tenth International Conference,,
huffman1993,Scott B. Huffman and John E. Laird.,Learning procedures from inter-active natural language instructions.,Machine Learning: Proceedings of the Tenth International Conference,,
huffman1993,Scott B. Huffman and John E. Laird.,Learning procedures from interactive natural language instructions.,Machine Learning: Proceedings of the Tenth International Conference,,
johnson1982,David S. Johnson.,The NP-completeness Column : An Outgoing Guide.,Journal of Algorithms,(3),
jordan1993,Jordan; M. I. and Jacobs,"Supervised learning and divide-and-conquer: A statistical approach,","""Proceedings of the Tenth International Conference on Machine Learning""",,
jordan1993,M. Jordan and R. Jacobs.,Supervised learning and divide-and-conquer: A statistical approach.,Proceedings of the Tenth International Conference on Machine Learning,,
kaelbling1993,L. P. Kaelbling.,Hierarchical learning in stochastic domains: Preliminary results.,Proceedings of the Tenth International Conference on Machine Learning,,
kaelbling1993,L. P. Kaelbling.,Hierarchical learning in stochastic domains: Preliminary results.,Proceedings of the Tenth International Conference on Machine Learning,,
kaelbling1993,L. P. Kaelbling.,Hierarchical learning in stochastic domains: Preliminary results.,Proceedings of the Tenth International Conference on Machine Learning,,
kaelbling1993,L. P. Kaelbling.,Hierarchical learning in stochastic domains: Preliminary results.,Proceedings of the Tenth International Conference on Machine Learning,,
mccallum1993,McCallum,Overcoming incomplete perception with utile distinction memory.,Machine Learning: Proceedings of the Tenth International Conference,,
mccallum1993,McCallum,Overcoming incomplete perception with utile distinction memory.,Machine Learning: Proceedings of the Tenth International Conference,,
mccallum1993,McCallum,Overcoming incomplete perception with utile distinction memory.,Machine Learning: Proceedings of the Tenth International Conference,,
mccallum1993,R. Andrew McCallum.,Overcoming incomplete perception with utile distinction memory.,Proceedings of the Tenth International Conference on Machine Learning,,
mccallum1993,R.A. McCallum.,Overcoming incomplete perception with utile distinction memory.,Machine Learning: Proceedings of the Tenth International Conference,,
mccallum1993,R.A. McCallum.,Overcoming incomplete perception with utile distinction memory.,Machine Learning: Proceedings of the Tenth International Conference,,
mehra1998,A. Mehra; Z. Wang; and K. Shin.,Self-parameterizing protocol stacks for guaranteed quality of service.,,,
mehra1998,A. Mehra; Z. Wang; and K. Shin,"""Self-parameterizing protocol stacks for guaranteed quality of service,""",,,
mehra1998,A. Mehra; Z. Wang; and K. Shin,"""Self-parameterizing protocol stacks for guaranteed quality of service,""",,,
mehra1998,A. Mehra; Z. Wang; and K. Shin,"""Self-parameterizing protocol stacks for guaranteed quality of service,""",,,
minton1992,Minton; Drummond; Bresina; and Phillips,Total order vs. partial order planning: Factors influencing performance.,In Proceedings of the Third International Conference on Principles of Knowledge Representation and Reasoning,,
minton1992,Minton; Drummond; Bresina; and Phillips,Total order vs. partial order planning: Factors influencing performance.,In Proceedings of the Third International Conference on Principles of Knowledge Representation and Reasoning,,
mitchell1981,T.M. Mitchell; P.E. Utgoff; B. Nudel,Banerji Learning problem-solving heuristics through practice.,In Proceedings of the Seventh International Joint Conference on AI 127-134 (1981),,
mitchell1983,Mitchell; P.E. Utgoff; and R. Banerji.,Learning by Experimentation: Acquiring and Refining ProblemSolving Heuristics,In Machine Learning: An Artificial Intelligence Approach,,
mitchell1983,Mitchell; Utgoff; P. E. and Banerji,Learning by experimentation: Acquiring and refining problem-solving heuristics.,Machine Learning: An Artificial Intelligence Approach,(Vol. I),
mitchell1983,Mitchell; Utgoff; P. E. and Banerji,Learning by experimentation: Acquiring and refining problem-solving heuristics.,Machine Learning: An Artificial Intelligence Approach,(Vol. I),
mitchell1983,Mitchell; Utgoff; and Banerji,(1983) Learning by experimentation: Acquiring and refining problem-solving heuristics.,Machine leaning: An artificial intelligence approach,,
mitchell1983,Mitchell; Utgoff; P. and Banerji,"Learning by experimentation: acquiring and refining problem-solving heuristics,","in ""Machine Learning An Artificial Intelligence Approach Volume I""",,
mitchell1983,Mitchell; Utgoff; P. and Banerji,"Learning by experimentation: acquiring and refining problem-solving heuristics,","in ""Machine Learning An Artificial Intelligence Approach Volume I""",,
mitchell1983,Mitchell; Utgoff; P. and Banerji,"Learning by experimentation: acquiring and refining problem-solving heuristics,","in ""Machine Learning An Artificial Intelligence Approach","Volume I""",
mitchell1983,Mitchell; Utgoff; P. E.; and Banerji,Learning by Experimentation: Acquiring and refining problem-solving heuristics.,Machine Learning: An artificial intelligence approach.,,
mitchell1983,Mitchell; Utgoff; P. E.; and Banerji,Learning by Experimentation: Acquiring and refining problem-solving heuristics.,Machine Learning: An artificial intelligence approach.,,
mitchell1983,Mitchell; Utgoff; and Banerji,Learning by experimentation: Acquiring and refining problem solving heuristics.,Machine Learning,,
mitchell1983,Mitchell; Utgoff; and Banerji,Learning by experimentation: Acquiring and refining problem solving heuristics.,Machine Learning,,
mitchell1983,Mitchell; Utgoff; and Banerji,Learning by experimentation: Acquiring and refining problem solving heuristics.,Machine Learning,,
mitchell1983,Mitchell; Utgoff; and Banerji,Learning by experimentation: Acquiring and refining problem solving heuristics.,Machine Learning,,
mitchell1983,Mitchell; Utgoff; and Banerji,Learning by experimentation: Acquiring and refining problem-solving heuristics.,Machine learning: An artificial intelligence approach,Vol.1.,
mitchell1983,Mitchell; Utgoff; and Banerji,Learning by experimentation: Acquiring and refining problem-solving heuristics.,Machine learning: An artificial intelligence approach,Vol. 1.,
mitchell1983,Mitchell; Utgoff; and Banerji,Learning by experimentation: Acquiring and refining problem-solving heuristics. In Machine Learning:,An Artificial Intelligence Approach chapter 6,,
mitchell1983,Mitchell; Utgoff; and Banerji,Learning problem solving heuristics by experimentation.,Machine Learning: An Artificial Intelligence Approach.,,
mitchell1983,Mitchell; Utgoff; and Banerji,Learning problem solving heuristics by experimentation.,Machine Learning: An Artificial Intelligence Approach.,,
mitchell1983,Mitchell; Utgoff; and Banerji,Learning problem solving heuristics by experimentation.,Machine Learning: An Artificial Intelligence Approach.,,
mitchell1983,Mitchell; Utgoff; and Banerji,Learning problem solving heuristics by experimentation.,Machine Learning: An Artificial Intelligence Approach.,,
mitchell1983,Mitchell; Utgoff; and Banerji,"""Learning by Experimentation: Acquiring and Refining Problem-Solving Heuristics."" In Machine Learning:",An Artificial Intelligence Approach,,
mitchell1983,Mitchell; Utgoff; and Banerji,"Learning by Experimentation: Acquiring and Refining Problem-Solving Heuristics, Machine Learning: An Artificial Intelligence Approach,",,,
mitchell1983,Mitchell; Utgoff; and Banerji,"Learning by Experimentation: Acquiring and Refining Problem-Solving Heuristics, Machine Learning: An Artificial Intelligence Approach,",,,
mitchell1983,Mitchell; Utgoff; and Banerji,"Learning by Experimentation: Acquiring and Refining Problem-Solving Heuristics, Machine Learning: An Artificial Intelligence Approach,",,,
mitchell1983,Mitchell; T.M.; Utgoff; P.E.; and Banerji,Learning by experimentation: Acquiring and refining problem-solving heuristics.,In Machine Learning.,,
mitchell1983,Mitchell; T.M.; Utgoff; P.E.; and Banerji,Learning by experimentation: Acquiring and refining problem-solving heuristics.,Machine Learning.,,
mitchell1983,Mitchell; T.M.; Utgoff; P.E. and Banerji,Learning by Experimentation: Acquiring and Refining Problem Solving Heuristics¡±In Machine Learning¡±,,,
mitchell1983,T. Mitchell; Utgoff; P. and Banerji,"""Learning by Experimentation: Acquiring and Refining ProblemSolving Heuristics,""",in Machine Learning: An Artificial Intelligence Approach,,
mitchell1983,T. Mitchell; Utgoff; P. and Banerji,"""Learning by Experimentation: Acquiring and Refining ProblemSolving Heuristics,""",in Machine Learning: An Artificial Intelligence Approach,,
mitchell1983,T. M. Mitchell; P. E. Utgoff; and R. B. Banerji.,Learning by experimentation: Acquiring and refining problem-solving heuristics.,Machine Learning: An Artificial Intelligence Approach,(Vol I).,
mitchell1983,Tom M. Mitchell; Paul E. Utgoff; and Ranan Banerji.,Learning problem solving heuristics by experimentation.,In Machine Learning: An Artificial Intelligence Approach,,
mitchell1983,Tom M. Mitchell; Paul E. Utgoff; and Ranan Banerji.,Learning problem solving heuristics by experimentation.,In Machine Learning: An Artificial Intelligence Approach,,
mitchell1983,Tom Mitchell; Paul Utgoff; and Ranan Banerji.,Learning by experimentation: Acquiring and refining problem-solving heuristics.,In Machine Learning An Artificial Intelligence Approach,Volume I.,
mitchell1983,Mitchell; T.; Utgoff; P.; and Banerji,Learning by experimentation: Acquiring and refining problem-solving heuristics.,Machine learning: An artificial intelligence approach,volume 1.,
mitchell1983,Mitchell; Utgoff; P. E. and Banerji,"Learning by Experimentation: Acquiring and Refining ProblemSolving Heuristics,",Machine Learning : An Artificial Intelligence Approach,,
mitchell1983,T.M. Mitchell; P.E. Utgoff; and R.B. Banerji.,Learning by experimentation: Acquiring and refining problem-solving heuristics.,Machine Learning.,,
mitchell1983,T. Mitchell; T. Utgoff; and R. Banerji.,Learning problem solving heuristics by experimentation.,Machine Learning: An Artificial Intelligence Approach.,,
mitchell1983,T. Mitchell; T. Utgoff; and R. Banerji.,Learning problem solving heuristics by experimentation.,Machine Learning: An Artificial Intelligence Approach.,,
mitchell1983,T. M. Mitchell; P. E. Utgoff; and R. B. Banerji.,Learning by experimentation: Acquiring and refining problem-solving heuristics.,Machine Learning An Artificial Intelligence Approach,(volume I).,
mitchell1983,T. M. Mitchell; P. E. Utgoff; and R. B. Banerji.,Learning by experimentation: Acquiring and refining problem-solving heuristics.,Machine Learning An Artificial Intelligence Approach,(volume I).,
mitchell1983,T.M. Mitchell; P.E. Utgoff; and R. Banerji.,Learning by experimentation: Acquiring and refining problem solving heuristics.,Machine Learning: An Artificial Intelligence Approach,volume 1,
mitchell1983,T. M. Mitchell; P. Utgoff; and R. Banerji.,Learning by experimentation: acquiring and refining problem-solving heuristics.,Machine Learning vol.,1,
mitchell1983,Mitchell; Utgoff; P. E. and Banerji,Learning by experimentation: Acquiring and refining problem-solving heuristics.,Machine Learning: An Artificial Intelligence Approach,(Vol. I),
mitchell1983,T. M. Mitchell; P. E. Utgoff; and R. B. Banerji.,Learning by experimentation: Acquiring and refining problem-solving heuristics.,Machine learning: An artificial intelligence approach,volume 1.,
mitchell1983,Mitchell; Utgoff; P. E. and Banerji,"""Learning by Experimentation: Acquiring and Refining Problem-Solving Heuristics,""",Machine Learning An Artificial Intelligence Approach,,
mitchell1983,Tom M. Mitchell; Paul E. Utgoff; and Ranan Banerji.,"""Learning by Experimentation: Acquiring and Refining Problem-Solving Heuristics","."" In Machine 58 Learning: An Artificial Intelligence Approach",Volume I,
mitchell1983,T. M. Mitchell; P. E. Utgoff; and R. Banerji.,Learning by experimentation : Acquiring and refining problem-solving heuristics.,Machine Learning : An Artificial Intelligence Approach,Vol. 1.,
mitchell1983ijcai,Mitchell,"Learning and problem solving,",Proceedings of IJCAI-83.,,
mitchell1993,Tom M. Mitchell; Paul E. Utgoff; and Ranan Banerji.,Learning by experimentation: acquiring and refining problem-solving heuristics.,,[30],
mitchell1993,Tom M. Mitchaell and Paul E. Utgoff.,Learning by experimentation: Acquiring and refining problem-solving heuristics.,In Shavlik and Dietterich,[17],
mitchell1993,Tom M. Mitchaell and Paul E. Utgoff.,Learning by experimentation: Acquiring and refining problem-solving heuristics.,In Shavlik and Dietterich,[17],
mitchell1993ebl,Mitchell; T. and Thrun,"""Explanation-Based Learning: A Comparison of Symbolic and Neural Network Approaches."",",In Proceedings of the Tenth International Conference on Machine Learning,,
mitchell1993ebl,Tom M. Mitchell and Sebastian Thrun.,Explanation based learning: A comparison of symbolic and neural network approaches.,Proceedings of the Tenth International Conference on Machine Learning,,
mitchell1993ebl,Tom M. Mitchell and Sebastian Thrun.,Explanation based learning: A comparison of symbolic and neural network approaches.,Proceedings of the Tenth International Conference on Machine Learning,,
mitchell1993ebl,Tom M. Mitchell and Sebastian Thrun.,Explanation based learning: A comparison of symbolic and neural network approaches.,Proceedings of the Tenth International Conference on Machine Learning,,
mitchell1993ebl,Tom M. Mitchell and Sebastian Thrun.,Explanation based learning: A comparison of symbolic and neural network approaches.,Proceedings of the Tenth International Conference on Machine Learning,,
mitchell1993ebl,Tom M. Mitchell and Sebastian Thrun.,Explanation based learning: A comparison of symbolic and neural network approaches.,Proceedings of the Tenth International Conference on Machine Learning,,
mladenic,Dunja Mladenic.,Combinatorial optimization in inductive concept learning.,In ML-93,,
mladenic,Dunja Mladenic.,Combinatorial optimization in inductive concept learning.,In ML-93,,
mladenic,Dunja Mladenic.,Combinatorial optimization in inductive concept learning.,In ML-93,,
mladenic,Dunja Mladenic.,Combinatorial optimization in inductive concept learning.,In ML-93,,
mladenic,Dunja Mladenic.,Combinatorial optimization in inductive concept learning.,In ML-93,,
mladenic,Dunja Mladenic.,Combinatorial optimization in inductive concept learning.,In ML-93,,
mladenic,Dunja Mladenic.,Combinatorial optimization in inductive concept learning.,In ML-93,,
mladenic,Dunja Mladenic.,Combinatorial optimization in inductive concept learning.,In ML-93,,
mladenic,Dunja Mladenic.,Combinatorial optimization in inductive concept learning.,In ML-93,,
mladenic1993,Mladenic,Combinatorial optimization in inductive concept learning.,In Machine Learning Proceedings of the Tenth International Conference,,
moss1997,Moss; Cavazos; Stefanovic; Utgoff; Precup; Scheeff; and Brodley,Learning Policies for Local Instruction Scheduling.,,,
musick1992,Musick; Catlett; and Russell,Decision theoretic subsampling for induction on large databases.,Proceedings of the Tenth International Conference on Machine Learning,,
musick1992,R. Musick; Jason Catlett; and S. Russell.,Decision theoretic subsampling for induction on large databases.,In ML-93,,
musick1992,R. Musick; Jason Catlett; and S. Russell.,Decision theoretic subsampling for induction on large databases.,In ML-93,,
musick1992,R. Musick; Jason Catlett; and S. Russell.,Decision theoretic subsampling for induction on large databases.,In ML-93,,
musick1992,R. Musick; Jason Catlett; and S. Russell.,Decision theoretic subsampling for induction on large databases.,In ML-93,,
musick1992,R. Musick; Jason Catlett; and S. Russell.,Decision theoretic subsampling for induction on large databases.,In ML-93,,
musick1992,R. Musick; Jason Catlett; and S. Russell.,Decision theoretic subsampling for induction on large databases.,In ML-93,,
musick1992,R. Musick; Jason Catlett; and S. Russell.,Decision theoretic subsampling for induction on large databases.,In ML-93,,
musick1992,R. Musick; Jason Catlett; and S. Russell.,Decision theoretic subsampling for induction on large databases.,In ML-93,,
musick1992,R. Musick; Jason Catlett; and S. Russell.,Decision theoretic subsampling for induction on large databases.,In ML-93,,
quinlan1993,,"Quinlan (1993) ""Combining instance-based and model-based learning"",",Proc. ML'93,,
quinlan1993,Quinlan,Combining instance-based and model-based learning.,Proc. Int. Conf. on Mach. Learn.,,
quinlan1993,Quinlan J. R.,Combining instance-based and model-based learning.,Proceedings of the Machine Learning Conference '93,,
quinlan1993,John Ross Quinlan.,Combining instance-based and model-based learning.,In ML-93,,
quinlan1993,John Ross Quinlan.,Combining instance-based and model-based learning.,In ML-93,,
quinlan1993,John Ross Quinlan.,Combining instance-based and model-based learning.,In ML-93,,
quinlan1993,John Ross Quinlan.,Combining instance-based and model-based learning.,In ML-93,,
quinlan1993,John Ross Quinlan.,Combining instance-based and model-based learning.,In ML-93,,
quinlan1993,John Ross Quinlan.,Combining instance-based and model-based learning.,In ML-93,,
quinlan1993,John Ross Quinlan.,Combining instance-based and model-based learning.,In ML-93,,
quinlan1993,John Ross Quinlan.,Combining instance-based and model-based learning.,In ML-93,,
quinlan1993,John Ross Quinlan.,Combining instance-based and model-based learning.,In ML-93,,
quinlan1993,Quinlan,Combining instance-based and model-based learn-ing.,Proceedings of the 10th International Conference on Machine Learning,,
quinlan1993,Quinlan,Combining instance-based and model-based learning.,Proceedings of the 10th International Conference on Machine Learning,,
ragavan1993,Ragavan; and Rendell,Lookahead feature construction for learning hard concepts.,Machine Learning. Proceedings of the Tenth International Conference,,
ragavan1993,Harish Ragavan and Larry Rendell.,Lookahead feature construction for learning hard concepts.,In ML-93,,
ragavan1993,Harish Ragavan and Larry Rendell.,Lookahead feature construction for learning hard concepts.,In ML-93,,
ragavan1993,Harish Ragavan and Larry Rendell.,Lookahead feature construction for learning hard concepts.,In ML-93,,
ragavan1993,Harish Ragavan and Larry Rendell.,Lookahead feature construction for learning hard concepts.,In ML-93,,
ragavan1993,Harish Ragavan and Larry Rendell.,Lookahead feature construction for learning hard concepts.,In ML-93,,
ragavan1993,Harish Ragavan and Larry Rendell.,Lookahead feature construction for learning hard concepts.,In ML-93,,
ragavan1993,Harish Ragavan and Larry Rendell.,Lookahead feature construction for learning hard concepts.,In ML-93,,
ragavan1993,Harish Ragavan and Larry Rendell.,Lookahead feature construction for learning hard concepts.,In ML-93,,
ragavan1993,Harish Ragavan and Larry Rendell.,Lookahead feature construction for learning hard concepts.,In ML-93,,
rymon1993,Ron Rymon.,An SE-tree based characterization of the induction problem.,In ML-93,,
rymon1993,Ron Rymon.,An SE-tree based characterization of the induction problem.,In ML-93,,
rymon1993,Ron Rymon.,An SE-tree based characterization of the induction problem.,In ML-93,,
rymon1993,Ron Rymon.,An SE-tree based characterization of the induction problem.,In ML-93,,
rymon1993,Ron Rymon.,An SE-tree based characterization of the induction problem.,In ML-93,,
rymon1993,Ron Rymon.,An SE-tree based characterization of the induction problem.,In ML-93,,
rymon1993,Ron Rymon.,An SE-tree based characterization of the induction problem.,In ML-93,,
rymon1993,Ron Rymon.,An SE-tree based characterization of the induction problem.,In ML-93,,
rymon1993,Ron Rymon.,An SE-tree based characterization of the induction problem.,In ML-93,,
safford1993,David R. Safford; Douglas L. Schales; and David K. Hess.,The TAMU Security Package: An Outgoing Response to Internet Intruders in an Academic Environment.,In Proceedings of the Fourth USENIX Security Symposium. USENIX Association,,
schmill1998,Schmill; M. D.; Rosenstein; M. T.; Cohen; P. R.; and Utgoff,Learning what is relevant to the effects of actions for a mobile robot.,,,
schwartz1993,Schwartz,"A reinforcement learning method for maximizing undiscounted rewards,","""Proceedings of the Tenth International Conference on Machine Learning""",,
schwartz1993,Schwartz,A reinforcement learning method for maximizing undiscounted rewards.,Proceedings of the Tenth International Conference on Machine Learning,,
stone1977,Stone,: Consistent nonparametric regression.,The Annals of Statistics,5,
torgo1990,Torgo L.,"""Incremental Rule Learning Using Entropy Based Search""",,,
torgo1995,Torgo,: Data Fitting with Rule-based Regression.,In Proceedings of the 2nd international workshop on Artificial Intelligence Techniques (AIT95),,
utgoff1982aaai,Utgoff; P. E.; and Mitchell,Acquisition of appropriate bias for inductive concept learning.,In Proceedings of AAAI-82.,,
utgoff1982aaai,Utgoff; P. E.; and Mitchell,Acquisition of appropriate bias for inductive concept learning.,Proceedings of the Second National Conference on Artificial Intelligence,,
utgoff1982aaai,P. E. Utgoff and T. M. Mitchell.,Acquisition of Appropriate Bias for Inductive Concept Learning.,In Proc. of AAAI-82,,
utgoff1982aaai,Paul Utgoff and Tom M. Mitchell.,Acquisition of appropriate bias for inductive concept learning.,In AAAI-82,,
utgoff1982ml,Utgoff P. E. Mitchell Tom M. and Banerji R. B.,Learning by experimentation: Acquiring and refining problem- solving heuristics.,In Machine Learning.,,
utgoff1983,P.E. Utgoff.,Adjusting bias in concept learning.,In IJCAI-83,,
utgoff1984phd,Utgoff; P. E.,Shift of bias for inductive concept learning.,,,
utgoff1984phd,Paul Utgoff.,Shift of bias for inductive concept learning.,,,
utgoff1984phd,P. E. Utgoff.,Shift of Bias for Inductive Concept Learning.,,,
utgoff1984phd,P. E. Utgoff.,Shift of Bias for Inductive Concept Learning.,,,
utgoff1984phd,P. Utgoff.,Shift of Bias for Inductive Concept Learning.,,,
utgoff1984phd,P. Utgoff.,Shift of Bias for Inductive Concept Learning.,,,
utgoff1986book,Utgoff; P. E.,Machine Learning of Inductive Bias.,,12,
utgoff1986book,Utgoff; P. E.,,Machine Learning of Inductive Bias. Hingham,,
utgoff1986book,Utgoff; P. E.,,Machine Learning of Inductive Bias. Hingham,,
utgoff1986book,P. Utgoff.,,Machine Learning of Inductive Bias.,,
utgoff1986book,P. Utgoff.,,Machine Learning of Inductive Bias.,,
utgoff1986book,Paul E. Utgoff.,,Machine Learning of Inductive Bias.,,
utgoff1986book,Paul E. Utgoff.,,Machine Learning of Inductive Bias.,,
utgoff1986book,P. E. Utgoff,,Machine Learning of Inductive Bias.,,
utgoff1986book,P. E. Utgoff,,Machine Learning of Inductive Bias.,,
utgoff1986book,P. E. Utgoff.,,Machine Learning of Inductive Bias.,,
utgoff1986book,P. E. Utgoff.,,Machine Learning of Inductive Bias.,,
utgoff1986book,P. E. Utgoff.,,Machine Learning of Inductive Bias.,,
utgoff1986book,Utgoff,,Machine Learning of Inductive Bias.,Vol.15,
utgoff1986book,Utgoff; P. E.,,Machine Learning of Inductive Bias.,32,
utgoff1986book,Utgoff; P. E.,,Machine Learning of Inductive Bias.,32,
utgoff1986book,P. Utgoff.,,Machine Learning of Inductive Bias.,,
utgoff1986book,Utgoff,,Machine Learning of Inductive Bias.,Vol.15,
utgoff1986book,Utgoff; P. E.,,Machine Learning of Inductive Bias.,35,
utgoff1986book,Utgoff; P. E.,,Machine Learning of Inductive Bias.,35,
utgoff1986book,Utgoff; P. E.,,Machine Learning of Inductive Bias.,35,
utgoff1986book,Utgoff,,Machine Learning of Inductive Bias.,Vol.15,
utgoff1986book,P.E. Utgoff.,,Machine Learning of Inductive Bias.,,
utgoff1986book,Paul E. Utgoff,,"""Machine Learning of Inductive Bias""",,
utgoff1986book,Paul E. Utgoff,,"""Machine Learning of Inductive Bias""",,
utgoff1986book,Utgoff; P. E.,,Machine Learning of Inductive Bias.,,
utgoff1986mlii,P.E. Utgoff.,Shift of bias for inductive concept-learning.,Machine Learning: an artificial intelligence approach,,
utgoff1986mlii,Utgoff,"""Shift of Bias for Inductive Learning,"",",in Machine Learning: An Artificial Intelligence Approach,Vol. II,
utgoff1986mlii,Utgoff,"""Shift of Bias for Inductive Learning,"",",in Machine Learning: An Artificial Intelligence Approach,Vol. II,
utgoff1986mlii,Utgoff,Shift of bias for inductive concept learning.,Machine Learning II,,
utgoff1986mlii,Utgoff,Shift of bias for inductive concept learning.,Machine Learning II,,
utgoff1986mlii,Utgoff,Shift of bias for inductive concept learning.,Machine Learning II,,
utgoff1986mlii,Utgoff,Shift of bias for inductive concept learning.,Machine Learning II,,
utgoff1986mlii,P. Utgoff,"""Shift of Bias for Inductive Learning,"",",in Machine Learning: An Artificial Intelligence Approach,Vol. II,
utgoff1986mlii,P. Utgoff,"""Shift of Bias for Inductive Learning,"",",in Machine Learning: An Artificial Intelligence Approach,Vol. II,
utgoff1986mlii,Utgoff,"""Shift of Bias For Inductive Concept Learning"",",Machine Learning: An AI Approach,Vol. II.,
utgoff1986mlii,Utgoff,Shift of bias for inductive concept learning.,Machine Learning: An Artificial Intelligence Approach,Vol. II,
utgoff1986mlii,Utgoff,Shift of bias for inductive concept learning.,Machine Learning: An Artificial Intelligence Approach,Vol. II,
utgoff1986mlii,Utgoff,Shift of bias for inductive concept learning.,Machine Learning,volume 2,
utgoff1986mlii,Utgoff,Shift of bias for inductive concept learning.,Machine Learning,volume 2,
utgoff1986mlii,Utgoff,Shift of bias for inductive concept learning.,Machine Learning,volume 2,
utgoff1986mlii,Utgoff,Shift of bias for inductive concept learning.,In Machine Learning,volume 2.,
utgoff1986mlii,Utgoff,Shift of bias for inductive concept learning.,In Machine Learning,volume 2.,
utgoff1986mlii,Utgoff,Shift of bias for inductive concept learning.,In Machine Learning,volume 2.,
utgoff1986mlii,Utgoff,Shift of bias for inductive concept learning.,In Machine Learning,volume 2.,
utgoff1986mlii,Utgoff,Shift of bias for inductive concept learning.,In Machine Learning,volume 2.,
utgoff1986mlii,Utgoff,Shift of bias for inductive concept learning.,Machine Learning: An Artificial Intelligence Approach,volume 2.,
utgoff1986mlii,Utgoff,Shift of bias for inductive concept learning.,Machine Learning: An Artificial Intelligence Approach II.,,
utgoff1986mlii,Utgoff; P. E.,Shift of Bias for Inductive Concept Learning.,Machine learning.,,
utgoff1986mlii,Utgoff; P. E.,Shift of bias for inductive concept learning.,Machine learning: An artificial intelligence approach.,,
utgoff1986mlii,Utgoff; P. E.,Shift of bias for inductive concept learning.,Machine learning: An artificial intelligence approach.,,
utgoff1986mlii,Utgoff; P. E.,Shift of bias for inductive concept learning.,Machine Learning,Vol. 2,
utgoff1986mlii,Utgoff; P. E.,Shift of bias for inductive concept learning.,Machine Learning,Vol.2,
utgoff1986mlii,Utgoff; P. E.,Shift of bias for inductive concept learning.,Machine Learning: An Artificial Intelligence Approach,Vol. II,
utgoff1986mlii,Utgoff; P. E.,Shift of bias for inductive concept learning.,Machine Learning: An Artificial Intelligence Approach,Vol. II,
utgoff1986mlii,Utgoff; P. E.,Shift of bias for inductive concept learning.,Machine Learning: An Artificial Intelligence Approach,Vol. II,
utgoff1986mlii,Utgoff; P. E.,Shift of Bias for Inductive Concept Learning.,,,
utgoff1986mlii,Utgoff; P. E.,Shift of Bias for Inductive Concept Learning.,In Machine Learning: An Artificial Intelligence Approach:,Volume II,
utgoff1986mlii,Utgoff; P. E.,Shift of Bias for Inductive Concept Learning.,In Machine Learning: An Artificial Intelligence Approach:,Volume II,
utgoff1986mlii,Utgoff,"Shift of Bias for Inductive Concept Learning,",in Machine Learning: An Artificial Intelligence Approach,Vol. II,
utgoff1986mlii,Utgoff,Shift of bias for inductive concept learning.,,,
utgoff1986mlii,Utgoff,"Shift of Bias for Inductive Learning,",Machine Learning: An Artificial Intelligence Approach,Vol. II,
utgoff1986mlii,Utgoff; Paul E.,Shift of Bias for Inductive Concept Learning.,,,
utgoff1986mlii,P.E. Utgoff.,Shift of bias for inductive concept learning.,Machine Learning: An Artificial Intelligence Approach,Volume II.,
utgoff1986mlii,P.E. Utgoff.,Shift of bias for inductive concept learning.,Machine Learning: An Artificial Intelligence Approach,Volume II.,
utgoff1986mlii,P.E. Utgoff.,Shift of bias for inductive concept learning.,Machine Learning: An Artificial Intelligence Approach,Volume II.,
utgoff1986mlii,Utgoff; P. E.,Shift of bias of induc tive concept learning.,Machine Learning: An Artificial Intelligence Approach,Vol II.,
utgoff1986mlii,Utgoff; P. E.,Shift of bias of inductive concept learning.,Machine Learning: An Artificial Intelligence Approach,Vol II.,
utgoff1986mlii,Utgoff; P. E.,Shift of bias of inductive concept learning.,Machine Learning: An Artificial Intelligence Approach,Vol II.,
utgoff1986mlii,Utgoff; P. E.,Shift of bias of inductive concept learning.,Machine Learning: An Artificial Intelligence Approach,Vol II.,
utgoff1986mlii,Utgoff; P. E.,Shift of bias of inductive concept learning.,Machine Learning: An Artificial Intelligence Approach,Vol II.,
utgoff1986mlii,P. E. Utgoff.,Shift of bias for Inductive Concept Learning.,In Machine learning,II.,
utgoff1986mlii,P. Utgoff,"Shift of bias for inductive concept learning,",Machine Learning: An Artificial Intelligence Approach 2 (Springer-Verlag,,
utgoff1986mlii,P. Utgoff,"Shift of bias for inductive concept learning,.",Machine Learning: An Artificial Intelligence Approach 2 (Springer-Verlag,,
utgoff1986mlii,P. Utgoff.,Shift of bias for inductive concept learning.,In Machine Learning: An Artificial Intelligence Approach,volume III.,
utgoff1986mlii,Utgoff,Shift of bias for inductive concept learning.,Machine Learning: An Artificial Intelligence Approach:,Vol II,
utgoff1986mlii,P. E. Utgoff.,Shift of bias for inductive concept learning.,Machine Learning: An Artificial Intelligence Approach,10,
utgoff1986mlii,P. Utgoff.,Shift of bias for inductive concept learning.,In Machine Learning,volume 2.,
utgoff1986mlii,P. Utgoff.,Shift of bias for inductive concept learning.,Machine Learning,volume 2,
utgoff1986mlii,P. Utgoff.,Shift of bias for inductive concept learning.,Machine Learning,volume 2,
utgoff1986mlii,P. Utgoff.,Shift of bias for inductive concept learning.,Machine Learning,volume 2,
utgoff1986mlii,P. Utgoff.,Shift of bias for inductive concept learning.,Machine Learning,volume 2,
utgoff1986mlii,Utgoff,Shift of bias for inductive concept learning.,Machine Learning: An Artificial Intelligence Approach:,Vol II,
utgoff1986mlii,P E Utgoff.,Shift of bias for inductive concept learning.,Machine Learning: An Artificial Intelligence Approach,(Volume 2).,
utgoff1986mlii,Utgoff; Paul E.,Shift of bias for inductive concept learning.,Machine Learning. An Artificial Intelligence Approach.,Volume II,
utgoff1986mlii,Utgoff; Paul E.,Shift of bias for inductive concept learning.,Machine Learning. An Artificial Intelligence Approach.,Volume II,
utgoff1986mlii,Utgoff; Paul E.,Shift of bias for inductive concept learning.,Machine Learning. An Artificial Intelligence Approach.,Volume II,
utgoff1986mlii,P. E.,"Utgoff ""Shift of Bias for Inductive Concept Learning""",in Machine Learning: An Artificial Intelligence Approach,,
utgoff1986mlii,P. E.,"Utgoff ""Shift of Bias for Inductive Concept Learning""",in Machine Learning: An Artificial Intelligence Approach,,
utgoff1986mlii,Utgoff; P. E.,Shift of Bias for Inductive Concept Learning.,Machine Learning: An Artificial Intelligence Approach,Volume II,
utgoff1986mlii,P. Utgoff.,Shift Of Bias For Inductive Concept Learning.,Machine Learning,,
utgoff1986mlii,P. Utgoff.,Shift Of Bias For Inductive Concept Learning.,Machine Learning,,
utgoff1986mlii,P. Utgoff.,Shift Of Bias For Inductive Concept Learning.,Machine Learning,,
utgoff1987,Utgoff; P. E.; and Saxena,Learning a preference predicate.,Proceedings of the Fourth International Workshop on Machine Learning,,
utgoff1987,Utgoff; and Saxena,Learning a preference predicate.,In Proceedings of the Fourth International Workshop on Machine Learning,,
utgoff1987,P. Utgoff and S. Saxena,"""Learning a Preference Predicate,""",Proceedings of the 4th International Conference on Machine Learning,,
utgoff1987,Utgoff; P. and Saxena,Learning a preference predicate.,In Proceedings of the Fourth International Workshop on Machine Learning,,
utgoff1988aaai,Utgoff; and P.S. Heitman.,Learning and Generalizing Move Selection Preferences.,In Proceedings of the AAAI 1988 Spring Symposium Series: Computer Game Playing,,
utgoff1988iid,Utgoff P.E.,"""ID5: An Incremental ID3"",",in Proc. of 5th International Workshop on Machine Learning J.,,
utgoff1988iid,Utgoff P.E.,"""ID5: An Incremental ID3"",",in Proc. of 5th International Workshop on Machine Learning J.,,
utgoff1988iid,Utgoff,ID5R: An incremental ID3.,Proceedings of the Fifth International Conference on Machine Learning,27,
utgoff1988iid,Utgoff,ID5R: An incremental ID3.,Proceedings of the Fifth International Conference on Machine Learning,28,
utgoff1988iid,Utgoff,ID5: An Incremental ID3.,In Proceedings of the Fifth International Conference on Machine Learning.,,
utgoff1988iid,Utgoff,ID5: An Incremental ID3.,In Proceedings of the Fifth International Conference on Machine Learning.,,
utgoff1988iid,Utgoff,ID5: An Incremental ID3.,In Proceedings of the Fifth International Conference on Machine Learning.,,
utgoff1988iid,Utgoff,ID5: An Incremental ID3.,In Proceedings of the Fifth International Conference on Machine Learning.,,
utgoff1988iid,Utgoff; P. E.,An incremental ID3.,In Proceedings of the Fifth National Conference on Machine Learning.,,
utgoff1988iid,Utgoff; P. E.,ID5: An incremental ID3.,In Proceedings of the Fifth International Conference on Machine Learning,,
utgoff1988iid,Utgoff; P. E.,ID5: An incremental ID3.,In Proceedings of the Fifth International Conference on Machine Learning,,
utgoff1988iid,P. Utgoff. ID5:,An Incremental ID3.,In Proceedings of the Fifth International Conference on Machine Learning,,
utgoff1988iid,P. Utgoff. ID5:,An incremental ID3.,In Proc. 5th Intl. Conf. Mach. Learning,,
utgoff1988iid,P. Utgoff. ID5:,An incremental ID3.,In Proc. 5th Intl. Conf. Mach. Learning,,
utgoff1988iid,P. Utgoff. ID5:,An incremental ID3.,In Proc. 5th Intl. Conf. Mach. Learning,,
utgoff1988iid,Utgoff; P. E.,Id5: an incremental id3.,In Proc. 5th Int. Conf. on Machine Learning Ca,,
utgoff1988iid,P. E. Utgoff. Id5:,an incremental id3.,Proc. 5th Int. Conf. on Machine Learning,,
utgoff1988iid,Paul E. Utgoff. ID5:,An incremental ID3.,Proceedings of the Fifth International Conference on Machine Learning,,June 1988.
utgoff1988iid,P. E. Utgoff.,An incremental ID3.,In Proceedings of the Fifth National Conference on Machine Learning,,
utgoff1988iid,Utgoff,An Incremental ID3.,Proceedings of the Fifth National Conference on Machine Learning,,
utgoff1988iid,P.E. Utgoff,an incremental ID3.,Proceedings of the Fifth International Conference on Machine Learning,,
utgoff1988pt,Utgoff,Perceptron trees: A case study in hybrid concept representations.,Proceedings of the Seventh National Conference on Artificial Intelligence,,
utgoff1988pt,Utgoff,Perceptron trees: A case study in hybrid concept representations.,Proceedings of the Seventh National Conference on Artificial Intelligence,,
utgoff1988pt,Utgoff; P. E.,Perceptron trees: A case study in hybrid concept representations.,Proceedings of the Seventh National Conference on Artificial Intelligence,,
utgoff1988pt,Utgoff; P. E.,Perceptron trees: A case study in hybrid concept representations.,Proceedings of the Seventh National Conference on Artificial Intelligence,,
utgoff1988pt,Utgoff; P. E.,Perceptron trees: A case study in hybrid concept representations.,Proceedings of the Seventh National Conference on Artificial Intelligence,,
utgoff1988pt,Utgoff; P. E.,Perceptron trees: A case study in hybrid concept representations.,In Proceedings of the Seventh National Conference on Artificial Intelligence,,
utgoff1988pt,Utgoff; P. E.,Perceptron trees: A case study in hybrid concept representations.,In Proceedings of the Seventh National Conference on Artificial Intelligence,,
utgoff1988pt,Utgoff; P. E.,Perceptron Trees: A Case Study in Hybrid Concept Representation.,In AAAI-88 Proceedings of the Seventh National Conference on Artificial Intelligence,,
utgoff1988pt,Utgoff; P. E.,Perceptron trees: a case study in hybrid concept representation.,In Proceedings of the Seventh National Conference on Artificial Intelligence,,
utgoff1988pt,Paul. E. Utgoff.,Perceptron trees: A case study in hybrid concept representations.,Connection Science,1(4),
utgoff1988pt,Utgoff; P. E.,Perceptron Trees: A Case Study in Hybrid Concept Representation.,In A A A I - 8 8 Proceedings of the Seventh National Conference on Artificial Intelligence,,
utgoff1988pt,Paul E. Utgoff.,Perceptron trees: a case study in hybrid concept representation.,In Proceedings of the Seventh National Conference on Artificial Intelligence,,
utgoff1988pt,Paul E. Utgoff.,Perceptron trees: a case study in hybrid concept representation.,In Proceedings of the Seventh National Conference on Artificial Intelligence,,
utgoff1989,P.E. Utgoff.,Incremental induction of decision trees.,Machine Learning,(4),
utgoff1989,Paul E. Utgoff.,Incremental induction of decision trees.,Machine Learning,4,
utgoff1989,P. Utgoff,. Incremental induction of decision trees.,Machine Learning.,Vol.4,
utgoff1989,Utgoff P. E.,"Incremental Induction of Decision Trees,",Machine Learning,4,
utgoff1989,Utgoff,Incremental induction of decision trees.,Machine Learning,4(2),
utgoff1989,Utgoff,Incremental induction of decision trees.,Machine Learning,4,
utgoff1989,Utgoff,Incremental induction of decision trees.,Machine Learning,4,
utgoff1989,Utgoff,Incremental induction of decision trees.,Machine Learning,4,
utgoff1989,Utgoff,Incremental induction of decision trees.,Machine Learning,4,
utgoff1989,Utgoff,Incremental induction of decision trees.,Machine Learning,4,
utgoff1989,Utgoff; P. E.,Incremental induction of decision trees.,Machine Learning,4,
utgoff1989,Utgoff; P. E.,Incremental induction of decision trees.,Machine Learning,4,
utgoff1989,Utgoff; P. E.,Incremental induction of decision trees.,Machine Learning,4,
utgoff1989,Utgoff; P. E.,Incremental induction of decision trees.,Machine Learning,4,
utgoff1989,Utgoff; P. E.,Incremental induction of decision trees.,Machine Learning,4,
utgoff1989,Utgoff; P. E.,Incremental induction of decision trees.,Machine Learning,4,
utgoff1989,Utgoff; P. E.,Incremental induction of decision trees.,Machine Learning,4,
utgoff1989,Utgoff; P. E.,Incremental induction of decision trees.,Machine Learning,4,
utgoff1989,Utgoff; P. E.,Incremental induction of decision trees.,Machine Learning,4,
utgoff1989,Utgoff; P. E.,Incremental induction of decision trees.,Machine Learning,4,
utgoff1989,Utgoff; P. E.,Incremental induction of decision trees.,Machine Learning,4,
utgoff1989,Utgoff; P. E.,Incremental induction of decision trees.,Machine Learning,4,
utgoff1989,Utgoff; P. E.,Perceptron trees: A case study in hybrid concept representa tions.,Connection Science,1,
utgoff1989,Utgoff; P. E.,Incremental induction of decision trees.,Machine Learning,4,
utgoff1989,Utgoff; P. E.,Incremental induction of decision trees.,Machine Learning,4,
utgoff1989,Utgoff; P. E.,Incremental induction of decision trees.,Machine Learning,4,
utgoff1989,Utgoff; P. E.,Incremental induction of decision trees.,Machine Learning,4,
utgoff1989,Utgoff; P. E.,Incremental induction of decision trees.,Machine Learning,4,
utgoff1989,Utgoff; P. E.,Incremental induction of decision trees.,Machine Learning,4,
utgoff1989,Utgoff; P. E.,Incremental induction of decision trees.,Machine Learning,4(2),
utgoff1989,Utgoff,Incremental Induction of Decision Trees.,Machine Learning 4,,
utgoff1989,Utgoff,(1989) Incremental induction of decision trees.,Machine Learning,4(2),
utgoff1989,Utgoff,Incremental induction of decision trees.,Machine Learning,4:,
utgoff1989,Utgoff,"Incremental Decision Tress. Machine Learning,",,,
utgoff1989,Utgoff,Incremental induction of decision trees.,Machine Learning,4(2),
utgoff1989,P. E. Utgoff.,Perceptron trees: A case study in hybrid concept representations.,Connection Science,1,
utgoff1989,P. E. Utgoff.,Perceptron trees: A case study in hybrid concept representations.,Connection Science,1,
utgoff1989,P. Utgoff.,Incremental induction of decision trees.,Machine Learning,4(2),
utgoff1989,P. Utgoff.,Incremental induction of decision trees.,Machine Learning,4(2),
utgoff1989,P.E. Utgoff.,Incremental induction of decision trees.,Machine Learning,(4):,1989.
utgoff1989,P.E. Utgoff.,Incremental induction of decision trees.,Machine Learning,4(2),
utgoff1989,Utgoff,Incremental induction of decision trees.,Machine Learning,4,
utgoff1989,Utgoff,Incremental induction of decision trees.,Machine Learning,4,
utgoff1989,Utgoff,Incremental induction of decision trees.,Machine Learning,4,
utgoff1989,P. E. Utgoff.,Incremental induction of decision trees.,Machine Learning,4,
utgoff1989,P.E. Utgoff.,Incremental induction of decision trees.,Machine Learning,(4):,1989.
utgoff1989,Paul E. Utgoff.,Incremental induction of decision trees.,Machine Learning,4,
utgoff1989,Paul E. Utgoff.,Incremental induction of decision trees.,Machine Learning,4,
utgoff1989,Paul E. Utgoff.,Incremental induction of decision trees.,Machine Learning,4,
utgoff1989,Paul E. Utgoff.,Incremental induction of decision trees.,Machine Learning,4,
utgoff1989,Paul E. Utgoff.,Incremental induction of decision trees.,Machine Learning,4,
utgoff1989,Paul E. Utgoff.,Incremental induction of decision trees.,Machine Learning,4,
utgoff1989,Paul E. Utgoff.,Incremental induction of decision trees.,Machine Learning,4,
utgoff1989,Paul E. Utgoff.,Incremental induction of decision trees.,Machine Learning,4,
utgoff1989,Paul E. Utgoff.,Incremental induction of decision trees.,Machine Learning,4,
utgoff1989,Paul E. Utgoff.,Incremental induction of decision trees.,Machine Learning,4,
utgoff1989,P. E. Utgoff.,Incremental induction of decision trees.,Machine Learning,4,
utgoff1989,P. E. Utgoff.,Incremental induction of decision trees.,Machine Learning,4,
utgoff1989,P.E. Utgoff.,Incremental induction of decision trees.,Machine Learning,4,
utgoff1989,Utgoff P.E.:,"Incremental Learning of Decision trees.,",Machine Learning,4,
utgoff1989,P.E. Utgoff,Incremental induction of decision trees.,Machine Learning,4,
utgoff1989mlw,P. E. Utgoff.,Improved training via incremental learning.,In Sixth International Workshop on Machine Learning,,
utgoff1989mlw,P. E. Utgoff.,Improved training via incremental learning.,In Sixth International Workshop on Machine Learning,,
utgoff1989mlw,P. E. Utgoff,"Improved Training via Incremental Learning,",Proceedings of the Sixth International Workshop on Machine Learning,,
utgoff1989mlw,Utgoff; P. E.,Improved training via incremental learning.,In Proceedings of the Sixth International Workshop on Machine Learning,,
utgoff1989mlw,Utgoff; P. E.,Improved training via incremental learning.,In Proceedings of the Sixth International Workshop on Machine Learning,,
utgoff1989mlw,Utgoff; P. E.,Improved training via incremental learning.,Proceedings of the Sixth International Workshop on Machine Learning.,,
utgoff1989mlw,Utgoff; P. E.,Improved training via incremental learning.,Proceedings of the Sixth International Workshop on Machine Learning.,,
utgoff1989mlw,Utgoff; Paul E.,"Improved Training via Incremental Learning,",Proc. of the 6th Int'l Workshop on Machine Learning,,
utgoff1989mlw,Utgoff; Paul E.,"Improved Training via Incremental Learning,",Proc. of the 6th Int'l Workshop on Machine Learning,,
utgoff1989mlw,Paul E. Utgoff.,Improved training via incremental learning.,In Sixth International Workshop on Machine Learning,,
utgoff1989pt,Utgoff; P. E.,Perceptron trees: A case study in hybrid concept representa-tions.,Connection Science,1,
utgoff1989pt,Utgoff; P. E.,Perceptron trees: A case study in hybrid concept representations.,Connection Science,1 (4),
utgoff1989pt,Utgoff; P. E.,Perceptron trees: A case study in hybrid concept representations.,Connection Science,1 (4),
utgoff1989pt,Utgoff; P. E.,Perceptron trees: A case study in hybrid concept representations.,Connection Science,1 (4),
utgoff1989pt,Utgoff; P. E.,Perceptron trees: A case study in hybrid concept representations.,Connection Science,1 (4),
utgoff1989pt,Utgoff; P. E.,Perceptron trees: A case study in hybrid concept representations.,Connection Science,1 (4),
utgoff1989pt,Utgoff; P. E.,Perceptron trees: A case study in hybrid concept representations.,Connection Science,1 (4),
utgoff1989pt,Utgoff; P. E.,Perceptron trees: A case study in hybrid concept representations.,Connection Science,1 (4),
utgoff1989pt,Utgoff; P. E.,Perceptron trees: A case study in hybrid concept representations.,Connection Science,1,
utgoff1989pt,Utgoff; P. E.,Perceptron trees: A case study in hybrid concept representations.,Connection Science,1,
utgoff1989pt,Utgoff; P. E.,Perceptron trees: A case study in hybrid concept representations.,Connection Science,1,
utgoff1989pt,Utgoff; P. E.,Perceptron trees: A case study in hybrid concept representations.,Connection Science,1,
utgoff1989pt,Utgoff; P. E.,Perceptron trees: A case study in hybrid concept representations.,Connection Science,1,
utgoff1989pt,Utgoff,"Perceptron Trees: A case study in hybrid concept representations,",Connection Science,1,
utgoff1989pt,Utgoff,"Perceptron Trees: A case study in hybrid concept representations,",Connection Science,1,
utgoff1989pt,Utgoff,Perceptron Trees: A case study in Hybrid Concept Representations.,Connection Science,Volume 1.,
utgoff1989pt,Utgoff,Perceptron Trees: A case study in Hybrid Concept Representations.,Connection Science,Volume 1.,
utgoff1989pt,Paul E. Utgoff.,Perceptron trees: A case study in hybrid concept representations.,Connection Science,1(4),
utgoff1989pt,Paul E. Utgoff.,Perceptron trees: A case study in hybrid concept representations.,Connection Science,1(4),
utgoff1989pt,Paul E. Utgoff.,Perceptron trees: A case study in hybrid concept representations.,Connection Science,1(4),
utgoff1989pt,Paul E. Utgoff.,Perceptron trees: A case study in hybrid concept representations.,Connection Science,1(4),
utgoff1989pt,Paul E. Utgoff.,Perceptron trees: A case study in hybrid concept representations.,Connection Science,1(4),
utgoff1989pt,Paul E. Utgoff.,Perceptron trees: A case study in hybrid concept representations.,Connection Science,1(4),
utgoff1989pt,Paul E. Utgoff.,Perceptron trees: A case study in hybrid concept representations.,Connection Science,1(4),
utgoff1989pt,Paul E. Utgoff.,Perceptron trees: A case study in hybrid concept representations.,Connection Science,1(4),
utgoff1989pt,Paul E. Utgoff.,Perceptron trees: A case study in hybrid concept representations.,Connection Science,1(4),
utgoff1989pt,P. E. Utgoff.,Perceptron trees: A case study in hybrid concept representations.,Connection Science,1(4),
utgoff1989pt,Utgoff,Perceptron trees: A case study in hybrid concept representation.,Connection Science. 16 Set Curves Set Curves 17 Set Curves Set Curves 18 Set Curves Set Curves 19,,
utgoff1989pt,Utgoff,Perceptron trees: A case study in hybrid concept representation.,Connection Science. Set Curves Set Curves Set Curves Set Curves Curves Curves,,
utgoff1989rp,Utgoff; P. E.; Saxena; Callan; and Fawcett,"Representation problems in machine learning: A proposal,",,,
utgoff1990,Utgoff; P. E. and Brodley,An incre-mental method for finding multivariate splits for decision trees.,Proceedings of the Ninth National Conference on Artificial Intelligence,6,
utgoff1990,Utgoff; P. E. and Brodley C. E.,An incremental method for finding multivariate splits for decision trees.,In Proceedings of the Seventh International Conference on Machine Learning,,
utgoff1990,Utgoff; P. E. and Brodley C. E.,An incremental method for finding multivariate splits for decision trees.,In Proceedings of the Seventh International Conference on Machine Learning,,
utgoff1990,Utgoff; P. E.; and Brodley,An incremental method for finding mul-tivariate splits for decision trees.,In Proceedings of the Seventh International Conference on Machine Learning,,
utgoff1990,Utgoff; P. E.; and Brodley,An incremental method for finding multivariate splits for decision trees.,In Proceedings of the Seventh International Conference on Machine Learning,,
utgoff1990,Utgoff; P. E.; and Brodley,An incremental method for finding multivariate splits for decision trees.,In Proceedings of the Seventh International Conference on Machine Learning,,
utgoff1990,Utgoff; P. E.; and Brodley,An incremental method for finding multivariate splits for decision trees.,In Proceedings of the Seventh International Conference on Machine Learning,,
utgoff1990,Utgoff; P. E.; and Brodley,An incremental method for finding multivariate splits for decision trees.,In Proceedings of the Seventh International Conference on Machine Learning,,
utgoff1990,Utgoff; P. E.; and Brodley,An incremental method for finding multivariate splits for decision trees.,In Proceedings of the Seventh International Conference on Machine Learning,,
utgoff1990,Utgoff; P. E.; and Brodley,An incremental method for finding multivariate splits for decision trees.,In Proceedings of the Seventh International Conference on Machine Learning,,
utgoff1990,Utgoff; P. E.; and Brodley,An incremental method for finding multivariate splits for decision trees.,In Proceedings of the Seventh International Conference on Machine Learning,,
utgoff1990,Utgoff; P. E.; and Brodley,An incremental method for finding multivariate splits for decision trees.,In Proceedings of the Seventh International Conference on Machine Learning,,
utgoff1990,Utgoff; P. E.; and Brodley,An incremental method for finding multivariate splits for decision trees.,In Proceedings of the Seventh International Conference on Machine Learning,,
utgoff1990,Utgoff; P. E.; and Brodley,An incremental method for finding multivariate splits for decision trees.,Proceedings of the Seventh International Conference on Machine Learning,,
utgoff1990,Utgoff; P. E.; and Brodley,An incremental method for finding multivariate splits for decision trees.,Proceedings of the Seventh International Conference on Machine Learning,,
utgoff1990,Utgoff; P. E.; and Brodley,An incremental method for finding multivariate splits for decision trees.,Proceedings of the Seventh International Conference on Machine Learning,,
utgoff1990,Utgoff; P. E.; and Brodley,An incremental method for finding multivariate splits for decision trees.,Proceedings of the Seventh International Conference on Machine Learning,14,
utgoff1990,Utgoff; P. E.; and Brodley,An incremental method for finding multivariate splits for decision trees.,Proceedings of the Seventh International Conference on Machine Learning,14,
utgoff1990,Utgoff; P. E.; and Brodley,An incremental method for finding multivariate splits for decision trees.,Proceedings of the Seventh International Conference on Machine Learning,,
utgoff1990,Utgoff; P. E.; and Brodley,An incremental method for finding multivariate splits for decision trees.,In Proceedings 7th International Conference on Machine Learning,,
utgoff1990,P. Utgoff and C. Brodley.,An incremental method for find multivariate splits for decision trees.,In Proceedings of the Seventh International Conference on Machine Learning,,
utgoff1990,P. Utgoff and C. Brodley.,An incremental method for find multivariate splits for decision trees.,In Proceedings of the Seventh International Conference on Machine Learning,,
utgoff1990,P.E. Utgoff and C.E. Brodley.,An incremental method for finding mul--tivariate splits for decision trees.,In Machine Learning:Proceedings of the Seventh International Conference,,
utgoff1990,P. E. Utgoff and C. E. Brodley.,An incremental method for finding multivariate splits for decision trees.,In Proceedings of the Seventh International Conference on Machine Learning,16,1990.
utgoff1990,P. E. Utgoff and C. E. Brodley.,An incremental method for finding multivariate splits for decision trees.,In Proceedings of the Seventh International Conference on Machine Learning,16,
utgoff1990,Paul E. Utgoff and Carla E. Brodley.,An incremental method for finding multivariate splits for decision trees.,In Proceedings of the Seventh International Conference on Machine Learning,,
utgoff1990,Paul E. Utgoff and Carla E. Brodley.,An incremental method for finding multivariate splits for decision trees.,In Proceedings of the Seventh International Conference on Machine Learning,,
utgoff1990,Paul E. Utgoff and Carla E. Brodley.,An incremental method for finding multivariate splits for decision trees.,In Proceedings of the Seventh International Conference on Machine Learning,,
utgoff1990,Paul E. Utgoff and Carla E. Brodley.,An incremental method for finding multivariate splits for decision trees.,In Proceedings of the Seventh International Conference on Machine Learning,,
utgoff1990,Paul E. Utgoff and Carla E. Brodley.,An incremental method for finding multivariate splits for decision trees.,In Proceedings of the Seventh International Conference on Machine Learning,,
utgoff1990,Paul E. Utgoff and Carla E. Brodley.,An incremental method for finding multivariate splits for decision trees.,In Proceedings of the Seventh International Conference on Machine Learning,,1990.
utgoff1990,Paul E. Utgoff and Carla E. Brodley.,An incremental method for finding multivariate splits for decision trees.,In Proceedings of the Seventh International Conference on Machine Learning,,
utgoff1990,Paul E. Utgoff and Carla E. Brodley.,An incremental method for finding multivariate splits for decision trees.,In Proceedings of the Seventh International Conference on Machine Learning,,
utgoff1990,Paul E. Utgoff and Carla E. Brodley.,An incremental method for finding multivariate splits for decision trees.,In Proceedings of the Seventh International Conference on Machine Learning,,1990.
utgoff1991aaai,Utgoff; P. and Clouse,Two kinds of training information for evaluation function learning.,In Proceedings of the Ninth National Conference on Artificial Intelligence,,
utgoff1991aaai,Utgoff; P. and Clouse,Two kinds of training information for evaluation function learning.,In Proceedings of the Ninth National Conference on Artificial Intelligence,,
utgoff1991aaai,Utgoff; P. and Clouse,Two kinds of training information for evaluation function learning.,In Proceedings of the Ninth National Conference on Artificial Intelligence,,
utgoff1991aaai,Utgoff; P. and Clouse,Two kinds of training information for evaluation function learning.,In Proceedings of the Ninth National Conference on Artificial Intelligence,,
utgoff1991aaai,Utgoff; P. E. and Clouse,Two kinds of training information for evaluation function learning.,In Proceedings of the Ninth Annual Conference on Artificial Intelligence,,
utgoff1991aaai,Utgoff; P. E. and Clouse,Two kinds of training information for evaluation function learning.,In Proceedings of the Ninth Annual Conference on Artificial Intelligence,,
utgoff1991aaai,Utgoff; P. E.; and Clouse,Two kinds of training information for evaluation function learning.,Proceedings of the Ninth National Conference on Artificial Intelligence,,
utgoff1991aaai,Utgoff; P. E.; and Clouse,Two kinds of training information for evaluation function learning.,Proceedings of the Ninth National Conference on Artificial Intelligence,,
utgoff1991aaai,Utgoff; P. E.; and Clouse,Two kinds of training information for evaluation function learning.,Proceedings of the Ninth National Conference on Artificial Intelligence,15,
utgoff1991aaai,Utgoff; and Clouse,Two kinds of training information for evaluation function learning.,In Proceedings of the Ninth National Conference on Artificial Intelligence,,
utgoff1991aaai,Utgoff; and Clouse.,Two kinds of training information for evaluation function learning.,In Proceedings of Ninth National Conference on Artificial Intelligence,,
utgoff1991aaai,Utgoff; P.E. and Brodley,Linear machine decision trees.,,,
utgoff1991aaai,Utgoff; P.E. and Brodley,Linear machine decision trees.,,,
utgoff1991aaai,P. E. Utgoff and J. A. Clouse.,Two kinds of training information for evaluation function learning.,In Proceedings of the Ninth National Conference on Artificial Intelligence,,
utgoff1991aaai,P. Utgoff and J. Clouse.,Two kinds of training information for evaluation function learning.,In Proceedings of AAAI,,
utgoff1991aaai,P. Utgoff and J. Clouse.,Two kinds of training information for evaluation function learning.,In Proceedings of AAAI,,
utgoff1991aaai,P.E. Utgoff and J.A. Clouse.,Two kinds of training information for evaluation function learning.,In Proceedings of the Ninth Annual Conference on Artificial Intelligence,,1991.
utgoff1991aaai,P.E. Utgoff and J.A. Clouse.,Two kinds of training information for evaluation function learning.,In Proceedings of the Ninth Annual Conference on Artificial Intelligence,,1991.
utgoff1991aaai,P. Utgoff and J. Clouse.,Two kinds of training information for evaluation function learning.,In Proceeding of the Ninth National Conference on Artificial Intelligence (AAAI-91).,,
utgoff1991aaai,P. E. Utgoff and J. A. Clouse.,Two kinds of training information for evaluation function learning.,In Proceedings of the Ninth Annual Conference on Artificial Intelligence,,1991.
utgoff1991aaai,P. E. Utgoff and J. A. Clouse.,Two kinds of training information for evaluation function learning.,In Proceedings of the Ninth Annual Conference on Artificial Intelligence,,1991.
utgoff1991aaai,P. E. Utgoff and J. A. Clouse.,Two kinds of training information for evaluation function learning.,In Proceedings of the Ninth Annual Conference on Artificial Intelligence,,1991.
utgoff1991aaai,P. E. Utgoff and J. A. Clouse.,Two kinds of training information for evaluation function learning.,In Proceedings of the Ninth Annual Conference on Artificial Intelligence,,1991.
utgoff1991aaai,Utgoff,and Clouse (1991). Two kinds of training information for evaluation function learning.,In Proceedings of Ninth National Conference on Artificial Intelligence,,
utgoff1991lmdt,Utgoff; P. E. and Brodley C. E.,Linear machine decision trees,,,
utgoff1991lmdt,Utgoff; P. E. and Brodley C. E.,Linear machine decision trees,,,
utgoff1991lmdt,Utgoff; P. E.; and Brodley,Linear ma-chine decision trees.,,,
utgoff1991lmdt,Utgoff; P. E.; and Brodley,"Linear machine decision trees,",,,
utgoff1991lmdt,Utgoff; P. E.; and Brodley,"Linear machine decision trees,",,,
utgoff1991lmdt,Utgoff; P. E.; and Brodley,Linear machine decision trees.,,,
utgoff1991lmdt,Utgoff; P. E.; and Brodley,Linear machine decision trees.,,,
utgoff1991lmdt,Utgoff; P. E.; and Brodley,Linear machine decision trees.,,,
utgoff1991lmdt,Utgoff; P. E.; and Brodley,Linear machine decision trees.,,,
utgoff1991lmdt,Utgoff; P. E.; and Brodley,Linear machine decision trees.,,,
utgoff1991lmdt,Utgoff; P. E.; and Brodley,Linear machine decision trees.,,,
utgoff1991lmdt,Utgoff; P. E.; and Brodley,Linear machine decision trees.,,,
utgoff1991lmdt,Utgoff; P. E.; Brodley,"Linear Machine Decision Trees,",,,
utgoff1991lmdt,Paul E. Utgoff and Carla E. Brodley.,Linear machine decision trees.,,,
utgoff1991lmdt,Paul E. Utgoff and Carla E. Brodley.,Linear machine decision trees.,,,
utgoff1991lmdt,Paul E. Utgoff and Carla E. Brodley.,Linear machine decision trees.,,,
utgoff1991lmdt,Paul E. Utgoff and Carla E. Brodley.,Linear machine decision trees.,,,
utgoff1991lmdt,Paul E. Utgoff and Carla E. Brodley.,Linear machine decision trees.,,,
utgoff1991lmdt,Paul E. Utgoff and Carla E. Brodley.,Linear machine decision trees.,,,
utgoff1991lmdt,Paul E. Utgoff and Carla E. Brodley.,Linear machine decision trees.,,,
utgoff1991lmdt,Paul E. Utgoff and Carla E. Brodley.,Linear machine decision trees.,,,
utgoff1991lmdt,Paul E. Utgoff and Carla E. Brodley.,Linear machine decision trees.,,,
utgoff1994,P. Utgoff.,An Improved Algorithm for Incremental Induction of Decision Trees.,Proceedings of the Eleventh International Conference on Machine Learning,,
utgoff1994,P. Utgoff.,An Improved Algorithm for Incremental Induction of Decision Trees.,Proceedings of the Eleventh International Conference on Machine Learning,,
utgoff1994,P. Utgoff.,An Improved Algorithm for Incremental Induction of Decision Trees.,Proceedings of the Eleventh International Conference on Machine Learning,,
utgoff1994,Utgoff,"An improved algorithm for incremental induction of decision trees,",,,
utgoff1994,Utgoff; P. E.,"An improved algorithm for incremental induction of decision trees,","in ""Machine Learning: Proceedings of the Eleventh International Conference""",,
utgoff1994,Utgoff; P. E.,"An improved algorithm for incremental induction of decision trees,","in ""Machine Learning: Proceedings of the Eleventh International Conference""",,
utgoff1994,Utgoff; P. E.,"An improved algorithm for incremental induction of decision trees,","in ""Machine Learning: Proceedings of the Eleventh International Conference""",,
utgoff1994,Utgoff; P. E.,"An improved algorithm for incremental induction of decision trees,",in Machine Learning:Proceedings of the Eleventh International Conference,,
utgoff1994,Utgoff; P. E.,"An improved algorithm for incremental induction of decision trees,",in Machine Learning: Proceedings of the Eleventh International Conference,,
utgoff1994,Utgoff; P. E.,"An improved algorithm for incremental induction of decision trees,",in Machine Learning: Proceedings of the Eleventh International Conference,,
utgoff1994,Utgoff; P. E.,An improved algorithm for incremental induction of decision trees,in Machine Learning: Proceedings of the Eleventh International Conference,,
utgoff1994,Utgoff; P. E.,An improved algorithm for incremental induction of decision trees.,In Proceedings of the Eleventh International Conference on Machine Learning,,
utgoff1994,Utgoff; P. E.,An improved algorithm for incremental induction of decision trees.,In Proceedings of the Eleventh International Conference on Machine Learning,,
utgoff1994,Utgoff; P. E.,An improved algorithm for incremental induction of decision trees.,Machine Learning: Proceedings of the Eleventh International Conference,,
utgoff1994,Utgoff; P. E.,An improved algorithm for incremental induction of decision trees.,In Machine Learning: Proc. 11th Int. Conf.,,
utgoff1994,Utgoff,An improved algorithm for incremental induction of decision trees.,In Proceedings of the 10th International Machine Learning Workshop,,
utgoff1994,Utgoff,An Improved Algorithm for Incremental Induction of Decision Trees.,Proceedings of the Eleventh International Conference on Machine Learning,,
utgoff1994,Utgoff,An Improved Algorithm for Incremental Induction of Decision Trees.,Proceedings of the Eleventh International Conference on Machine Learning,,
utgoff1994,Utgoff,An Improved Algorithm for Incremental Induction of Decision Trees.,Proceedings of the Eleventh International Conference on Machine Learning,,
utgoff1994,Paul E. Utgoff.,An improved algorithm for incremental induction of decision trees.,In ML-94,,
utgoff1994,Paul E. Utgoff.,An improved algorithm for incremental induction of decision trees.,In ML-94,,
utgoff1994,Paul E. Utgoff.,An improved algorithm for incremental induction of decision trees.,In ML-94,,
utgoff1994,Paul E. Utgoff.,An improved algorithm for incremental induction of decision trees.,In ML-94,,
utgoff1994,Paul E. Utgoff.,An improved algorithm for incremental induction of decision trees.,In ML-94,,
utgoff1994,Paul E. Utgoff.,An improved algorithm for incremental induction of decision trees.,In ML-94,,
utgoff1994,Paul E. Utgoff.,An improved algorithm for incremental induction of decision trees.,In ML-94,,
utgoff1994,Paul E. Utgoff.,An improved algorithm for incremental induction of decision trees.,In ML-94,,
utgoff1994,Paul E. Utgoff.,An improved algorithm for incremental induction of decision trees.,In ML-94,,
utgoff1994,P.E. Utgoff,An improved algorithm for incremental induction of decision trees.,Proceedings of the Eleventh International Conference on Machine Learning,,
utgoff1995,Utgoff,Decision tree induction based on efficient tree restructuring.,,,
utgoff1995,Utgoff,Decision tree induction based on efficient tree restructuring.,,,
utgoff1995,Utgoff; P. E.,"Decision tree induction based on efficient tree restructuring,",,,
utgoff1995,Utgoff; P. E.,"Decision tree induction based on efficient tree restructuring,",,,
utgoff1995,Utgoff; P. E.,"Decision tree induction based on efficient tree restructuring,",,,
utgoff1995,Utgoff; P. E.,"Decision tree induction based on efficient tree restructuring,",,,
utgoff1995,Utgoff; P. E.,Decision tree induction based on efficient tree restructuring,,,
utgoff1995,Utgoff; P. E.,Decision tree induction based on efficient tree restructuring,,,
utgoff1995,Paul E. Utgoff.,Decision tree induction based on efficient tree restructuring.,,,
utgoff1995,Paul E. Utgoff.,Decision tree induction based on efficient tree restructuring.,,,
utgoff1996,Utgoff,"Decision Tree Induction Based on Efficient Tree Restructuring,",,,
utgoff1996,Utgoff,"Decision Tree Induction Based on Efficient Tree Restructuring,",,,
utgoff1996ks,Utgoff; P. E.; and Clouse,"A Kolmogorov-Smirnoff metric for decision tree induction,",,,
utgoff1996ks,Utgoff; P.E. and Clouse J.A.,"A Kolmogorov-Smirnoff Metric for Decision Tree Induction,",,,
utgoff1996ks,Utgoff; P.E. and Clouse J.A.,"A Kolmogorov-Smirnoff Metric for Decision Tree Induction,",,,
utgoff1996mlii,P.E. Utgoff,Shift of bias of inductive concept learning. In R.S.,Machine Learning: An Artificial Intelligence Approach,(Vol. II),
utgoff1996va,Paul E. Utgoff.,Feature function learning for value approximation.,,,"Jan 20, 1996."
utgoff1997,Utgoff; P. E.; Berkman; and Clouse,Decision tree induction based on efficient tree restructuring.,Machine Learning.,,
utgoff1997,Utgoff; P. E.; Berkman; N. C.; and Clouse,Decision tree induction based on efficient tree restructuring.,Machine Learning,29(1),
utgoff1997,Paul E. Utgoff; Neil C. Berkman; and Jeffery A. Clouse.,"Decision tree induction based on efficient tree restructuring. Machine Learning,",,29:5,
utgoff1997,Paul E. Utgoff; Neil C. Berkman; and Jeffery A. Clouse.,"Decision tree induction based on efficient tree restructuring. Machine Learning,",,29:5,
utgoff1997,P. E. Utgoff; N. C. Berkman; and J. A. Clouse.,Decision tree induction based on efficient tree restructuring.,Machine Learning,,
utgoff1997,Utgoff; P. E.; Berkman; and Clouse,Decision tree induction based on efficient tree restructuring.,Machine Learning.,,
utgoff1997,Utgoff; P. E.; Berkman; and Clouse,(in press). Decision tree induction based on efficient tree restructuring.,Machine Learning.,,
utgoff1997fa,Utgoff; P. E.; and Precup,"Constructive function approximation,",,,
utgoff1997fa,Utgoff; P. E.; and Precup,"Constructive function approximation,",,,
utgoff1997fa,Utgoff; P. E.; and Precup,"Constructive function approximation,",,,
utgoff1997fa,Utgoff; P. E.; and Precup,"Constructive function approximation,",,,
utgoff1997fa,P.E. Utgoff.,"Constructive Function Approximation,",,,
utgoff1998,Utgoff; P. E. and Precup,"Constructive function approximation. Feature extraction, construction, and selection: A data-mining perspective.",,,
utgoff1998,Utgoff; P. E. and Precup,"Constructive function approximation. Feature extraction, construction, and selection: A data-mining perspective.",,,
yee1990,Yee; Saxena; Utgoff; P. E. and Barto,Explaining Temporal Differences to Create Useful Concepts for Evaluating States.,In Proceedings of the Eighth National Conference on Artificial Intelligence,,
yee1990,Yee; Saxena; Utgoff; P. E.; and Barto,Explaining Temporal Differences to Create Useful Concepts for Evaluating States.,Proceedings of the Eighth National Conference on Artificial Intelligence,,
yee1990,Yee; Saxena; Utgoff; P. E.; and Barto,Explaining temporal differences to create useful concepts for evaluating states.,In Proceedings of the Eight National Conference on Artificial Intelligence (AAAI-90),,
yee1990,R.C. Yee; S. Saxena; P.E. Utgoff; and A.G. Barto.,Explaining temporal differences to create useful concepts for evaluating states.,In Proceedings of the Eighth National Conference on Artificial Intelligence,,
yee1990,R.C. Yee; S. Saxena; P.E. Utgoff; and A.G. Barto.,Explaining temporal differences to create useful concepts for evaluating states.,In Proceedings of the Eighth National Conference on Artificial Intelligence,,
yee1990,Richard C. Yee; Sharad Saxena; Paul E. Utgoff; and Andrew C. Barto.,Explaining temporal-differences to create useful concepts for evaluating states.,In Proceedings of AAAI-90,18,
yee1990,Richard C. Yee; Sharad Saxena; Paul E. Utgoff; and Andrew C. Barto.,Explaining temporal-differences to create useful concepts for evaluating states.,In Proceedings of AAAI-90,,
zheng1993,Q. Zheng,"Real-time Fault-tolerant Communication in Computer Networks,",,,
zheng1993,Q. Zheng,"Real-time Fault-tolerant Communication in Computer Networks,",,,
zheng1993,Q. Zheng,"Real-time Fault-tolerant Communication in Computer Networks,",,,
zheng1993,Q. Zheng,"Real-time Fault-tolerant Communication in Computer Networks,",,,
